url,площадь_м²,начальная_цена_руб,округ,этаж_кат,predicted_excess_%,median_similar_excess,similar_urls,similar_excess
https://investmoscow.ru/tenders/tender/19969077,232.9,16391000.0,САО,basement,-0.06940386223406259,0.0,https://investmoscow.ru/tenders/tender/19918128; https://investmoscow.ru/tenders/tender/19875329; https://investmoscow.ru/tenders/tender/19777524; https://investmoscow.ru/tenders/tender/19751396; https://investmoscow.ru/tenders/tender/19814439,"0.0%, 0.0%, 0.0%, 0.0%, 0.0%"
https://investmoscow.ru/tenders/tender/19984373,78.4,19070000.0,ЮАО,1,5.802201488090162,0.0,https://investmoscow.ru/tenders/tender/19753486; https://investmoscow.ru/tenders/tender/19783511; https://investmoscow.ru/tenders/tender/19812361; https://investmoscow.ru/tenders/tender/19798971; https://investmoscow.ru/tenders/tender/19814496,"0.0%, 0.0%, 0.0%, 0.0%, 0.0%"
https://investmoscow.ru/tenders/tender/19969065,343.1,47622000.0,ЮАО,1,0.0013269140295347948,0.0,https://investmoscow.ru/tenders/tender/19916800; https://investmoscow.ru/tenders/tender/19758543; https://investmoscow.ru/tenders/tender/19747313; https://investmoscow.ru/tenders/tender/19772136; https://investmoscow.ru/tenders/tender/19924792,"0.0%, 0.0%, 0.0%, 0.0%, 0.0%"
https://investmoscow.ru/tenders/tender/19997242,18.3,3653000.0,ЗАО,1,3.880596007973585,0.0,https://investmoscow.ru/tenders/tender/19625095; https://investmoscow.ru/tenders/tender/19766408; https://investmoscow.ru/tenders/tender/19742702; https://investmoscow.ru/tenders/tender/19805444; https://investmoscow.ru/tenders/tender/19875089,"0.0%, 0.0%, 60.0%, 40.0%, 0.0%"
https://investmoscow.ru/tenders/tender/19968991,400.8,36547000.0,ЗАО,2,3.016041717885311,45.0,https://investmoscow.ru/tenders/tender/19917513; https://investmoscow.ru/tenders/tender/19726456; https://investmoscow.ru/tenders/tender/19777561; https://investmoscow.ru/tenders/tender/19968991; https://investmoscow.ru/tenders/tender/19742667,"0.0%, 60.0%, 50.0%, 45.0%, 0.0%"
https://investmoscow.ru/tenders/tender/19993722,201.3,35852000.0,СВАО,1,1.2640108372734011,37.0,https://investmoscow.ru/tenders/tender/19723011; https://investmoscow.ru/tenders/tender/19802335; https://investmoscow.ru/tenders/tender/19724732; https://investmoscow.ru/tenders/tender/19916511; https://investmoscow.ru/tenders/tender/19781827,"37.0%, 45.5%, 107.5%, 30.0%, 0.0%"
https://investmoscow.ru/tenders/tender/19993754,110.5,8058000.0,САО,basement,0.31240079066602955,0.0,https://investmoscow.ru/tenders/tender/19768163; https://investmoscow.ru/tenders/tender/19729877; https://investmoscow.ru/tenders/tender/19885236; https://investmoscow.ru/tenders/tender/19923794; https://investmoscow.ru/tenders/tender/19743580,"12.5%, 0.0%, 0.0%, 70.0%, 0.0%"
https://investmoscow.ru/tenders/tender/19993774,61.0,16523500.0,ЦАО,1,5.414167932270401,25.0,https://investmoscow.ru/tenders/tender/19791332; https://investmoscow.ru/tenders/tender/19755646; https://investmoscow.ru/tenders/tender/19728518; https://investmoscow.ru/tenders/tender/19762123; https://investmoscow.ru/tenders/tender/19805696,"0.0%, 0.0%, 93.5%, 50.0%, 25.0%"
https://investmoscow.ru/tenders/tender/19975841,152.7,24068000.0,ВАО,1,0.10729195994408025,68.5,https://investmoscow.ru/tenders/tender/19854786; https://investmoscow.ru/tenders/tender/19852503; https://investmoscow.ru/tenders/tender/19854792; https://investmoscow.ru/tenders/tender/19906201; https://investmoscow.ru/tenders/tender/19915169,"136.5%, 98.5%, 68.5%, 0.0%, 49.0%"
https://investmoscow.ru/tenders/tender/19976311,211.0,31844000.0,ВАО,1,-0.028820390626997355,0.0,https://investmoscow.ru/tenders/tender/18938297; https://investmoscow.ru/tenders/tender/19891628; https://investmoscow.ru/tenders/tender/19854786; https://investmoscow.ru/tenders/tender/19890776; https://investmoscow.ru/tenders/tender/19766360,"0.0%, 0.0%, 136.5%, 0.0%, 0.0%"
https://investmoscow.ru/tenders/tender/19993855,7.8,1945800.0,ЦАО,basement,11.5924504679339,35.0,https://investmoscow.ru/tenders/tender/19800047; https://investmoscow.ru/tenders/tender/19747196; https://investmoscow.ru/tenders/tender/19802238; https://investmoscow.ru/tenders/tender/19724315; https://investmoscow.ru/tenders/tender/19943387,"0.0%, 120.0%, 35.0%, 285.0%, 0.0%"
https://investmoscow.ru/tenders/tender/19973939,630.2,47977000.0,ЮАО,basement,18.729438428747944,0.0,https://investmoscow.ru/tenders/tender/19741247; https://investmoscow.ru/tenders/tender/19741203; https://investmoscow.ru/tenders/tender/19863515; https://investmoscow.ru/tenders/tender/19815685; https://investmoscow.ru/tenders/tender/19734852,"20.0%, 40.0%, 0.0%, 0.0%, 0.0%"
https://investmoscow.ru/tenders/tender/19974591,340.6,35020000.0,ЦАО,basement,1.0226438612851685,0.0,https://investmoscow.ru/tenders/tender/19733290; https://investmoscow.ru/tenders/tender/19731414; https://investmoscow.ru/tenders/tender/19742742; https://investmoscow.ru/tenders/tender/19768375; https://investmoscow.ru/tenders/tender/19730925,"0.0%, 0.0%, 0.0%, -7.5%, 0.0%"
https://investmoscow.ru/tenders/tender/19973951,360.0,49473000.0,НАО,1,2.3376382865579104,0.0,https://investmoscow.ru/tenders/tender/19649438; https://investmoscow.ru/tenders/tender/19649725; https://investmoscow.ru/tenders/tender/19649861; https://investmoscow.ru/tenders/tender/19649446; https://investmoscow.ru/tenders/tender/19649813,"0.0%, 25.0%, 0.0%, 0.0%, 0.0%"
https://investmoscow.ru/tenders/tender/19974100,193.1,32329000.0,ЗАО,1,4.439805013748112,10.0,https://investmoscow.ru/tenders/tender/19721296; https://investmoscow.ru/tenders/tender/19721117; https://investmoscow.ru/tenders/tender/19682137; https://investmoscow.ru/tenders/tender/19649539; https://investmoscow.ru/tenders/tender/19746942,"100.0%, 0.0%, 0.0%, 10.0%, 23.0%"
https://investmoscow.ru/tenders/tender/19974211,145.2,48401000.0,ЗАО,1,-3.882562005737005,0.0,https://investmoscow.ru/tenders/tender/19606710; https://investmoscow.ru/tenders/tender/19606727; https://investmoscow.ru/tenders/tender/19683601; https://investmoscow.ru/tenders/tender/19726556; https://investmoscow.ru/tenders/tender/19726606,"0.0%, 0.0%, 0.0%, 5.0%, 5.0%"
https://investmoscow.ru/tenders/tender/20006229,182.2,37557000.0,ЗАО,1,0.31010308791636504,0.0,https://investmoscow.ru/tenders/tender/19760474; https://investmoscow.ru/tenders/tender/19806412; https://investmoscow.ru/tenders/tender/19890844; https://investmoscow.ru/tenders/tender/19746751; https://investmoscow.ru/tenders/tender/19841815,"68.5%, 11.5%, 0.0%, 0.0%, 0.0%"
https://investmoscow.ru/tenders/tender/19988754,86.2,18438180.0,ЗАО,1,0.017787484303927594,0.0,https://investmoscow.ru/tenders/tender/19753414; https://investmoscow.ru/tenders/tender/19762433; https://investmoscow.ru/tenders/tender/19720152; https://investmoscow.ru/tenders/tender/19753408; https://investmoscow.ru/tenders/tender/19841796,"0.0%, 0.0%, 0.0%, 0.0%, 0.0%"
https://investmoscow.ru/tenders/tender/19988740,86.5,18485050.0,ЗАО,1,0.016807750108172325,0.0,https://investmoscow.ru/tenders/tender/19753414; https://investmoscow.ru/tenders/tender/19720152; https://investmoscow.ru/tenders/tender/19762433; https://investmoscow.ru/tenders/tender/19753408; https://investmoscow.ru/tenders/tender/19806973,"0.0%, 0.0%, 0.0%, 0.0%, 0.0%"
https://investmoscow.ru/tenders/tender/19988731,114.7,43748000.0,СВАО,1,0.25770944383656236,0.0,https://investmoscow.ru/tenders/tender/19893963; https://investmoscow.ru/tenders/tender/19893947; https://investmoscow.ru/tenders/tender/19864910; https://investmoscow.ru/tenders/tender/19820760; https://investmoscow.ru/tenders/tender/19770093,"0.0%, 0.0%, 0.0%, 0.0%, 0.0%"
https://investmoscow.ru/tenders/tender/19988732,133.1,49490000.0,СВАО,1,-0.2567236602704842,0.0,https://investmoscow.ru/tenders/tender/19893947; https://investmoscow.ru/tenders/tender/19893963; https://investmoscow.ru/tenders/tender/19864893; https://investmoscow.ru/tenders/tender/19820760; https://investmoscow.ru/tenders/tender/19793289,"0.0%, 0.0%, 14.0%, 0.0%, 0.0%"
https://investmoscow.ru/tenders/tender/19988769,87.1,17308000.0,СВАО,1,23.405490293945647,61.5,https://investmoscow.ru/tenders/tender/19918289; https://investmoscow.ru/tenders/tender/19915238; https://investmoscow.ru/tenders/tender/19915218; https://investmoscow.ru/tenders/tender/19852661; https://investmoscow.ru/tenders/tender/19854800,"0.0%, 29.0%, 61.5%, 82.0%, 115.0%"
https://investmoscow.ru/tenders/tender/20008013,173.9,43229000.0,ЮЗАО,1,0.08356039663792296,0.0,https://investmoscow.ru/tenders/tender/19915371; https://investmoscow.ru/tenders/tender/19894051; https://investmoscow.ru/tenders/tender/19894027; https://investmoscow.ru/tenders/tender/19894020; https://investmoscow.ru/tenders/tender/19894035,"0.0%, 0.0%, 2.0%, 76.5%, 0.0%"
https://investmoscow.ru/tenders/tender/19988729,217.4,55602000.0,ЮЗАО,1,0.867772454800792,0.0,https://investmoscow.ru/tenders/tender/19894044; https://investmoscow.ru/tenders/tender/19915372; https://investmoscow.ru/tenders/tender/19894035; https://investmoscow.ru/tenders/tender/19894020; https://investmoscow.ru/tenders/tender/19894027,"0.0%, 0.0%, 0.0%, 76.5%, 2.0%"
https://investmoscow.ru/tenders/tender/19988720,207.0,50083000.0,ЮЗАО,1,0.6292392009425105,0.0,https://investmoscow.ru/tenders/tender/19894035; https://investmoscow.ru/tenders/tender/19894020; https://investmoscow.ru/tenders/tender/19915372; https://investmoscow.ru/tenders/tender/19894027; https://investmoscow.ru/tenders/tender/19894044,"0.0%, 76.5%, 0.0%, 2.0%, 0.0%"
https://investmoscow.ru/tenders/tender/19993060,56.9,10805000.0,ВАО,1,4.270370684392257,37.5,https://investmoscow.ru/tenders/tender/19746936; https://investmoscow.ru/tenders/tender/19746775; https://investmoscow.ru/tenders/tender/19810685; https://investmoscow.ru/tenders/tender/19810705; https://investmoscow.ru/tenders/tender/19810696,"29.0%, 37.5%, 74.5%, 23.0%, 50.0%"
https://investmoscow.ru/tenders/tender/19993076,84.4,15176000.0,ВАО,1,4.057755109343436,37.5,https://investmoscow.ru/tenders/tender/19751682; https://investmoscow.ru/tenders/tender/19682137; https://investmoscow.ru/tenders/tender/19746938; https://investmoscow.ru/tenders/tender/19746775; https://investmoscow.ru/tenders/tender/19810709,"0.0%, 0.0%, 67.5%, 37.5%, 112.5%"
https://investmoscow.ru/tenders/tender/19979742,55.6,10620000.0,ВАО,1,4.530425721645773,37.5,https://investmoscow.ru/tenders/tender/19746936; https://investmoscow.ru/tenders/tender/19810685; https://investmoscow.ru/tenders/tender/19746775; https://investmoscow.ru/tenders/tender/19810705; https://investmoscow.ru/tenders/tender/19810696,"29.0%, 74.5%, 37.5%, 23.0%, 50.0%"
https://investmoscow.ru/tenders/tender/19979738,87.3,15519000.0,ВАО,1,2.561089714963356,37.5,https://investmoscow.ru/tenders/tender/19751682; https://investmoscow.ru/tenders/tender/19682137; https://investmoscow.ru/tenders/tender/19746938; https://investmoscow.ru/tenders/tender/19746775; https://investmoscow.ru/tenders/tender/19810709,"0.0%, 0.0%, 67.5%, 37.5%, 112.5%"
https://investmoscow.ru/tenders/tender/19992543,94.3,16674000.0,ВАО,1,5.672224624026947,0.0,https://investmoscow.ru/tenders/tender/19751682; https://investmoscow.ru/tenders/tender/19682137; https://investmoscow.ru/tenders/tender/19721117; https://investmoscow.ru/tenders/tender/19746938; https://investmoscow.ru/tenders/tender/19810709,"0.0%, 0.0%, 0.0%, 67.5%, 112.5%"
https://investmoscow.ru/tenders/tender/19993052,88.6,15750000.0,ВАО,1,5.860984000804114,29.5,https://investmoscow.ru/tenders/tender/19751682; https://investmoscow.ru/tenders/tender/19682137; https://investmoscow.ru/tenders/tender/19810709; https://investmoscow.ru/tenders/tender/19746938; https://investmoscow.ru/tenders/tender/19810708,"0.0%, 0.0%, 112.5%, 67.5%, 29.5%"
https://investmoscow.ru/tenders/tender/19979734,50.5,9797000.0,ВАО,1,8.457224890974478,29.0,https://investmoscow.ru/tenders/tender/19746936; https://investmoscow.ru/tenders/tender/19810705; https://investmoscow.ru/tenders/tender/19810685; https://investmoscow.ru/tenders/tender/19810699; https://investmoscow.ru/tenders/tender/19810706,"29.0%, 23.0%, 74.5%, 66.0%, 21.0%"
https://investmoscow.ru/tenders/tender/19988275,132.9,22199000.0,Зеленоград,1,-0.15846312771368515,0.0,https://investmoscow.ru/tenders/tender/19945546; https://investmoscow.ru/tenders/tender/19945502; https://investmoscow.ru/tenders/tender/19968474; https://investmoscow.ru/tenders/tender/19962525; https://investmoscow.ru/tenders/tender/19826730,"0.0%, 0.0%, 0.0%, 0.0%, 0.0%"
https://investmoscow.ru/tenders/tender/19992996,127.1,32954000.0,ЗАО,1,0.8572798878796154,0.0,https://investmoscow.ru/tenders/tender/19667646; https://investmoscow.ru/tenders/tender/19667654; https://investmoscow.ru/tenders/tender/19667663; https://investmoscow.ru/tenders/tender/19802336; https://investmoscow.ru/tenders/tender/19912762,"0.0%, 0.0%, 0.0%, 0.0%, 0.0%"
https://investmoscow.ru/tenders/tender/19993025,84.8,22924000.0,ЗАО,1,4.496298956615018,5.0,https://investmoscow.ru/tenders/tender/19667658; https://investmoscow.ru/tenders/tender/19667663; https://investmoscow.ru/tenders/tender/19712781; https://investmoscow.ru/tenders/tender/19760691; https://investmoscow.ru/tenders/tender/19811392,"0.0%, 0.0%, 5.0%, 34.5%, 44.0%"
https://investmoscow.ru/tenders/tender/19979746,130.2,36001000.0,ЗАО,1,1.0253121421477633,0.0,https://investmoscow.ru/tenders/tender/19667646; https://investmoscow.ru/tenders/tender/19908794; https://investmoscow.ru/tenders/tender/19667654; https://investmoscow.ru/tenders/tender/19820740; https://investmoscow.ru/tenders/tender/19912554,"0.0%, 0.0%, 0.0%, 136.5%, 15.5%"
https://investmoscow.ru/tenders/tender/19979757,106.3,28243000.0,ЗАО,1,0.19572683403523622,0.0,https://investmoscow.ru/tenders/tender/19667663; https://investmoscow.ru/tenders/tender/19667658; https://investmoscow.ru/tenders/tender/19667646; https://investmoscow.ru/tenders/tender/19667654; https://investmoscow.ru/tenders/tender/19811392,"0.0%, 0.0%, 0.0%, 0.0%, 44.0%"
https://investmoscow.ru/tenders/tender/19992535,52.5,14171000.0,ЗАО,1,91.7599842393196,170.5,https://investmoscow.ru/tenders/tender/19885093; https://investmoscow.ru/tenders/tender/19885138; https://investmoscow.ru/tenders/tender/19885076; https://investmoscow.ru/tenders/tender/19863340; https://investmoscow.ru/tenders/tender/19884966,"195.5%, 176.0%, 105.0%, 170.5%, 102.0%"
https://investmoscow.ru/tenders/tender/19992526,36.9,10511000.0,ЗАО,1,84.25093410936759,55.5,https://investmoscow.ru/tenders/tender/19885053; https://investmoscow.ru/tenders/tender/19798966; https://investmoscow.ru/tenders/tender/19810717; https://investmoscow.ru/tenders/tender/19810707; https://investmoscow.ru/tenders/tender/19725069,"126.5%, 9.5%, 55.5%, 66.5%, 0.0%"
https://investmoscow.ru/tenders/tender/19992565,39.4,13670000.0,ВАО,1,2.9830303042647164,0.0,https://investmoscow.ru/tenders/tender/19908931; https://investmoscow.ru/tenders/tender/19908928; https://investmoscow.ru/tenders/tender/19908863; https://investmoscow.ru/tenders/tender/19908805; https://investmoscow.ru/tenders/tender/19908929,"0.0%, 0.0%, 0.0%, 0.0%, 0.0%"
https://investmoscow.ru/tenders/tender/19992556,90.8,27426000.0,ВАО,1,0.7267672140780037,0.0,https://investmoscow.ru/tenders/tender/19908917; https://investmoscow.ru/tenders/tender/19908786; https://investmoscow.ru/tenders/tender/19908926; https://investmoscow.ru/tenders/tender/19908907; https://investmoscow.ru/tenders/tender/19852589,"0.0%, 0.0%, 0.0%, 12.5%, 37.5%"
https://investmoscow.ru/tenders/tender/19992572,75.5,22786000.0,СВАО,1,0.2973386088548877,0.0,https://investmoscow.ru/tenders/tender/19912910; https://investmoscow.ru/tenders/tender/19916219; https://investmoscow.ru/tenders/tender/19918153; https://investmoscow.ru/tenders/tender/19918175; https://investmoscow.ru/tenders/tender/19918219,"0.0%, 39.5%, 0.5%, 0.0%, 0.0%"
https://investmoscow.ru/tenders/tender/19992542,131.3,35455000.0,САО,1,-0.4470679126244383,0.0,https://investmoscow.ru/tenders/tender/19918137; https://investmoscow.ru/tenders/tender/19918124; https://investmoscow.ru/tenders/tender/19867806; https://investmoscow.ru/tenders/tender/19919551; https://investmoscow.ru/tenders/tender/19918092,"0.0%, 19.0%, 0.0%, 0.0%, 8.5%"
https://investmoscow.ru/tenders/tender/19967387,210.3,34760000.0,ЮЗАО,1,0.17865276503841326,0.0,https://investmoscow.ru/tenders/tender/19762115; https://investmoscow.ru/tenders/tender/19867673; https://investmoscow.ru/tenders/tender/19778378; https://investmoscow.ru/tenders/tender/19799794; https://investmoscow.ru/tenders/tender/19760711,"0.0%, 0.0%, 0.0%, 0.0%, 0.0%"
https://investmoscow.ru/tenders/tender/19985826,651.7,111327000.0,САО,2,4.181457992636806,0.0,https://investmoscow.ru/tenders/tender/19828830; https://investmoscow.ru/tenders/tender/19871741; https://investmoscow.ru/tenders/tender/19810042; https://investmoscow.ru/tenders/tender/19735261; https://investmoscow.ru/tenders/tender/19894445,"0.0%, 0.0%, 0.0%, 0.0%, 0.0%"
https://investmoscow.ru/tenders/tender/19985818,707.6,120465000.0,САО,1,2.5204407208393844,0.0,https://investmoscow.ru/tenders/tender/19667635; https://investmoscow.ru/tenders/tender/19667638; https://investmoscow.ru/tenders/tender/19667639; https://investmoscow.ru/tenders/tender/19855462; https://investmoscow.ru/tenders/tender/19774971,"0.0%, 0.0%, 0.0%, 0.0%, 0.0%"
https://investmoscow.ru/tenders/tender/19985829,595.8,101778000.0,САО,1,2.540427846846058,0.0,https://investmoscow.ru/tenders/tender/19667639; https://investmoscow.ru/tenders/tender/19667638; https://investmoscow.ru/tenders/tender/19667635; https://investmoscow.ru/tenders/tender/19855462; https://investmoscow.ru/tenders/tender/19877935,"0.0%, 0.0%, 0.0%, 0.0%, 0.0%"
https://investmoscow.ru/tenders/tender/19974340,105.3,9618000.0,ВАО,basement,0.49807152566422785,0.0,https://investmoscow.ru/tenders/tender/19831730; https://investmoscow.ru/tenders/tender/19885236; https://investmoscow.ru/tenders/tender/19923794; https://investmoscow.ru/tenders/tender/19804508; https://investmoscow.ru/tenders/tender/19833406,"0.0%, 0.0%, 70.0%, 25.0%, 0.0%"
https://investmoscow.ru/tenders/tender/19974736,16.3,3266000.0,СВАО,1,50.2312965155163,15.0,https://investmoscow.ru/tenders/tender/19789254; https://investmoscow.ru/tenders/tender/19762189; https://investmoscow.ru/tenders/tender/19840310; https://investmoscow.ru/tenders/tender/19866048; https://investmoscow.ru/tenders/tender/19823015,"15.0%, 0.0%, 145.0%, 70.0%, 0.0%"
https://investmoscow.ru/tenders/tender/19992759,15.1,2053400.0,ЮАО,basement,33.95106014159766,10.0,https://investmoscow.ru/tenders/tender/19881735; https://investmoscow.ru/tenders/tender/19784268; https://investmoscow.ru/tenders/tender/19847424; https://investmoscow.ru/tenders/tender/19736985; https://investmoscow.ru/tenders/tender/19801478,"10.0%, 45.0%, 0.0%, 105.0%, 0.0%"
https://investmoscow.ru/tenders/tender/19976789,53.7,8904000.0,ВАО,4,14.882001397879872,0.0,https://investmoscow.ru/tenders/tender/19877687; https://investmoscow.ru/tenders/tender/19757873; https://investmoscow.ru/tenders/tender/19824121; https://investmoscow.ru/tenders/tender/19720850; https://investmoscow.ru/tenders/tender/19741254,"0.0%, 0.0%, 0.0%, 0.0%, 0.0%"
https://investmoscow.ru/tenders/tender/19975890,58.3,9666000.0,ВАО,4,12.60407335617894,0.0,https://investmoscow.ru/tenders/tender/19877687; https://investmoscow.ru/tenders/tender/19757873; https://investmoscow.ru/tenders/tender/19824121; https://investmoscow.ru/tenders/tender/19720850; https://investmoscow.ru/tenders/tender/19787395,"0.0%, 0.0%, 0.0%, 0.0%, -22.5%"
https://investmoscow.ru/tenders/tender/19974586,102.2,14649000.0,ВАО,4,3.1188032092565385,0.0,https://investmoscow.ru/tenders/tender/19720850; https://investmoscow.ru/tenders/tender/19877687; https://investmoscow.ru/tenders/tender/19824121; https://investmoscow.ru/tenders/tender/19787395; https://investmoscow.ru/tenders/tender/19741254,"0.0%, 0.0%, 0.0%, -22.5%, 0.0%"
https://investmoscow.ru/tenders/tender/19974634,28.8,5084000.0,ВАО,4,18.89519038495753,40.0,https://investmoscow.ru/tenders/tender/19736222; https://investmoscow.ru/tenders/tender/19805661; https://investmoscow.ru/tenders/tender/19769953; https://investmoscow.ru/tenders/tender/19788623; https://investmoscow.ru/tenders/tender/19729653,"40.0%, 50.0%, 25.0%, 30.0%, 45.0%"
https://investmoscow.ru/tenders/tender/19972846,75.9,11448000.0,ЮАО,1,4.713345025815927,55.0,https://investmoscow.ru/tenders/tender/19924910; https://investmoscow.ru/tenders/tender/19828535; https://investmoscow.ru/tenders/tender/19682189; https://investmoscow.ru/tenders/tender/19727072; https://investmoscow.ru/tenders/tender/19606697,"30.0%, 55.0%, 0.0%, 106.5%, 65.0%"
https://investmoscow.ru/tenders/tender/19974550,14.7,4441000.0,ЦАО,1,23.015492927147438,15.0,https://investmoscow.ru/tenders/tender/19762430; https://investmoscow.ru/tenders/tender/19897650; https://investmoscow.ru/tenders/tender/19890862; https://investmoscow.ru/tenders/tender/19746757; https://investmoscow.ru/tenders/tender/19758881,"90.0%, 0.0%, 65.0%, 15.0%, 0.0%"
https://investmoscow.ru/tenders/tender/19973506,198.7,10618000.0,ЮЗАО,basement,3.48351979175611,0.0,https://investmoscow.ru/tenders/tender/19787194; https://investmoscow.ru/tenders/tender/19743606; https://investmoscow.ru/tenders/tender/19743185; https://investmoscow.ru/tenders/tender/19880867; https://investmoscow.ru/tenders/tender/19731505,"-17.5%, 0.0%, 85.0%, 90.0%, 0.0%"
https://investmoscow.ru/tenders/tender/19973273,219.8,12641000.0,ЮЗАО,basement,4.946041430961066,0.0,https://investmoscow.ru/tenders/tender/19787194; https://investmoscow.ru/tenders/tender/19743606; https://investmoscow.ru/tenders/tender/19859150; https://investmoscow.ru/tenders/tender/19743185; https://investmoscow.ru/tenders/tender/19880867,"-17.5%, 0.0%, 0.0%, 85.0%, 90.0%"
https://investmoscow.ru/tenders/tender/19973072,18.3,3703000.0,СВАО,1,28.69990946236125,15.0,https://investmoscow.ru/tenders/tender/19789254; https://investmoscow.ru/tenders/tender/19866048; https://investmoscow.ru/tenders/tender/19823015; https://investmoscow.ru/tenders/tender/19840310; https://investmoscow.ru/tenders/tender/19762189,"15.0%, 70.0%, 0.0%, 145.0%, 0.0%"
https://investmoscow.ru/tenders/tender/19978155,11.9,2804000.0,ЦАО,1,52.745216896043296,30.5,https://investmoscow.ru/tenders/tender/19765536; https://investmoscow.ru/tenders/tender/19762430; https://investmoscow.ru/tenders/tender/19897650; https://investmoscow.ru/tenders/tender/19758881; https://investmoscow.ru/tenders/tender/19912900,"110.0%, 90.0%, 0.0%, 0.0%, 30.5%"
https://investmoscow.ru/tenders/tender/19978278,12.3,3306000.0,ЦАО,1,46.6901183122609,30.5,https://investmoscow.ru/tenders/tender/19765536; https://investmoscow.ru/tenders/tender/19762430; https://investmoscow.ru/tenders/tender/19897650; https://investmoscow.ru/tenders/tender/19912900; https://investmoscow.ru/tenders/tender/19912893,"110.0%, 90.0%, 0.0%, 30.5%, 0.0%"
https://investmoscow.ru/tenders/tender/19974411,69.0,4462000.0,СВАО,basement,20.675812081033428,0.0,https://investmoscow.ru/tenders/tender/19731664; https://investmoscow.ru/tenders/tender/19768252; https://investmoscow.ru/tenders/tender/19733627; https://investmoscow.ru/tenders/tender/19866064; https://investmoscow.ru/tenders/tender/19736715,"0.0%, -30.0%, 35.0%, 0.0%, 15.0%"
https://investmoscow.ru/tenders/tender/19981337,73.1,7058000.0,ЗАО,basement,20.509663263676522,0.0,https://investmoscow.ru/tenders/tender/19885380; https://investmoscow.ru/tenders/tender/19831408; https://investmoscow.ru/tenders/tender/19924693; https://investmoscow.ru/tenders/tender/19791299; https://investmoscow.ru/tenders/tender/19768439,"0.0%, 0.0%, 65.0%, 0.0%, 0.0%"
https://investmoscow.ru/tenders/tender/19975628,266.0,25689000.0,ЦАО,basement,36.77144262117337,0.0,https://investmoscow.ru/tenders/tender/19765722; https://investmoscow.ru/tenders/tender/19786847; https://investmoscow.ru/tenders/tender/19743190; https://investmoscow.ru/tenders/tender/19886699; https://investmoscow.ru/tenders/tender/19849278,"0.0%, 10.0%, 20.0%, 0.0%, 0.0%"
https://investmoscow.ru/tenders/tender/19979692,40.9,4061000.0,ЦАО,basement,67.93282789740312,40.0,https://investmoscow.ru/tenders/tender/19775433; https://investmoscow.ru/tenders/tender/19783257; https://investmoscow.ru/tenders/tender/19802238; https://investmoscow.ru/tenders/tender/19724315; https://investmoscow.ru/tenders/tender/19747196,"40.0%, 0.0%, 35.0%, 285.0%, 120.0%"
https://investmoscow.ru/tenders/tender/19959307,63.9,8035000.0,ЦАО,basement,20.643530806378315,0.0,https://investmoscow.ru/tenders/tender/19885117; https://investmoscow.ru/tenders/tender/19783408; https://investmoscow.ru/tenders/tender/19816873; https://investmoscow.ru/tenders/tender/19803953; https://investmoscow.ru/tenders/tender/19792321,"50.0%, 0.0%, 120.0%, 0.0%, 0.0%"
https://investmoscow.ru/tenders/tender/19959506,40.5,14529000.0,ЦАО,1,10.254768246738415,30.5,https://investmoscow.ru/tenders/tender/19890862; https://investmoscow.ru/tenders/tender/19746757; https://investmoscow.ru/tenders/tender/19897650; https://investmoscow.ru/tenders/tender/19762430; https://investmoscow.ru/tenders/tender/19912900,"65.0%, 15.0%, 0.0%, 90.0%, 30.5%"
https://investmoscow.ru/tenders/tender/19977097,83.6,12711000.0,ВАО,1,1.8503096070508782,43.0,https://investmoscow.ru/tenders/tender/19881684; https://investmoscow.ru/tenders/tender/19854825; https://investmoscow.ru/tenders/tender/19854813; https://investmoscow.ru/tenders/tender/19854800; https://investmoscow.ru/tenders/tender/19852567,"30.0%, 19.5%, 43.0%, 115.0%, 110.5%"
https://investmoscow.ru/tenders/tender/19976972,154.8,22403000.0,ВАО,1,0.9679769980738687,68.5,https://investmoscow.ru/tenders/tender/19912585; https://investmoscow.ru/tenders/tender/19854786; https://investmoscow.ru/tenders/tender/19854792; https://investmoscow.ru/tenders/tender/19852503; https://investmoscow.ru/tenders/tender/19916260,"45.0%, 136.5%, 68.5%, 98.5%, 35.0%"
https://investmoscow.ru/tenders/tender/19971573,326.7,49431000.0,ЮАО,basement,-0.011879648781727474,0.0,https://investmoscow.ru/tenders/tender/19919469; https://investmoscow.ru/tenders/tender/19767015; https://investmoscow.ru/tenders/tender/19725460; https://investmoscow.ru/tenders/tender/19764183; https://investmoscow.ru/tenders/tender/19786813,"0.0%, 0.0%, 0.0%, 0.0%, 0.0%"
https://investmoscow.ru/tenders/tender/20020694,234.7,32500000.0,ЮЗАО,1,1.9405115996109348,0.0,https://investmoscow.ru/tenders/tender/19922103; https://investmoscow.ru/tenders/tender/19799794; https://investmoscow.ru/tenders/tender/19778378; https://investmoscow.ru/tenders/tender/19867679; https://investmoscow.ru/tenders/tender/19867725,"0.0%, 0.0%, 0.0%, 2.0%, 0.0%"
https://investmoscow.ru/tenders/tender/19969975,178.1,27717000.0,НАО,1,0.16623896749476905,0.0,https://investmoscow.ru/tenders/tender/19877131; https://investmoscow.ru/tenders/tender/19768146; https://investmoscow.ru/tenders/tender/19729842; https://investmoscow.ru/tenders/tender/19788060; https://investmoscow.ru/tenders/tender/19766360,"90.0%, -40.0%, 0.0%, -22.5%, 0.0%"
https://investmoscow.ru/tenders/tender/19969955,39.5,1907000.0,Зеленоград,basement,5.760067022370655,25.0,https://investmoscow.ru/tenders/tender/19924985; https://investmoscow.ru/tenders/tender/19969955; https://investmoscow.ru/tenders/tender/19826730; https://investmoscow.ru/tenders/tender/19865655; https://investmoscow.ru/tenders/tender/19885551,"0.0%, 25.0%, 0.0%, 55.0%, 45.0%"
https://investmoscow.ru/tenders/tender/19993010,111.0,30102000.0,СВАО,1,2.084844227300889,2.5,https://investmoscow.ru/tenders/tender/19684067; https://investmoscow.ru/tenders/tender/19720198; https://investmoscow.ru/tenders/tender/19802334; https://investmoscow.ru/tenders/tender/19851549; https://investmoscow.ru/tenders/tender/19851368,"0.0%, 4.0%, 0.0%, 2.5%, 3.5%"
https://investmoscow.ru/tenders/tender/19992983,177.0,60050000.0,ЮЗАО,1,-0.16112590271937777,0.0,https://investmoscow.ru/tenders/tender/19820737; https://investmoscow.ru/tenders/tender/19802332; https://investmoscow.ru/tenders/tender/19606710; https://investmoscow.ru/tenders/tender/19683601; https://investmoscow.ru/tenders/tender/19909901,"0.0%, 0.0%, 0.0%, 0.0%, 0.0%"
https://investmoscow.ru/tenders/tender/19993089,248.1,31827000.0,САО,1,1.0990035034942431,0.0,https://investmoscow.ru/tenders/tender/18938297; https://investmoscow.ru/tenders/tender/19606691; https://investmoscow.ru/tenders/tender/19667705; https://investmoscow.ru/tenders/tender/19667709; https://investmoscow.ru/tenders/tender/19758543,"0.0%, 10.0%, 0.0%, 0.0%, 0.0%"
https://investmoscow.ru/tenders/tender/19993423,94.0,16718000.0,ВАО,1,1.7263887110707044,10.0,https://investmoscow.ru/tenders/tender/19727072; https://investmoscow.ru/tenders/tender/19683771; https://investmoscow.ru/tenders/tender/19682189; https://investmoscow.ru/tenders/tender/19682659; https://investmoscow.ru/tenders/tender/19848980,"106.5%, 0.0%, 0.0%, 10.0%, 90.0%"
https://investmoscow.ru/tenders/tender/19993099,151.0,23879000.0,САО,1,0.8998463079830408,0.0,https://investmoscow.ru/tenders/tender/19790914; https://investmoscow.ru/tenders/tender/19806963; https://investmoscow.ru/tenders/tender/19749573; https://investmoscow.ru/tenders/tender/19914365; https://investmoscow.ru/tenders/tender/19912585,"0.0%, 0.0%, 0.0%, 0.0%, 45.0%"
https://investmoscow.ru/tenders/tender/19993102,162.3,22061000.0,САО,1,2.5522694243325352,10.0,https://investmoscow.ru/tenders/tender/19606691; https://investmoscow.ru/tenders/tender/19682659; https://investmoscow.ru/tenders/tender/18938297; https://investmoscow.ru/tenders/tender/19912585; https://investmoscow.ru/tenders/tender/19828535,"10.0%, 10.0%, 0.0%, 45.0%, 55.0%"
https://investmoscow.ru/tenders/tender/19993312,97.7,22049000.0,САО,1,5.313587158725355,25.0,https://investmoscow.ru/tenders/tender/19667825; https://investmoscow.ru/tenders/tender/19667844; https://investmoscow.ru/tenders/tender/19667827; https://investmoscow.ru/tenders/tender/19682123; https://investmoscow.ru/tenders/tender/19667830,"25.0%, 45.0%, 0.0%, 0.0%, 50.0%"
https://investmoscow.ru/tenders/tender/19993321,84.0,19509000.0,САО,1,4.056645437926349,25.0,https://investmoscow.ru/tenders/tender/19682123; https://investmoscow.ru/tenders/tender/19667844; https://investmoscow.ru/tenders/tender/19667825; https://investmoscow.ru/tenders/tender/19667827; https://investmoscow.ru/tenders/tender/19667830,"0.0%, 45.0%, 25.0%, 0.0%, 50.0%"
https://investmoscow.ru/tenders/tender/19998662,72.1,13267000.0,ВАО,1,1.249399203293207,90.0,https://investmoscow.ru/tenders/tender/19848980; https://investmoscow.ru/tenders/tender/19727072; https://investmoscow.ru/tenders/tender/19916221; https://investmoscow.ru/tenders/tender/19916291; https://investmoscow.ru/tenders/tender/19916679,"90.0%, 106.5%, 99.0%, 13.0%, 13.5%"
https://investmoscow.ru/tenders/tender/19998660,107.5,18744000.0,ВАО,1,0.8493436632487132,0.0,https://investmoscow.ru/tenders/tender/19683771; https://investmoscow.ru/tenders/tender/19727072; https://investmoscow.ru/tenders/tender/19683651; https://investmoscow.ru/tenders/tender/19682189; https://investmoscow.ru/tenders/tender/19916543,"0.0%, 106.5%, 0.0%, 0.0%, 12.0%"
https://investmoscow.ru/tenders/tender/19993418,94.2,16754000.0,ВАО,1,0.371509049892956,13.5,https://investmoscow.ru/tenders/tender/19727072; https://investmoscow.ru/tenders/tender/19683771; https://investmoscow.ru/tenders/tender/19916543; https://investmoscow.ru/tenders/tender/19916679; https://investmoscow.ru/tenders/tender/19848980,"106.5%, 0.0%, 12.0%, 13.5%, 90.0%"
https://investmoscow.ru/tenders/tender/19993413,68.4,12706000.0,ВАО,1,0.33063948112092884,90.0,https://investmoscow.ru/tenders/tender/19727072; https://investmoscow.ru/tenders/tender/19848980; https://investmoscow.ru/tenders/tender/19916291; https://investmoscow.ru/tenders/tender/19916221; https://investmoscow.ru/tenders/tender/19857010,"106.5%, 90.0%, 13.0%, 99.0%, 28.0%"
https://investmoscow.ru/tenders/tender/19998655,68.8,12780000.0,ВАО,1,0.9980326296680668,90.0,https://investmoscow.ru/tenders/tender/19848980; https://investmoscow.ru/tenders/tender/19727072; https://investmoscow.ru/tenders/tender/19916291; https://investmoscow.ru/tenders/tender/19916221; https://investmoscow.ru/tenders/tender/19857010,"90.0%, 106.5%, 13.0%, 99.0%, 28.0%"
https://investmoscow.ru/tenders/tender/19998651,87.6,15733000.0,ВАО,1,0.8275927274085478,90.0,https://investmoscow.ru/tenders/tender/19727072; https://investmoscow.ru/tenders/tender/19683771; https://investmoscow.ru/tenders/tender/19848980; https://investmoscow.ru/tenders/tender/19916679; https://investmoscow.ru/tenders/tender/19916221,"106.5%, 0.0%, 90.0%, 13.5%, 99.0%"
https://investmoscow.ru/tenders/tender/19993021,50.4,9801000.0,ВАО,1,0.2508438231453318,55.0,https://investmoscow.ru/tenders/tender/19848980; https://investmoscow.ru/tenders/tender/19916318; https://investmoscow.ru/tenders/tender/19916636; https://investmoscow.ru/tenders/tender/19916571; https://investmoscow.ru/tenders/tender/19916375,"90.0%, 2.5%, 56.0%, 0.0%, 55.0%"
https://investmoscow.ru/tenders/tender/19993410,107.2,18692000.0,ВАО,1,0.9042732599525648,0.0,https://investmoscow.ru/tenders/tender/19683771; https://investmoscow.ru/tenders/tender/19727072; https://investmoscow.ru/tenders/tender/19683651; https://investmoscow.ru/tenders/tender/19916543; https://investmoscow.ru/tenders/tender/19682189,"0.0%, 106.5%, 0.0%, 12.0%, 0.0%"
https://investmoscow.ru/tenders/tender/19993337,105.1,18326000.0,ВАО,1,0.9884804140430596,0.0,https://investmoscow.ru/tenders/tender/19683771; https://investmoscow.ru/tenders/tender/19727072; https://investmoscow.ru/tenders/tender/19683651; https://investmoscow.ru/tenders/tender/19682189; https://investmoscow.ru/tenders/tender/19916543,"0.0%, 106.5%, 0.0%, 0.0%, 12.0%"
https://investmoscow.ru/tenders/tender/19993013,49.8,9685000.0,ВАО,1,0.2748316217024832,41.5,https://investmoscow.ru/tenders/tender/19916216; https://investmoscow.ru/tenders/tender/19916584; https://investmoscow.ru/tenders/tender/19916595; https://investmoscow.ru/tenders/tender/19916345; https://investmoscow.ru/tenders/tender/19856957,"103.0%, 48.0%, 2.0%, 14.0%, 41.5%"
https://investmoscow.ru/tenders/tender/19981511,11.1,4054000.0,ЦАО,1,38.823414235096976,15.0,https://investmoscow.ru/tenders/tender/19746757; https://investmoscow.ru/tenders/tender/19912893; https://investmoscow.ru/tenders/tender/19897650; https://investmoscow.ru/tenders/tender/19912900; https://investmoscow.ru/tenders/tender/19762430,"15.0%, 0.0%, 0.0%, 30.5%, 90.0%"
https://investmoscow.ru/tenders/tender/19996492,116.7,24869000.0,ВАО,1,-0.3283883133790981,13.0,https://investmoscow.ru/tenders/tender/19901267; https://investmoscow.ru/tenders/tender/19917266; https://investmoscow.ru/tenders/tender/19813172; https://investmoscow.ru/tenders/tender/19724769; https://investmoscow.ru/tenders/tender/19760702,"137.5%, 0.0%, 13.0%, 0.0%, 30.0%"
https://investmoscow.ru/tenders/tender/19992978,88.8,19712000.0,ВАО,1,-0.6502973012842062,120.0,https://investmoscow.ru/tenders/tender/19917266; https://investmoscow.ru/tenders/tender/19901275; https://investmoscow.ru/tenders/tender/19912763; https://investmoscow.ru/tenders/tender/19912568; https://investmoscow.ru/tenders/tender/19876928,"0.0%, 136.0%, 140.5%, 120.0%, 18.0%"
https://investmoscow.ru/tenders/tender/20002303,135.9,36948000.0,САО,1,-0.771926487284232,0.0,https://investmoscow.ru/tenders/tender/19919551; https://investmoscow.ru/tenders/tender/19867806; https://investmoscow.ru/tenders/tender/19918137; https://investmoscow.ru/tenders/tender/19918124; https://investmoscow.ru/tenders/tender/19918092,"0.0%, 0.0%, 0.0%, 19.0%, 8.5%"
https://investmoscow.ru/tenders/tender/20002293,49.2,15151000.0,ВАО,1,24.11955777567632,37.5,https://investmoscow.ru/tenders/tender/19852612; https://investmoscow.ru/tenders/tender/19854843; https://investmoscow.ru/tenders/tender/19876860; https://investmoscow.ru/tenders/tender/19852522; https://investmoscow.ru/tenders/tender/19890914,"85.5%, 31.0%, 9.0%, 37.5%, 43.0%"
https://investmoscow.ru/tenders/tender/20002323,119.9,30194000.0,ВАО,1,1.565482690175648,0.0,https://investmoscow.ru/tenders/tender/19912762; https://investmoscow.ru/tenders/tender/19802336; https://investmoscow.ru/tenders/tender/19834811; https://investmoscow.ru/tenders/tender/19912640; https://investmoscow.ru/tenders/tender/19802333,"0.0%, 0.0%, 0.0%, 17.0%, 50.0%"
https://investmoscow.ru/tenders/tender/19969969,220.2,37551000.0,ВАО,1,0.7412383617927574,0.0,https://investmoscow.ru/tenders/tender/19924792; https://investmoscow.ru/tenders/tender/19917788; https://investmoscow.ru/tenders/tender/19761296; https://investmoscow.ru/tenders/tender/19916511; https://investmoscow.ru/tenders/tender/19760711,"0.0%, 0.0%, 55.0%, 30.0%, 0.0%"
https://investmoscow.ru/tenders/tender/19975737,56.3,11284000.0,ЦАО,other,29.33613245800725,45.0,https://investmoscow.ru/tenders/tender/19781798; https://investmoscow.ru/tenders/tender/19727303; https://investmoscow.ru/tenders/tender/19975737; https://investmoscow.ru/tenders/tender/19757424; https://investmoscow.ru/tenders/tender/19810682,"0.0%, -27.5%, 125.0%, 45.0%, 95.0%"
https://investmoscow.ru/tenders/tender/19997756,3.0,661000.0,САО,2,0.4764514733813698,0.0,https://investmoscow.ru/tenders/tender/19729750; https://investmoscow.ru/tenders/tender/19729767; https://investmoscow.ru/tenders/tender/19730670; https://investmoscow.ru/tenders/tender/19729515; https://investmoscow.ru/tenders/tender/19730591,"20.0%, 0.0%, 0.0%, 0.0%, 0.0%"
https://investmoscow.ru/tenders/tender/19997323,3.0,661000.0,САО,2,0.4764514733813698,0.0,https://investmoscow.ru/tenders/tender/19729750; https://investmoscow.ru/tenders/tender/19729767; https://investmoscow.ru/tenders/tender/19730670; https://investmoscow.ru/tenders/tender/19729515; https://investmoscow.ru/tenders/tender/19730591,"20.0%, 0.0%, 0.0%, 0.0%, 0.0%"
https://investmoscow.ru/tenders/tender/19997222,3.0,661000.0,САО,2,0.4764514733813698,0.0,https://investmoscow.ru/tenders/tender/19729750; https://investmoscow.ru/tenders/tender/19729767; https://investmoscow.ru/tenders/tender/19730670; https://investmoscow.ru/tenders/tender/19729515; https://investmoscow.ru/tenders/tender/19730591,"20.0%, 0.0%, 0.0%, 0.0%, 0.0%"
https://investmoscow.ru/tenders/tender/19997182,3.2,694000.0,САО,2,5.52486796214702,0.0,https://investmoscow.ru/tenders/tender/19729750; https://investmoscow.ru/tenders/tender/19729767; https://investmoscow.ru/tenders/tender/19847668; https://investmoscow.ru/tenders/tender/19730670; https://investmoscow.ru/tenders/tender/19729515,"20.0%, 0.0%, 60.0%, 0.0%, 0.0%"
https://investmoscow.ru/tenders/tender/19997822,3.7,774000.0,САО,2,0.9184967157523999,0.0,https://investmoscow.ru/tenders/tender/19729750; https://investmoscow.ru/tenders/tender/19729767; https://investmoscow.ru/tenders/tender/19730670; https://investmoscow.ru/tenders/tender/19729515; https://investmoscow.ru/tenders/tender/19730591,"20.0%, 0.0%, 0.0%, 0.0%, 0.0%"
https://investmoscow.ru/tenders/tender/19997769,3.5,742000.0,САО,2,1.0326461075913298,0.0,https://investmoscow.ru/tenders/tender/19729750; https://investmoscow.ru/tenders/tender/19729767; https://investmoscow.ru/tenders/tender/19730670; https://investmoscow.ru/tenders/tender/19729515; https://investmoscow.ru/tenders/tender/19730591,"20.0%, 0.0%, 0.0%, 0.0%, 0.0%"
https://investmoscow.ru/tenders/tender/19997743,3.0,661000.0,САО,2,0.4764514733813698,0.0,https://investmoscow.ru/tenders/tender/19729750; https://investmoscow.ru/tenders/tender/19729767; https://investmoscow.ru/tenders/tender/19730670; https://investmoscow.ru/tenders/tender/19729515; https://investmoscow.ru/tenders/tender/19730591,"20.0%, 0.0%, 0.0%, 0.0%, 0.0%"
https://investmoscow.ru/tenders/tender/19997724,3.0,661000.0,САО,2,0.4764514733813698,0.0,https://investmoscow.ru/tenders/tender/19729750; https://investmoscow.ru/tenders/tender/19729767; https://investmoscow.ru/tenders/tender/19730670; https://investmoscow.ru/tenders/tender/19729515; https://investmoscow.ru/tenders/tender/19730591,"20.0%, 0.0%, 0.0%, 0.0%, 0.0%"
https://investmoscow.ru/tenders/tender/19997138,3.9,805000.0,САО,2,1.0373510992686594,0.0,https://investmoscow.ru/tenders/tender/19729750; https://investmoscow.ru/tenders/tender/19729767; https://investmoscow.ru/tenders/tender/19730670; https://investmoscow.ru/tenders/tender/19729515; https://investmoscow.ru/tenders/tender/19730591,"20.0%, 0.0%, 0.0%, 0.0%, 0.0%"
https://investmoscow.ru/tenders/tender/19997315,3.0,661000.0,САО,2,0.4764514733813698,0.0,https://investmoscow.ru/tenders/tender/19729750; https://investmoscow.ru/tenders/tender/19729767; https://investmoscow.ru/tenders/tender/19730670; https://investmoscow.ru/tenders/tender/19729515; https://investmoscow.ru/tenders/tender/19730591,"20.0%, 0.0%, 0.0%, 0.0%, 0.0%"
https://investmoscow.ru/tenders/tender/19992522,4.0,862000.0,САО,1,3.2144487242883417,15.0,https://investmoscow.ru/tenders/tender/19775671; https://investmoscow.ru/tenders/tender/19789254; https://investmoscow.ru/tenders/tender/19762189; https://investmoscow.ru/tenders/tender/19781909; https://investmoscow.ru/tenders/tender/19823015,"100.0%, 15.0%, 0.0%, 70.0%, 0.0%"
https://investmoscow.ru/tenders/tender/19992369,3.1,712000.0,САО,1,1.777483363965006,15.0,https://investmoscow.ru/tenders/tender/19775671; https://investmoscow.ru/tenders/tender/19762189; https://investmoscow.ru/tenders/tender/19789254; https://investmoscow.ru/tenders/tender/19781909; https://investmoscow.ru/tenders/tender/19823015,"100.0%, 0.0%, 15.0%, 70.0%, 0.0%"
https://investmoscow.ru/tenders/tender/19992304,3.1,712000.0,САО,1,1.777483363965006,15.0,https://investmoscow.ru/tenders/tender/19775671; https://investmoscow.ru/tenders/tender/19762189; https://investmoscow.ru/tenders/tender/19789254; https://investmoscow.ru/tenders/tender/19781909; https://investmoscow.ru/tenders/tender/19823015,"100.0%, 0.0%, 15.0%, 70.0%, 0.0%"
https://investmoscow.ru/tenders/tender/19992139,3.0,694000.0,САО,1,1.2855239336764122,15.0,https://investmoscow.ru/tenders/tender/19775671; https://investmoscow.ru/tenders/tender/19762189; https://investmoscow.ru/tenders/tender/19789254; https://investmoscow.ru/tenders/tender/19781909; https://investmoscow.ru/tenders/tender/19795766,"100.0%, 0.0%, 15.0%, 70.0%, 0.0%"
https://investmoscow.ru/tenders/tender/19992137,9.2,1609000.0,САО,1,15.595254775055947,70.0,https://investmoscow.ru/tenders/tender/19789254; https://investmoscow.ru/tenders/tender/19775671; https://investmoscow.ru/tenders/tender/19762189; https://investmoscow.ru/tenders/tender/19866048; https://investmoscow.ru/tenders/tender/19726568,"15.0%, 100.0%, 0.0%, 70.0%, 90.0%"
https://investmoscow.ru/tenders/tender/19992560,2.9,677000.0,САО,1,1.2156742313606854,15.0,https://investmoscow.ru/tenders/tender/19775671; https://investmoscow.ru/tenders/tender/19762189; https://investmoscow.ru/tenders/tender/19789254; https://investmoscow.ru/tenders/tender/19781909; https://investmoscow.ru/tenders/tender/19795766,"100.0%, 0.0%, 15.0%, 70.0%, 0.0%"
https://investmoscow.ru/tenders/tender/19992450,3.0,694000.0,САО,basement,0.22118163602351967,0.0,https://investmoscow.ru/tenders/tender/19833356; https://investmoscow.ru/tenders/tender/19778262; https://investmoscow.ru/tenders/tender/19996680; https://investmoscow.ru/tenders/tender/19797633; https://investmoscow.ru/tenders/tender/19801478,"0.0%, 45.0%, 0.0%, 55.0%, 0.0%"
https://investmoscow.ru/tenders/tender/19992373,3.2,729000.0,САО,1,1.5572865791075672,15.0,https://investmoscow.ru/tenders/tender/19775671; https://investmoscow.ru/tenders/tender/19762189; https://investmoscow.ru/tenders/tender/19789254; https://investmoscow.ru/tenders/tender/19781909; https://investmoscow.ru/tenders/tender/19823015,"100.0%, 0.0%, 15.0%, 70.0%, 0.0%"
https://investmoscow.ru/tenders/tender/19992275,3.2,729000.0,САО,1,1.5572865791075672,15.0,https://investmoscow.ru/tenders/tender/19775671; https://investmoscow.ru/tenders/tender/19762189; https://investmoscow.ru/tenders/tender/19789254; https://investmoscow.ru/tenders/tender/19781909; https://investmoscow.ru/tenders/tender/19823015,"100.0%, 0.0%, 15.0%, 70.0%, 0.0%"
https://investmoscow.ru/tenders/tender/19992005,3.6,796000.0,САО,1,2.64092311817718,15.0,https://investmoscow.ru/tenders/tender/19775671; https://investmoscow.ru/tenders/tender/19762189; https://investmoscow.ru/tenders/tender/19789254; https://investmoscow.ru/tenders/tender/19781909; https://investmoscow.ru/tenders/tender/19823015,"100.0%, 0.0%, 15.0%, 70.0%, 0.0%"
https://investmoscow.ru/tenders/tender/20001805,2.7,611000.0,САО,2,0.1704100698148223,0.0,https://investmoscow.ru/tenders/tender/19729750; https://investmoscow.ru/tenders/tender/19729767; https://investmoscow.ru/tenders/tender/19730670; https://investmoscow.ru/tenders/tender/19729515; https://investmoscow.ru/tenders/tender/20001805,"20.0%, 0.0%, 0.0%, 0.0%, 0.0%"
https://investmoscow.ru/tenders/tender/20001634,3.1,678000.0,САО,2,0.4871908765894955,0.0,https://investmoscow.ru/tenders/tender/19729750; https://investmoscow.ru/tenders/tender/19729767; https://investmoscow.ru/tenders/tender/19730670; https://investmoscow.ru/tenders/tender/19729515; https://investmoscow.ru/tenders/tender/19730591,"20.0%, 0.0%, 0.0%, 0.0%, 0.0%"
https://investmoscow.ru/tenders/tender/20002617,3.2,694000.0,САО,2,3.07471519941825,0.0,https://investmoscow.ru/tenders/tender/19729750; https://investmoscow.ru/tenders/tender/19729767; https://investmoscow.ru/tenders/tender/19730670; https://investmoscow.ru/tenders/tender/20002617; https://investmoscow.ru/tenders/tender/20003149,"20.0%, 0.0%, 0.0%, 0.0%, 0.0%"
https://investmoscow.ru/tenders/tender/20002537,3.0,661000.0,САО,2,3.065548336013494,0.0,https://investmoscow.ru/tenders/tender/19729750; https://investmoscow.ru/tenders/tender/19729767; https://investmoscow.ru/tenders/tender/20003134; https://investmoscow.ru/tenders/tender/20003030; https://investmoscow.ru/tenders/tender/20002220,"20.0%, 0.0%, 0.0%, 0.0%, 0.0%"
https://investmoscow.ru/tenders/tender/20002400,3.0,661000.0,САО,2,3.065548336013494,0.0,https://investmoscow.ru/tenders/tender/19729750; https://investmoscow.ru/tenders/tender/19729767; https://investmoscow.ru/tenders/tender/20003134; https://investmoscow.ru/tenders/tender/20003030; https://investmoscow.ru/tenders/tender/20002220,"20.0%, 0.0%, 0.0%, 0.0%, 0.0%"
https://investmoscow.ru/tenders/tender/20001689,3.2,694000.0,САО,2,0.4853476221883393,0.0,https://investmoscow.ru/tenders/tender/19729750; https://investmoscow.ru/tenders/tender/19729767; https://investmoscow.ru/tenders/tender/19730670; https://investmoscow.ru/tenders/tender/19729515; https://investmoscow.ru/tenders/tender/19730591,"20.0%, 0.0%, 0.0%, 0.0%, 0.0%"
https://investmoscow.ru/tenders/tender/20001427,3.1,678000.0,САО,2,0.4871908765894955,0.0,https://investmoscow.ru/tenders/tender/19729750; https://investmoscow.ru/tenders/tender/19729767; https://investmoscow.ru/tenders/tender/19730670; https://investmoscow.ru/tenders/tender/19729515; https://investmoscow.ru/tenders/tender/19730591,"20.0%, 0.0%, 0.0%, 0.0%, 0.0%"
https://investmoscow.ru/tenders/tender/20003412,3.1,678000.0,САО,2,3.0761481306865894,0.0,https://investmoscow.ru/tenders/tender/19729750; https://investmoscow.ru/tenders/tender/19729767; https://investmoscow.ru/tenders/tender/19730670; https://investmoscow.ru/tenders/tender/20003412; https://investmoscow.ru/tenders/tender/20003456,"20.0%, 0.0%, 0.0%, 0.0%, 0.0%"
https://investmoscow.ru/tenders/tender/20003389,3.1,678000.0,САО,2,3.0761481306865894,0.0,https://investmoscow.ru/tenders/tender/19729750; https://investmoscow.ru/tenders/tender/19729767; https://investmoscow.ru/tenders/tender/19730670; https://investmoscow.ru/tenders/tender/20003412; https://investmoscow.ru/tenders/tender/20003456,"20.0%, 0.0%, 0.0%, 0.0%, 0.0%"
https://investmoscow.ru/tenders/tender/20001553,3.0,661000.0,САО,2,0.4764514733813698,0.0,https://investmoscow.ru/tenders/tender/19729750; https://investmoscow.ru/tenders/tender/19729767; https://investmoscow.ru/tenders/tender/19730670; https://investmoscow.ru/tenders/tender/19729515; https://investmoscow.ru/tenders/tender/19730591,"20.0%, 0.0%, 0.0%, 0.0%, 0.0%"
https://investmoscow.ru/tenders/tender/20003456,3.1,678000.0,САО,2,3.0761481306865894,0.0,https://investmoscow.ru/tenders/tender/19729750; https://investmoscow.ru/tenders/tender/19729767; https://investmoscow.ru/tenders/tender/19730670; https://investmoscow.ru/tenders/tender/20003412; https://investmoscow.ru/tenders/tender/20003456,"20.0%, 0.0%, 0.0%, 0.0%, 0.0%"
https://investmoscow.ru/tenders/tender/20002220,3.0,661000.0,САО,2,3.065548336013494,0.0,https://investmoscow.ru/tenders/tender/19729750; https://investmoscow.ru/tenders/tender/19729767; https://investmoscow.ru/tenders/tender/20003134; https://investmoscow.ru/tenders/tender/20003030; https://investmoscow.ru/tenders/tender/20002220,"20.0%, 0.0%, 0.0%, 0.0%, 0.0%"
https://investmoscow.ru/tenders/tender/20003379,6.6,1194000.0,САО,2,4.728126566828438,0.0,https://investmoscow.ru/tenders/tender/19729750; https://investmoscow.ru/tenders/tender/19729767; https://investmoscow.ru/tenders/tender/19730670; https://investmoscow.ru/tenders/tender/19729515; https://investmoscow.ru/tenders/tender/19730591,"20.0%, 0.0%, 0.0%, 0.0%, 0.0%"
https://investmoscow.ru/tenders/tender/20003149,3.2,694000.0,САО,2,3.07471519941825,0.0,https://investmoscow.ru/tenders/tender/19729750; https://investmoscow.ru/tenders/tender/19729767; https://investmoscow.ru/tenders/tender/19730670; https://investmoscow.ru/tenders/tender/20002617; https://investmoscow.ru/tenders/tender/20003149,"20.0%, 0.0%, 0.0%, 0.0%, 0.0%"
https://investmoscow.ru/tenders/tender/20002926,2.8,628000.0,САО,2,2.5546545137919985,0.0,https://investmoscow.ru/tenders/tender/19729750; https://investmoscow.ru/tenders/tender/19729767; https://investmoscow.ru/tenders/tender/20002926; https://investmoscow.ru/tenders/tender/20001915; https://investmoscow.ru/tenders/tender/20001973,"20.0%, 0.0%, 0.0%, 0.0%, 0.0%"
https://investmoscow.ru/tenders/tender/20001894,2.7,611000.0,САО,2,2.3060935379789376,0.0,https://investmoscow.ru/tenders/tender/19729750; https://investmoscow.ru/tenders/tender/19729767; https://investmoscow.ru/tenders/tender/20001894; https://investmoscow.ru/tenders/tender/20001915; https://investmoscow.ru/tenders/tender/20001973,"20.0%, 0.0%, 0.0%, 0.0%, 0.0%"
https://investmoscow.ru/tenders/tender/20001854,2.7,611000.0,САО,2,2.3060935379789376,0.0,https://investmoscow.ru/tenders/tender/19729750; https://investmoscow.ru/tenders/tender/19729767; https://investmoscow.ru/tenders/tender/20001894; https://investmoscow.ru/tenders/tender/20001915; https://investmoscow.ru/tenders/tender/20001973,"20.0%, 0.0%, 0.0%, 0.0%, 0.0%"
https://investmoscow.ru/tenders/tender/20001548,3.1,678000.0,САО,2,0.4871908765894955,0.0,https://investmoscow.ru/tenders/tender/19729750; https://investmoscow.ru/tenders/tender/19729767; https://investmoscow.ru/tenders/tender/19730670; https://investmoscow.ru/tenders/tender/19729515; https://investmoscow.ru/tenders/tender/19730591,"20.0%, 0.0%, 0.0%, 0.0%, 0.0%"
https://investmoscow.ru/tenders/tender/20001757,3.2,694000.0,САО,2,0.4853476221883393,0.0,https://investmoscow.ru/tenders/tender/19729750; https://investmoscow.ru/tenders/tender/19729767; https://investmoscow.ru/tenders/tender/19730670; https://investmoscow.ru/tenders/tender/19729515; https://investmoscow.ru/tenders/tender/19730591,"20.0%, 0.0%, 0.0%, 0.0%, 0.0%"
https://investmoscow.ru/tenders/tender/20001515,3.1,678000.0,САО,2,0.4871908765894955,0.0,https://investmoscow.ru/tenders/tender/19729750; https://investmoscow.ru/tenders/tender/19729767; https://investmoscow.ru/tenders/tender/19730670; https://investmoscow.ru/tenders/tender/19729515; https://investmoscow.ru/tenders/tender/19730591,"20.0%, 0.0%, 0.0%, 0.0%, 0.0%"
https://investmoscow.ru/tenders/tender/19997858,3.6,758000.0,САО,2,1.077602417315032,0.0,https://investmoscow.ru/tenders/tender/19729750; https://investmoscow.ru/tenders/tender/19729767; https://investmoscow.ru/tenders/tender/19730670; https://investmoscow.ru/tenders/tender/19729515; https://investmoscow.ru/tenders/tender/19730591,"20.0%, 0.0%, 0.0%, 0.0%, 0.0%"
https://investmoscow.ru/tenders/tender/20003030,3.0,661000.0,САО,2,3.065548336013494,0.0,https://investmoscow.ru/tenders/tender/19729750; https://investmoscow.ru/tenders/tender/19729767; https://investmoscow.ru/tenders/tender/20003134; https://investmoscow.ru/tenders/tender/20003030; https://investmoscow.ru/tenders/tender/20002220,"20.0%, 0.0%, 0.0%, 0.0%, 0.0%"
https://investmoscow.ru/tenders/tender/20001639,3.1,678000.0,САО,2,0.4871908765894955,0.0,https://investmoscow.ru/tenders/tender/19729750; https://investmoscow.ru/tenders/tender/19729767; https://investmoscow.ru/tenders/tender/19730670; https://investmoscow.ru/tenders/tender/19729515; https://investmoscow.ru/tenders/tender/19730591,"20.0%, 0.0%, 0.0%, 0.0%, 0.0%"
https://investmoscow.ru/tenders/tender/20003134,3.0,661000.0,САО,2,3.065548336013494,0.0,https://investmoscow.ru/tenders/tender/19729750; https://investmoscow.ru/tenders/tender/19729767; https://investmoscow.ru/tenders/tender/20003134; https://investmoscow.ru/tenders/tender/20003030; https://investmoscow.ru/tenders/tender/20002220,"20.0%, 0.0%, 0.0%, 0.0%, 0.0%"
https://investmoscow.ru/tenders/tender/19998282,3.8,790000.0,САО,2,0.8643109405354624,0.0,https://investmoscow.ru/tenders/tender/19729750; https://investmoscow.ru/tenders/tender/19729767; https://investmoscow.ru/tenders/tender/19730670; https://investmoscow.ru/tenders/tender/19729515; https://investmoscow.ru/tenders/tender/19730591,"20.0%, 0.0%, 0.0%, 0.0%, 0.0%"
https://investmoscow.ru/tenders/tender/20002966,3.0,661000.0,САО,2,3.065548336013494,0.0,https://investmoscow.ru/tenders/tender/19729750; https://investmoscow.ru/tenders/tender/19729767; https://investmoscow.ru/tenders/tender/20003134; https://investmoscow.ru/tenders/tender/20003030; https://investmoscow.ru/tenders/tender/20002220,"20.0%, 0.0%, 0.0%, 0.0%, 0.0%"
https://investmoscow.ru/tenders/tender/20001973,2.7,611000.0,САО,2,2.3060935379789376,0.0,https://investmoscow.ru/tenders/tender/19729750; https://investmoscow.ru/tenders/tender/19729767; https://investmoscow.ru/tenders/tender/20001894; https://investmoscow.ru/tenders/tender/20001915; https://investmoscow.ru/tenders/tender/20001973,"20.0%, 0.0%, 0.0%, 0.0%, 0.0%"
https://investmoscow.ru/tenders/tender/20001915,2.7,611000.0,САО,2,2.3060935379789376,0.0,https://investmoscow.ru/tenders/tender/19729750; https://investmoscow.ru/tenders/tender/19729767; https://investmoscow.ru/tenders/tender/20001894; https://investmoscow.ru/tenders/tender/20001915; https://investmoscow.ru/tenders/tender/20001973,"20.0%, 0.0%, 0.0%, 0.0%, 0.0%"
https://investmoscow.ru/tenders/tender/19998206,3.7,774000.0,САО,2,0.9184967157523999,0.0,https://investmoscow.ru/tenders/tender/19729750; https://investmoscow.ru/tenders/tender/19729767; https://investmoscow.ru/tenders/tender/19730670; https://investmoscow.ru/tenders/tender/19729515; https://investmoscow.ru/tenders/tender/19730591,"20.0%, 0.0%, 0.0%, 0.0%, 0.0%"
https://investmoscow.ru/tenders/tender/19997758,3.7,774000.0,САО,2,0.9184967157523999,0.0,https://investmoscow.ru/tenders/tender/19729750; https://investmoscow.ru/tenders/tender/19729767; https://investmoscow.ru/tenders/tender/19730670; https://investmoscow.ru/tenders/tender/19729515; https://investmoscow.ru/tenders/tender/19730591,"20.0%, 0.0%, 0.0%, 0.0%, 0.0%"
https://investmoscow.ru/tenders/tender/20001415,3.1,678000.0,САО,2,0.4871908765894955,0.0,https://investmoscow.ru/tenders/tender/19729750; https://investmoscow.ru/tenders/tender/19729767; https://investmoscow.ru/tenders/tender/19730670; https://investmoscow.ru/tenders/tender/19729515; https://investmoscow.ru/tenders/tender/19730591,"20.0%, 0.0%, 0.0%, 0.0%, 0.0%"
https://investmoscow.ru/tenders/tender/20000737,3.0,661000.0,САО,2,0.4764514733813698,0.0,https://investmoscow.ru/tenders/tender/19729750; https://investmoscow.ru/tenders/tender/19729767; https://investmoscow.ru/tenders/tender/19730670; https://investmoscow.ru/tenders/tender/19729515; https://investmoscow.ru/tenders/tender/19730591,"20.0%, 0.0%, 0.0%, 0.0%, 0.0%"
https://investmoscow.ru/tenders/tender/19999509,3.7,774000.0,САО,2,0.9184967157523999,0.0,https://investmoscow.ru/tenders/tender/19729750; https://investmoscow.ru/tenders/tender/19729767; https://investmoscow.ru/tenders/tender/19730670; https://investmoscow.ru/tenders/tender/19729515; https://investmoscow.ru/tenders/tender/19730591,"20.0%, 0.0%, 0.0%, 0.0%, 0.0%"
https://investmoscow.ru/tenders/tender/20001532,3.0,661000.0,САО,2,0.4764514733813698,0.0,https://investmoscow.ru/tenders/tender/19729750; https://investmoscow.ru/tenders/tender/19729767; https://investmoscow.ru/tenders/tender/19730670; https://investmoscow.ru/tenders/tender/19729515; https://investmoscow.ru/tenders/tender/19730591,"20.0%, 0.0%, 0.0%, 0.0%, 0.0%"
https://investmoscow.ru/tenders/tender/20000822,2.8,628000.0,САО,2,0.0022417842950209496,0.0,https://investmoscow.ru/tenders/tender/19729750; https://investmoscow.ru/tenders/tender/19729767; https://investmoscow.ru/tenders/tender/19730670; https://investmoscow.ru/tenders/tender/19729515; https://investmoscow.ru/tenders/tender/20000822,"20.0%, 0.0%, 0.0%, 0.0%, 0.0%"
https://investmoscow.ru/tenders/tender/19998260,3.6,758000.0,САО,2,1.077602417315032,0.0,https://investmoscow.ru/tenders/tender/19729750; https://investmoscow.ru/tenders/tender/19729767; https://investmoscow.ru/tenders/tender/19730670; https://investmoscow.ru/tenders/tender/19729515; https://investmoscow.ru/tenders/tender/19730591,"20.0%, 0.0%, 0.0%, 0.0%, 0.0%"
https://investmoscow.ru/tenders/tender/19997694,3.9,805000.0,САО,2,1.0373510992686594,0.0,https://investmoscow.ru/tenders/tender/19729750; https://investmoscow.ru/tenders/tender/19729767; https://investmoscow.ru/tenders/tender/19730670; https://investmoscow.ru/tenders/tender/19729515; https://investmoscow.ru/tenders/tender/19730591,"20.0%, 0.0%, 0.0%, 0.0%, 0.0%"
https://investmoscow.ru/tenders/tender/19997532,3.2,694000.0,САО,2,0.4853476221883393,0.0,https://investmoscow.ru/tenders/tender/19729750; https://investmoscow.ru/tenders/tender/19729767; https://investmoscow.ru/tenders/tender/19730670; https://investmoscow.ru/tenders/tender/19729515; https://investmoscow.ru/tenders/tender/19730591,"20.0%, 0.0%, 0.0%, 0.0%, 0.0%"
https://investmoscow.ru/tenders/tender/19997444,3.2,694000.0,САО,2,0.4853476221883393,0.0,https://investmoscow.ru/tenders/tender/19729750; https://investmoscow.ru/tenders/tender/19729767; https://investmoscow.ru/tenders/tender/19730670; https://investmoscow.ru/tenders/tender/19729515; https://investmoscow.ru/tenders/tender/19730591,"20.0%, 0.0%, 0.0%, 0.0%, 0.0%"
https://investmoscow.ru/tenders/tender/20001591,3.0,661000.0,САО,2,0.4764514733813698,0.0,https://investmoscow.ru/tenders/tender/19729750; https://investmoscow.ru/tenders/tender/19729767; https://investmoscow.ru/tenders/tender/19730670; https://investmoscow.ru/tenders/tender/19729515; https://investmoscow.ru/tenders/tender/19730591,"20.0%, 0.0%, 0.0%, 0.0%, 0.0%"
https://investmoscow.ru/tenders/tender/20000139,3.3,710000.0,САО,2,1.2847826794675932,0.0,https://investmoscow.ru/tenders/tender/19729750; https://investmoscow.ru/tenders/tender/19729767; https://investmoscow.ru/tenders/tender/19730670; https://investmoscow.ru/tenders/tender/19729515; https://investmoscow.ru/tenders/tender/19730591,"20.0%, 0.0%, 0.0%, 0.0%, 0.0%"
https://investmoscow.ru/tenders/tender/19999344,3.5,742000.0,САО,2,1.0326461075913298,0.0,https://investmoscow.ru/tenders/tender/19729750; https://investmoscow.ru/tenders/tender/19729767; https://investmoscow.ru/tenders/tender/19730670; https://investmoscow.ru/tenders/tender/19729515; https://investmoscow.ru/tenders/tender/19730591,"20.0%, 0.0%, 0.0%, 0.0%, 0.0%"
https://investmoscow.ru/tenders/tender/19997826,3.9,805000.0,САО,2,1.0373510992686594,0.0,https://investmoscow.ru/tenders/tender/19729750; https://investmoscow.ru/tenders/tender/19729767; https://investmoscow.ru/tenders/tender/19730670; https://investmoscow.ru/tenders/tender/19729515; https://investmoscow.ru/tenders/tender/19730591,"20.0%, 0.0%, 0.0%, 0.0%, 0.0%"
https://investmoscow.ru/tenders/tender/19997796,4.1,811000.0,САО,2,1.574930596840569,0.0,https://investmoscow.ru/tenders/tender/19729750; https://investmoscow.ru/tenders/tender/19729767; https://investmoscow.ru/tenders/tender/19730670; https://investmoscow.ru/tenders/tender/19729515; https://investmoscow.ru/tenders/tender/19730591,"20.0%, 0.0%, 0.0%, 0.0%, 0.0%"
https://investmoscow.ru/tenders/tender/19997691,3.2,694000.0,САО,2,0.4853476221883393,0.0,https://investmoscow.ru/tenders/tender/19729750; https://investmoscow.ru/tenders/tender/19729767; https://investmoscow.ru/tenders/tender/19730670; https://investmoscow.ru/tenders/tender/19729515; https://investmoscow.ru/tenders/tender/19730591,"20.0%, 0.0%, 0.0%, 0.0%, 0.0%"
https://investmoscow.ru/tenders/tender/19997552,3.2,694000.0,САО,2,0.4853476221883393,0.0,https://investmoscow.ru/tenders/tender/19729750; https://investmoscow.ru/tenders/tender/19729767; https://investmoscow.ru/tenders/tender/19730670; https://investmoscow.ru/tenders/tender/19729515; https://investmoscow.ru/tenders/tender/19730591,"20.0%, 0.0%, 0.0%, 0.0%, 0.0%"
https://investmoscow.ru/tenders/tender/20001516,3.2,694000.0,САО,2,0.4853476221883393,0.0,https://investmoscow.ru/tenders/tender/19729750; https://investmoscow.ru/tenders/tender/19729767; https://investmoscow.ru/tenders/tender/19730670; https://investmoscow.ru/tenders/tender/19729515; https://investmoscow.ru/tenders/tender/19730591,"20.0%, 0.0%, 0.0%, 0.0%, 0.0%"
https://investmoscow.ru/tenders/tender/20001077,3.1,678000.0,САО,2,0.4871908765894955,0.0,https://investmoscow.ru/tenders/tender/19729750; https://investmoscow.ru/tenders/tender/19729767; https://investmoscow.ru/tenders/tender/19730670; https://investmoscow.ru/tenders/tender/19729515; https://investmoscow.ru/tenders/tender/19730591,"20.0%, 0.0%, 0.0%, 0.0%, 0.0%"
https://investmoscow.ru/tenders/tender/19995781,3.4,763000.0,САО,1,1.6006970730661694,15.0,https://investmoscow.ru/tenders/tender/19775671; https://investmoscow.ru/tenders/tender/19762189; https://investmoscow.ru/tenders/tender/19789254; https://investmoscow.ru/tenders/tender/19781909; https://investmoscow.ru/tenders/tender/19823015,"100.0%, 0.0%, 15.0%, 70.0%, 0.0%"
https://investmoscow.ru/tenders/tender/19995767,4.3,910000.0,САО,1,3.080698263957319,15.0,https://investmoscow.ru/tenders/tender/19775671; https://investmoscow.ru/tenders/tender/19789254; https://investmoscow.ru/tenders/tender/19762189; https://investmoscow.ru/tenders/tender/19781909; https://investmoscow.ru/tenders/tender/19823015,"100.0%, 15.0%, 0.0%, 70.0%, 0.0%"
https://investmoscow.ru/tenders/tender/19995490,2.8,659000.0,САО,1,0.12967855647147639,15.0,https://investmoscow.ru/tenders/tender/19775671; https://investmoscow.ru/tenders/tender/19762189; https://investmoscow.ru/tenders/tender/19789254; https://investmoscow.ru/tenders/tender/19781909; https://investmoscow.ru/tenders/tender/19795766,"100.0%, 0.0%, 15.0%, 70.0%, 0.0%"
https://investmoscow.ru/tenders/tender/19984786,4.6,957000.0,САО,1,5.223608789421226,15.0,https://investmoscow.ru/tenders/tender/19775671; https://investmoscow.ru/tenders/tender/19789254; https://investmoscow.ru/tenders/tender/19762189; https://investmoscow.ru/tenders/tender/19781909; https://investmoscow.ru/tenders/tender/19823015,"100.0%, 15.0%, 0.0%, 70.0%, 0.0%"
https://investmoscow.ru/tenders/tender/19979359,3.2,729000.0,САО,1,1.5572865791075672,15.0,https://investmoscow.ru/tenders/tender/19775671; https://investmoscow.ru/tenders/tender/19762189; https://investmoscow.ru/tenders/tender/19789254; https://investmoscow.ru/tenders/tender/19781909; https://investmoscow.ru/tenders/tender/19823015,"100.0%, 0.0%, 15.0%, 70.0%, 0.0%"
https://investmoscow.ru/tenders/tender/19984541,4.6,957000.0,САО,1,5.223608789421226,15.0,https://investmoscow.ru/tenders/tender/19775671; https://investmoscow.ru/tenders/tender/19789254; https://investmoscow.ru/tenders/tender/19762189; https://investmoscow.ru/tenders/tender/19781909; https://investmoscow.ru/tenders/tender/19823015,"100.0%, 15.0%, 0.0%, 70.0%, 0.0%"
https://investmoscow.ru/tenders/tender/19995732,4.8,988000.0,САО,1,6.030510707602728,15.0,https://investmoscow.ru/tenders/tender/19775671; https://investmoscow.ru/tenders/tender/19789254; https://investmoscow.ru/tenders/tender/19762189; https://investmoscow.ru/tenders/tender/19781909; https://investmoscow.ru/tenders/tender/19823015,"100.0%, 15.0%, 0.0%, 70.0%, 0.0%"
https://investmoscow.ru/tenders/tender/19995678,2.0,512000.0,САО,1,3.284767756825921,15.0,https://investmoscow.ru/tenders/tender/19762189; https://investmoscow.ru/tenders/tender/19775671; https://investmoscow.ru/tenders/tender/19789254; https://investmoscow.ru/tenders/tender/19781909; https://investmoscow.ru/tenders/tender/19978827,"0.0%, 100.0%, 15.0%, 70.0%, 0.0%"
https://investmoscow.ru/tenders/tender/19979308,3.9,846000.0,САО,1,2.8047127714367943,15.0,https://investmoscow.ru/tenders/tender/19775671; https://investmoscow.ru/tenders/tender/19789254; https://investmoscow.ru/tenders/tender/19762189; https://investmoscow.ru/tenders/tender/19781909; https://investmoscow.ru/tenders/tender/19823015,"100.0%, 15.0%, 0.0%, 70.0%, 0.0%"
https://investmoscow.ru/tenders/tender/19979242,3.3,746000.0,САО,1,1.6781909784018827,15.0,https://investmoscow.ru/tenders/tender/19775671; https://investmoscow.ru/tenders/tender/19762189; https://investmoscow.ru/tenders/tender/19789254; https://investmoscow.ru/tenders/tender/19781909; https://investmoscow.ru/tenders/tender/19823015,"100.0%, 0.0%, 15.0%, 70.0%, 0.0%"
https://investmoscow.ru/tenders/tender/19979213,4.0,862000.0,САО,1,3.2144487242883417,15.0,https://investmoscow.ru/tenders/tender/19775671; https://investmoscow.ru/tenders/tender/19789254; https://investmoscow.ru/tenders/tender/19762189; https://investmoscow.ru/tenders/tender/19781909; https://investmoscow.ru/tenders/tender/19823015,"100.0%, 15.0%, 0.0%, 70.0%, 0.0%"
https://investmoscow.ru/tenders/tender/19985504,2.8,659000.0,САО,1,0.12967855647147639,15.0,https://investmoscow.ru/tenders/tender/19775671; https://investmoscow.ru/tenders/tender/19762189; https://investmoscow.ru/tenders/tender/19789254; https://investmoscow.ru/tenders/tender/19781909; https://investmoscow.ru/tenders/tender/19795766,"100.0%, 0.0%, 15.0%, 70.0%, 0.0%"
https://investmoscow.ru/tenders/tender/19979412,3.0,694000.0,САО,1,1.2855239336764122,15.0,https://investmoscow.ru/tenders/tender/19775671; https://investmoscow.ru/tenders/tender/19762189; https://investmoscow.ru/tenders/tender/19789254; https://investmoscow.ru/tenders/tender/19781909; https://investmoscow.ru/tenders/tender/19795766,"100.0%, 0.0%, 15.0%, 70.0%, 0.0%"
https://investmoscow.ru/tenders/tender/19978827,2.0,512000.0,САО,1,3.284767756825921,15.0,https://investmoscow.ru/tenders/tender/19762189; https://investmoscow.ru/tenders/tender/19775671; https://investmoscow.ru/tenders/tender/19789254; https://investmoscow.ru/tenders/tender/19781909; https://investmoscow.ru/tenders/tender/19978827,"0.0%, 100.0%, 15.0%, 70.0%, 0.0%"
https://investmoscow.ru/tenders/tender/19979423,3.0,694000.0,САО,1,1.2855239336764122,15.0,https://investmoscow.ru/tenders/tender/19775671; https://investmoscow.ru/tenders/tender/19762189; https://investmoscow.ru/tenders/tender/19789254; https://investmoscow.ru/tenders/tender/19781909; https://investmoscow.ru/tenders/tender/19795766,"100.0%, 0.0%, 15.0%, 70.0%, 0.0%"
https://investmoscow.ru/tenders/tender/19979406,3.2,729000.0,САО,1,1.5572865791075672,15.0,https://investmoscow.ru/tenders/tender/19775671; https://investmoscow.ru/tenders/tender/19762189; https://investmoscow.ru/tenders/tender/19789254; https://investmoscow.ru/tenders/tender/19781909; https://investmoscow.ru/tenders/tender/19823015,"100.0%, 0.0%, 15.0%, 70.0%, 0.0%"
https://investmoscow.ru/tenders/tender/19979176,3.5,780000.0,САО,1,2.1197432362362623,15.0,https://investmoscow.ru/tenders/tender/19775671; https://investmoscow.ru/tenders/tender/19762189; https://investmoscow.ru/tenders/tender/19789254; https://investmoscow.ru/tenders/tender/19781909; https://investmoscow.ru/tenders/tender/19823015,"100.0%, 0.0%, 15.0%, 70.0%, 0.0%"
https://investmoscow.ru/tenders/tender/19979007,3.9,846000.0,САО,1,2.8047127714367943,15.0,https://investmoscow.ru/tenders/tender/19775671; https://investmoscow.ru/tenders/tender/19789254; https://investmoscow.ru/tenders/tender/19762189; https://investmoscow.ru/tenders/tender/19781909; https://investmoscow.ru/tenders/tender/19823015,"100.0%, 15.0%, 0.0%, 70.0%, 0.0%"
https://investmoscow.ru/tenders/tender/19985329,4.1,878000.0,САО,1,3.972782781589469,15.0,https://investmoscow.ru/tenders/tender/19775671; https://investmoscow.ru/tenders/tender/19789254; https://investmoscow.ru/tenders/tender/19762189; https://investmoscow.ru/tenders/tender/19781909; https://investmoscow.ru/tenders/tender/19823015,"100.0%, 15.0%, 0.0%, 70.0%, 0.0%"
https://investmoscow.ru/tenders/tender/19984241,3.4,763000.0,САО,1,1.6006970730661694,15.0,https://investmoscow.ru/tenders/tender/19775671; https://investmoscow.ru/tenders/tender/19762189; https://investmoscow.ru/tenders/tender/19789254; https://investmoscow.ru/tenders/tender/19781909; https://investmoscow.ru/tenders/tender/19823015,"100.0%, 0.0%, 15.0%, 70.0%, 0.0%"
https://investmoscow.ru/tenders/tender/19995002,3.3,746000.0,САО,1,1.6781909784018827,15.0,https://investmoscow.ru/tenders/tender/19775671; https://investmoscow.ru/tenders/tender/19762189; https://investmoscow.ru/tenders/tender/19789254; https://investmoscow.ru/tenders/tender/19781909; https://investmoscow.ru/tenders/tender/19823015,"100.0%, 0.0%, 15.0%, 70.0%, 0.0%"
https://investmoscow.ru/tenders/tender/19993501,3.1,712000.0,САО,1,1.777483363965006,15.0,https://investmoscow.ru/tenders/tender/19775671; https://investmoscow.ru/tenders/tender/19762189; https://investmoscow.ru/tenders/tender/19789254; https://investmoscow.ru/tenders/tender/19781909; https://investmoscow.ru/tenders/tender/19823015,"100.0%, 0.0%, 15.0%, 70.0%, 0.0%"
https://investmoscow.ru/tenders/tender/19993437,3.2,729000.0,САО,1,1.5572865791075672,15.0,https://investmoscow.ru/tenders/tender/19775671; https://investmoscow.ru/tenders/tender/19762189; https://investmoscow.ru/tenders/tender/19789254; https://investmoscow.ru/tenders/tender/19781909; https://investmoscow.ru/tenders/tender/19823015,"100.0%, 0.0%, 15.0%, 70.0%, 0.0%"
https://investmoscow.ru/tenders/tender/19995957,3.1,712000.0,САО,1,1.777483363965006,15.0,https://investmoscow.ru/tenders/tender/19775671; https://investmoscow.ru/tenders/tender/19762189; https://investmoscow.ru/tenders/tender/19789254; https://investmoscow.ru/tenders/tender/19781909; https://investmoscow.ru/tenders/tender/19823015,"100.0%, 0.0%, 15.0%, 70.0%, 0.0%"
https://investmoscow.ru/tenders/tender/19993714,4.2,893000.0,САО,1,3.1124145302677704,15.0,https://investmoscow.ru/tenders/tender/19775671; https://investmoscow.ru/tenders/tender/19789254; https://investmoscow.ru/tenders/tender/19762189; https://investmoscow.ru/tenders/tender/19781909; https://investmoscow.ru/tenders/tender/19823015,"100.0%, 15.0%, 0.0%, 70.0%, 0.0%"
https://investmoscow.ru/tenders/tender/19996746,4.3,910000.0,САО,1,3.080698263957319,15.0,https://investmoscow.ru/tenders/tender/19775671; https://investmoscow.ru/tenders/tender/19789254; https://investmoscow.ru/tenders/tender/19762189; https://investmoscow.ru/tenders/tender/19781909; https://investmoscow.ru/tenders/tender/19823015,"100.0%, 15.0%, 0.0%, 70.0%, 0.0%"
https://investmoscow.ru/tenders/tender/19996722,4.3,910000.0,САО,1,3.080698263957319,15.0,https://investmoscow.ru/tenders/tender/19775671; https://investmoscow.ru/tenders/tender/19789254; https://investmoscow.ru/tenders/tender/19762189; https://investmoscow.ru/tenders/tender/19781909; https://investmoscow.ru/tenders/tender/19823015,"100.0%, 15.0%, 0.0%, 70.0%, 0.0%"
https://investmoscow.ru/tenders/tender/19995230,3.5,780000.0,САО,1,2.1197432362362623,15.0,https://investmoscow.ru/tenders/tender/19775671; https://investmoscow.ru/tenders/tender/19762189; https://investmoscow.ru/tenders/tender/19789254; https://investmoscow.ru/tenders/tender/19781909; https://investmoscow.ru/tenders/tender/19823015,"100.0%, 0.0%, 15.0%, 70.0%, 0.0%"
https://investmoscow.ru/tenders/tender/19993537,3.3,746000.0,САО,1,1.6781909784018827,15.0,https://investmoscow.ru/tenders/tender/19775671; https://investmoscow.ru/tenders/tender/19762189; https://investmoscow.ru/tenders/tender/19789254; https://investmoscow.ru/tenders/tender/19781909; https://investmoscow.ru/tenders/tender/19823015,"100.0%, 0.0%, 15.0%, 70.0%, 0.0%"
https://investmoscow.ru/tenders/tender/19996680,3.7,812000.0,САО,basement,1.1124575467391185,0.0,https://investmoscow.ru/tenders/tender/19833356; https://investmoscow.ru/tenders/tender/19778262; https://investmoscow.ru/tenders/tender/19996680; https://investmoscow.ru/tenders/tender/19801478; https://investmoscow.ru/tenders/tender/19797633,"0.0%, 45.0%, 0.0%, 0.0%, 55.0%"
https://investmoscow.ru/tenders/tender/19995108,3.2,729000.0,САО,1,1.5572865791075672,15.0,https://investmoscow.ru/tenders/tender/19775671; https://investmoscow.ru/tenders/tender/19762189; https://investmoscow.ru/tenders/tender/19789254; https://investmoscow.ru/tenders/tender/19781909; https://investmoscow.ru/tenders/tender/19823015,"100.0%, 0.0%, 15.0%, 70.0%, 0.0%"
https://investmoscow.ru/tenders/tender/19993618,4.4,925000.0,САО,1,3.1440856218728097,15.0,https://investmoscow.ru/tenders/tender/19775671; https://investmoscow.ru/tenders/tender/19789254; https://investmoscow.ru/tenders/tender/19762189; https://investmoscow.ru/tenders/tender/19781909; https://investmoscow.ru/tenders/tender/19823015,"100.0%, 15.0%, 0.0%, 70.0%, 0.0%"
https://investmoscow.ru/tenders/tender/19997381,3.0,694000.0,САО,1,1.2855239336764122,15.0,https://investmoscow.ru/tenders/tender/19775671; https://investmoscow.ru/tenders/tender/19762189; https://investmoscow.ru/tenders/tender/19789254; https://investmoscow.ru/tenders/tender/19781909; https://investmoscow.ru/tenders/tender/19795766,"100.0%, 0.0%, 15.0%, 70.0%, 0.0%"
https://investmoscow.ru/tenders/tender/19997349,3.4,763000.0,САО,1,1.6006970730661694,15.0,https://investmoscow.ru/tenders/tender/19775671; https://investmoscow.ru/tenders/tender/19762189; https://investmoscow.ru/tenders/tender/19789254; https://investmoscow.ru/tenders/tender/19781909; https://investmoscow.ru/tenders/tender/19823015,"100.0%, 0.0%, 15.0%, 70.0%, 0.0%"
https://investmoscow.ru/tenders/tender/19996972,3.0,694000.0,САО,1,1.2855239336764122,15.0,https://investmoscow.ru/tenders/tender/19775671; https://investmoscow.ru/tenders/tender/19762189; https://investmoscow.ru/tenders/tender/19789254; https://investmoscow.ru/tenders/tender/19781909; https://investmoscow.ru/tenders/tender/19795766,"100.0%, 0.0%, 15.0%, 70.0%, 0.0%"
https://investmoscow.ru/tenders/tender/19995644,4.3,910000.0,САО,1,3.080698263957319,15.0,https://investmoscow.ru/tenders/tender/19775671; https://investmoscow.ru/tenders/tender/19789254; https://investmoscow.ru/tenders/tender/19762189; https://investmoscow.ru/tenders/tender/19781909; https://investmoscow.ru/tenders/tender/19823015,"100.0%, 15.0%, 0.0%, 70.0%, 0.0%"
https://investmoscow.ru/tenders/tender/19993827,3.5,780000.0,САО,1,2.1197432362362623,15.0,https://investmoscow.ru/tenders/tender/19775671; https://investmoscow.ru/tenders/tender/19762189; https://investmoscow.ru/tenders/tender/19789254; https://investmoscow.ru/tenders/tender/19781909; https://investmoscow.ru/tenders/tender/19823015,"100.0%, 0.0%, 15.0%, 70.0%, 0.0%"
https://investmoscow.ru/tenders/tender/19992401,3.9,846000.0,САО,1,2.8047127714367943,15.0,https://investmoscow.ru/tenders/tender/19775671; https://investmoscow.ru/tenders/tender/19789254; https://investmoscow.ru/tenders/tender/19762189; https://investmoscow.ru/tenders/tender/19781909; https://investmoscow.ru/tenders/tender/19823015,"100.0%, 15.0%, 0.0%, 70.0%, 0.0%"
https://investmoscow.ru/tenders/tender/19995607,4.3,910000.0,САО,1,3.080698263957319,15.0,https://investmoscow.ru/tenders/tender/19775671; https://investmoscow.ru/tenders/tender/19789254; https://investmoscow.ru/tenders/tender/19762189; https://investmoscow.ru/tenders/tender/19781909; https://investmoscow.ru/tenders/tender/19823015,"100.0%, 15.0%, 0.0%, 70.0%, 0.0%"
https://investmoscow.ru/tenders/tender/19992524,4.1,878000.0,САО,1,3.972782781589469,15.0,https://investmoscow.ru/tenders/tender/19775671; https://investmoscow.ru/tenders/tender/19789254; https://investmoscow.ru/tenders/tender/19762189; https://investmoscow.ru/tenders/tender/19781909; https://investmoscow.ru/tenders/tender/19823015,"100.0%, 15.0%, 0.0%, 70.0%, 0.0%"
https://investmoscow.ru/tenders/tender/19992379,4.6,957000.0,САО,1,5.223608789421226,15.0,https://investmoscow.ru/tenders/tender/19775671; https://investmoscow.ru/tenders/tender/19789254; https://investmoscow.ru/tenders/tender/19762189; https://investmoscow.ru/tenders/tender/19781909; https://investmoscow.ru/tenders/tender/19823015,"100.0%, 15.0%, 0.0%, 70.0%, 0.0%"
https://investmoscow.ru/tenders/tender/19995437,7.4,1367000.0,САО,1,11.059076784074385,70.0,https://investmoscow.ru/tenders/tender/19775671; https://investmoscow.ru/tenders/tender/19789254; https://investmoscow.ru/tenders/tender/19762189; https://investmoscow.ru/tenders/tender/19866048; https://investmoscow.ru/tenders/tender/19726568,"100.0%, 15.0%, 0.0%, 70.0%, 90.0%"
https://investmoscow.ru/tenders/tender/19993628,3.6,796000.0,САО,1,2.64092311817718,15.0,https://investmoscow.ru/tenders/tender/19775671; https://investmoscow.ru/tenders/tender/19762189; https://investmoscow.ru/tenders/tender/19789254; https://investmoscow.ru/tenders/tender/19781909; https://investmoscow.ru/tenders/tender/19823015,"100.0%, 0.0%, 15.0%, 70.0%, 0.0%"
https://investmoscow.ru/tenders/tender/19993516,3.9,846000.0,САО,1,2.8047127714367943,15.0,https://investmoscow.ru/tenders/tender/19775671; https://investmoscow.ru/tenders/tender/19789254; https://investmoscow.ru/tenders/tender/19762189; https://investmoscow.ru/tenders/tender/19781909; https://investmoscow.ru/tenders/tender/19823015,"100.0%, 15.0%, 0.0%, 70.0%, 0.0%"
https://investmoscow.ru/tenders/tender/19988358,71.3,20103000.0,САО,1,30.842959995512487,0.0,https://investmoscow.ru/tenders/tender/19746742; https://investmoscow.ru/tenders/tender/19848143; https://investmoscow.ru/tenders/tender/19811455; https://investmoscow.ru/tenders/tender/19897627; https://investmoscow.ru/tenders/tender/19783200,"25.0%, 0.0%, 0.0%, 0.0%, 0.0%"
https://investmoscow.ru/tenders/tender/19988316,117.7,29463000.0,САО,1,10.898110195563977,3.5,https://investmoscow.ru/tenders/tender/19851368; https://investmoscow.ru/tenders/tender/19746741; https://investmoscow.ru/tenders/tender/19746742; https://investmoscow.ru/tenders/tender/19851317; https://investmoscow.ru/tenders/tender/19851468,"3.5%, 34.5%, 25.0%, 1.0%, 3.0%"
https://investmoscow.ru/tenders/tender/19988679,87.9,24783000.0,САО,1,30.733903173256373,0.0,https://investmoscow.ru/tenders/tender/19746742; https://investmoscow.ru/tenders/tender/19746927; https://investmoscow.ru/tenders/tender/19746745; https://investmoscow.ru/tenders/tender/19811455; https://investmoscow.ru/tenders/tender/19848143,"25.0%, 69.0%, 0.0%, 0.0%, 0.0%"
https://investmoscow.ru/tenders/tender/19988653,106.0,26534000.0,САО,1,15.84014052313075,25.0,https://investmoscow.ru/tenders/tender/19746742; https://investmoscow.ru/tenders/tender/19746741; https://investmoscow.ru/tenders/tender/19851368; https://investmoscow.ru/tenders/tender/19851317; https://investmoscow.ru/tenders/tender/19746927,"25.0%, 34.5%, 3.5%, 1.0%, 69.0%"
https://investmoscow.ru/tenders/tender/19990340,82.4,23233000.0,САО,1,31.291910721801987,0.0,https://investmoscow.ru/tenders/tender/19746742; https://investmoscow.ru/tenders/tender/19811455; https://investmoscow.ru/tenders/tender/19848143; https://investmoscow.ru/tenders/tender/19897627; https://investmoscow.ru/tenders/tender/19746927,"25.0%, 0.0%, 0.0%, 0.0%, 69.0%"
https://investmoscow.ru/tenders/tender/19988696,80.9,22810000.0,САО,1,31.177314967500113,0.0,https://investmoscow.ru/tenders/tender/19746742; https://investmoscow.ru/tenders/tender/19811455; https://investmoscow.ru/tenders/tender/19848143; https://investmoscow.ru/tenders/tender/19897627; https://investmoscow.ru/tenders/tender/19746745,"25.0%, 0.0%, 0.0%, 0.0%, 0.0%"
https://investmoscow.ru/tenders/tender/19988535,144.5,36171000.0,САО,1,7.11456791209913,1.0,https://investmoscow.ru/tenders/tender/19851368; https://investmoscow.ru/tenders/tender/19749233; https://investmoscow.ru/tenders/tender/19504695; https://investmoscow.ru/tenders/tender/19536699; https://investmoscow.ru/tenders/tender/19851317,"3.5%, 23.5%, 0.0%, 0.0%, 1.0%"
https://investmoscow.ru/tenders/tender/19999323,152.5,28040000.0,ЮЗАО,basement,1.1075007842588247,0.0,https://investmoscow.ru/tenders/tender/19746292; https://investmoscow.ru/tenders/tender/19780058; https://investmoscow.ru/tenders/tender/19740370; https://investmoscow.ru/tenders/tender/19859569; https://investmoscow.ru/tenders/tender/19823228,"0.0%, 0.0%, 0.0%, 0.0%, 0.0%"
https://investmoscow.ru/tenders/tender/20000600,107.3,7663000.0,ВАО,basement,-1.08343838523307,0.0,https://investmoscow.ru/tenders/tender/19729877; https://investmoscow.ru/tenders/tender/19768163; https://investmoscow.ru/tenders/tender/19885236; https://investmoscow.ru/tenders/tender/19733619; https://investmoscow.ru/tenders/tender/19787246,"0.0%, 12.5%, 0.0%, 0.0%, -10.0%"
https://investmoscow.ru/tenders/tender/19999559,83.0,10742000.0,Unknown,basement,5.222120786961933,5.0,https://investmoscow.ru/tenders/tender/19885117; https://investmoscow.ru/tenders/tender/19761522; https://investmoscow.ru/tenders/tender/19856456; https://investmoscow.ru/tenders/tender/19792321; https://investmoscow.ru/tenders/tender/19755375,"50.0%, 5.0%, 25.0%, 0.0%, 0.0%"
https://investmoscow.ru/tenders/tender/20000125,327.5,67073500.0,Unknown,basement,1.1218439504305049,0.0,https://investmoscow.ru/tenders/tender/19816143; https://investmoscow.ru/tenders/tender/19859299; https://investmoscow.ru/tenders/tender/19765362; https://investmoscow.ru/tenders/tender/19753326; https://investmoscow.ru/tenders/tender/19777453,"0.0%, 0.0%, 0.0%, 50.0%, 0.0%"
https://investmoscow.ru/tenders/tender/19996483,274.6,75665000.0,ЦАО,1,-0.7057107622335098,4.5,https://investmoscow.ru/tenders/tender/19736847; https://investmoscow.ru/tenders/tender/19888223; https://investmoscow.ru/tenders/tender/19781875; https://investmoscow.ru/tenders/tender/19753355; https://investmoscow.ru/tenders/tender/19753472,"0.0%, 0.0%, 65.0%, 4.5%, 20.0%"
https://investmoscow.ru/tenders/tender/19996479,470.0,124252000.0,ЦАО,1,-0.32886306423702066,0.0,https://investmoscow.ru/tenders/tender/19888223; https://investmoscow.ru/tenders/tender/19736847; https://investmoscow.ru/tenders/tender/19996479; https://investmoscow.ru/tenders/tender/19536763; https://investmoscow.ru/tenders/tender/19753472,"0.0%, 0.0%, 0.0%, 0.0%, 20.0%"
https://investmoscow.ru/tenders/tender/19996485,650.1,157636000.0,ЦАО,1,0.5636683505122729,0.0,https://investmoscow.ru/tenders/tender/19888223; https://investmoscow.ru/tenders/tender/19996485; https://investmoscow.ru/tenders/tender/19996479; https://investmoscow.ru/tenders/tender/19736847; https://investmoscow.ru/tenders/tender/19742802,"0.0%, 0.0%, 0.0%, 0.0%, 0.0%"
https://investmoscow.ru/tenders/tender/19996488,64.7,20950000.0,ЗАО,1,1.774550362674702,0.0,https://investmoscow.ru/tenders/tender/19908933; https://investmoscow.ru/tenders/tender/19908899; https://investmoscow.ru/tenders/tender/19908838; https://investmoscow.ru/tenders/tender/19908879; https://investmoscow.ru/tenders/tender/19876863,"0.0%, 9.0%, 0.0%, 0.0%, 0.0%"
https://investmoscow.ru/tenders/tender/19996101,124.2,30491000.0,САО,1,0.5752460050144746,20.0,https://investmoscow.ru/tenders/tender/19917846; https://investmoscow.ru/tenders/tender/19778574; https://investmoscow.ru/tenders/tender/19724041; https://investmoscow.ru/tenders/tender/19790704; https://investmoscow.ru/tenders/tender/19792289,"50.0%, 0.0%, 0.0%, 115.0%, 20.0%"
https://investmoscow.ru/tenders/tender/19996136,155.8,56295000.0,ЗАО,1,-1.2402027969853537,5.0,https://investmoscow.ru/tenders/tender/19606710; https://investmoscow.ru/tenders/tender/19726556; https://investmoscow.ru/tenders/tender/19726606; https://investmoscow.ru/tenders/tender/19726981; https://investmoscow.ru/tenders/tender/19726523,"0.0%, 5.0%, 5.0%, 10.0%, 75.0%"
https://investmoscow.ru/tenders/tender/19996541,125.4,35054000.0,ВАО,1,0.4076548323358785,3.0,https://investmoscow.ru/tenders/tender/19915165; https://investmoscow.ru/tenders/tender/19852470; https://investmoscow.ru/tenders/tender/19915234; https://investmoscow.ru/tenders/tender/19915240; https://investmoscow.ru/tenders/tender/19854906,"3.0%, 0.0%, 16.5%, 0.0%, 15.0%"
https://investmoscow.ru/tenders/tender/19996725,153.6,23647000.0,ВАО,1,-0.11224321191279556,68.5,https://investmoscow.ru/tenders/tender/19912585; https://investmoscow.ru/tenders/tender/19854786; https://investmoscow.ru/tenders/tender/19916260; https://investmoscow.ru/tenders/tender/19854792; https://investmoscow.ru/tenders/tender/19737044,"45.0%, 136.5%, 35.0%, 68.5%, 90.0%"
https://investmoscow.ru/tenders/tender/19999081,61.0,8525000.0,ЗАО,1,25.657120945490107,0.0,https://investmoscow.ru/tenders/tender/19734291; https://investmoscow.ru/tenders/tender/19762413; https://investmoscow.ru/tenders/tender/19752474; https://investmoscow.ru/tenders/tender/19741221; https://investmoscow.ru/tenders/tender/19787481,"0.0%, 0.0%, 0.0%, 0.0%, 47.5%"
https://investmoscow.ru/tenders/tender/19999460,546.7,23724000.0,ЗАО,basement,3.9723150511020755,60.0,https://investmoscow.ru/tenders/tender/19884873; https://investmoscow.ru/tenders/tender/19731854; https://investmoscow.ru/tenders/tender/19876167; https://investmoscow.ru/tenders/tender/19774364; https://investmoscow.ru/tenders/tender/19722010,"15.0%, 60.0%, 105.0%, 0.0%, 60.0%"
https://investmoscow.ru/tenders/tender/19996778,180.8,17763000.0,ЗАО,basement,1.2810854741324316,0.0,https://investmoscow.ru/tenders/tender/19731355; https://investmoscow.ru/tenders/tender/19787610; https://investmoscow.ru/tenders/tender/19766221; https://investmoscow.ru/tenders/tender/19773496; https://investmoscow.ru/tenders/tender/19792232,"0.0%, 20.0%, 0.0%, 0.0%, 0.0%"
https://investmoscow.ru/tenders/tender/19998285,86.6,12143000.0,ЦАО,basement,3.2501978810030536,5.0,https://investmoscow.ru/tenders/tender/19761522; https://investmoscow.ru/tenders/tender/19792321; https://investmoscow.ru/tenders/tender/19885117; https://investmoscow.ru/tenders/tender/19765425; https://investmoscow.ru/tenders/tender/19816873,"5.0%, 0.0%, 50.0%, 0.0%, 120.0%"
https://investmoscow.ru/tenders/tender/19979429,267.3,18171000.0,ЗАО,basement,2.0116510409860173,0.0,https://investmoscow.ru/tenders/tender/19875329; https://investmoscow.ru/tenders/tender/19918128; https://investmoscow.ru/tenders/tender/19636506; https://investmoscow.ru/tenders/tender/19729692; https://investmoscow.ru/tenders/tender/19803941,"0.0%, 0.0%, 0.0%, 62.5%, 0.0%"
https://investmoscow.ru/tenders/tender/19980610,197.9,35855000.0,ВАО,1,0.4453206272456454,0.0,https://investmoscow.ru/tenders/tender/19849817; https://investmoscow.ru/tenders/tender/19894328; https://investmoscow.ru/tenders/tender/19864939; https://investmoscow.ru/tenders/tender/19729842; https://investmoscow.ru/tenders/tender/19768146,"0.0%, 0.0%, 0.0%, 0.0%, -40.0%"
https://investmoscow.ru/tenders/tender/19979409,88.3,15291000.0,ВАО,3,3.4030394121670797,0.0,https://investmoscow.ru/tenders/tender/19877687; https://investmoscow.ru/tenders/tender/19824121; https://investmoscow.ru/tenders/tender/19720850; https://investmoscow.ru/tenders/tender/19757873; https://investmoscow.ru/tenders/tender/19741254,"0.0%, 0.0%, 0.0%, 0.0%, 0.0%"
https://investmoscow.ru/tenders/tender/19979422,124.5,9111000.0,САО,basement,-0.3653536163966439,0.0,https://investmoscow.ru/tenders/tender/19879643; https://investmoscow.ru/tenders/tender/19733045; https://investmoscow.ru/tenders/tender/19763646; https://investmoscow.ru/tenders/tender/19815757; https://investmoscow.ru/tenders/tender/19859352,"0.0%, 0.0%, 0.0%, 0.0%, 0.0%"
https://investmoscow.ru/tenders/tender/19980537,188.3,31660000.0,СВАО,1,1.5832376214650852,43.0,https://investmoscow.ru/tenders/tender/19891628; https://investmoscow.ru/tenders/tender/19854786; https://investmoscow.ru/tenders/tender/19890776; https://investmoscow.ru/tenders/tender/19852690; https://investmoscow.ru/tenders/tender/19854792,"0.0%, 136.5%, 0.0%, 43.0%, 68.5%"
https://investmoscow.ru/tenders/tender/19911224,1221.3,196159000.0,ЦАО,5,-0.028686340299269353,0.0,https://investmoscow.ru/tenders/tender/19862236; https://investmoscow.ru/tenders/tender/19911224; https://investmoscow.ru/tenders/tender/19789925; https://investmoscow.ru/tenders/tender/19759383; https://investmoscow.ru/tenders/tender/19761545,"0.0%, 0.0%, 0.0%, 0.0%, 0.0%"
https://investmoscow.ru/tenders/tender/20000315,64.3,6482000.0,ЦАО,basement,27.284244981386887,70.0,https://investmoscow.ru/tenders/tender/19769585; https://investmoscow.ru/tenders/tender/19778617; https://investmoscow.ru/tenders/tender/19881716; https://investmoscow.ru/tenders/tender/19803953; https://investmoscow.ru/tenders/tender/19861471,"110.0%, 90.0%, 70.0%, 0.0%, 0.0%"
https://investmoscow.ru/tenders/tender/20006228,82.2,17074000.0,ЮАО,1,-0.33839005735513583,0.0,https://investmoscow.ru/tenders/tender/19912914; https://investmoscow.ru/tenders/tender/19898006; https://investmoscow.ru/tenders/tender/19867794; https://investmoscow.ru/tenders/tender/19919555; https://investmoscow.ru/tenders/tender/19912924,"0.0%, 0.0%, 0.0%, 0.0%, 0.0%"
https://investmoscow.ru/tenders/tender/20006216,61.8,12955000.0,ЮАО,1,0.644807033037833,0.0,https://investmoscow.ru/tenders/tender/19876896; https://investmoscow.ru/tenders/tender/19924691; https://investmoscow.ru/tenders/tender/19924703; https://investmoscow.ru/tenders/tender/19876904; https://investmoscow.ru/tenders/tender/19924715,"0.0%, 0.0%, 0.0%, 0.0%, 0.0%"
https://investmoscow.ru/tenders/tender/20006207,122.4,23116000.0,ЮАО,1,0.5279227269255007,0.0,https://investmoscow.ru/tenders/tender/19876913; https://investmoscow.ru/tenders/tender/19924715; https://investmoscow.ru/tenders/tender/19876887; https://investmoscow.ru/tenders/tender/19914365; https://investmoscow.ru/tenders/tender/19924703,"0.0%, 0.0%, 0.0%, 0.0%, 0.0%"
https://investmoscow.ru/tenders/tender/20006226,82.8,16607000.0,ЮАО,1,-0.6455956898851717,0.0,https://investmoscow.ru/tenders/tender/19876887; https://investmoscow.ru/tenders/tender/19924715; https://investmoscow.ru/tenders/tender/19924703; https://investmoscow.ru/tenders/tender/19876904; https://investmoscow.ru/tenders/tender/19876913,"0.0%, 0.0%, 0.0%, 0.0%, 0.0%"
https://investmoscow.ru/tenders/tender/20006213,129.4,24243000.0,ЮАО,1,-0.6548805315762858,0.0,https://investmoscow.ru/tenders/tender/19867805; https://investmoscow.ru/tenders/tender/19919499; https://investmoscow.ru/tenders/tender/19867796; https://investmoscow.ru/tenders/tender/19919508; https://investmoscow.ru/tenders/tender/19867836,"0.0%, 0.0%, 0.0%, 0.0%, 0.0%"
https://investmoscow.ru/tenders/tender/20006212,73.0,14917000.0,ЮАО,1,1.225989276145916,0.0,https://investmoscow.ru/tenders/tender/19924703; https://investmoscow.ru/tenders/tender/19876904; https://investmoscow.ru/tenders/tender/19924715; https://investmoscow.ru/tenders/tender/19876887; https://investmoscow.ru/tenders/tender/19924691,"0.0%, 0.0%, 0.0%, 0.0%, 0.0%"
https://investmoscow.ru/tenders/tender/20006209,100.5,24241000.0,ЮАО,1,4.429926898503731,40.5,https://investmoscow.ru/tenders/tender/19893971; https://investmoscow.ru/tenders/tender/19917265; https://investmoscow.ru/tenders/tender/19917282; https://investmoscow.ru/tenders/tender/19917157; https://investmoscow.ru/tenders/tender/19917132,"40.5%, 81.5%, 5.5%, 46.5%, 13.0%"
https://investmoscow.ru/tenders/tender/20008044,127.5,40132000.0,ВАО,1,-0.25615958649110815,3.0,https://investmoscow.ru/tenders/tender/19915165; https://investmoscow.ru/tenders/tender/19915234; https://investmoscow.ru/tenders/tender/19915240; https://investmoscow.ru/tenders/tender/19852470; https://investmoscow.ru/tenders/tender/19854906,"3.0%, 16.5%, 0.0%, 0.0%, 15.0%"
https://investmoscow.ru/tenders/tender/20008047,100.9,32846000.0,ВАО,1,0.94092288333933,3.0,https://investmoscow.ru/tenders/tender/19915234; https://investmoscow.ru/tenders/tender/19915240; https://investmoscow.ru/tenders/tender/19915165; https://investmoscow.ru/tenders/tender/19854906; https://investmoscow.ru/tenders/tender/19915211,"16.5%, 0.0%, 3.0%, 15.0%, 0.0%"
https://investmoscow.ru/tenders/tender/20000407,46.3,7913000.0,ЮАО,1,6.0862617076771475,0.0,https://investmoscow.ru/tenders/tender/19786894; https://investmoscow.ru/tenders/tender/19763920; https://investmoscow.ru/tenders/tender/19781657; https://investmoscow.ru/tenders/tender/19721000; https://investmoscow.ru/tenders/tender/19733931,"0.0%, 0.0%, 30.0%, 0.0%, 50.0%"
https://investmoscow.ru/tenders/tender/20000556,13.9,910000.0,ЗАО,1,30.475995930666134,0.0,https://investmoscow.ru/tenders/tender/19877446; https://investmoscow.ru/tenders/tender/19875352; https://investmoscow.ru/tenders/tender/19924725; https://investmoscow.ru/tenders/tender/19875402; https://investmoscow.ru/tenders/tender/19875231,"55.0%, 0.0%, 40.0%, 0.0%, 0.0%"
https://investmoscow.ru/tenders/tender/20000309,152.1,12111000.0,ЮЗАО,basement,2.0069054677634286,0.0,https://investmoscow.ru/tenders/tender/19769752; https://investmoscow.ru/tenders/tender/19791299; https://investmoscow.ru/tenders/tender/19804125; https://investmoscow.ru/tenders/tender/19732940; https://investmoscow.ru/tenders/tender/19756596,"0.0%, 0.0%, 15.0%, 0.0%, 30.0%"
https://investmoscow.ru/tenders/tender/20002690,112.0,19126000.0,ВАО,1,0.6508935655172567,0.0,https://investmoscow.ru/tenders/tender/19683771; https://investmoscow.ru/tenders/tender/19683651; https://investmoscow.ru/tenders/tender/19727072; https://investmoscow.ru/tenders/tender/19682189; https://investmoscow.ru/tenders/tender/19682659,"0.0%, 0.0%, 106.5%, 0.0%, 10.0%"
https://investmoscow.ru/tenders/tender/20002680,73.6,13346000.0,ВАО,1,1.3053619786311796,90.0,https://investmoscow.ru/tenders/tender/19727072; https://investmoscow.ru/tenders/tender/19848980; https://investmoscow.ru/tenders/tender/19916221; https://investmoscow.ru/tenders/tender/19916291; https://investmoscow.ru/tenders/tender/19916679,"106.5%, 90.0%, 99.0%, 13.0%, 13.5%"
https://investmoscow.ru/tenders/tender/19997948,50.0,9641000.0,ВАО,1,0.25841849032384157,55.0,https://investmoscow.ru/tenders/tender/19848980; https://investmoscow.ru/tenders/tender/19916318; https://investmoscow.ru/tenders/tender/19916636; https://investmoscow.ru/tenders/tender/19916571; https://investmoscow.ru/tenders/tender/19916375,"90.0%, 2.5%, 56.0%, 0.0%, 55.0%"
https://investmoscow.ru/tenders/tender/20002717,87.2,14730000.0,ВАО,1,0.7999045513627582,10.0,https://investmoscow.ru/tenders/tender/19727072; https://investmoscow.ru/tenders/tender/19682189; https://investmoscow.ru/tenders/tender/19865728; https://investmoscow.ru/tenders/tender/19683771; https://investmoscow.ru/tenders/tender/19682659,"106.5%, 0.0%, 10.0%, 0.0%, 10.0%"
https://investmoscow.ru/tenders/tender/20002559,106.2,17406000.0,ВАО,1,0.7513471912706305,10.0,https://investmoscow.ru/tenders/tender/19727072; https://investmoscow.ru/tenders/tender/19682189; https://investmoscow.ru/tenders/tender/19682659; https://investmoscow.ru/tenders/tender/19683771; https://investmoscow.ru/tenders/tender/19912585,"106.5%, 0.0%, 10.0%, 0.0%, 45.0%"
https://investmoscow.ru/tenders/tender/19998645,50.3,9214000.0,ВАО,1,1.6525837188549226,13.0,https://investmoscow.ru/tenders/tender/19727072; https://investmoscow.ru/tenders/tender/19916291; https://investmoscow.ru/tenders/tender/19848980; https://investmoscow.ru/tenders/tender/19916571; https://investmoscow.ru/tenders/tender/19916318,"106.5%, 13.0%, 90.0%, 0.0%, 2.5%"
https://investmoscow.ru/tenders/tender/20002704,49.7,9583000.0,ВАО,1,3.1491729219324274,41.5,https://investmoscow.ru/tenders/tender/19916216; https://investmoscow.ru/tenders/tender/19916584; https://investmoscow.ru/tenders/tender/19916595; https://investmoscow.ru/tenders/tender/19916345; https://investmoscow.ru/tenders/tender/19856957,"103.0%, 48.0%, 2.0%, 14.0%, 41.5%"
https://investmoscow.ru/tenders/tender/19998640,102.0,17598000.0,ВАО,1,1.3729643046042357,0.0,https://investmoscow.ru/tenders/tender/19683771; https://investmoscow.ru/tenders/tender/19727072; https://investmoscow.ru/tenders/tender/19682189; https://investmoscow.ru/tenders/tender/19682659; https://investmoscow.ru/tenders/tender/19683651,"0.0%, 106.5%, 0.0%, 10.0%, 0.0%"
https://investmoscow.ru/tenders/tender/19997987,50.1,9177000.0,ВАО,1,2.605318266214628,13.0,https://investmoscow.ru/tenders/tender/19848980; https://investmoscow.ru/tenders/tender/19727072; https://investmoscow.ru/tenders/tender/19916291; https://investmoscow.ru/tenders/tender/19916571; https://investmoscow.ru/tenders/tender/19916318,"90.0%, 106.5%, 13.0%, 0.0%, 2.5%"
https://investmoscow.ru/tenders/tender/20002700,91.3,16073000.0,ВАО,1,0.9168800904147294,10.0,https://investmoscow.ru/tenders/tender/19727072; https://investmoscow.ru/tenders/tender/19683771; https://investmoscow.ru/tenders/tender/19848980; https://investmoscow.ru/tenders/tender/19682189; https://investmoscow.ru/tenders/tender/19682659,"106.5%, 0.0%, 90.0%, 0.0%, 10.0%"
https://investmoscow.ru/tenders/tender/19997957,87.3,15523000.0,ВАО,1,1.071490349500133,13.5,https://investmoscow.ru/tenders/tender/19727072; https://investmoscow.ru/tenders/tender/19683771; https://investmoscow.ru/tenders/tender/19848980; https://investmoscow.ru/tenders/tender/19682189; https://investmoscow.ru/tenders/tender/19916679,"106.5%, 0.0%, 90.0%, 0.0%, 13.5%"
https://investmoscow.ru/tenders/tender/19997930,173.4,46287000.0,САО,1,3.1362223186155385,3.5,https://investmoscow.ru/tenders/tender/19504695; https://investmoscow.ru/tenders/tender/19536699; https://investmoscow.ru/tenders/tender/19851368; https://investmoscow.ru/tenders/tender/19820747; https://investmoscow.ru/tenders/tender/19851422,"0.0%, 0.0%, 3.5%, 45.5%, 22.5%"
https://investmoscow.ru/tenders/tender/19998781,177.3,41245000.0,СВАО,1,0.6616668350549993,1.0,https://investmoscow.ru/tenders/tender/19851422; https://investmoscow.ru/tenders/tender/19536699; https://investmoscow.ru/tenders/tender/19606597; https://investmoscow.ru/tenders/tender/19851317; https://investmoscow.ru/tenders/tender/19749233,"22.5%, 0.0%, 0.0%, 1.0%, 23.5%"
https://investmoscow.ru/tenders/tender/20002847,94.4,22463000.0,ВАО,2,1.18946769063294,0.0,https://investmoscow.ru/tenders/tender/19712572; https://investmoscow.ru/tenders/tender/19723017; https://investmoscow.ru/tenders/tender/19779688; https://investmoscow.ru/tenders/tender/19925041; https://investmoscow.ru/tenders/tender/19772944,"0.0%, 0.0%, 10.0%, 0.0%, 20.0%"
https://investmoscow.ru/tenders/tender/20002660,116.7,24693000.0,ВАО,2,-1.0488724780947307,0.0,https://investmoscow.ru/tenders/tender/19712572; https://investmoscow.ru/tenders/tender/19723017; https://investmoscow.ru/tenders/tender/19779688; https://investmoscow.ru/tenders/tender/19925041; https://investmoscow.ru/tenders/tender/19742667,"0.0%, 0.0%, 10.0%, 0.0%, 0.0%"
https://investmoscow.ru/tenders/tender/20002648,148.2,31359000.0,ВАО,2,0.8109780364116547,0.0,https://investmoscow.ru/tenders/tender/19712572; https://investmoscow.ru/tenders/tender/19723017; https://investmoscow.ru/tenders/tender/19779688; https://investmoscow.ru/tenders/tender/19925041; https://investmoscow.ru/tenders/tender/19732053,"0.0%, 0.0%, 10.0%, 0.0%, 0.0%"
https://investmoscow.ru/tenders/tender/20002636,233.9,52097000.0,ВАО,1,3.9574216170658083,1.0,https://investmoscow.ru/tenders/tender/19918365; https://investmoscow.ru/tenders/tender/19749559; https://investmoscow.ru/tenders/tender/19918617; https://investmoscow.ru/tenders/tender/19852654; https://investmoscow.ru/tenders/tender/19909887,"0.0%, 17.5%, 0.0%, 5.0%, 1.0%"
https://investmoscow.ru/tenders/tender/20002629,159.3,35481000.0,ВАО,1,3.4063644880427817,11.0,https://investmoscow.ru/tenders/tender/19924685; https://investmoscow.ru/tenders/tender/19749559; https://investmoscow.ru/tenders/tender/19893926; https://investmoscow.ru/tenders/tender/19918617; https://investmoscow.ru/tenders/tender/19810724,"11.0%, 17.5%, 6.0%, 0.0%, 36.0%"
https://investmoscow.ru/tenders/tender/20002616,71.9,18010000.0,ВАО,1,6.616045069576711,0.0,https://investmoscow.ru/tenders/tender/19876924; https://investmoscow.ru/tenders/tender/19876928; https://investmoscow.ru/tenders/tender/19912883; https://investmoscow.ru/tenders/tender/19912565; https://investmoscow.ru/tenders/tender/19912649,"22.5%, 18.0%, 0.0%, 0.0%, 0.0%"
https://investmoscow.ru/tenders/tender/20002859,102.9,21773000.0,ВАО,2,-1.4334104021504859,0.0,https://investmoscow.ru/tenders/tender/19712572; https://investmoscow.ru/tenders/tender/19925041; https://investmoscow.ru/tenders/tender/19779688; https://investmoscow.ru/tenders/tender/19723017; https://investmoscow.ru/tenders/tender/19742667,"0.0%, 0.0%, 10.0%, 0.0%, 0.0%"
https://investmoscow.ru/tenders/tender/20002603,68.6,17183000.0,ВАО,1,6.38578590684559,0.0,https://investmoscow.ru/tenders/tender/19876924; https://investmoscow.ru/tenders/tender/19912883; https://investmoscow.ru/tenders/tender/19876928; https://investmoscow.ru/tenders/tender/19912860; https://investmoscow.ru/tenders/tender/19912565,"22.5%, 0.0%, 18.0%, 0.0%, 0.0%"
https://investmoscow.ru/tenders/tender/19998777,95.3,23871000.0,ВАО,1,5.634164277255012,1.0,https://investmoscow.ru/tenders/tender/19876928; https://investmoscow.ru/tenders/tender/19876924; https://investmoscow.ru/tenders/tender/19912546; https://investmoscow.ru/tenders/tender/19912695; https://investmoscow.ru/tenders/tender/19912565,"18.0%, 22.5%, 1.0%, 0.0%, 0.0%"
https://investmoscow.ru/tenders/tender/20008048,61.7,17351000.0,САО,1,5.458652195692101,0.0,https://investmoscow.ru/tenders/tender/19918390; https://investmoscow.ru/tenders/tender/19852648; https://investmoscow.ru/tenders/tender/19906224; https://investmoscow.ru/tenders/tender/19852634; https://investmoscow.ru/tenders/tender/19906214,"0.0%, 0.0%, 0.0%, 0.0%, 0.0%"
https://investmoscow.ru/tenders/tender/20008004,28.5,6897000.0,ВАО,2,-2.343063285262695,0.0,https://investmoscow.ru/tenders/tender/19730591; https://investmoscow.ru/tenders/tender/19729515; https://investmoscow.ru/tenders/tender/19847668; https://investmoscow.ru/tenders/tender/19730670; https://investmoscow.ru/tenders/tender/19729770,"0.0%, 0.0%, 60.0%, 0.0%, 0.0%"
https://investmoscow.ru/tenders/tender/20008011,37.7,8652150.0,ВАО,2,-0.22729624923598685,0.0,https://investmoscow.ru/tenders/tender/19729770; https://investmoscow.ru/tenders/tender/19730591; https://investmoscow.ru/tenders/tender/19729515; https://investmoscow.ru/tenders/tender/19730670; https://investmoscow.ru/tenders/tender/19847668,"0.0%, 0.0%, 0.0%, 0.0%, 60.0%"
https://investmoscow.ru/tenders/tender/20008010,28.5,6897000.0,ВАО,2,-2.343063285262695,0.0,https://investmoscow.ru/tenders/tender/19730591; https://investmoscow.ru/tenders/tender/19729515; https://investmoscow.ru/tenders/tender/19847668; https://investmoscow.ru/tenders/tender/19730670; https://investmoscow.ru/tenders/tender/19729770,"0.0%, 0.0%, 60.0%, 0.0%, 0.0%"
https://investmoscow.ru/tenders/tender/20008041,98.0,24790000.0,ВАО,1,1.603009642785125,18.0,https://investmoscow.ru/tenders/tender/19917266; https://investmoscow.ru/tenders/tender/19917156; https://investmoscow.ru/tenders/tender/19876928; https://investmoscow.ru/tenders/tender/19901275; https://investmoscow.ru/tenders/tender/19912763,"0.0%, 0.0%, 18.0%, 136.0%, 140.5%"
https://investmoscow.ru/tenders/tender/20008038,39.8,12037000.0,ВАО,1,-0.7987468257124799,0.0,https://investmoscow.ru/tenders/tender/19917257; https://investmoscow.ru/tenders/tender/19912886; https://investmoscow.ru/tenders/tender/19912604; https://investmoscow.ru/tenders/tender/19919439; https://investmoscow.ru/tenders/tender/19867860,"0.0%, 0.0%, 0.0%, 0.0%, 0.0%"
https://investmoscow.ru/tenders/tender/20008020,50.1,12065000.0,ВАО,1,-0.367144249715858,0.0,https://investmoscow.ru/tenders/tender/19912860; https://investmoscow.ru/tenders/tender/19912883; https://investmoscow.ru/tenders/tender/19876924; https://investmoscow.ru/tenders/tender/19810868; https://investmoscow.ru/tenders/tender/19917264,"0.0%, 0.0%, 22.5%, 0.0%, 0.0%"
https://investmoscow.ru/tenders/tender/20008022,70.4,19463000.0,ВАО,1,0.6475715779666917,0.0,https://investmoscow.ru/tenders/tender/19918654; https://investmoscow.ru/tenders/tender/19912649; https://investmoscow.ru/tenders/tender/19859855; https://investmoscow.ru/tenders/tender/19859608; https://investmoscow.ru/tenders/tender/19918507,"0.0%, 0.0%, 22.0%, 0.0%, 0.0%"
https://investmoscow.ru/tenders/tender/20008037,139.4,34217000.0,ВАО,1,-0.13390749856835182,0.0,https://investmoscow.ru/tenders/tender/19918413; https://investmoscow.ru/tenders/tender/19918566; https://investmoscow.ru/tenders/tender/19909603; https://investmoscow.ru/tenders/tender/19859995; https://investmoscow.ru/tenders/tender/19859759,"0.0%, 0.0%, 0.0%, 0.0%, 0.0%"
https://investmoscow.ru/tenders/tender/20008031,92.3,24292000.0,ВАО,1,0.6941766765667808,0.0,https://investmoscow.ru/tenders/tender/19918450; https://investmoscow.ru/tenders/tender/19918507; https://investmoscow.ru/tenders/tender/19860040; https://investmoscow.ru/tenders/tender/19909607; https://investmoscow.ru/tenders/tender/19859948,"0.0%, 0.0%, 0.0%, 0.0%, 34.0%"
https://investmoscow.ru/tenders/tender/20008026,174.3,41275000.0,ВАО,1,0.18644409361192787,0.0,https://investmoscow.ru/tenders/tender/19918617; https://investmoscow.ru/tenders/tender/19916342; https://investmoscow.ru/tenders/tender/19859759; https://investmoscow.ru/tenders/tender/19918413; https://investmoscow.ru/tenders/tender/19852654,"0.0%, 76.5%, 0.0%, 0.0%, 5.0%"
https://investmoscow.ru/tenders/tender/20008028,127.1,31660000.0,ВАО,1,0.47400671450971826,0.0,https://investmoscow.ru/tenders/tender/19918566; https://investmoscow.ru/tenders/tender/19918413; https://investmoscow.ru/tenders/tender/19909603; https://investmoscow.ru/tenders/tender/19859995; https://investmoscow.ru/tenders/tender/19912695,"0.0%, 0.0%, 0.0%, 0.0%, 0.0%"
https://investmoscow.ru/tenders/tender/20008003,68.8,19004000.0,ВАО,1,0.987228791139268,0.0,https://investmoscow.ru/tenders/tender/19912649; https://investmoscow.ru/tenders/tender/19918654; https://investmoscow.ru/tenders/tender/19912565; https://investmoscow.ru/tenders/tender/19918507; https://investmoscow.ru/tenders/tender/19898452,"0.0%, 0.0%, 0.0%, 0.0%, 0.0%"
https://investmoscow.ru/tenders/tender/20000450,194.8,15197000.0,САО,basement,0.7343776291121523,30.0,https://investmoscow.ru/tenders/tender/19742390; https://investmoscow.ru/tenders/tender/19756596; https://investmoscow.ru/tenders/tender/19761418; https://investmoscow.ru/tenders/tender/19918068; https://investmoscow.ru/tenders/tender/19737839,"125.0%, 30.0%, 0.0%, 40.0%, 0.0%"
https://investmoscow.ru/tenders/tender/19999655,38.9,8235000.0,ЮАО,1,3.7761047344073826,14.0,https://investmoscow.ru/tenders/tender/19856432; https://investmoscow.ru/tenders/tender/19999655; https://investmoscow.ru/tenders/tender/19727879; https://investmoscow.ru/tenders/tender/19856377; https://investmoscow.ru/tenders/tender/19852367,"65.0%, 0.0%, 12.5%, 20.0%, 14.0%"
https://investmoscow.ru/tenders/tender/19999695,29.6,13523000.0,ЦАО,2,8.327054677864014,0.0,https://investmoscow.ru/tenders/tender/19787703; https://investmoscow.ru/tenders/tender/19999695; https://investmoscow.ru/tenders/tender/19778856; https://investmoscow.ru/tenders/tender/19759036; https://investmoscow.ru/tenders/tender/19874597,"165.0%, 0.0%, 0.0%, 0.0%, 145.0%"
https://investmoscow.ru/tenders/tender/19997503,229.7,38684700.0,ЗАО,1,-0.03896386716792679,30.0,https://investmoscow.ru/tenders/tender/19916511; https://investmoscow.ru/tenders/tender/19924792; https://investmoscow.ru/tenders/tender/19917788; https://investmoscow.ru/tenders/tender/19916260; https://investmoscow.ru/tenders/tender/19761296,"30.0%, 0.0%, 0.0%, 35.0%, 55.0%"
https://investmoscow.ru/tenders/tender/19998349,10.4,3671000.0,ЦАО,1,17.209286144170147,15.0,https://investmoscow.ru/tenders/tender/19746757; https://investmoscow.ru/tenders/tender/19897650; https://investmoscow.ru/tenders/tender/19762430; https://investmoscow.ru/tenders/tender/19890862; https://investmoscow.ru/tenders/tender/19912893,"15.0%, 0.0%, 90.0%, 65.0%, 0.0%"
https://investmoscow.ru/tenders/tender/19995938,293.7,22570050.0,САО,basement,-0.04292068763517091,0.0,https://investmoscow.ru/tenders/tender/19875329; https://investmoscow.ru/tenders/tender/19636506; https://investmoscow.ru/tenders/tender/19918128; https://investmoscow.ru/tenders/tender/19771983; https://investmoscow.ru/tenders/tender/19814559,"0.0%, 0.0%, 0.0%, 0.0%, -25.0%"
https://investmoscow.ru/tenders/tender/19996137,79.3,9064000.0,САО,basement,1.4224617018724792,0.0,https://investmoscow.ru/tenders/tender/19804567; https://investmoscow.ru/tenders/tender/19825158; https://investmoscow.ru/tenders/tender/19751240; https://investmoscow.ru/tenders/tender/19771201; https://investmoscow.ru/tenders/tender/19768439,"0.0%, 0.0%, 0.0%, 0.0%, 0.0%"
https://investmoscow.ru/tenders/tender/20002676,183.8,47857000.0,ЗАО,1,1.4225388206347558,0.0,https://investmoscow.ru/tenders/tender/19851572; https://investmoscow.ru/tenders/tender/19606597; https://investmoscow.ru/tenders/tender/19923168; https://investmoscow.ru/tenders/tender/19875677; https://investmoscow.ru/tenders/tender/19924690,"0.0%, 0.0%, 0.0%, 0.0%, 0.0%"
https://investmoscow.ru/tenders/tender/20002899,137.0,24921000.0,СВАО,1,11.605324542584004,49.0,https://investmoscow.ru/tenders/tender/19606719; https://investmoscow.ru/tenders/tender/19915169; https://investmoscow.ru/tenders/tender/19852503; https://investmoscow.ru/tenders/tender/19667551; https://investmoscow.ru/tenders/tender/19854792,"0.0%, 49.0%, 98.5%, 0.0%, 68.5%"
https://investmoscow.ru/tenders/tender/20002970,68.8,12882000.0,ВАО,1,0.9984217433444016,90.0,https://investmoscow.ru/tenders/tender/19848980; https://investmoscow.ru/tenders/tender/19727072; https://investmoscow.ru/tenders/tender/19916291; https://investmoscow.ru/tenders/tender/19916221; https://investmoscow.ru/tenders/tender/19857010,"90.0%, 106.5%, 13.0%, 99.0%, 28.0%"
https://investmoscow.ru/tenders/tender/20002975,105.6,19325000.0,ВАО,1,0.8861615742378908,12.0,https://investmoscow.ru/tenders/tender/19683771; https://investmoscow.ru/tenders/tender/19727072; https://investmoscow.ru/tenders/tender/19916543; https://investmoscow.ru/tenders/tender/19683651; https://investmoscow.ru/tenders/tender/19898426,"0.0%, 106.5%, 12.0%, 0.0%, 37.0%"
https://investmoscow.ru/tenders/tender/20002964,78.6,32669000.0,СВАО,1,8.01029985847634,22.0,https://investmoscow.ru/tenders/tender/19726261; https://investmoscow.ru/tenders/tender/19726264; https://investmoscow.ru/tenders/tender/19915279; https://investmoscow.ru/tenders/tender/19915325; https://investmoscow.ru/tenders/tender/19915287,"35.0%, 55.0%, 22.0%, 4.5%, 0.0%"
https://investmoscow.ru/tenders/tender/19974086,133.4,38347000.0,ЦАО,1,6.039598242029296,16.5,https://investmoscow.ru/tenders/tender/19805696; https://investmoscow.ru/tenders/tender/19891342; https://investmoscow.ru/tenders/tender/19753355; https://investmoscow.ru/tenders/tender/19863393; https://investmoscow.ru/tenders/tender/19917261,"25.0%, 85.0%, 4.5%, 0.0%, 16.5%"
https://investmoscow.ru/tenders/tender/20004954,231.8,14098000.0,ВАО,basement,3.984841030833615,0.0,https://investmoscow.ru/tenders/tender/19859150; https://investmoscow.ru/tenders/tender/19880867; https://investmoscow.ru/tenders/tender/19743606; https://investmoscow.ru/tenders/tender/19787194; https://investmoscow.ru/tenders/tender/19743185,"0.0%, 90.0%, 0.0%, -17.5%, 85.0%"
https://investmoscow.ru/tenders/tender/20005197,9.8,1763000.0,ВАО,1,37.497904835908166,0.0,https://investmoscow.ru/tenders/tender/19775671; https://investmoscow.ru/tenders/tender/19864703; https://investmoscow.ru/tenders/tender/19766108; https://investmoscow.ru/tenders/tender/19795766; https://investmoscow.ru/tenders/tender/19810873,"100.0%, 60.0%, 0.0%, 0.0%, 0.0%"
https://investmoscow.ru/tenders/tender/20003036,151.3,11109500.0,ЗАО,basement,0.11552548890405656,0.0,https://investmoscow.ru/tenders/tender/19803941; https://investmoscow.ru/tenders/tender/19864342; https://investmoscow.ru/tenders/tender/19866367; https://investmoscow.ru/tenders/tender/19879643; https://investmoscow.ru/tenders/tender/19742461,"0.0%, 0.0%, 0.0%, 0.0%, 50.0%"
https://investmoscow.ru/tenders/tender/20017137,111.0,33252000.0,ЦАО,1,7.803312037528094,45.0,https://investmoscow.ru/tenders/tender/19805744; https://investmoscow.ru/tenders/tender/19778673; https://investmoscow.ru/tenders/tender/19681785; https://investmoscow.ru/tenders/tender/19806408; https://investmoscow.ru/tenders/tender/19798971,"55.0%, 45.0%, 0.0%, 75.0%, 0.0%"
https://investmoscow.ru/tenders/tender/20015601,232.6,50844000.0,ЗАО,1,6.566563888434684,0.0,https://investmoscow.ru/tenders/tender/19918387; https://investmoscow.ru/tenders/tender/19764313; https://investmoscow.ru/tenders/tender/19766360; https://investmoscow.ru/tenders/tender/19788060; https://investmoscow.ru/tenders/tender/19743637,"13.5%, 95.0%, 0.0%, -22.5%, 0.0%"
https://investmoscow.ru/tenders/tender/20017339,74.2,45028000.0,ЦАО,1,3.6721670428685704,0.0,https://investmoscow.ru/tenders/tender/19684062; https://investmoscow.ru/tenders/tender/19684066; https://investmoscow.ru/tenders/tender/19915287; https://investmoscow.ru/tenders/tender/19726264; https://investmoscow.ru/tenders/tender/19726261,"0.0%, 0.0%, 0.0%, 55.0%, 35.0%"
https://investmoscow.ru/tenders/tender/20017221,81.4,49337000.0,ЦАО,1,4.093308789853016,0.0,https://investmoscow.ru/tenders/tender/19684062; https://investmoscow.ru/tenders/tender/19684066; https://investmoscow.ru/tenders/tender/19780150; https://investmoscow.ru/tenders/tender/19915287; https://investmoscow.ru/tenders/tender/19726264,"0.0%, 0.0%, 0.0%, 0.0%, 55.0%"
https://investmoscow.ru/tenders/tender/20016670,154.9,86687000.0,ЦАО,1,7.054507535918229,0.0,https://investmoscow.ru/tenders/tender/19780150; https://investmoscow.ru/tenders/tender/19536763; https://investmoscow.ru/tenders/tender/19684062; https://investmoscow.ru/tenders/tender/19684066; https://investmoscow.ru/tenders/tender/19726270,"0.0%, 0.0%, 0.0%, 0.0%, 0.0%"
https://investmoscow.ru/tenders/tender/20018304,81.6,11084000.0,ЮЗАО,1,1.4032577349351845,0.0,https://investmoscow.ru/tenders/tender/19733739; https://investmoscow.ru/tenders/tender/19742810; https://investmoscow.ru/tenders/tender/19772144; https://investmoscow.ru/tenders/tender/19773290; https://investmoscow.ru/tenders/tender/19789336,"55.0%, 5.0%, 0.0%, 0.0%, 0.0%"
https://investmoscow.ru/tenders/tender/20003055,683.6,89104000.0,ЗАО,basement,0.040540784701445017,0.0,https://investmoscow.ru/tenders/tender/19771997; https://investmoscow.ru/tenders/tender/19750297; https://investmoscow.ru/tenders/tender/19741395; https://investmoscow.ru/tenders/tender/19729967; https://investmoscow.ru/tenders/tender/19735421,"0.0%, 0.0%, 0.0%, 18.0%, 82.0%"
https://investmoscow.ru/tenders/tender/20003040,528.9,79502000.0,ЗАО,2,1.1590563095382662,0.0,https://investmoscow.ru/tenders/tender/19735261; https://investmoscow.ru/tenders/tender/19894445; https://investmoscow.ru/tenders/tender/19936200; https://investmoscow.ru/tenders/tender/19828830; https://investmoscow.ru/tenders/tender/19871741,"0.0%, 0.0%, 0.0%, 0.0%, 0.0%"
https://investmoscow.ru/tenders/tender/20020488,150.7,24213000.0,ЮЗАО,1,1.4481526246212526,0.0,https://investmoscow.ru/tenders/tender/19742164; https://investmoscow.ru/tenders/tender/19877131; https://investmoscow.ru/tenders/tender/19767637; https://investmoscow.ru/tenders/tender/19724069; https://investmoscow.ru/tenders/tender/19797649,"0.0%, 90.0%, -27.5%, 0.0%, 0.0%"
https://investmoscow.ru/tenders/tender/20018569,57.7,5482000.0,ЗАО,basement,53.12349873951963,20.0,https://investmoscow.ru/tenders/tender/19743190; https://investmoscow.ru/tenders/tender/19769585; https://investmoscow.ru/tenders/tender/19803953; https://investmoscow.ru/tenders/tender/19881716; https://investmoscow.ru/tenders/tender/19849278,"20.0%, 110.0%, 0.0%, 70.0%, 0.0%"
https://investmoscow.ru/tenders/tender/20018436,153.1,22642000.0,СВАО,1,4.848060430458822,0.0,https://investmoscow.ru/tenders/tender/19923881; https://investmoscow.ru/tenders/tender/18938297; https://investmoscow.ru/tenders/tender/19912903; https://investmoscow.ru/tenders/tender/19852503; https://investmoscow.ru/tenders/tender/19912908,"0.0%, 0.0%, 24.0%, 98.5%, 0.0%"
https://investmoscow.ru/tenders/tender/20018665,155.8,39051000.0,ЗАО,1,-0.8776760006413978,0.0,https://investmoscow.ru/tenders/tender/19923168; https://investmoscow.ru/tenders/tender/19851572; https://investmoscow.ru/tenders/tender/19606597; https://investmoscow.ru/tenders/tender/19712849; https://investmoscow.ru/tenders/tender/19723015,"0.0%, 0.0%, 0.0%, 30.0%, 7.0%"
https://investmoscow.ru/tenders/tender/20018444,122.6,26562000.0,СВАО,1,0.48230304059901824,6.0,https://investmoscow.ru/tenders/tender/19901260; https://investmoscow.ru/tenders/tender/19798943; https://investmoscow.ru/tenders/tender/19798950; https://investmoscow.ru/tenders/tender/19820712; https://investmoscow.ru/tenders/tender/19798947,"11.0%, 66.5%, 0.0%, 6.0%, 0.0%"
https://investmoscow.ru/tenders/tender/20018796,108.6,15544000.0,ЮЗАО,1,2.6755231711771748,0.0,https://investmoscow.ru/tenders/tender/19800065; https://investmoscow.ru/tenders/tender/19767679; https://investmoscow.ru/tenders/tender/19724100; https://investmoscow.ru/tenders/tender/19828535; https://investmoscow.ru/tenders/tender/19922103,"0.0%, -20.0%, 0.0%, 55.0%, 0.0%"
https://investmoscow.ru/tenders/tender/20020218,697.0,105482000.0,САО,1,0.329926819273328,0.0,https://investmoscow.ru/tenders/tender/19667638; https://investmoscow.ru/tenders/tender/19667635; https://investmoscow.ru/tenders/tender/19667639; https://investmoscow.ru/tenders/tender/19855462; https://investmoscow.ru/tenders/tender/19774971,"0.0%, 0.0%, 0.0%, 0.0%, 0.0%"
https://investmoscow.ru/tenders/tender/20020308,576.7,139889000.0,ЦАО,1,1.8435479365828038,0.0,https://investmoscow.ru/tenders/tender/19888223; https://investmoscow.ru/tenders/tender/19996485; https://investmoscow.ru/tenders/tender/19736847; https://investmoscow.ru/tenders/tender/19996479; https://investmoscow.ru/tenders/tender/19742802,"0.0%, 0.0%, 0.0%, 0.0%, 0.0%"
https://investmoscow.ru/tenders/tender/19968784,93.1,21590000.0,ЦАО,basement,7.855038527687708,0.0,https://investmoscow.ru/tenders/tender/19756655; https://investmoscow.ru/tenders/tender/19813759; https://investmoscow.ru/tenders/tender/19726424; https://investmoscow.ru/tenders/tender/19826518; https://investmoscow.ru/tenders/tender/19723391,"0.0%, 0.0%, 115.0%, 0.0%, 0.0%"
https://investmoscow.ru/tenders/tender/19977582,205.7,85404000.0,ЦАО,5,0.1647682812344708,0.0,https://investmoscow.ru/tenders/tender/19921864; https://investmoscow.ru/tenders/tender/19863767; https://investmoscow.ru/tenders/tender/19727150; https://investmoscow.ru/tenders/tender/19809263; https://investmoscow.ru/tenders/tender/19960743,"0.0%, 0.0%, 0.0%, 0.0%, 0.0%"
