url,номер_лота,площадь_м²,начальная_цена_руб,цена_за_м²,размер_задатка_руб,шаг_аукциона_руб,итоговая_цена_руб,превышение_цены_%,адрес,кадастровый_номер,метро,этаж,этажность,функциональное_назначение,тип_входа,форма_проведения,год_торгов,статус,дата_начала_приёма,дата_окончания_приёма,дата_отбора_участников,дата_проведения_торгов,дата_подведения_итогов,platformLink,ссылка_на_протокол,latitude,longitude
https://investmoscow.ru/tenders/tender/19860773,19860773,41.4,3231900.0,78065.22,"323 190,00 руб.","161 595,00 руб.",,,"Северо-Восточный административный округ, Ростокино, проезд Кадомцева, дом 9, Цокольный этаж № 0",77:02:0019008:3016,Ростокино (18 мин),Цоколь,5.0,,Вход через места общего пользования,Открытый аукцион в электронной форме,2025,Завершено,09.09.2025 20:00:00,14.10.2025 15:00:00,21.10.2025 10:00,23.10.2025 10:00,23.10.2025 17:00,https://www.roseltorg.ru/procedure/21000005000000026539/1,,55.8291986,37.661796
https://investmoscow.ru/tenders/tender/19969955,19969955,39.5,1907000.0,48278.48,"190 700,00 руб.","95 350,00 руб.","2383750,00",25.0%,"Зеленоградский административный округ, Силино, город Зеленоград, корпус 1106, Подвал № 0",77:10:0001003:4118,Ховрино (316 мин),Подвал,12.0,,Вход через места общего пользования,Открытый аукцион в электронной форме,2026,Завершено,26.12.2025 20:00:00,16.03.2026 15:00:00,23.03.2026 10:00,25.03.2026 10:00,25.03.2026 17:00,https://www.roseltorg.ru/procedure/21000005000000028693/1,,55.991971,37.214241
https://investmoscow.ru/tenders/tender/19924985,19924985,39.5,1907000.0,48278.48,"190 700,00 руб.","95 350,00 руб.",,,"Зеленоградский административный округ, Силино, город Зеленоград, корпус 1106, Подвал № 0",77:10:0001003:4118,Ховрино (316 мин),Подвал,12.0,,Вход через места общего пользования,Открытый аукцион в электронной форме,2025,Завершено,10.11.2025 20:00:00,11.12.2025 15:00:00,18.12.2025 10:00,23.12.2025 10:00,23.12.2025 17:00,https://www.roseltorg.ru/procedure/21000005000000027622/1,,55.991971,37.214241
https://investmoscow.ru/tenders/tender/19744697,19744697,12.2,4471000.0,366475.41,"447 100,00 руб.","223 550,00 руб.","6482950,00",45.0%,"Центральный административный округ, Тверской, Новая площадь, дом 8, строение 1, Этаж № 4",77:01:0001010:2955,Лубянка (1 мин),4,4.0,,Вход через места общего пользования,Открытый аукцион в электронной форме,2025,Завершено,24.01.2025 20:00:00,05.03.2025 15:00:00,12.03.2025 10:00,14.03.2025 10:00,14.03.2025 17:00,https://www.roseltorg.ru/procedure/21000005000000024280/1,,55.7580963,37.6266937
https://investmoscow.ru/tenders/tender/19773158,19773158,13.6,1453000.0,106838.24,"145 300,00 руб.","72 650,00 руб.","2542750,00",75.0%,"Северный административный округ, Западное Дегунино, Новая улица, дом 10, этаж №1",77:01:0001010:2370,Речной вокзал (0 мин),1,14.0,,Вход через места общего пользования,Открытый аукцион в электронной форме,2025,Завершено,14.03.2025 20:00:00,28.04.2025 15:00:00,05.05.2025 10:00,07.05.2025 10:00,07.05.2025 17:00,https://www.roseltorg.ru/procedure/21000005000000024852,,55.875382,37.5126944
https://investmoscow.ru/tenders/tender/19816788,19816788,34.2,1610000.0,47076.02,"322 000,00 руб.","80 500,00 руб.",,,"Северный административный округ, Коптево, улица Космонавта Волкова, дом 25/2, Подвал № 0","77:09:0003020:6427, 77:09:0003020:6428",Войковская (0 мин),Подвал,7.0,,Вход через подъезд,Открытый аукцион в электронной форме,2025,Завершено,23.07.2025 20:00:00,26.08.2025 15:00:00,02.09.2025 10:00,05.09.2025 10:00,05.09.2025 17:00,https://www.roseltorg.ru/procedure/178fz23072500041/1,,55.816807,37.5221534
https://investmoscow.ru/tenders/tender/19773312,19773312,23.8,2125000.0,89285.71,"425 000,00 руб.","106 250,00 руб.",,,"Центральный административный округ, Арбат, Большой Афанасьевский переулок, дом 31, Подвал","77:01:0001047:4392, 77:01:0001047:4393",Арбатская (0 мин),Подвал,6.0,,Вход через подъезд,Открытый аукцион в электронной форме,2025,Завершено,02.04.2025 10:00:00,07.05.2025 15:00:00,16.05.2025 10:00,21.05.2025 10:00,21.05.2025 17:00,https://www.roseltorg.ru/procedure/178fz02042500001/1,,55.7489358,37.5964578
https://investmoscow.ru/tenders/tender/19788741,19788741,69.8,4790000.0,68624.64,"479 000,00 руб.","239 500,00 руб.","7185000,00",50.0%,"Южный административный округ, Нагорный, Варшавское шоссе, дом 69, корпус 2, Подвал № 0, помещение 1П",77:05:0001020:3476,Нахимовский проспект (0 мин),Подвал,8.0,,Вход через места общего пользования,Открытый аукцион в электронной форме,2025,Завершено,25.04.2025 20:00:00,11.06.2025 15:00:00,18.06.2025 10:00,20.06.2025 10:00,20.06.2025 17:00,https://www.roseltorg.ru/procedure/21000005000000025295/1,,55.6616848,37.6202645
https://investmoscow.ru/tenders/tender/19801688,19801688,51.0,2957000.0,57980.39,"295 700,00 руб.","147 850,00 руб.",,,"Северо-Восточный административный округ, Ростокино, улица Сергея Эйзенштейна, дом 6, подвал № 0",77:02:0018009:1385,ВДНХ (0 мин),Подвал,8.0,,Вход через места общего пользования,Открытый аукцион в электронной форме,2025,Завершено,27.05.2025 20:00:00,30.06.2025 15:00:00,07.07.2025 10:00,09.07.2025 10:00,09.07.2025 17:00,https://www.roseltorg.ru/procedure/21000005000000025582/1,,55.8333174,37.6408621
https://investmoscow.ru/tenders/tender/19742657,19742657,15.0,4753800.0,316920.0,"475 380,00 руб.","237 690,00 руб.",,,"Северо-Западный административный округ, Щукино, улица Маршала Бирюзова, дом 8, корпус 1, Этаж №1",77:08:0009033:3441,Октябрьское поле (1 мин),1 этаж,9.0,,Вход через места общего пользования,Открытый аукцион в электронной форме,2025,Завершено,24.01.2025 20:00:00,26.02.2025 15:00:00,05.03.2025 10:00,07.03.2025 10:00,07.03.2025 17:00,https://www.roseltorg.ru/procedure/21000005000000024291/1,,55.7924608,37.4984186
https://investmoscow.ru/tenders/tender/19993855,19993855,7.8,1945800.0,249461.54,"194 580,00 руб.","97 290,00 руб.","1945800,00",0.0%,"Центральный административный округ, Басманный, Садовая-Черногрязская улица, дом 3Б, строение 1, Подвал № 0",77:01:0003008:3971,Красные Ворота (0 мин),Подвал,5.0,,Вход через места общего пользования,Открытый аукцион в электронной форме,2026,Завершено,03.02.2026 20:00:00,05.03.2026 15:00:00,12.03.2026 10:00,17.03.2026 10:00,17.03.2026 17:00,https://www.roseltorg.ru/procedure/21000005000000029042/1,,55.7671851,37.6532942
https://investmoscow.ru/tenders/tender/19943387,19943387,7.8,1945800.0,249461.54,"194 580,00 руб.","97 290,00 руб.",,,"Центральный административный округ, Басманный, Садовая-Черногрязская улица, дом 3Б, строение 1, Подвал № 0",77:01:0003008:3971,Красные Ворота (0 мин),Подвал,5.0,,Вход через места общего пользования,Открытый аукцион в электронной форме,2026,Завершено,25.11.2025 20:00:00,19.01.2026 15:00:00,26.01.2026 10:00,28.01.2026 10:00,28.01.2026 17:00,https://www.roseltorg.ru/procedure/21000005000000028028/1,,55.7671851,37.6532942
https://investmoscow.ru/tenders/tender/19800047,19800047,7.8,2249000.0,288333.33,"224 900,00 руб.","112 450,00 руб.",,,"Центральный административный округ, Басманный, Садовая-Черногрязская улица, дом 3Б, строение 1, Подвал № 0",77:01:0003008:3971,Красные Ворота (0 мин),Подвал,5.0,,Отдельный,Открытый аукцион в электронной форме,2025,Завершено,27.05.2025 20:00:00,07.07.2025 15:00:00,14.07.2025 10:00,16.07.2025 10:00,16.07.2025 17:00,https://www.roseltorg.ru/procedure/21000005000000025575/1,,55.7671851,37.6532942
https://investmoscow.ru/tenders/tender/19920371,19920371,51.9,4311000.0,83063.58,"431 100,00 руб.","215 550,00 руб.","12286350,00",185.0%,"Юго-Западный административный округ, Гагаринский, Ленинский проспект, дом 52, Этаж № 1,пом. 7А/1",77:06:0001002:3413,Академическая (0 мин),1,8.0,,Вход через места общего пользования,Открытый аукцион в электронной форме,2025,Завершено,05.11.2025 20:00:00,08.12.2025 15:00:00,15.12.2025 10:00,17.12.2025 10:00,17.12.2025 17:00,https://www.roseltorg.ru/procedure/21000005000000027516/1,,55.6994073,37.5638172
https://investmoscow.ru/tenders/tender/19969959,19969959,14.3,2885000.0,201748.25,"288 500,00 руб.","144 250,00 руб.","3750500,00",30.0%,"Юго-Западный административный округ, Гагаринский, улица Косыгина, дом 5, Этаж № 1",77:06:0001002:11128,Ленинский проспект (13 мин),1,10.0,,Вход через подъезд,Открытый аукцион в электронной форме,2026,Завершено,24.12.2025 20:00:00,03.03.2026 15:00:00,10.03.2026 10:00,12.03.2026 10:00,12.03.2026 17:00,https://www.roseltorg.ru/procedure/21000005000000028617/1,,55.7066717,37.5718672
https://investmoscow.ru/tenders/tender/19768252,19768252,80.1,4522000.0,56454.43,"452 200,00 руб.","113 050,00 руб.","3165400,00",-30.0%,"Восточный административный округ, Измайлово, 7-я Парковая улица, дом 28, Подвал № 0, помещение 1/П",77:03:0005012:7659,Первомайская (10 мин),Подвал,9.0,,Вход через подъезд,Публичное предложение,2025,Завершено,05.03.2025 20:00:00,09.04.2025 15:00:00,16.04.2025 10:00,18.04.2025 10:00,18.04.2025 17:00,https://www.roseltorg.ru/procedure/21000005000000024735/1,,55.8012145,37.7943195
https://investmoscow.ru/tenders/tender/19731664,19731664,80.1,4522000.0,56454.43,"452 200,00 руб.","226 100,00 руб.",,,"Восточный административный округ, Измайлово, 7-я Парковая улица, дом 28, Подвал № 0, помещение 1/П",77:03:0005012:7659,Первомайская (10 мин),Подвал,9.0,,Вход через подъезд,Открытый аукцион в электронной форме,2025,Завершено,29.11.2024 20:00:00,13.01.2025 15:00:00,20.01.2025 10:00,22.01.2025 10:00,22.01.2025 17:00,https://www.roseltorg.ru/procedure/21000005000000023919/1,,55.8012145,37.7943195
https://investmoscow.ru/tenders/tender/19734641,19734641,84.4,4550000.0,53909.95,"455 000,00 руб.","227 500,00 руб.","4550000,00",0.0%,"Юго-Восточный административный округ, Лефортово, Красноказарменная улица, дом 9, Подвал № 0",77:04:0001005:5599,Лефортово (13 мин),Подвал,9.0,,Вход через места общего пользования,Открытый аукцион в электронной форме,2025,Завершено,06.12.2024 20:00:00,21.01.2025 15:00:00,28.01.2025 10:00,30.01.2025 10:00,30.01.2025 17:00,https://www.roseltorg.ru/procedure/21000005000000023985/1,,55.7582809,37.6971787
https://investmoscow.ru/tenders/tender/19733742,19733742,62.0,4418000.0,71258.06,"441 800,00 руб.","220 900,00 руб.","9719600,00",120.0%,"Юго-Восточный административный округ, Текстильщики, 7-я улица Текстильщиков, дом 7, корпус 2, Подвал № 0",77:04:0004007:14086,Волжская (1 мин),Подвал,3.0,,Вход через места общего пользования,Открытый аукцион в электронной форме,2025,Завершено,05.12.2024 20:00:00,21.01.2025 15:00:00,28.01.2025 10:00,30.01.2025 10:00,30.01.2025 17:00,https://www.roseltorg.ru/procedure/21000005000000023974/1,,55.6970766,37.7493702
https://investmoscow.ru/tenders/tender/19904767,19904767,11.2,1561000.0,139375.0,"156 100,00 руб.","78 050,00 руб.","1561000,00",0.0%,"Восточный административный округ, Соколиная гора, проспект Будённого, дом 30/8, Этаж № 1",77:03:0004008:2632,Шоссе Энтузиастов (13 мин),1,9.0,,Вход через места общего пользования,Открытый аукцион в электронной форме,2025,Завершено,20.10.2025 20:00:00,26.11.2025 15:00:00,03.12.2025 10:00,05.12.2025 10:00,05.12.2025 17:00,https://www.roseltorg.ru/procedure/21000005000000027216/1,,55.7620919,37.7347278
https://investmoscow.ru/tenders/tender/19847303,19847303,11.2,1561000.0,139375.0,"156 100,00 руб.","78 050,00 руб.",,,"Восточный административный округ, Соколиная гора, проспект Будённого, дом 30/8, Этаж № 1",77:03:0004008:2632,Шоссе Энтузиастов (13 мин),1,9.0,,Вход через места общего пользования,Открытый аукцион в электронной форме,2025,Завершено,26.08.2025 15:00:00,25.09.2025 15:00:00,02.10.2025 10:00,07.10.2025 10:00,07.10.2025 17:00,https://www.roseltorg.ru/procedure/21000005000000026327/1,,55.7620919,37.7347278
https://investmoscow.ru/tenders/tender/19741839,19741839,27.2,3563000.0,130992.65,"356 300,00 руб.","178 150,00 руб.","10332700,00",190.0%,"Юго-Западный административный округ, Коньково, улица Миклухо-Маклая, дом 18, корпус 1, Техническое подполье № 0",77:06:0006001:11275,Беляево (1 мин),Техническое подполье,3.0,,Отдельный,Открытый аукцион в электронной форме,2025,Завершено,15.01.2025 20:00:00,18.02.2025 15:00:00,25.02.2025 10:00,27.02.2025 10:00,27.02.2025 17:00,https://www.roseltorg.ru/procedure/21000005000000024197,,55.6460452,37.5167022
https://investmoscow.ru/tenders/tender/19997242,19997242,18.3,3653000.0,199617.49,"365 300,00 руб.","182 650,00 руб.",,,"Западный административный округ, Солнцево, муниципальный округ Солнцево, улица 50 лет Октября, дом 6, 1 этаж",77:07:0015003:33526,Говорово (9 мин),1,5.0,,Вход через подъезд,Открытый аукцион в электронной форме,2026,Завершено,04.02.2026 20:00:00,12.03.2026 15:00:00,19.03.2026 10:00,24.03.2026 10:00,24.03.2026 17:00,https://www.roseltorg.ru/procedure/21000005000000029071/1,,55.655234,37.4147697
https://investmoscow.ru/tenders/tender/19924693,19924693,57.1,4828000.0,84553.42,"482 800,00 руб.","241 400,00 руб.","7966200,00",65.0%,"Юго-Западный административный округ, Ломоносовский, улица Кравченко, дом 8, Подвал № 0",77:04:0001006:4694,Проспект Вернадского (14 мин),Подвал,10.0,,Вход через места общего пользования,Открытый аукцион в электронной форме,2025,Завершено,10.11.2025 20:00:00,11.12.2025 15:00:00,18.12.2025 10:00,23.12.2025 10:00,23.12.2025 17:00,https://www.roseltorg.ru/procedure/21000005000000027614/1,,55.6765886,37.5188693
https://investmoscow.ru/tenders/tender/19981511,19981511,11.1,4054000.0,365225.23,"405 400,00 руб.","202 700,00 руб.","7905300,00",95.0%,"Центральный административный округ, Таганский, 1-й Гончарный переулок, дом 7, Этаж № 1",77:01:0002023:1951,Таганская (5 мин),1,10.0,,Отдельный,Открытый аукцион в электронной форме,2026,Завершено,20.01.2026 20:00:00,16.03.2026 15:00:00,23.03.2026 10:00,25.03.2026 10:00,25.03.2026 17:00,https://www.roseltorg.ru/procedure/21000005000000028797/1,,55.7400923,37.6497681
https://investmoscow.ru/tenders/tender/19805661,19805661,20.3,3872000.0,190738.92,"387 200,00 руб.","193 600,00 руб.","5808000,00",50.0%,"Северный административный округ, Войковский, Ленинградское шоссе, дом 15, Этаж № 3",77:09:0003017:8538,Войковская (0 мин),3,10.0,,Вход через места общего пользования,Открытый аукцион в электронной форме,2025,Завершено,11.06.2025 20:00:00,14.07.2025 15:00:00,21.07.2025 10:00,23.07.2025 10:00,23.07.2025 17:00,https://www.roseltorg.ru/procedure/21000005000000025727/1,,55.8296668,37.4889468
https://investmoscow.ru/tenders/tender/19743023,19743023,85.4,4204000.0,49227.17,"420 400,00 руб.","210 200,00 руб.","10089600,00",140.0%,"Западный административный округ, Можайский, Сколковское шоссе, дом 7, Подвал № 0",77:07:0008005:10214,Молодёжная (1 мин),Подвал,5.0,,Отдельный,Открытый аукцион в электронной форме,2025,Завершено,24.01.2025 20:00:00,05.03.2025 15:00:00,12.03.2025 10:00,14.03.2025 10:00,14.03.2025 17:00,https://www.roseltorg.ru/procedure/21000005000000024303/1,,55.7135755,37.4066526
https://investmoscow.ru/tenders/tender/19856890,19856890,15.4,3338000.0,216753.25,"333 800,00 руб.","166 900,00 руб.",,,"Южный административный округ, Москворечье-Сабурово, улица Кошкина, дом 12, корпус 1, Этаж № 1, помещение 1Б/1",77:05:0005010:8889,Кантемировская (17 мин),1 этаж,17.0,,Вход через места общего пользования,Открытый аукцион в электронной форме,2025,Завершено,05.09.2025 20:00:00,13.10.2025 15:00:00,20.10.2025 10:00,22.10.2025 10:00,22.10.2025 17:00,https://www.roseltorg.ru/procedure/21000005000000026525/1,,55.639699,37.6689412
https://investmoscow.ru/tenders/tender/19757670,19757670,83.7,4052000.0,48410.99,"405 200,00 руб.","202 600,00 руб.",,,"Южный административный округ, Орехово-Борисово Северное, Шипиловская улица, дом 17, корпус 3, Техническое подполье № 0",77:05:0011001:11549,Орехово (1 мин),Техническое подполье,9.0,,Отдельный,Открытый аукцион в электронной форме,2025,Завершено,06.02.2025 20:00:00,11.03.2025 15:00:00,18.03.2025 10:00,20.03.2025 10:00,20.03.2025 17:00,https://www.roseltorg.ru/procedure/21000005000000024386/1,,55.6199128,37.7086911
https://investmoscow.ru/tenders/tender/19775671,19775671,9.3,1583000.0,170215.05,"158 300,00 руб.","79 150,00 руб.","3166000,00",100.0%,"Западный административный округ, Можайский, Можайское шоссе, дом 45, корпус 1, Этаж № 1",77:07:0008005:6389,Молодёжная (0 мин),1,18.0,,Вход через места общего пользования,Открытый аукцион в электронной форме,2025,Завершено,18.03.2025 20:00:00,21.04.2025 15:00:00,28.04.2025 10:00,30.04.2025 10:00,30.04.2025 17:00,https://www.roseltorg.ru/procedure/21000005000000024907/1,,55.7156662,37.4079996
https://investmoscow.ru/tenders/tender/19881735,19881735,16.8,1832000.0,109047.62,"183 200,00 руб.","91 600,00 руб.","2015200,00",10.0%,"Южный административный округ, Даниловский, Автозаводская улица, дом 13/1, Подвал № 0, помещение 1/П",77:05:0002003:4379,Автозаводская (1 мин),Подвал,8.0,,Вход через подъезд,Открытый аукцион в электронной форме,2025,Завершено,01.10.2025 20:00:00,06.11.2025 15:00:00,13.11.2025 10:00,18.11.2025 10:00,18.11.2025 17:00,https://www.roseltorg.ru/procedure/21000005000000026874/1,,55.7058365,37.6564248
https://investmoscow.ru/tenders/tender/19879646,19879646,28.5,4554900.0,159821.05,"455 490,00 руб.","227 745,00 руб.","4554900,00",0.0%,"Восточный административный округ, Сокольники, улица Короленко, дом 7, корпус 3, Этаж № 1",77:03:0003010:5093,Сокольники (14 мин),1 этаж,5.0,,Вход через подъезд,Открытый аукцион в электронной форме,2025,Завершено,26.09.2025 20:00:00,30.10.2025 15:00:00,06.11.2025 10:00,11.11.2025 10:00,11.11.2025 17:00,https://www.roseltorg.ru/procedure/21000005000000026816/1,,55.7957871,37.6945949
https://investmoscow.ru/tenders/tender/19973072,19973072,18.3,3703000.0,202349.73,"370 300,00 руб.","185 150,00 руб.","5184200,00",40.0%,"Северо-Восточный административный округ, Бибирево, Алтуфьевское шоссе, дом 100, Этаж № 1, пом. 9/1",77:02:0003002:2888,Алтуфьево (9 мин),1,22.0,,Вход через места общего пользования,Открытый аукцион в электронной форме,2026,Завершено,20.01.2026 20:00:00,12.03.2026 15:00:00,19.03.2026 10:00,24.03.2026 10:00,24.03.2026 17:00,https://www.roseltorg.ru/procedure/21000005000000028796/1,,55.9042737,37.5899243
https://investmoscow.ru/tenders/tender/19750710,19750710,70.5,3442000.0,48822.7,"344 200,00 руб.","172 100,00 руб.",,,"Юго-Западный административный округ, Обручевский, Профсоюзная улица, дом 64, корпус 2, Подвал № 3",77:06:0003012:6113,Новые Черёмушки (1 мин),Подвал,40.0,,Вход через подъезд,Открытый аукцион в электронной форме,2025,Завершено,24.01.2025 20:00:00,25.02.2025 15:00:00,04.03.2025 10:00,06.03.2025 10:00,06.03.2025 17:00,https://www.roseltorg.ru/procedure/21000005000000024282/1,,55.6664313,37.5475871
https://investmoscow.ru/tenders/tender/19781894,19781894,34.2,2410000.0,70467.84,"241 000,00 руб.","120 500,00 руб.","2410000,00",0.0%,"Северный административный округ, Сокол, Ленинградский проспект, дом 75, корпус 1Б, Подвал № 0",77:09:0005002:11351,Сокол (0 мин),Подвал,10.0,,Отдельный,Открытый аукцион в электронной форме,2025,Завершено,02.04.2025 20:00:00,14.05.2025 15:00:00,21.05.2025 10:00,23.05.2025 10:00,23.05.2025 17:00,https://www.roseltorg.ru/procedure/21000005000000025088/1,,55.8051354,37.5107086
https://investmoscow.ru/tenders/tender/19970050,19970050,21.5,2638000.0,122697.67,"263 800,00 руб.","131 900,00 руб.","6595000,00",150.0%,"Центральный административный округ, Басманный, г. Москва, пер. Аптекарский, д. 8/2, стр. 1, Подвал № 0",77:01:0003011:3167,Бауманская (8 мин),Подвал,14.0,,Отдельный,Открытый аукцион в электронной форме,2026,Завершено,24.12.2025 20:00:00,03.03.2026 15:00:00,10.03.2026 10:00,12.03.2026 10:00,12.03.2026 17:00,https://www.roseltorg.ru/procedure/21000005000000028618/1,,55.7595155,37.6311674
https://investmoscow.ru/tenders/tender/19773239,19773239,52.3,3593000.0,68699.81,"359 300,00 руб.","179 650,00 руб.","3593000,00",0.0%,"Южный административный округ, Нагорный, Варшавское шоссе, дом 72, корпус 1, Подвал № 0",77:05:0003004:11962,Нахимовский проспект (0 мин),Подвал,5.0,,Вход через места общего пользования,Открытый аукцион в электронной форме,2025,Завершено,14.03.2025 20:00:00,15.04.2025 15:00:00,22.04.2025 10:00,24.04.2025 10:00,24.04.2025 17:00,https://www.roseltorg.ru/procedure/21000005000000024849,,55.6567936,37.6187882
https://investmoscow.ru/tenders/tender/19967729,19967729,86.6,4551000.0,52551.96,"455 100,00 руб.","227 550,00 руб.","4551000,00",0.0%,"Юго-Западный административный округ, Гагаринский, Ленинский проспект, дом 70/11, Подвал № 0,помещение 8/17/П",77:05:0001009:8088,Университет (11 мин),Подвал,9.0,,Вход через места общего пользования,Открытый аукцион в электронной форме,2026,Завершено,23.12.2025 20:00:00,03.03.2026 15:00:00,10.03.2026 10:00,12.03.2026 10:00,12.03.2026 17:00,https://www.roseltorg.ru/procedure/21000005000000028582/1,,55.6879261,37.5407755
https://investmoscow.ru/tenders/tender/19724311,19724311,86.6,4475000.0,51674.36,"447 500,00 руб.","111 875,00 руб.","4475000,00",0.0%,"Юго-Западный административный округ, Гагаринский, Ленинский проспект, дом 70/11, Подвал № 0",77:05:0001009:8088,Университет (11 мин),Подвал,9.0,,Вход через подъезд,Публичное предложение,2025,Завершено,18.11.2024 20:00:00,15.01.2025 15:00:00,22.01.2025 10:00,24.01.2025 10:00,24.01.2025 17:00,https://www.roseltorg.ru/procedure/21000005000000023718,,55.6879261,37.5407755
https://investmoscow.ru/tenders/tender/19875454,19875454,20.3,1142000.0,56256.16,"114 200,00 руб.","57 100,00 руб.","2626600,00",130.0%,"Северо-Восточный административный округ, Бабушкинский, Радужная улица, дом 15, корпус 2, Подвал № 0",77:02:0015004:4029,Свиблово (11 мин),Подвал,4.0,,Вход через места общего пользования,Открытый аукцион в электронной форме,2025,Завершено,23.09.2025 20:00:00,29.10.2025 15:00:00,05.11.2025 10:00,07.11.2025 10:00,07.11.2025 17:00,https://www.roseltorg.ru/procedure/21000005000000026748/1,,55.8595919,37.6635003
https://investmoscow.ru/tenders/tender/19747134,19747134,19.2,4269000.0,222343.75,"426 900,00 руб.","213 450,00 руб.",,,"Западный административный округ, Раменки, улица Довженко, дом 6, Этаж № 2",77:07:0006004:14877,Минская (1 мин),2,9.0,,Вход через места общего пользования,Открытый аукцион в электронной форме,2025,Завершено,22.01.2025 20:00:00,24.02.2025 15:00:00,03.03.2025 10:00,05.03.2025 10:00,05.03.2025 17:00,https://www.roseltorg.ru/procedure/21000005000000024240/1,,55.7235118,37.5143334
https://investmoscow.ru/tenders/tender/19974550,19974550,14.7,4441000.0,302108.84,"444 100,00 руб.","222 050,00 руб.","6661500,00",50.0%,"Центральный административный округ, Тверской, Тихвинский переулок, дом 10-12, корпус 5, Этаж № 1, пом. 5Н",77:01:0004007:6510,Менделеевская (9 мин),1 этаж,5.0,,Отдельный,Открытый аукцион в электронной форме,2026,Завершено,20.01.2026 20:00:00,12.03.2026 15:00:00,19.03.2026 10:00,24.03.2026 10:00,24.03.2026 17:00,https://www.roseltorg.ru/procedure/21000005000000028798/1,,55.7861212,37.5987762
https://investmoscow.ru/tenders/tender/19803175,19803175,46.2,4508000.0,97575.76,"450 800,00 руб.","225 400,00 руб.",,,"Центральный административный округ, Пресненский, Электрический переулок, дом 12, Подвал № 0","77:01:0004020:3224, 77:01:0004020:3222",Белорусская (0 мин),Подвал,4.0,,Вход через места общего пользования,Открытый аукцион в электронной форме,2025,Завершено,30.05.2025 20:00:00,02.07.2025 15:00:00,09.07.2025 10:00,11.07.2025 10:00,11.07.2025 17:00,https://www.roseltorg.ru/procedure/21000005000000025644/1,,55.772595,37.5764561
https://investmoscow.ru/tenders/tender/19758534,19758534,30.0,4062000.0,135400.0,"406 200,00 руб.","203 100,00 руб.",,,"Западный административный округ, Филевский парк, Российская Федерация, город Москва, внутригородская территория муниципальный округ Филевский Парк, Багратионовский проезд, дом 12, Этаж № 4",77:07:0005008:5720,Фили (18 мин),4,4.0,,Вход через подъезд,Открытый аукцион в электронной форме,2025,Завершено,06.02.2025 20:00:00,12.03.2025 15:00:00,19.03.2025 10:00,21.03.2025 10:00,21.03.2025 17:00,https://www.roseltorg.ru/procedure/21000005000000024416/1,,55.7450272,37.5084521
https://investmoscow.ru/tenders/tender/19775433,19775433,28.7,3192000.0,111219.51,"319 200,00 руб.","159 600,00 руб.","4468800,00",40.0%,"Южный административный округ, Даниловский, Люсиновская улица, дом 53, Подвал № 0",77:01:0006010:3113,Серпуховская (0 мин),Подвал,10.0,,Вход через места общего пользования,Открытый аукцион в электронной форме,2025,Завершено,18.03.2025 20:00:00,21.04.2025 15:00:00,28.04.2025 10:00,30.04.2025 10:00,30.04.2025 17:00,https://www.roseltorg.ru/procedure/21000005000000024893/1,,55.7186265,37.6232779
https://investmoscow.ru/tenders/tender/19853603,19853603,55.8,2778000.0,49784.95,"277 800,00 руб.","69 450,00 руб.","2083500,00",-25.0%,"Восточный административный округ, Измайлово, 3-я Парковая улица, дом 6, Подвал № 0",77:03:0005006:6479,Измайловская (3 мин),Подвал,5.0,,Вход через места общего пользования,Публичное предложение,2025,Завершено,02.09.2025 20:00:00,08.10.2025 15:00:00,15.10.2025 10:00,17.10.2025 10:00,17.10.2025 17:00,https://www.roseltorg.ru/procedure/21000005000000026435/1,,55.7895924,37.7846536
https://investmoscow.ru/tenders/tender/19804540,19804540,55.8,2778000.0,49784.95,"277 800,00 руб.","138 900,00 руб.",,,"Восточный административный округ, Измайлово, 3-я Парковая улица, дом 6, Подвал № 0",77:03:0005006:6479,Измайловская (3 мин),Подвал,5.0,,Вход через места общего пользования,Открытый аукцион в электронной форме,2025,Завершено,04.06.2025 20:00:00,09.07.2025 15:00:00,16.07.2025 10:00,18.07.2025 10:00,18.07.2025 17:00,https://www.roseltorg.ru/procedure/21000005000000025699/1,,55.7895924,37.7846536
https://investmoscow.ru/tenders/tender/19781520,19781520,55.8,2778000.0,49784.95,"277 800,00 руб.","138 900,00 руб.",,,"Восточный административный округ, Измайлово, 3-я Парковая улица, дом 6, Подвал № 0",77:03:0005006:6479,Измайловская (3 мин),Подвал,5.0,,Вход через места общего пользования,Открытый аукцион в электронной форме,2025,Завершено,03.04.2025 20:00:00,21.05.2025 15:00:00,28.05.2025 10:00,30.05.2025 10:00,30.05.2025 17:00,https://www.roseltorg.ru/procedure/21000005000000025112/1,,55.7895924,37.7846536
https://investmoscow.ru/tenders/tender/19864703,19864703,12.4,1885000.0,152016.13,"188 500,00 руб.","94 250,00 руб.","3016000,00",60.0%,"Западный административный округ, Солнцево, Волынская улица, дом 9, Этаж № 1, помещение 13Н",77:07:0015003:5765,Солнцево (26 мин),1 этаж,17.0,,Отдельный,Открытый аукцион в электронной форме,2025,Завершено,15.09.2025 20:00:00,16.10.2025 15:00:00,23.10.2025 10:00,28.10.2025 10:00,28.10.2025 17:00,https://www.roseltorg.ru/procedure/21000005000000026641/1,,55.6425686,37.4165143
https://investmoscow.ru/tenders/tender/19746185,19746185,26.3,2319000.0,88174.9,"231 900,00 руб.","115 950,00 руб.",,,"Южный административный округ, Бирюлево Восточное, Загорьевская улица, дом 10, корпус 4, Подвал №0",77:05:0010004:30850,Царицыно (1 мин),Подвал,2.0,,Вход через места общего пользования,Открытый аукцион в электронной форме,2025,Завершено,28.01.2025 20:00:00,03.03.2025 15:00:00,10.03.2025 10:00,12.03.2025 10:00,12.03.2025 17:00,https://www.roseltorg.ru/procedure/21000005000000024334,,55.5782727,37.6766891
https://investmoscow.ru/tenders/tender/19947408,19947408,33.9,3654000.0,107787.61,"365 400,00 руб.","182 700,00 руб.","12789000,00",250.0%,"Южный административный округ, Чертаново Южное, Варшавское шоссе, дом 152, корпус 18, Этаж № 1",77:05:0008007:15112,Аннино (12 мин),1 этаж,6.0,,Отдельный,Открытый аукцион в электронной форме,2026,Завершено,28.11.2025 20:00:00,10.02.2026 15:00:00,17.02.2026 10:00,19.02.2026 10:00,19.02.2026 17:00,https://www.roseltorg.ru/procedure/21000005000000028145/1,,55.5925961,37.5989503
https://investmoscow.ru/tenders/tender/19881124,19881124,33.9,3654000.0,107787.61,"365 400,00 руб.","182 700,00 руб.",,,"Южный административный округ, Чертаново Южное, Варшавское шоссе, дом 152, корпус 18, Этаж № 1",77:05:0008007:15112,Аннино (12 мин),1 этаж,6.0,,Отдельный,Открытый аукцион в электронной форме,2025,Завершено,01.10.2025 20:00:00,06.11.2025 15:00:00,13.11.2025 10:00,18.11.2025 10:00,18.11.2025 17:00,https://www.roseltorg.ru/procedure/21000005000000026872/1,,55.5925961,37.5989503
https://investmoscow.ru/tenders/tender/19766110,19766110,44.3,4496000.0,101489.84,"449 600,00 руб.","224 800,00 руб.","12588800,00",180.0%,"Южный административный округ, Чертаново Южное, Варшавское шоссе, дом 152, корпус 18, Этаж № 1",77:05:0008007:15110,Аннино (1 мин),1,6.0,,Отдельный,Открытый аукцион в электронной форме,2025,Завершено,24.02.2025 20:00:00,31.03.2025 15:00:00,07.04.2025 10:00,09.04.2025 10:00,09.04.2025 17:00,https://www.roseltorg.ru/procedure/21000005000000024616/1,,55.5925961,37.5989503
https://investmoscow.ru/tenders/tender/19735724,19735724,37.1,3143000.0,84716.98,"314 300,00 руб.","157 150,00 руб.","3143000,00",0.0%,"Южный административный округ, Чертаново Южное, Варшавское шоссе, дом 152, корпус 18, не указано",77:05:0008007:15109,Аннино (11 мин),5,6.0,,Вход через подъезд,Открытый аукцион в электронной форме,2025,Завершено,09.12.2024 20:00:00,23.01.2025 15:00:00,30.01.2025 10:00,04.02.2025 10:00,04.02.2025 17:00,https://www.roseltorg.ru/procedure/21000005000000023991/1,,55.5925961,37.5989503
https://investmoscow.ru/tenders/tender/19733721,19733721,37.0,3136000.0,84756.76,"313 600,00 руб.","156 800,00 руб.","3136000,00",0.0%,"Южный административный округ, Чертаново Южное, Варшавское шоссе, дом 152, корпус 18, Этаж № 4",77:05:0008007:15111,Аннино (11 мин),4,6.0,,Вход через подъезд,Открытый аукцион в электронной форме,2025,Завершено,05.12.2024 20:00:00,21.01.2025 15:00:00,28.01.2025 10:00,30.01.2025 10:00,30.01.2025 17:00,https://www.roseltorg.ru/procedure/21000005000000023972/1,,55.5925961,37.5989503
https://investmoscow.ru/tenders/tender/19925942,19925942,44.2,3751000.0,84864.25,"750 200,00 руб.","93 775,00 руб.",,,"Северо-Западный административный округ, Хорошево-Мневники, проспект Маршала Жукова, дом 78, Подвал №1",77:08:0010001:9440,Народное Ополчение (0 мин),Подвал,48.0,,Вход через места общего пользования,Публичное предложение,2026,Завершено,26.11.2025 20:00:00,14.01.2026 15:00:00,21.01.2026 10:00,26.01.2026 10:00,26.01.2026 17:00,https://www.roseltorg.ru/procedure/178fz26112500121/1,,55.7800636,37.4500583
https://investmoscow.ru/tenders/tender/19932600,19932600,45.7,3879000.0,84879.65,"775 800,00 руб.","96 975,00 руб.",,,"Северо-Западный административный округ, Хорошево-Мневники, проспект Маршала Жукова, дом 78, Подвал №1",77:08:0010001:9457,Народное Ополчение (29 мин),Подвал,48.0,,Вход через подъезд,Публичное предложение,2026,Завершено,02.12.2025 20:00:00,13.01.2026 15:00:00,20.01.2026 10:00,23.01.2026 10:00,23.01.2026 17:00,https://www.roseltorg.ru/procedure/178fz02122500001/1,,55.7800636,37.4500583
https://investmoscow.ru/tenders/tender/19927188,19927188,50.7,4240000.0,83629.19,"848 000,00 руб.","106 000,00 руб.",,,"Северо-Западный административный округ, Хорошево-Мневники, проспект Маршала Жукова, дом 78, Подвал № 2",77:08:0010001:9474,Народное Ополчение (29 мин),Подвал,48.0,,Вход через места общего пользования,Публичное предложение,2026,Завершено,26.11.2025 20:00:00,13.01.2026 15:00:00,20.01.2026 10:00,23.01.2026 10:00,23.01.2026 17:00,https://www.roseltorg.ru/procedure/178fz26112500130/1,,55.7800636,37.4500583
https://investmoscow.ru/tenders/tender/19927125,19927125,45.1,3828000.0,84878.05,"765 600,00 руб.","95 700,00 руб.",,,"Северо-Западный административный округ, Хорошево-Мневники, проспект Маршала Жукова, дом 78, Подвал №1",77:08:0010001:9442,Народное Ополчение (0 мин),Подвал,48.0,,Вход через места общего пользования,Публичное предложение,2026,Завершено,26.11.2025 20:00:00,13.01.2026 15:00:00,20.01.2026 10:00,23.01.2026 10:00,23.01.2026 17:00,https://www.roseltorg.ru/procedure/178fz26112500126/1,,55.7800636,37.4500583
https://investmoscow.ru/tenders/tender/19932633,19932633,60.4,4922000.0,81490.07,"984 400,00 руб.","123 050,00 руб.",,,"Северо-Западный административный округ, Хорошево-Мневники, проспект Маршала Жукова, дом 78, Подвал № 2",77:08:0010001:9477,Народное Ополчение (29 мин),Подвал,48.0,,Вход через места общего пользования,Публичное предложение,2026,Завершено,27.11.2025 20:00:00,13.01.2026 15:00:00,20.01.2026 10:00,23.01.2026 10:00,23.01.2026 17:00,https://www.roseltorg.ru/procedure/178fz27112500012/1,,55.7800636,37.4500583
https://investmoscow.ru/tenders/tender/19855508,19855508,43.6,3700000.0,84862.39,"740 000,00 руб.","92 500,00 руб.",,,"Северо-Западный административный округ, Хорошево-Мневники, проспект Маршала Жукова, дом 78, Подвал № 2",77:08:0010001:9472,Народное Ополчение (29 мин),Подвал,48.0,,Вход через места общего пользования,Публичное предложение,2025,Завершено,11.09.2025 20:00:00,13.10.2025 15:00:00,20.10.2025 10:00,23.10.2025 10:00,23.10.2025 17:00,https://www.roseltorg.ru/procedure/178fz11092500032/1,,55.7800636,37.4500583
https://investmoscow.ru/tenders/tender/19817789,19817789,45.4,3853000.0,84867.84,"770 600,00 руб.","192 650,00 руб.",,,"Северо-Западный административный округ, Хорошево-Мневники, проспект Маршала Жукова, дом 78, Подвал № 4",77:08:0010001:9430,Народное Ополчение (29 мин),Подвал,48.0,,Вход через места общего пользования,Открытый аукцион в электронной форме,2025,Завершено,23.07.2025 20:00:00,27.08.2025 15:00:00,03.09.2025 10:00,08.09.2025 10:00,08.09.2025 17:00,https://www.roseltorg.ru/procedure/178fz23072500012/1,,55.7800636,37.4500583
https://investmoscow.ru/tenders/tender/19817314,19817314,50.7,4240000.0,83629.19,"848 000,00 руб.","212 000,00 руб.",,,"Северо-Западный административный округ, Хорошево-Мневники, проспект Маршала Жукова, дом 78, Подвал № 2",77:08:0010001:9474,Народное Ополчение (29 мин),Подвал,48.0,,Вход через места общего пользования,Открытый аукцион в электронной форме,2025,Завершено,23.07.2025 20:00:00,27.08.2025 15:00:00,03.09.2025 10:00,08.09.2025 10:00,08.09.2025 17:00,https://www.roseltorg.ru/procedure/178fz23072500042/1,,55.7800636,37.4500583
https://investmoscow.ru/tenders/tender/19816742,19816742,45.1,3828000.0,84878.05,"765 600,00 руб.","191 400,00 руб.",,,"Северо-Западный административный округ, Хорошево-Мневники, проспект Маршала Жукова, дом 78, Подвал №1",77:08:0010001:9442,Народное Ополчение (0 мин),Подвал,48.0,,Вход через места общего пользования,Открытый аукцион в электронной форме,2025,Завершено,24.07.2025 20:00:00,27.08.2025 15:00:00,03.09.2025 10:00,08.09.2025 10:00,08.09.2025 17:00,https://www.roseltorg.ru/procedure/178fz23072500045/1,,55.7800636,37.4500583
https://investmoscow.ru/tenders/tender/19817803,19817803,60.4,4922000.0,81490.07,"984 400,00 руб.","246 100,00 руб.",,,"Северо-Западный административный округ, Хорошево-Мневники, проспект Маршала Жукова, дом 78, Подвал № 2",77:08:0010001:9477,Народное Ополчение (29 мин),Подвал,48.0,,Вход через места общего пользования,Открытый аукцион в электронной форме,2025,Завершено,23.07.2025 10:00:00,25.08.2025 15:00:00,01.09.2025 10:00,04.09.2025 10:00,04.09.2025 17:00,https://www.roseltorg.ru/procedure/178fz23072500044/1,,55.7800636,37.4500583
https://investmoscow.ru/tenders/tender/19817795,19817795,43.6,3700000.0,84862.39,"74 000,00 руб.","185 000,00 руб.",,,"Северо-Западный административный округ, Хорошево-Мневники, проспект Маршала Жукова, дом 78, Подвал № 2",77:08:0010001:9472,Народное Ополчение (29 мин),Подвал,48.0,,Вход через места общего пользования,Открытый аукцион в электронной форме,2025,Завершено,23.07.2025 20:00:00,25.08.2025 15:00:00,01.09.2025 10:00,04.09.2025 10:00,04.09.2025 17:00,https://www.roseltorg.ru/procedure/178fz23072500014/1,,55.7800636,37.4500583
https://investmoscow.ru/tenders/tender/19816074,19816074,45.7,3879000.0,84879.65,"775 800,00 руб.","193 950,00 руб.",,,"Северо-Западный административный округ, Хорошево-Мневники, проспект Маршала Жукова, дом 78, Подвал №1",77:08:0010001:9457,Народное Ополчение (29 мин),Подвал,48.0,,Вход через подъезд,Открытый аукцион в электронной форме,2025,Завершено,23.07.2025 20:00:00,25.08.2025 15:00:00,01.09.2025 10:00,04.09.2025 10:00,04.09.2025 17:00,https://www.roseltorg.ru/procedure/178fz23072500040/1,,55.7800636,37.4500583
https://investmoscow.ru/tenders/tender/19814461,19814461,44.2,3751000.0,84864.25,"750 200,00 руб.","187 550,00 руб.",,,"Северо-Западный административный округ, Хорошево-Мневники, проспект Маршала Жукова, дом 78, Подвал №1",77:08:0010001:9440,Народное Ополчение (0 мин),Подвал,48.0,,Вход через места общего пользования,Открытый аукцион в электронной форме,2025,Завершено,16.07.2025 20:00:00,19.08.2025 15:00:00,26.08.2025 10:00,29.08.2025 10:00,29.08.2025 17:00,https://www.roseltorg.ru/procedure/178fz16072500007/1,,55.7800636,37.4500583
https://investmoscow.ru/tenders/tender/19801816,19801816,33.1,2940000.0,88821.75,"588 000,00 руб.","147 000,00 руб.",,,"Северо-Западный административный округ, Хорошево-Мневники, проспект Маршала Жукова, дом 78, Подвал №1",77:08:0010001:9448,Народное Ополчение (0 мин),Подвал,48.0,,Вход через подъезд,Открытый аукцион в электронной форме,2025,Завершено,04.06.2025 20:00:00,08.07.2025 15:00:00,15.07.2025 10:00,18.07.2025 10:00,18.07.2025 17:00,https://www.roseltorg.ru/procedure/178fz04062500038/1,,55.7800636,37.4500583
https://investmoscow.ru/tenders/tender/19803904,19803904,28.1,2556000.0,90960.85,"511 200,00 руб.","127 800,00 руб.",,,"Северо-Западный административный округ, Хорошево-Мневники, проспект Маршала Жукова, дом 78, Подвал № 2",77:08:0010001:9478,Народное Ополчение (29 мин),Подвал,48.0,,Вход через подъезд,Открытый аукцион в электронной форме,2025,Завершено,05.06.2025 20:00:00,08.07.2025 15:00:00,15.07.2025 10:00,18.07.2025 10:00,18.07.2025 17:00,https://www.roseltorg.ru/procedure/178fz05062500031/1,,55.7800636,37.4500583
https://investmoscow.ru/tenders/tender/19801603,19801603,23.1,2172000.0,94025.97,"434 400,00 руб.","108 600,00 руб.",,,"Северо-Западный административный округ, Хорошево-Мневники, проспект Маршала Жукова, дом 78, Подвал № 2",77:08:0010001:9471,Народное Ополчение (29 мин),Подвал,48.0,,Вход через подъезд,Открытый аукцион в электронной форме,2025,Завершено,04.06.2025 20:00:00,08.07.2025 15:00:00,15.07.2025 10:00,18.07.2025 10:00,18.07.2025 17:00,https://www.roseltorg.ru/procedure/178fz04062500058/1,,55.7800636,37.4500583
https://investmoscow.ru/tenders/tender/19800608,19800608,20.6,1964000.0,95339.81,"392 800,00 руб.","98 200,00 руб.",,,"Северо-Западный административный округ, Хорошево-Мневники, проспект Маршала Жукова, дом 78, Подвал № 3",77:08:0010001:9450,Народное Ополчение (0 мин),Подвал,48.0,,Вход через подъезд,Открытый аукцион в электронной форме,2025,Завершено,04.06.2025 20:00:00,08.07.2025 15:00:00,15.07.2025 10:00,18.07.2025 10:00,18.07.2025 17:00,https://www.roseltorg.ru/procedure/178fz04062500037/1,,55.7800636,37.4500583
https://investmoscow.ru/tenders/tender/19799229,19799229,45.4,3853000.0,84867.84,"770 600,00 руб.","192 650,00 руб.",,,"Северо-Западный административный округ, Хорошево-Мневники, проспект Маршала Жукова, дом 78, Подвал",77:08:0010001:9430,Народное Ополчение (29 мин),Подвал,48.0,,Вход через места общего пользования,Открытый аукцион в электронной форме,2025,Завершено,26.05.2025 20:00:00,07.07.2025 15:00:00,14.07.2025 10:00,17.07.2025 10:00,17.07.2025 17:00,https://www.roseltorg.ru/procedure/178fz26052500015/1,,55.7800636,37.4500583
https://investmoscow.ru/tenders/tender/19799086,19799086,50.7,4240000.0,83629.19,"848 000,00 руб.","212 000,00 руб.",,,"Северо-Западный административный округ, Хорошево-Мневники, проспект Маршала Жукова, дом 78, Подвал № 2",77:08:0010001:9474,Народное Ополчение (29 мин),Подвал,48.0,,Вход через места общего пользования,Открытый аукцион в электронной форме,2025,Завершено,27.05.2025 20:00:00,07.07.2025 15:00:00,14.07.2025 10:00,17.07.2025 10:00,17.07.2025 17:00,https://www.roseltorg.ru/procedure/178fz27052500010/1,,55.7800636,37.4500583
https://investmoscow.ru/tenders/tender/19799224,19799224,45.1,3828000.0,84878.05,"765 600,00 руб.","191 400,00 руб.",,,"Северо-Западный административный округ, Хорошево-Мневники, проспект Маршала Жукова, дом 78, Подвал №1",77:08:0010001:9442,Народное Ополчение (0 мин),Подвал,48.0,,Вход через места общего пользования,Открытый аукцион в электронной форме,2025,Завершено,27.05.2025 20:00:00,07.07.2025 15:00:00,14.07.2025 10:00,17.07.2025 10:00,17.07.2025 17:00,https://www.roseltorg.ru/procedure/178fz27052500009/1,,55.7800636,37.4500583
https://investmoscow.ru/tenders/tender/19799841,19799841,60.4,4922000.0,81490.07,"984 400,00 руб.","246 100,00 руб.",,,"Северо-Западный административный округ, Хорошево-Мневники, проспект Маршала Жукова, дом 78, Подвал № 2",77:08:0010001:9477,Народное Ополчение (29 мин),Подвал,48.0,,Вход через места общего пользования,Открытый аукцион в электронной форме,2025,Завершено,27.05.2025 20:00:00,04.07.2025 15:00:00,11.07.2025 10:00,16.07.2025 10:00,16.07.2025 17:00,https://www.roseltorg.ru/procedure/178fz27052500012/1,,55.7800636,37.4500583
https://investmoscow.ru/tenders/tender/19802733,19802733,24.1,2245000.0,93153.53,"449 000,00 руб.","112 250,00 руб.",,,"Северо-Западный административный округ, Хорошево-Мневники, проспект Маршала Жукова, дом 78, Подвал №1",77:08:0010001:9417,Народное Ополчение (29 мин),Подвал,48.0,,Вход через места общего пользования,Открытый аукцион в электронной форме,2025,Завершено,02.06.2025 20:00:00,04.07.2025 15:00:00,11.07.2025 10:00,16.07.2025 10:00,16.07.2025 17:00,https://www.roseltorg.ru/procedure/178fz02062500001/1,,55.7800636,37.4500583
https://investmoscow.ru/tenders/tender/19800044,19800044,45.7,3879000.0,84879.65,"775 800,00 руб.","193 950,00 руб.",,,"Северо-Западный административный округ, Хорошево-Мневники, проспект Маршала Жукова, дом 78, Подвал №1",77:08:0010001:9457,Народное Ополчение (29 мин),Подвал,48.0,,Вход через подъезд,Открытый аукцион в электронной форме,2025,Завершено,02.06.2025 20:00:00,04.07.2025 15:00:00,11.07.2025 10:00,16.07.2025 10:00,16.07.2025 17:00,https://www.roseltorg.ru/procedure/178fz02062500004/1,,55.7800636,37.4500583
https://investmoscow.ru/tenders/tender/19801228,19801228,43.6,3700000.0,84862.39,"740 000,00 руб.","185 000,00 руб.",,,"Северо-Западный административный округ, Хорошево-Мневники, проспект Маршала Жукова, дом 78, Подвал № 2",77:08:0010001:9472,Народное Ополчение (29 мин),Подвал,48.0,,Вход через места общего пользования,Открытый аукцион в электронной форме,2025,Завершено,02.06.2025 10:00:00,04.07.2025 15:00:00,11.07.2025 10:00,16.07.2025 10:00,16.07.2025 17:00,https://www.roseltorg.ru/procedure/178fz02062500002/1,,55.7800636,37.4500583
https://investmoscow.ru/tenders/tender/19799586,19799586,44.2,3751000.0,84864.25,"750 200,00 руб.","187 550,00 руб.",,,"Северо-Западный административный округ, Хорошево-Мневники, проспект Маршала Жукова, дом 78, Подвал №1",77:08:0010001:9440,Народное Ополчение (0 мин),Подвал,48.0,,Вход через места общего пользования,Открытый аукцион в электронной форме,2025,Завершено,27.05.2025 20:00:00,01.07.2025 15:00:00,08.07.2025 10:00,11.07.2025 10:00,11.07.2025 17:00,https://www.roseltorg.ru/procedure/178fz27052500011/1,,55.7800636,37.4500583
https://investmoscow.ru/tenders/tender/19800020,19800020,32.0,2854000.0,89187.5,"570 800,00 руб.","142 700,00 руб.",,,"Северо-Западный административный округ, Хорошево-Мневники, проспект Маршала Жукова, дом 78, Подвал № 3",77:08:0010001:9451,Народное Ополчение (0 мин),Подвал,48.0,,Вход через подъезд,Открытый аукцион в электронной форме,2025,Завершено,29.05.2025 20:00:00,01.07.2025 15:00:00,08.07.2025 10:00,11.07.2025 10:00,11.07.2025 17:00,https://www.roseltorg.ru/procedure/178fz29052500033/1,,55.7800636,37.4500583
https://investmoscow.ru/tenders/tender/19783376,19783376,28.1,2556000.0,90960.85,"511 200,00 руб.","127 800,00 руб.",,,"Северо-Западный административный округ, Хорошево-Мневники, проспект Маршала Жукова, дом 78, Подвал № 2",77:08:0010001:9478,Народное Ополчение (29 мин),Подвал,48.0,,Вход через подъезд,Открытый аукцион в электронной форме,2025,Завершено,10.04.2025 20:00:00,16.05.2025 15:00:00,23.05.2025 10:00,28.05.2025 10:00,28.05.2025 17:00,https://www.roseltorg.ru/procedure/178fz10042500032/1,,55.7800636,37.4500583
https://investmoscow.ru/tenders/tender/19771257,19771257,33.1,2940000.0,88821.75,"588 000,00 руб.","147 000,00 руб.",,,"Северо-Западный административный округ, Хорошево-Мневники, проспект Маршала Жукова, дом 78, Подвал №1",77:08:0010001:9448,Народное Ополчение (0 мин),Подвал,48.0,,Вход через подъезд,Открытый аукцион в электронной форме,2025,Завершено,10.04.2025 20:00:00,16.05.2025 15:00:00,23.05.2025 10:00,28.05.2025 10:00,28.05.2025 17:00,https://www.roseltorg.ru/procedure/178fz10042500035/1,,55.7800636,37.4500583
https://investmoscow.ru/tenders/tender/19778259,19778259,23.1,2172000.0,94025.97,"434 400,00 руб.","108 600,00 руб.",,,"Северо-Западный административный округ, Хорошево-Мневники, проспект Маршала Жукова, дом 78, Подвал № 2",77:08:0010001:9471,Народное Ополчение (29 мин),Подвал,48.0,,Вход через подъезд,Открытый аукцион в электронной форме,2025,Завершено,10.04.2025 10:00:00,16.05.2025 15:00:00,23.05.2025 10:00,28.05.2025 10:00,28.05.2025 17:00,https://www.roseltorg.ru/procedure/178fz10042500048/1,,55.7800636,37.4500583
https://investmoscow.ru/tenders/tender/19783478,19783478,20.6,1964000.0,95339.81,"392 800,00 руб.","98 200,00 руб.",,,"Северо-Западный административный округ, Хорошево-Мневники, проспект Маршала Жукова, дом 78, Подвал № 3",77:08:0010001:9450,Народное Ополчение (0 мин),Подвал,48.0,,Вход через подъезд,Открытый аукцион в электронной форме,2025,Завершено,10.04.2025 20:00:00,16.05.2025 15:00:00,23.05.2025 10:00,28.05.2025 10:00,28.05.2025 17:00,https://www.roseltorg.ru/procedure/178fz10042500049/1,,55.7800636,37.4500583
https://investmoscow.ru/tenders/tender/19783354,19783354,60.4,4922000.0,81490.07,"984 400,00 руб.","246 100,00 руб.",,,"Северо-Западный административный округ, Хорошево-Мневники, проспект Маршала Жукова, дом 78, Подвал № 2",77:08:0010001:9477,Народное Ополчение (29 мин),Подвал,48.0,,Вход через места общего пользования,Открытый аукцион в электронной форме,2025,Завершено,10.04.2025 20:00:00,14.05.2025 15:00:00,21.05.2025 10:00,26.05.2025 10:00,26.05.2025 17:00,https://www.roseltorg.ru/procedure/178fz10042500018/1,,55.7800636,37.4500583
https://investmoscow.ru/tenders/tender/19783545,19783545,4.1,496000.0,120975.61,"99 200,00 руб.","24 800,00 руб.",,,"Северо-Западный административный округ, Хорошево-Мневники, проспект Маршала Жукова, дом 78, Подвал №1",77:08:0010001:9425,Народное Ополчение (0 мин),Подвал,48.0,,Вход через места общего пользования,Открытый аукцион в электронной форме,2025,Завершено,10.04.2025 20:00:00,14.05.2025 15:00:00,21.05.2025 10:00,26.05.2025 10:00,26.05.2025 17:00,https://www.roseltorg.ru/procedure/178fz10042500043/1,,55.7800636,37.4500583
https://investmoscow.ru/tenders/tender/19783496,19783496,45.7,3879000.0,84879.65,"775 800,00 руб.","193 950,00 руб.",,,"Северо-Западный административный округ, Хорошево-Мневники, проспект Маршала Жукова, дом 78, Подвал №1",77:08:0010001:9457,Народное Ополчение (29 мин),Подвал,48.0,,Вход через подъезд,Открытый аукцион в электронной форме,2025,Завершено,10.04.2025 20:00:00,14.05.2025 15:00:00,21.05.2025 10:00,26.05.2025 10:00,26.05.2025 17:00,https://www.roseltorg.ru/procedure/178fz10042500057/1,,55.7800636,37.4500583
https://investmoscow.ru/tenders/tender/19783492,19783492,1.8,245000.0,136111.11,"49 000,00 руб.","12 250,00 руб.",,,"Северо-Западный административный округ, Хорошево-Мневники, проспект Маршала Жукова, дом 78, Подвал №3",77:08:0010001:9455,Народное Ополчение (0 мин),Подвал,48.0,,Вход через места общего пользования,Открытый аукцион в электронной форме,2025,Завершено,10.04.2025 20:00:00,14.05.2025 15:00:00,21.05.2025 10:00,26.05.2025 10:00,26.05.2025 17:00,https://www.roseltorg.ru/procedure/178fz10042500055/1,,55.7800636,37.4500583
https://investmoscow.ru/tenders/tender/19783468,19783468,24.1,2245000.0,93153.53,"449 000,00 руб.","112 250,00 руб.",,,"Северо-Западный административный округ, Хорошево-Мневники, проспект Маршала Жукова, дом 78, Подвал №1",77:08:0010001:9417,Народное Ополчение (29 мин),Подвал,48.0,,Вход через места общего пользования,Открытый аукцион в электронной форме,2025,Завершено,10.04.2025 20:00:00,14.05.2025 15:00:00,21.05.2025 10:00,26.05.2025 10:00,26.05.2025 17:00,https://www.roseltorg.ru/procedure/178fz10042500034/1,,55.7800636,37.4500583
https://investmoscow.ru/tenders/tender/19781448,19781448,43.6,3700000.0,84862.39,"740 000,00 руб.","185 000,00 руб.",,,"Северо-Западный административный округ, Хорошево-Мневники, проспект Маршала Жукова, дом 78, Подвал № 2",77:08:0010001:9472,Народное Ополчение (29 мин),Подвал,48.0,,Вход через места общего пользования,Открытый аукцион в электронной форме,2025,Завершено,10.04.2025 20:00:00,14.05.2025 15:00:00,21.05.2025 10:00,26.05.2025 10:00,26.05.2025 17:00,https://www.roseltorg.ru/procedure/178fz10042500024/1,,55.7800636,37.4500583
https://investmoscow.ru/tenders/tender/19783485,19783485,32.0,2854000.0,89187.5,"570 800,00 руб.","142 700,00 руб.",,,"Северо-Западный административный округ, Хорошево-Мневники, проспект Маршала Жукова, дом 78, Подвал № 3",77:08:0010001:9451,Народное Ополчение (0 мин),Подвал,48.0,,Вход через подъезд,Открытый аукцион в электронной форме,2025,Завершено,10.04.2025 20:00:00,13.05.2025 15:00:00,20.05.2025 10:00,23.05.2025 10:00,23.05.2025 17:00,https://www.roseltorg.ru/procedure/178fz10042500052/1,,55.7800636,37.4500583
https://investmoscow.ru/tenders/tender/19783513,19783513,33.0,2931000.0,88818.18,"586 200,00 руб.","146 550,00 руб.",,,"Северо-Западный административный округ, Хорошево-Мневники, проспект Маршала Жукова, дом 78, Подвал №1",77:08:0010001:9423,Народное Ополчение (0 мин),Подвал,48.0,,Вход через места общего пользования,Открытый аукцион в электронной форме,2025,Завершено,10.04.2025 20:00:00,13.05.2025 15:00:00,20.05.2025 10:00,23.05.2025 10:00,23.05.2025 17:00,https://www.roseltorg.ru/procedure/178fz10042500042/1,,55.7800636,37.4500583
https://investmoscow.ru/tenders/tender/19771397,19771397,44.2,3751000.0,84864.25,"750 200,00 руб.","187 550,00 руб.",,,"Северо-Западный административный округ, Хорошево-Мневники, проспект Маршала Жукова, дом 78, Подвал №1",77:08:0010001:9440,Народное Ополчение (0 мин),Подвал,48.0,,Вход через места общего пользования,Открытый аукцион в электронной форме,2025,Завершено,10.04.2025 20:00:00,13.05.2025 10:00:00,20.05.2025 10:00,23.05.2025 10:00,23.05.2025 17:00,https://www.roseltorg.ru/procedure/178fz10042500054/1,,55.7800636,37.4500583
https://investmoscow.ru/tenders/tender/19771929,19771929,45.1,3828000.0,84878.05,"765 600,00 руб.","191 400,00 руб.",,,"Северо-Западный административный округ, Хорошево-Мневники, проспект Маршала Жукова, дом 78, Подвал №1",77:08:0010001:9442,Народное Ополчение (0 мин),Подвал,48.0,,Вход через места общего пользования,Открытый аукцион в электронной форме,2025,Завершено,10.04.2025 20:00:00,12.05.2025 15:00:00,19.05.2025 10:00,22.05.2025 10:00,22.05.2025 17:00,https://www.roseltorg.ru/procedure/178fz10042500051/1,,55.7800636,37.4500583
https://investmoscow.ru/tenders/tender/19783312,19783312,50.7,4240000.0,83629.19,"848 000,00 руб.","212 000,00 руб.",,,"Северо-Западный административный округ, Хорошево-Мневники, проспект Маршала Жукова, дом 78, Подвал № 2",77:08:0010001:9474,Народное Ополчение (29 мин),Подвал,48.0,,Вход через места общего пользования,Открытый аукцион в электронной форме,2025,Завершено,10.04.2025 20:00:00,12.05.2025 15:00:00,19.05.2025 10:00,22.05.2025 10:00,22.05.2025 17:00,https://www.roseltorg.ru/procedure/178fz10042500037/1,,55.7800636,37.4500583
https://investmoscow.ru/tenders/tender/19776609,19776609,52.3,4324000.0,82676.86,"864 800,00 руб.","216 200,00 руб.",,,"Северо-Западный административный округ, Хорошево-Мневники, проспект Маршала Жукова, дом 78, Подвал №1",77:08:0010001:9459,Народное Ополчение (0 мин),Подвал,48.0,,Вход через места общего пользования,Открытый аукцион в электронной форме,2025,Завершено,10.04.2025 20:00:00,12.05.2025 15:00:00,19.05.2025 10:00,22.05.2025 10:00,22.05.2025 17:00,https://www.roseltorg.ru/procedure/178fz10042500046/1,,55.7800636,37.4500583
https://investmoscow.ru/tenders/tender/19783365,19783365,45.4,3853000.0,84867.84,"770 600,00 руб.","192 650,00 руб.",,,"Северо-Западный административный округ, Хорошево-Мневники, проспект Маршала Жукова, дом 78, Подвал",77:08:0010001:9430,Народное Ополчение (29 мин),Подвал,48.0,,Вход через места общего пользования,Открытый аукцион в электронной форме,2025,Завершено,10.04.2025 10:00:00,12.05.2025 15:00:00,19.05.2025 10:00,22.05.2025 10:00,22.05.2025 17:00,https://www.roseltorg.ru/procedure/178fz10042500023/1,,55.7800636,37.4500583
https://investmoscow.ru/tenders/tender/19752845,19752845,84.5,4843000.0,57313.61,"968 600,00 руб.","242 150,00 руб.",,,"Центральный административный округ, Пресненский, Звенигородское шоссе, дом 2,  помещение 1/П, подвал № 0",77:01:0004026:3515,Улица 1905 года (0 мин),Подвал,9.0,,Вход через подъезд,Открытый аукцион в электронной форме,2025,Завершено,12.02.2025 20:00:00,17.03.2025 15:00:00,24.03.2025 10:00,27.03.2025 10:00,27.03.2025 17:00,https://www.roseltorg.ru/procedure/21000005000000024478/1,,55.766825,37.5402317
https://investmoscow.ru/tenders/tender/19784274,19784274,19.6,2703000.0,137908.16,"270 300,00 руб.","135 150,00 руб.",,,"Юго-Восточный административный округ, Некрасовка, 1-я Вольская улица, дом 18, корпус 1, этаж 1",77:04:0006003:3650,Некрасовка (0 мин),1,17.0,,Вход через места общего пользования,Открытый аукцион в электронной форме,2025,Завершено,08.04.2025 20:00:00,28.05.2025 15:00:00,04.06.2025 10:00,06.06.2025 10:00,06.06.2025 17:00,https://www.roseltorg.ru/procedure/21000005000000025162/1,,55.682288,37.9225522
https://investmoscow.ru/tenders/tender/19847668,19847668,19.4,4624000.0,238350.52,"462 400,00 руб.","231 200,00 руб.","7398400,00",60.0%,"Западный административный округ, Очаково-Матвеевское, Нежинская улица, дом 13, Этаж № 2",77:07:0012010:10404,Аминьевская (19 мин),2,9.0,,Вход через места общего пользования,Открытый аукцион в электронной форме,2025,Завершено,26.08.2025 15:00:00,25.09.2025 15:00:00,02.10.2025 10:00,07.10.2025 10:00,07.10.2025 17:00,https://www.roseltorg.ru/procedure/21000005000000026329/1,,55.7072021,37.4722864
https://investmoscow.ru/tenders/tender/19797633,19797633,11.1,3982000.0,358738.74,"398 200,00 руб.","199 100,00 руб.","6172100,00",55.0%,"Юго-Западный административный округ, Котловка, Нахимовский проспект, дом 22, цокольный этаж № 0, помещение 9Ц",77:06:0005001:5673,Нахимовский проспект (0 мин),Цоколь,15.0,,Отдельный,Открытый аукцион в электронной форме,2025,Завершено,21.05.2025 20:00:00,24.06.2025 15:00:00,01.07.2025 10:00,03.07.2025 10:00,03.07.2025 17:00,https://www.roseltorg.ru/procedure/21000005000000025533/1,,55.6696145,37.5888522
https://investmoscow.ru/tenders/tender/19726972,19726972,44.8,4517100.0,100828.12,"451 710,00 руб.","225 855,00 руб.",,,"Южный административный округ, Даниловский, улица Лестева, дом 20, Цокольный этаж № 0",77:05:0001007:5490,Шаболовская (1 мин),Цоколь,5.0,,Вход через места общего пользования,Открытый аукцион в электронной форме,2025,Завершено,21.11.2024 20:00:00,14.01.2025 15:00:00,21.01.2025 10:00,23.01.2025 10:00,23.01.2025 17:00,https://www.roseltorg.ru/procedure/21000005000000023753/1,,55.7148976,37.6101241
https://investmoscow.ru/tenders/tender/19742465,19742465,35.8,3234000.0,90335.2,"323 400,00 руб.","161 700,00 руб.",,,"Западный административный округ, Дорогомилово, Студенческая улица, дом 35, Подвал №0, помещение 3П",77:07:0007002:10788,Кутузовская (1 мин),Подвал,5.0,,Вход через подъезд,Открытый аукцион в электронной форме,2025,Завершено,24.01.2025 20:00:00,26.02.2025 15:00:00,05.03.2025 10:00,07.03.2025 10:00,07.03.2025 17:00,https://www.roseltorg.ru/procedure/21000005000000024302/1,,55.7390491,37.5412308
https://investmoscow.ru/tenders/tender/19889275,19889275,15.4,1634000.0,106103.9,"163 400,00 руб.","40 850,00 руб.","1021250,00",-37.5%,"Юго-Западный административный округ, Теплый Стан, Ленинский проспект, дом 123, Подвал № 0",77:06:0007001:13866,Тропарёво (0 мин),Подвал,29.0,,Вход через места общего пользования,Публичное предложение,2025,Завершено,07.10.2025 20:00:00,10.12.2025 15:00:00,17.12.2025 10:00,19.12.2025 10:00,19.12.2025 17:00,https://www.roseltorg.ru/procedure/21000005000000027002/1,,55.6467619,37.4790652
https://investmoscow.ru/tenders/tender/19890673,19890673,12.3,1329000.0,108048.78,"132 900,00 руб.","33 225,00 руб.","1229325,00",-7.5%,"Юго-Западный административный округ, Теплый Стан, Ленинский проспект, дом 123, Подвал № 0",77:06:0007001:13859,Тропарёво (0 мин),Подвал,29.0,,Вход через места общего пользования,Публичное предложение,2025,Завершено,08.10.2025 20:00:00,01.12.2025 15:00:00,08.12.2025 10:00,10.12.2025 10:00,10.12.2025 17:00,https://www.roseltorg.ru/procedure/21000005000000027018/1,,55.6467619,37.4790652
https://investmoscow.ru/tenders/tender/19890685,19890685,11.9,1293000.0,108655.46,"129 300,00 руб.","32 325,00 руб.","1810200,00",40.0%,"Юго-Западный административный округ, Теплый Стан, Ленинский проспект, дом 123, Подвал № 1",77:06:0007001:13860,Тропарёво (0 мин),Подвал,29.0,,Вход через места общего пользования,Публичное предложение,2025,Завершено,08.10.2025 20:00:00,01.12.2025 15:00:00,08.12.2025 10:00,10.12.2025 10:00,10.12.2025 17:00,https://www.roseltorg.ru/procedure/21000005000000027017/1,,55.6467619,37.4790652
https://investmoscow.ru/tenders/tender/19815260,19815260,15.4,1634000.0,106103.9,"163 400,00 руб.","81 700,00 руб.",,,"Юго-Западный административный округ, Теплый Стан, Ленинский проспект, дом 123, Подвал № 0",77:06:0007001:13866,Тропарёво (0 мин),Подвал,29.0,,Вход через места общего пользования,Открытый аукцион в электронной форме,2025,Завершено,10.07.2025 20:00:00,26.08.2025 15:00:00,02.09.2025 10:00,04.09.2025 10:00,04.09.2025 17:00,https://www.roseltorg.ru/procedure/21000005000000025880/1,,55.6467619,37.4790652
https://investmoscow.ru/tenders/tender/19815246,19815246,11.9,1293000.0,108655.46,"129 300,00 руб.","64 650,00 руб.",,,"Юго-Западный административный округ, Теплый Стан, Ленинский проспект, дом 123, Подвал № 1",77:06:0007001:13860,Тропарёво (0 мин),Подвал,29.0,,Вход через места общего пользования,Открытый аукцион в электронной форме,2025,Завершено,10.07.2025 20:00:00,26.08.2025 15:00:00,02.09.2025 10:00,04.09.2025 10:00,04.09.2025 17:00,https://www.roseltorg.ru/procedure/21000005000000025879/1,,55.6467619,37.4790652
https://investmoscow.ru/tenders/tender/19815215,19815215,12.3,1329000.0,108048.78,"132 900,00 руб.","66 450,00 руб.",,,"Юго-Западный административный округ, Теплый Стан, Ленинский проспект, дом 123, Подвал № 0",77:06:0007001:13859,Тропарёво (0 мин),Подвал,29.0,,Вход через места общего пользования,Открытый аукцион в электронной форме,2025,Завершено,10.07.2025 20:00:00,26.08.2025 15:00:00,02.09.2025 10:00,04.09.2025 10:00,04.09.2025 17:00,https://www.roseltorg.ru/procedure/21000005000000025877/1,,55.6467619,37.4790652
https://investmoscow.ru/tenders/tender/19799319,19799319,12.3,1329000.0,108048.78,"132 900,00 руб.","66 450,00 руб.",,,"Юго-Западный административный округ, Теплый Стан, Ленинский проспект, дом 123, Подвал № 0",77:06:0007001:13859,Тропарёво (0 мин),Подвал,29.0,,Вход через места общего пользования,Открытый аукцион в электронной форме,2025,Завершено,23.05.2025 20:00:00,25.06.2025 15:00:00,02.07.2025 10:00,04.07.2025 10:00,04.07.2025 17:00,https://www.roseltorg.ru/procedure/21000005000000025547/1,,55.6467619,37.4790652
https://investmoscow.ru/tenders/tender/19799454,19799454,15.4,1634000.0,106103.9,"163 400,00 руб.","81 700,00 руб.",,,"Юго-Западный административный округ, Теплый Стан, Ленинский проспект, дом 123, Подвал № 0",77:06:0007001:13866,Тропарёво (0 мин),Подвал,29.0,,Вход через места общего пользования,Открытый аукцион в электронной форме,2025,Завершено,23.05.2025 20:00:00,25.06.2025 15:00:00,02.07.2025 10:00,04.07.2025 10:00,04.07.2025 17:00,https://www.roseltorg.ru/procedure/21000005000000025552/1,,55.6467619,37.4790652
https://investmoscow.ru/tenders/tender/19799327,19799327,11.9,1293000.0,108655.46,"129 300,00 руб.","64 650,00 руб.",,,"Юго-Западный административный округ, Теплый Стан, Ленинский проспект, дом 123, Подвал № 1",77:06:0007001:13860,Тропарёво (0 мин),Подвал,29.0,,Вход через места общего пользования,Открытый аукцион в электронной форме,2025,Завершено,23.05.2025 20:00:00,25.06.2025 15:00:00,02.07.2025 10:00,04.07.2025 10:00,04.07.2025 17:00,https://www.roseltorg.ru/procedure/21000005000000025551/1,,55.6467619,37.4790652
https://investmoscow.ru/tenders/tender/19798812,19798812,66.5,4755000.0,71503.76,"475 500,00 руб.","237 750,00 руб.","4755000,00",0.0%,"Северо-Западный административный округ, Щукино, улица Маршала Бирюзова, дом 22, корпус 2, Подвал № 0",77:08:0009027:1804,Октябрьское поле (0 мин),Подвал,5.0,,Вход через места общего пользования,Открытый аукцион в электронной форме,2025,Завершено,19.05.2025 20:00:00,24.06.2025 15:00:00,01.07.2025 10:00,03.07.2025 10:00,03.07.2025 17:00,https://www.roseltorg.ru/procedure/21000005000000025521/1,,55.7960047,37.4896515
https://investmoscow.ru/tenders/tender/19962064,19962064,43.4,3546200.0,81709.68,"354 620,00 руб.","177 310,00 руб.","3546200,00",0.0%,"Южный административный округ, Донской, Варшавское шоссе, дом 6, подвал",77:05:0001014:4898,Тульская (13 мин),Подвал,7.0,,Вход через места общего пользования,Открытый аукцион в электронной форме,2026,Завершено,17.12.2025 20:00:00,19.02.2026 15:00:00,26.02.2026 10:00,03.03.2026 10:00,03.03.2026 17:00,https://www.roseltorg.ru/procedure/21000005000000028488/1,,55.6187718,37.6109072
https://investmoscow.ru/tenders/tender/19877228,19877228,33.9,2589000.0,76371.68,"258 900,00 руб.","129 450,00 руб.",,,"Южный административный округ, Даниловский, улица Мастеркова, дом 1, Подвал № 0,помещение 1П",77:00:0000000:73934,Автозаводская (4 мин),Подвал,15.0,,Вход через подъезд,Открытый аукцион в электронной форме,2025,Завершено,25.09.2025 20:00:00,29.10.2025 15:00:00,05.11.2025 10:00,07.11.2025 10:00,07.11.2025 17:00,https://www.roseltorg.ru/procedure/21000005000000026797/1,,55.7100255,37.6588827
https://investmoscow.ru/tenders/tender/19750433,19750433,12.6,750000.0,59523.81,"150 000,00 руб.","37 500,00 руб.",,,"Северо-Западный административный округ, Северное Тушино, бульвар Яна Райниса, дом 2, корпус 1, Подвал № 0",77:08:0003007:13934,Сходненская (3 мин),Подвал,9.0,,Вход через подъезд,Открытый аукцион в электронной форме,2025,Завершено,30.01.2025 10:00:00,03.03.2025 15:00:00,10.03.2025 10:00,13.03.2025 10:00,13.03.2025 17:00,https://www.roseltorg.ru/procedure/178fz30012500006/1,,55.8527951,37.4301314
https://investmoscow.ru/tenders/tender/19931973,19931973,30.2,3322000.0,110000.0,"664 400,00 руб.","166 100,00 руб.",,,"Южный административный округ, Даниловский, Малая Тульская улица, дом 2/1, корпус 21, подвал № 0",77:05:0001012:7957,Тульская (9 мин),Подвал,,,Вход через подъезд,Открытый аукцион в электронной форме,2026,Завершено,18.12.2025 20:00:00,22.01.2026 15:00:00,29.01.2026 10:00,03.02.2026 10:00,03.02.2026 17:00,https://www.roseltorg.ru/procedure/178fz18122500009/1,,55.7100833,37.6164774
https://investmoscow.ru/tenders/tender/19784084,19784084,38.4,2860000.0,74479.17,"286 000,00 руб.","143 000,00 руб.","2860000,00",0.0%,"Северный административный округ, Хорошевский, 1-й Хорошёвский проезд, дом 2/17, Подвал № 0",77:09:0005013:9620,Беговая (6 мин),Подвал,6.0,,Вход через места общего пользования,Открытый аукцион в электронной форме,2025,Завершено,08.04.2025 20:00:00,27.05.2025 15:00:00,03.06.2025 10:00,05.06.2025 10:00,05.06.2025 17:00,https://www.roseltorg.ru/procedure/21000005000000025163/1,,55.7777096,37.5496863
https://investmoscow.ru/tenders/tender/19784268,19784268,29.4,2987000.0,101598.64,"298 700,00 руб.","149 350,00 руб.","4331150,00",45.0%,"Юго-Западный административный округ, Академический, улица Кржижановского, дом 15, корпус 1, Цокольный этаж № 0",77:06:0004001:11512,Профсоюзная (0 мин),Цоколь,5.0,,Вход через места общего пользования,Открытый аукцион в электронной форме,2025,Завершено,08.04.2025 20:00:00,28.05.2025 15:00:00,04.06.2025 10:00,06.06.2025 10:00,06.06.2025 17:00,https://www.roseltorg.ru/procedure/21000005000000025161/1,,55.6801254,37.5716078
https://investmoscow.ru/tenders/tender/19769953,19769953,15.6,2658000.0,170384.62,"265 800,00 руб.","132 900,00 руб.","3322500,00",25.0%,"Юго-Западный административный округ, Академический, улица Кржижановского, дом 15, корпус 1, Этаж № 3",77:06:0004001:11545,Профсоюзная (1 мин),3,5.0,,Вход через подъезд,Открытый аукцион в электронной форме,2025,Завершено,06.03.2025 20:00:00,14.04.2025 15:00:00,21.04.2025 10:00,23.04.2025 10:00,23.04.2025 17:00,https://www.roseltorg.ru/procedure/21000005000000024770/1,,55.6801254,37.5716078
https://investmoscow.ru/tenders/tender/19750786,19750786,2.3,218000.0,94782.61,"43 600,00 руб.","10 900,00 руб.",,,"Северный административный округ, Западное Дегунино, Ангарская улица, дом 1, помещение 4/1",77:09:0002017:8915,Ховрино (1 мин),1 этаж,12.0,,Отдельный,Открытый аукцион в электронной форме,2025,Завершено,31.01.2025 20:00:00,05.03.2025 15:00:00,12.03.2025 10:00,17.03.2025 10:00,17.03.2025 17:00,https://www.roseltorg.ru/procedure/178fz31012500013/1,,55.8748459,37.5162723
https://investmoscow.ru/tenders/tender/19741351,19741351,42.7,3187000.0,74637.0,"318 700,00 руб.","159 350,00 руб.",,,"Восточный административный округ, Измайлово, 9-я Парковая улица, дом 11А, Подвал № 0",77:03:0005014:11988,Первомайская (1 мин),Подвал,5.0,,Вход через места общего пользования,Открытый аукцион в электронной форме,2025,Завершено,23.01.2025 20:00:00,04.03.2025 15:00:00,11.03.2025 10:00,13.03.2025 10:00,13.03.2025 17:00,https://www.roseltorg.ru/procedure/21000005000000024259/1,,55.791769,37.7982995
https://investmoscow.ru/tenders/tender/19769930,19769930,42.1,2985000.0,70902.61,"298 500,00 руб.","149 250,00 руб.","3731250,00",25.0%,"Юго-Западный административный округ, Академический, Большая Черёмушкинская улица, дом 40, корпус 1, Подвал № 0",77:06:0004002:7434,Профсоюзная (1 мин),Подвал,5.0,,Вход через подъезд,Открытый аукцион в электронной форме,2025,Завершено,06.03.2025 20:00:00,14.04.2025 15:00:00,21.04.2025 10:00,23.04.2025 10:00,23.04.2025 17:00,https://www.roseltorg.ru/procedure/21000005000000024769/1,,55.6777503,37.5807349
https://investmoscow.ru/tenders/tender/19925035,19925035,11.1,1572000.0,141621.62,"157 200,00 руб.","78 600,00 руб.","2672400,00",70.0%,"Юго-Восточный административный округ, Марьино, улица Верхние Поля, дом 42, корпус 2, Этаж № 1",77:04:0004028:10831,Братиславская (24 мин),1,1.0,,Вход через подъезд,Открытый аукцион в электронной форме,2026,Завершено,11.11.2025 20:00:00,15.01.2026 15:00:00,22.01.2026 10:00,27.01.2026 10:00,27.01.2026 17:00,https://www.roseltorg.ru/procedure/21000005000000027626/1,,,
https://investmoscow.ru/tenders/tender/19924725,19924725,11.9,1702000.0,143025.21,"170 200,00 руб.","85 100,00 руб.","2382800,00",40.0%,"Юго-Восточный административный округ, Марьино, улица Верхние Поля, дом 42, корпус 2, Этаж № 1",77:04:0004028:10829,Братиславская (24 мин),1 этаж,1.0,,Вход через подъезд,Открытый аукцион в электронной форме,2025,Завершено,10.11.2025 20:00:00,11.12.2025 15:00:00,18.12.2025 10:00,23.12.2025 10:00,23.12.2025 17:00,https://www.roseltorg.ru/procedure/21000005000000027615/1,,,
https://investmoscow.ru/tenders/tender/19880244,19880244,12.5,1824000.0,145920.0,"182 400,00 руб.","91 200,00 руб.","2462400,00",35.0%,"Юго-Восточный административный округ, Марьино, улица Верхние Поля, дом 42, корпус 2, Этаж № 1, помещение 14/1",77:04:0004028:10833,Братиславская (24 мин),1 этаж,1.0,,Вход через подъезд,Открытый аукцион в электронной форме,2025,Завершено,29.09.2025 20:00:00,30.10.2025 15:00:00,06.11.2025 10:00,11.11.2025 10:00,11.11.2025 17:00,https://www.roseltorg.ru/procedure/21000005000000026840/1,,55.6644999,37.7770093
https://investmoscow.ru/tenders/tender/19875352,19875352,11.1,1572000.0,141621.62,"157 200,00 руб.","78 600,00 руб.",,,"Юго-Восточный административный округ, Марьино, улица Верхние Поля, дом 42, корпус 2, Этаж № 1",77:04:0004028:10831,Братиславская (24 мин),1,1.0,,Вход через подъезд,Открытый аукцион в электронной форме,2025,Завершено,23.09.2025 20:00:00,29.10.2025 15:00:00,05.11.2025 10:00,07.11.2025 10:00,07.11.2025 17:00,https://www.roseltorg.ru/procedure/21000005000000026745/1,,,
https://investmoscow.ru/tenders/tender/19875231,19875231,9.3,1322000.0,142150.54,"132 200,00 руб.","66 100,00 руб.","1322000,00",0.0%,"Юго-Восточный административный округ, Марьино, улица Верхние Поля, дом 42, корпус 2, Этаж № 1",77:04:0004028:10834,Братиславская (24 мин),1,1.0,,Вход через подъезд,Открытый аукцион в электронной форме,2025,Завершено,23.09.2025 20:00:00,29.10.2025 15:00:00,05.11.2025 10:00,07.11.2025 10:00,07.11.2025 17:00,https://www.roseltorg.ru/procedure/21000005000000026744/1,,,
https://investmoscow.ru/tenders/tender/19875402,19875402,13.3,1916000.0,144060.15,"191 600,00 руб.","95 800,00 руб.","1916000,00",0.0%,"Юго-Восточный административный округ, Марьино, улица Верхние Поля, дом 42, корпус 2, Этаж № 1",77:04:0004028:10830,Братиславская (24 мин),1,1.0,,Вход через подъезд,Открытый аукцион в электронной форме,2025,Завершено,23.09.2025 20:00:00,29.10.2025 15:00:00,05.11.2025 10:00,07.11.2025 10:00,07.11.2025 17:00,https://www.roseltorg.ru/procedure/21000005000000026746/1,,,
https://investmoscow.ru/tenders/tender/19723689,19723689,83.5,4939000.0,59149.7,"493 900,00 руб.","123 475,00 руб.","5803325,00",17.5%,"Юго-Восточный административный округ, Люблино, Совхозная улица, дом 3, строение 2, Техническое подполье № 0",77:04:0004010:10149,Братиславская (18 мин),Техническое подполье,2.0,,Вход через подъезд,Публичное предложение,2025,Завершено,15.11.2024 20:00:00,15.01.2025 15:00:00,22.01.2025 10:00,24.01.2025 10:00,24.01.2025 17:00,https://www.roseltorg.ru/procedure/21000005000000023712,,55.6700774,37.7438655
https://investmoscow.ru/tenders/tender/19724494,19724494,37.2,2683000.0,72123.66,"268 300,00 руб.","67 075,00 руб.",,,"Юго-Западный административный округ, Ломоносовский, улица Строителей, дом 17, корпус 2, Подвал № 0",77:06:0001005:6913,Университет (7 мин),Подвал,8.0,,Вход через подъезд,Публичное предложение,2025,Завершено,20.11.2024 20:00:00,15.01.2025 15:00:00,22.01.2025 10:00,24.01.2025 10:00,24.01.2025 17:00,https://www.roseltorg.ru/procedure/21000005000000023734/1,,55.5935305,37.2099385
https://investmoscow.ru/tenders/tender/19724471,19724471,45.7,3159000.0,69124.73,"315 900,00 руб.","78 975,00 руб.","3869775,00",22.5%,"Юго-Западный административный округ, Ломоносовский, улица Строителей, дом 17, корпус 2, Подвал № 0",77:06:0001005:6914,Университет (7 мин),Подвал,8.0,,Вход через подъезд,Публичное предложение,2025,Завершено,20.11.2024 20:00:00,15.01.2025 15:00:00,22.01.2025 10:00,24.01.2025 10:00,24.01.2025 17:00,https://www.roseltorg.ru/procedure/21000005000000023733/1,,55.5935305,37.2099385
https://investmoscow.ru/tenders/tender/19751042,19751042,31.4,2178000.0,69363.06,"217 800,00 руб.","108 900,00 руб.",,,"город Зеленоград, корпус 403А, строение 3, Этаж № 1",77:10:0000000:3229,Зеленоград-Крюково (1 мин),1,,,Вход через подъезд,Открытый аукцион в электронной форме,2025,Завершено,24.01.2025 20:00:00,25.02.2025 15:00:00,04.03.2025 10:00,06.03.2025 10:00,06.03.2025 17:00,https://www.roseltorg.ru/procedure/21000005000000024293/1,,55.991971,37.214241
https://investmoscow.ru/tenders/tender/19733627,19733627,65.2,4813000.0,73819.02,"481 300,00 руб.","240 650,00 руб.","6497550,00",35.0%,"Северный административный округ, Аэропорт, Ленинградский проспект, дом 60А, Подвал № 0",77:09:0004009:5600,Аэропорт (1 мин),Подвал,8.0,,Вход через места общего пользования,Открытый аукцион в электронной форме,2025,Завершено,04.12.2024 20:00:00,18.02.2025 15:00:00,25.02.2025 10:00,27.02.2025 10:00,27.02.2025 17:00,https://www.roseltorg.ru/procedure/21000005000000023969/1,,55.8000811,37.5372072
https://investmoscow.ru/tenders/tender/19731279,19731279,28.7,4622000.0,161045.3,"462 200,00 руб.","231 100,00 руб.","7164100,00",55.0%,"Северо-Восточный административный округ, Отрадное, Берёзовая аллея, дом 7, этаж 1",77:02:0009002:4230,Владыкино (1 мин),1,12.0,,Вход через места общего пользования,Открытый аукцион в электронной форме,2025,Завершено,29.11.2024 20:00:00,20.01.2025 15:00:00,27.01.2025 10:00,29.01.2025 10:00,29.01.2025 17:00,https://www.roseltorg.ru/procedure/21000005000000023914/1,,,
https://investmoscow.ru/tenders/tender/19729767,19729767,19.1,3827000.0,200366.49,"382 700,00 руб.","191 350,00 руб.","3827000,00",0.0%,"Западный административный округ, Тропарево-Никулино, Никулинская улица, дом 5, корпус 2, Этаж № 2",77:07:0014004:9240,Озёрная (7 мин),2,18.0,,Вход через подъезд,Открытый аукцион в электронной форме,2025,Завершено,27.11.2024 20:00:00,20.01.2025 15:00:00,27.01.2025 10:00,29.01.2025 10:00,29.01.2025 17:00,https://www.roseltorg.ru/procedure/21000005000000023841/1,,55.6666332,37.45597
https://investmoscow.ru/tenders/tender/19730670,19730670,22.5,4836000.0,214933.33,"483 600,00 руб.","241 800,00 руб.","4836000,00",0.0%,"Западный административный округ, Тропарево-Никулино, Никулинская улица, дом 5, корпус 2, этаж №2",77:07:0014004:9239,Озёрная (7 мин),2,18.0,,Вход через подъезд,Открытый аукцион в электронной форме,2025,Завершено,28.11.2024 20:00:00,20.01.2025 15:00:00,27.01.2025 10:00,29.01.2025 10:00,29.01.2025 17:00,https://www.roseltorg.ru/procedure/21000005000000023881/1,,55.6666332,37.45597
https://investmoscow.ru/tenders/tender/19729750,19729750,13.3,2624000.0,197293.23,"262 400,00 руб.","131 200,00 руб.","3148800,00",20.0%,"Западный административный округ, Тропарево-Никулино, Никулинская улица, дом 5, корпус 2, Этаж № 2",77:07:0014004:9241,Озёрная (7 мин),2,18.0,,Вход через подъезд,Открытый аукцион в электронной форме,2025,Завершено,29.11.2024 20:00:00,20.01.2025 15:00:00,27.01.2025 10:00,29.01.2025 10:00,29.01.2025 17:00,https://www.roseltorg.ru/procedure/21000005000000023897/1,,55.6666332,37.45597
https://investmoscow.ru/tenders/tender/19734299,19734299,52.7,3730000.0,70777.99,"373 000,00 руб.","186 500,00 руб.","5035500,00",35.0%,"Центральный административный округ, Таганский, Нижегородская улица, дом 9А, Подвал № 0","77:01:0006036:1867, 77:01:0006034:6684",Москва-Товарная (1 мин),Подвал,8.0,,Вход через подъезд,Открытый аукцион в электронной форме,2025,Завершено,06.12.2024 20:00:00,21.01.2025 15:00:00,28.01.2025 10:00,30.01.2025 10:00,30.01.2025 17:00,https://www.roseltorg.ru/procedure/21000005000000023981/1,,55.7387602,37.6829039
https://investmoscow.ru/tenders/tender/19733931,19733931,29.4,4309000.0,146564.63,"430 900,00 руб.","215 450,00 руб.","6463500,00",50.0%,"Юго-Восточный административный округ, Марьино, улица Марьинский Парк, дом 5, корпус 3, Этаж № 1",77:04:0004027:12387,Братиславская (21 мин),1,14.0,,Вход через места общего пользования,Открытый аукцион в электронной форме,2025,Завершено,05.12.2024 20:00:00,21.01.2025 15:00:00,28.01.2025 10:00,30.01.2025 10:00,30.01.2025 17:00,https://www.roseltorg.ru/procedure/21000005000000023976/1,,55.6567071,37.7751998
https://investmoscow.ru/tenders/tender/19878416,19878416,26.9,1284000.0,47732.34,"128 400,00 руб.","64 200,00 руб.","1412400,00",10.0%,"Восточный административный округ, Восточное Измайлово, Первомайская улица, дом 107А, Подвал № 0",77:03:0005016:7024,Первомайская (9 мин),Подвал,5.0,,Вход через места общего пользования,Открытый аукцион в электронной форме,2025,Завершено,25.09.2025 20:00:00,29.10.2025 15:00:00,05.11.2025 10:00,07.11.2025 10:00,07.11.2025 17:00,https://www.roseltorg.ru/procedure/21000005000000026804/1,,55.793899,37.8122398
https://investmoscow.ru/tenders/tender/19737106,19737106,26.9,1153000.0,42862.45,"115 300,00 руб.","57 650,00 руб.",,,"Восточный административный округ, Восточное Измайлово, Первомайская улица, дом 107А, Подвал № 0",77:03:0005016:7024,Первомайская (9 мин),Подвал,5.0,,Вход через подъезд,Открытый аукцион в электронной форме,2025,Завершено,12.12.2024 20:00:00,23.01.2025 15:00:00,30.01.2025 10:00,04.02.2025 10:00,04.02.2025 17:00,https://www.roseltorg.ru/procedure/21000005000000024031/1,,55.793899,37.8122398
https://investmoscow.ru/tenders/tender/19736222,19736222,21.7,3089000.0,142350.23,"308 900,00 руб.","154 450,00 руб.","4324600,00",40.0%,"Западный административный округ, Крылатское, Осенний бульвар, дом 21, Этаж № 3",77:07:0001002:32494,Крылатское (8 мин),3,3.0,,Вход через подъезд,Открытый аукцион в электронной форме,2025,Завершено,10.12.2024 20:00:00,23.01.2025 15:00:00,30.01.2025 10:00,04.02.2025 10:00,04.02.2025 17:00,https://www.roseltorg.ru/procedure/21000005000000023995,,55.7632999,37.4059778
https://investmoscow.ru/tenders/tender/19746671,19746671,60.7,3154000.0,51960.46,"315 400,00 руб.","157 700,00 руб.",,,"Северный административный округ, Коптево, улица Космонавта Волкова, дом 27, Подвал № 0",77:09:0003018:10424,Красный Балтиец (1 мин),Подвал,7.0,,Отдельный,Открытый аукцион в электронной форме,2025,Завершено,22.01.2025 20:00:00,24.02.2025 15:00:00,03.03.2025 10:00,05.03.2025 10:00,05.03.2025 17:00,https://www.roseltorg.ru/procedure/21000005000000024241/1,,55.8166745,37.5244555
https://investmoscow.ru/tenders/tender/19742510,19742510,25.7,2242000.0,87237.35,"224 200,00 руб.","112 100,00 руб.","4484000,00",100.0%,"Южный административный округ, Донской, Варшавское шоссе, дом 21, Подвал №0, помещение 1/П",77:05:0001020:3655,Верхние Котлы (10 мин),Подвал,2.0,,Отдельный,Открытый аукцион в электронной форме,2025,Завершено,24.01.2025 20:00:00,26.02.2025 15:00:00,05.03.2025 10:00,07.03.2025 10:00,07.03.2025 17:00,https://www.roseltorg.ru/procedure/21000005000000024285/1,,55.6953094,37.6223119
https://investmoscow.ru/tenders/tender/19751445,19751445,27.8,3040000.0,109352.52,"304 000,00 руб.","152 000,00 руб.",,,"Северо-Западный административный округ, Щукино, Живописная улица, дом 32, корпус 2, строение 1, Этаж №1",77:08:0011002:2894,Щукинская (1 мин),1 этаж,1.0,,Отдельный,Открытый аукцион в электронной форме,2025,Завершено,27.01.2025 15:00:00,27.02.2025 15:00:00,06.03.2025 10:00,11.03.2025 10:00,11.03.2025 17:00,https://www.roseltorg.ru/procedure/21000005000000024306/1,,55.7930882,37.4557771
https://investmoscow.ru/tenders/tender/19968080,19968080,13.6,2531000.0,186102.94,"253 100,00 руб.","126 550,00 руб.","4049600,00",60.0%,"Восточный административный округ, Ивановское, Свободный проспект, дом 9, корпус 4, Этаж № 1, помещение 1/1",77:03:0006024:8677,Новогиреево (17 мин),1,9.0,,Вход через места общего пользования,Открытый аукцион в электронной форме,2026,Завершено,23.12.2025 20:00:00,03.03.2026 15:00:00,10.03.2026 10:00,12.03.2026 10:00,12.03.2026 17:00,https://www.roseltorg.ru/procedure/21000005000000028587/1,,55.7636796,37.8229373
https://investmoscow.ru/tenders/tender/19742702,19742702,13.6,2392000.0,175882.35,"239 200,00 руб.","119 600,00 руб.","3827200,00",60.0%,"Восточный административный округ, Ивановское, Свободный проспект, дом 9, корпус 4, Этаж № 1",77:03:0006024:8677,Новогиреево (17 мин),1,9.0,,Вход через места общего пользования,Открытый аукцион в электронной форме,2025,Завершено,23.01.2025 20:00:00,04.03.2025 15:00:00,11.03.2025 10:00,13.03.2025 10:00,13.03.2025 17:00,https://www.roseltorg.ru/procedure/21000005000000024269/1,,55.7636796,37.8229373
https://investmoscow.ru/tenders/tender/19744740,19744740,50.7,3038000.0,59921.1,"303 800,00 руб.","151 900,00 руб.","3038000,00",0.0%,"Восточный административный округ, Сокольники, улица Стромынка, дом 15, Цокольный этаж № 0",77:03:0003010:3631,Сокольники (13 мин),Цоколь,5.0,,Вход через места общего пользования,Открытый аукцион в электронной форме,2025,Завершено,24.01.2025 20:00:00,05.03.2025 15:00:00,12.03.2025 10:00,14.03.2025 10:00,14.03.2025 17:00,https://www.roseltorg.ru/procedure/21000005000000024287/1,,55.7943752,37.6956442
https://investmoscow.ru/tenders/tender/19757526,19757526,75.4,4749000.0,62984.08,"474 900,00 руб.","237 450,00 руб.","8310750,00",75.0%,"Северо-Восточный административный округ, Лианозово, Новгородская улица, дом 4, Подвал № 0",77:02:0001011:5443,Алтуфьево (9 мин),Подвал,16.0,,Вход через подъезд,Открытый аукцион в электронной форме,2025,Завершено,06.02.2025 20:00:00,10.03.2025 15:00:00,17.03.2025 10:00,19.03.2025 10:00,19.03.2025 17:00,https://www.roseltorg.ru/procedure/21000005000000024399/1,,55.8916843,37.5813568
https://investmoscow.ru/tenders/tender/19877917,19877917,72.6,4617000.0,63595.04,"461 700,00 руб.","230 850,00 руб.",,,"Восточный административный округ, Измайлово, Заводской проезд, дом 25, Подвал №0, помещение 1/1/П, 5/1/П, 2/1/П,  4/1/П, 7/1/П","77:03:0005005:5599, 77:03:0005005:5598, 77:03:0005005:5601, 77:03:0005005:5600, 77:03:0005005:5603",Измайловская (7 мин),Подвал,3.0,,Вход через места общего пользования,Открытый аукцион в электронной форме,2025,Завершено,25.09.2025 20:00:00,29.10.2025 15:00:00,05.11.2025 10:00,07.11.2025 10:00,07.11.2025 17:00,https://www.roseltorg.ru/procedure/21000005000000026805/1,,55.7901999,37.7896841
https://investmoscow.ru/tenders/tender/19758282,19758282,39.7,1950000.0,49118.39,"195 000,00 руб.","97 500,00 руб.","6727500,00",245.0%,"Восточный административный округ, Измайлово, Заводской проезд, дом 25, Подвал № 0",77:03:0005006:4869,Измайловская (1 мин),Подвал,,,Вход через места общего пользования,Открытый аукцион в электронной форме,2025,Завершено,06.02.2025 20:00:00,11.03.2025 15:00:00,18.03.2025 10:00,20.03.2025 10:00,20.03.2025 17:00,https://www.roseltorg.ru/procedure/21000005000000024409/1,,55.7901999,37.7896841
https://investmoscow.ru/tenders/tender/19826730,19826730,27.4,4933000.0,180036.5,"493 300,00 руб.","246 650,00 руб.",,,"Зеленоградский административный округ, Крюково, город Зеленоград, корпус 1419, Этаж 1, пом. 1Н",77:10:0000000:2618,Ховрино (342 мин),1 этаж,14.0,,Вход через места общего пользования,Открытый аукцион в электронной форме,2025,Завершено,04.08.2025 20:00:00,04.09.2025 15:00:00,11.09.2025 10:00,16.09.2025 10:00,16.09.2025 17:00,https://www.roseltorg.ru/procedure/21000005000000026150/1,,55.991971,37.214241
https://investmoscow.ru/tenders/tender/19924894,19924894,9.3,2394000.0,257419.35,"239 400,00 руб.","119 700,00 руб.","4668300,00",95.0%,"Северный административный округ, Сокол, Ленинградский проспект, дом 71, корпус В, Этаж № 1",77:09:0005002:11354,Сокол (1 мин),1,5.0,,Вход через места общего пользования,Открытый аукцион в электронной форме,2025,Завершено,10.11.2025 20:00:00,11.12.2025 15:00:00,18.12.2025 10:00,23.12.2025 10:00,23.12.2025 17:00,https://www.roseltorg.ru/procedure/21000005000000027621/1,,55.8026683,37.5230183
https://investmoscow.ru/tenders/tender/19761232,19761232,9.3,2064000.0,221935.48,"206 400,00 руб.","103 200,00 руб.",,,"Северный административный округ, Сокол, Ленинградский проспект, дом 71, корпус В, Этаж № 1",77:09:0005002:11354,Сокол (1 мин),1,5.0,,Вход через подъезд,Открытый аукцион в электронной форме,2025,Завершено,11.02.2025 20:00:00,17.03.2025 15:00:00,24.03.2025 10:00,26.03.2025 10:00,26.03.2025 17:00,https://www.roseltorg.ru/procedure/21000005000000024466/1,,55.8026683,37.5230183
https://investmoscow.ru/tenders/tender/19762189,19762189,16.0,3651000.0,228187.5,"365 100,00 руб.","182 550,00 руб.","3651000,00",0.0%,"Северо-Западный административный округ, Митино, Волоцкой переулок, дом 7, корпус 1, Этаж № 1",77:08:0002020:8998,Митино (0 мин),1,,,Вход через подъезд,Открытый аукцион в электронной форме,2025,Завершено,13.02.2025 20:00:00,18.03.2025 15:00:00,25.03.2025 10:00,27.03.2025 10:00,27.03.2025 17:00,https://www.roseltorg.ru/procedure/21000005000000024485/1,,55.8344202,37.3504961
https://investmoscow.ru/tenders/tender/19625095,19625095,16.2,3055000.0,188580.25,"305 500,00 руб.","152 750,00 руб.",,,"Зеленоградский административный округ, Крюково, город Зеленоград, Новокрюковская улица, дом 10, город Москва, город Зеленоград, улица Новокрюковская, дом 10, помещение III, комнаты 1,2, этаж № 1",77:10:0006005:5675,Зеленоград-Крюково (1 мин),1 этаж,2.0,,Отдельный,Открытый аукцион в электронной форме,2025,Завершено,21.02.2025 20:00:00,24.03.2025 15:00:00,31.03.2025 10:00,03.04.2025 10:00,03.04.2025 17:00,https://www.roseltorg.ru/procedure/178fz21022500014/1,,,
https://investmoscow.ru/tenders/tender/19765536,19765536,14.4,3538000.0,245694.44,"353 800,00 руб.","176 900,00 руб.","7429800,00",110.0%,"Центральный административный округ, Хамовники, Плотников переулок, дом 13, строение 1, Этаж № 1",77:01:0001057:3471,Смоленская (1 мин),1,,,Отдельный,Открытый аукцион в электронной форме,2025,Завершено,21.02.2025 20:00:00,25.03.2025 15:00:00,01.04.2025 10:00,03.04.2025 10:00,03.04.2025 17:00,https://www.roseltorg.ru/procedure/21000005000000024601/1,,55.7458443,37.5879547
https://investmoscow.ru/tenders/tender/19765566,19765566,11.5,3172000.0,275826.09,"317 200,00 руб.","158 600,00 руб.","3172000,00",0.0%,"Юго-Западный административный округ, Ясенево, Голубинская улица, дом 9, Этаж № 1",77:06:0009002:8773,Ясенево (0 мин),1,9.0,,Вход через места общего пользования,Открытый аукцион в электронной форме,2025,Завершено,21.02.2025 20:00:00,25.03.2025 15:00:00,01.04.2025 10:00,03.04.2025 10:00,03.04.2025 17:00,https://www.roseltorg.ru/procedure/21000005000000024606/1,,55.6040223,37.511864
https://investmoscow.ru/tenders/tender/19765114,19765114,3.5,799000.0,228285.71,"79 900,00 руб.","39 950,00 руб.",,,"Центральный административный округ, Якиманка, Малый Толмачёвский переулок, дом 6, строение 1, Этаж № 1",77:01:0002016:3890,Третьяковская (1 мин),1,4.0,,Вход через подъезд,Открытый аукцион в электронной форме,2025,Завершено,20.02.2025 20:00:00,26.03.2025 15:00:00,02.04.2025 10:00,04.04.2025 10:00,04.04.2025 17:00,https://www.roseltorg.ru/procedure/21000005000000024573/1,,55.7419798,37.618623
https://investmoscow.ru/tenders/tender/19764303,19764303,79.3,3997000.0,50403.53,"399 700,00 руб.","199 850,00 руб.",,,"Северный административный округ, Тимирязевский, Дмитровское шоссе, дом 42, Подвал №0",77:02:0025016:1716,Петровско-Разумовская (1 мин),Подвал,8.0,,Отдельный,Открытый аукцион в электронной форме,2025,Завершено,18.02.2025 20:00:00,26.03.2025 15:00:00,02.04.2025 10:00,04.04.2025 10:00,04.04.2025 17:00,https://www.roseltorg.ru/procedure/21000005000000024538/1,,55.8422667,37.5705758
https://investmoscow.ru/tenders/tender/19766108,19766108,17.1,3589000.0,209883.04,"358 900,00 руб.","179 450,00 руб.",,,"Южный административный округ, Чертаново Южное, Чертановская улица, дом 61, корпус 1, этаж № 1",77:05:0007002:14544,Улица Академика Янгеля (0 мин),1,16.0,,Вход через подъезд,Открытый аукцион в электронной форме,2025,Завершено,24.02.2025 20:00:00,31.03.2025 15:00:00,07.04.2025 10:00,09.04.2025 10:00,09.04.2025 17:00,https://www.roseltorg.ru/procedure/21000005000000024619/1,,55.5991422,37.5915969
https://investmoscow.ru/tenders/tender/19767074,19767074,11.5,3719000.0,323391.3,"371 900,00 руб.","185 950,00 руб.",,,"Юго-Западный административный округ, Ясенево, Голубинская улица, дом 13, корпус 1, Этаж № 2",77:06:0009002:4489,Ясенево (1 мин),2,9.0,,Вход через подъезд,Открытый аукцион в электронной форме,2025,Завершено,26.02.2025 20:00:00,01.04.2025 15:00:00,08.04.2025 10:00,10.04.2025 10:00,10.04.2025 17:00,https://www.roseltorg.ru/procedure/21000005000000024667/1,,55.6019187,37.517792
https://investmoscow.ru/tenders/tender/19756514,19756514,21.7,1939000.0,89354.84,"387 800,00 руб.","96 950,00 руб.",,,"Юго-Восточный административный округ, Капотня, 4-й квартал Капотня, дом 11,  Этаж № 1,помещение 3Н",77:04:0004021:9352,Алма-Атинская (0 мин),1 этаж,2.0,,Отдельный,Открытый аукцион в электронной форме,2025,Завершено,03.03.2025 20:00:00,04.04.2025 15:00:00,11.04.2025 10:00,16.04.2025 10:00,16.04.2025 17:00,https://www.roseltorg.ru/procedure/178fz03032500001/1,,,
https://investmoscow.ru/tenders/tender/19773750,19773750,38.7,3098000.0,80051.68,"309 800,00 руб.","154 900,00 руб.","5731300,00",85.0%,"Южный административный округ, Царицыно, улица Медиков, дом 12, Подвал № 0",77:05:0005009:17213,Москворечье (0 мин),Подвал,12.0,,Вход через места общего пользования,Открытый аукцион в электронной форме,2025,Завершено,14.03.2025 20:00:00,15.04.2025 15:00:00,22.04.2025 10:00,24.04.2025 10:00,24.04.2025 17:00,https://www.roseltorg.ru/procedure/21000005000000024857,,55.6334627,37.6764912
https://investmoscow.ru/tenders/tender/19778262,19778262,11.2,2696000.0,240714.29,"269 600,00 руб.","134 800,00 руб.","3909200,00",45.0%,"Западный административный округ, Фили-Давыдково, Славянский бульвар, дом 9, корпус 6, сооружение 1, Цокольный этаж № 0",77:07:0009004:10709,Славянский бульвар (0 мин),Цоколь,,,Отдельный,Открытый аукцион в электронной форме,2025,Завершено,24.03.2025 20:00:00,05.05.2025 15:00:00,12.05.2025 10:00,14.05.2025 10:00,14.05.2025 17:00,https://www.roseltorg.ru/procedure/21000005000000024953/1,,55.7249626,37.4664351
https://investmoscow.ru/tenders/tender/19778588,19778588,76.9,4567000.0,59388.82,"456 700,00 руб.","228 350,00 руб.","9362350,00",105.0%,"город Зеленоград, корпус 435, подвал № 0",77:10:0000000:3303,Ховрино (0 мин),Подвал,17.0,,Отдельный,Открытый аукцион в электронной форме,2025,Завершено,27.03.2025 20:00:00,12.05.2025 15:00:00,19.05.2025 10:00,21.05.2025 10:00,21.05.2025 17:00,https://www.roseltorg.ru/procedure/21000005000000025005/1,,55.991971,37.214241
https://investmoscow.ru/tenders/tender/19780866,19780866,32.3,2823000.0,87399.38,"564 600,00 руб.","141 150,00 руб.",,,"Северный административный округ, Коптево, Большая Академическая улица, дом 39, Этаж № 1, Подвал № 0",77:09:0003019:3630,Красный Балтиец (0 мин),"Подвал, 1",2.0,,Вход через места общего пользования,Открытый аукцион в электронной форме,2025,Завершено,10.04.2025 20:00:00,15.05.2025 15:00:00,22.05.2025 10:00,27.05.2025 10:00,27.05.2025 17:00,https://www.roseltorg.ru/procedure/178fz10042500041/1,,55.8327984,37.5321231
https://investmoscow.ru/tenders/tender/19776334,19776334,17.5,2142000.0,122400.0,"428 400,00 руб.","107 100,00 руб.",,,"Южный административный округ, Орехово-Борисово Северное, Шипиловский проезд, дом 39, корпус 3, Этаж № 1, помещение 22К/1",77:05:0011002:17210,Орехово (0 мин),1 этаж,1.0,,Вход через места общего пользования,Открытый аукцион в электронной форме,2025,Завершено,18.04.2025 20:00:00,20.05.2025 15:00:00,27.05.2025 10:00,30.05.2025 10:00,30.05.2025 17:00,https://www.roseltorg.ru/procedure/178fz18042500026/1,,55.6123897,37.6975973
https://investmoscow.ru/tenders/tender/19781908,19781908,42.1,2735000.0,64964.37,"273 500,00 руб.","136 750,00 руб.","7794750,00",185.0%,"Восточный административный округ, Северное Измайлово, Сиреневый бульвар, дом 69, корпус 1, Цокольный этаж № 0",77:03:0005010:7547,Щёлковская (0 мин),Цоколь,,,Отдельный,Открытый аукцион в электронной форме,2025,Завершено,03.04.2025 20:00:00,21.05.2025 15:00:00,28.05.2025 10:00,30.05.2025 10:00,30.05.2025 17:00,https://www.roseltorg.ru/procedure/21000005000000025125/1,,55.8036394,37.8247206
https://investmoscow.ru/tenders/tender/19789254,19789254,16.2,3027000.0,186851.85,"302 700,00 руб.","151 350,00 руб.","3481050,00",15.0%,"Северо-Восточный административный округ, Бибирево, улица Лескова, дом 8, Этаж № 1",77:02:0002011:10157,Алтуфьево (0 мин),1,16.0,,Вход через места общего пользования,Открытый аукцион в электронной форме,2025,Завершено,21.04.2025 20:00:00,02.06.2025 15:00:00,09.06.2025 10:00,11.06.2025 10:00,11.06.2025 17:00,https://www.roseltorg.ru/procedure/21000005000000025257/1,,55.8976387,37.5961136
https://investmoscow.ru/tenders/tender/19789412,19789412,23.1,1033000.0,44718.61,"103 300,00 руб.","51 650,00 руб.","2117650,00",105.0%,"Северо-Западный административный округ, Щукино, улица Академика Бочвара, дом 12, Подвал № 0",77:08:0009009:2092,Щукинская (0 мин),Подвал,5.0,,Отдельный,Открытый аукцион в электронной форме,2025,Завершено,21.04.2025 20:00:00,02.06.2025 15:00:00,09.06.2025 10:00,11.06.2025 10:00,11.06.2025 17:00,https://www.roseltorg.ru/procedure/21000005000000025258/1,,55.8034858,37.4524842
https://investmoscow.ru/tenders/tender/19790680,19790680,21.5,658000.0,30604.65,"65 800,00 руб.","32 900,00 руб.","954100,00",45.0%,"Северо-Западный административный округ, Южное Тушино, Строительный проезд, домовладение 4, корпус 2, строение 1, Этаж № 1",77:08:0005002:3042,Сходненская (0 мин),1,,,Отдельный,Открытый аукцион в электронной форме,2025,Завершено,23.04.2025 20:00:00,11.06.2025 15:00:00,18.06.2025 10:00,20.06.2025 10:00,20.06.2025 17:00,https://www.roseltorg.ru/procedure/21000005000000025271/1,,55.8380439,37.4307598
https://investmoscow.ru/tenders/tender/19790515,19790515,20.9,658000.0,31483.25,"65 800,00 руб.","32 900,00 руб.","855400,00",30.0%,"Северо-Западный административный округ, Южное Тушино, Строительный проезд, домовладение 4, корпус 2, строение 1, Этаж № 1",77:08:0005002:3043,Сходненская (0 мин),1,,,Отдельный,Открытый аукцион в электронной форме,2025,Завершено,23.04.2025 20:00:00,11.06.2025 15:00:00,18.06.2025 10:00,20.06.2025 10:00,20.06.2025 17:00,https://www.roseltorg.ru/procedure/21000005000000025270/1,,55.8380439,37.4307598
https://investmoscow.ru/tenders/tender/19795766,19795766,14.9,3416000.0,229261.74,"341 600,00 руб.","170 800,00 руб.","3416000,00",0.0%,"Южный административный округ, Чертаново Центральное, Кировоградская улица, дом 17, корпус 1, Этаж № 1",77:05:0006004:23862,Пражская (0 мин),1,16.0,,Вход через места общего пользования,Открытый аукцион в электронной форме,2025,Завершено,12.05.2025 20:00:00,18.06.2025 15:00:00,25.06.2025 10:00,27.06.2025 10:00,27.06.2025 17:00,https://www.roseltorg.ru/procedure/21000005000000025446/1,,55.6091112,37.6043631
https://investmoscow.ru/tenders/tender/19801532,19801532,30.3,2554000.0,84290.43,"255 400,00 руб.","127 700,00 руб.",,,"пер. Алымов, д. 17, корп. 2, пом. 2П, Подвал №0",77:03:0001004:6422,Преображенская площадь (0 мин),Подвал,,,Вход через места общего пользования,Открытый аукцион в электронной форме,2025,Завершено,30.05.2025 20:00:00,07.07.2025 15:00:00,14.07.2025 10:00,16.07.2025 10:00,16.07.2025 17:00,https://www.roseltorg.ru/procedure/21000005000000025622/1,,,
https://investmoscow.ru/tenders/tender/19801478,19801478,27.3,3725000.0,136446.89,"372 500,00 руб.","186 250,00 руб.","3725000,00",0.0%,"просп. Ленинградский, д. 60, корп. 1, пом. 1П, Подвал №0",77:09:0004021:5394,Аэропорт (0 мин),Подвал,,,Вход через места общего пользования,Открытый аукцион в электронной форме,2025,Завершено,02.06.2025 20:00:00,07.07.2025 15:00:00,14.07.2025 10:00,16.07.2025 10:00,16.07.2025 17:00,https://www.roseltorg.ru/procedure/21000005000000025645/1,,,
https://investmoscow.ru/tenders/tender/19756574,19756574,53.0,3468000.0,65433.96,"693 600,00 руб.","173 400,00 руб.",,,"111399, Российская Федерация, город Москва, вн.тер.г. муниципальный округ Перово, улица Мартеновская, дом 9/13, помещение 2П, Подвал № 0,помещение 2П",77:03:0006019:8204,Новогиреево (12 мин),Подвал,,,Вход через подъезд,Открытый аукцион в электронной форме,2025,Завершено,06.06.2025 20:00:00,09.07.2025 15:00:00,16.07.2025 10:00,21.07.2025 10:00,21.07.2025 17:00,https://www.roseltorg.ru/procedure/178fz06062500032/1,,55.7567598,37.8049531
https://investmoscow.ru/tenders/tender/19834415,19834415,27.0,4405000.0,163148.15,"440 500,00 руб.","220 250,00 руб.",,,"Юго-Западный административный округ, Северное Бутово, улица Знаменские Садки, дом 3, корпус 3, Этаж № 1",77:06:0011003:9492,Бульвар Дмитрия Донского (0 мин),1,,,Вход через места общего пользования,Открытый аукцион в электронной форме,2025,Завершено,12.08.2025 20:00:00,16.09.2025 15:00:00,23.09.2025 10:00,25.09.2025 10:00,25.09.2025 17:00,https://www.roseltorg.ru/procedure/21000005000000026240/1,,55.5712882,37.5714369
https://investmoscow.ru/tenders/tender/19806210,19806210,27.0,4405000.0,163148.15,"440 500,00 руб.","220 250,00 руб.",,,"Юго-Западный административный округ, Северное Бутово, улица Знаменские Садки, дом 3, корпус 3, Этаж № 1",77:06:0011003:9492,Бульвар Дмитрия Донского (0 мин),1,,,Вход через места общего пользования,Открытый аукцион в электронной форме,2025,Завершено,11.06.2025 20:00:00,15.07.2025 15:00:00,22.07.2025 10:00,24.07.2025 10:00,24.07.2025 17:00,https://www.roseltorg.ru/procedure/21000005000000025734/1,,55.5712882,37.5714369
https://investmoscow.ru/tenders/tender/19847424,19847424,19.6,1775000.0,90561.22,"177 500,00 руб.","88 750,00 руб.","1775000,00",0.0%,"Восточный административный округ, Измайлово, Первомайская улица, дом 18, Подвал № 0",77:03:0005005:5077,Измайловская (6 мин),Подвал,5.0,,Вход через подъезд,Открытый аукцион в электронной форме,2025,Завершено,26.08.2025 15:00:00,09.10.2025 15:00:00,16.10.2025 10:00,21.10.2025 10:00,21.10.2025 17:00,https://www.roseltorg.ru/procedure/21000005000000026325,,55.7913817,37.7768676
https://investmoscow.ru/tenders/tender/19847223,19847223,25.6,2253000.0,88007.81,"225 300,00 руб.","112 650,00 руб.","2253000,00",0.0%,"Восточный административный округ, Измайлово, Первомайская улица, дом 18, Подвал № 0",77:03:0005005:5076,Измайловская (6 мин),Подвал,5.0,,Вход через подъезд,Открытый аукцион в электронной форме,2025,Завершено,26.08.2025 15:00:00,09.10.2025 15:00:00,16.10.2025 10:00,21.10.2025 10:00,21.10.2025 17:00,https://www.roseltorg.ru/procedure/21000005000000026322,,55.7913817,37.7768676
https://investmoscow.ru/tenders/tender/19833173,19833173,26.4,2315000.0,87689.39,"231 500,00 руб.","115 750,00 руб.","2315000,00",0.0%,"Восточный административный округ, Измайлово, Первомайская улица, дом 18, Подвал № 0, помещение 32П",77:03:0005005:5078,Измайловская (6 мин),Подвал,5.0,,Вход через места общего пользования,Открытый аукцион в электронной форме,2025,Завершено,12.08.2025 20:00:00,15.09.2025 15:00:00,22.09.2025 10:00,24.09.2025 10:00,24.09.2025 17:00,https://www.roseltorg.ru/procedure/21000005000000026239/1,,55.7913817,37.7768676
https://investmoscow.ru/tenders/tender/19823641,19823641,42.2,3620000.0,85781.99,"362 000,00 руб.","181 000,00 руб.","3620000,00",0.0%,"Восточный административный округ, Измайлово, Первомайская улица, дом 18, Подвал № 0, помещение 30П",77:03:0005005:5074,Измайловская (0 мин),Подвал,5.0,,Вход через места общего пользования,Открытый аукцион в электронной форме,2025,Завершено,01.08.2025 20:00:00,02.09.2025 15:00:00,09.09.2025 10:00,11.09.2025 10:00,11.09.2025 17:00,https://www.roseltorg.ru/procedure/21000005000000026095/1,,55.7913817,37.7768676
https://investmoscow.ru/tenders/tender/19833356,19833356,2.9,502000.0,173103.45,"50 200,00 руб.","25 100,00 руб.","502000,00",0.0%,"Западный административный округ, Кунцево, Партизанская улица, дом 35, корпус 3, Цокольный этаж № 0",77:07:0004003:9762,Молодёжная (11 мин),Цоколь,18.0,,Вход через места общего пользования,Открытый аукцион в электронной форме,2025,Завершено,12.08.2025 20:00:00,15.09.2025 15:00:00,22.09.2025 10:00,24.09.2025 10:00,24.09.2025 17:00,https://www.roseltorg.ru/procedure/21000005000000026230/1,,55.7385543,37.4076291
https://investmoscow.ru/tenders/tender/19833067,19833067,17.8,1783000.0,100168.54,"178 300,00 руб.","89 150,00 руб.","2407050,00",35.0%,"Западный административный округ, Кунцево, Партизанская улица, дом 35, корпус 3, Цокольный этаж № 0, помещение 4Ц",77:07:0004003:9763,Молодёжная (11 мин),Цоколь,18.0,,Вход через места общего пользования,Открытый аукцион в электронной форме,2025,Завершено,12.08.2025 20:00:00,15.09.2025 15:00:00,22.09.2025 10:00,24.09.2025 10:00,24.09.2025 17:00,https://www.roseltorg.ru/procedure/21000005000000026237/1,,55.7385543,37.4076291
https://investmoscow.ru/tenders/tender/19829814,19829814,32.8,2981000.0,90884.15,"298 100,00 руб.","149 050,00 руб.","2981000,00",0.0%,"Западный административный округ, Кунцево, Партизанская улица, дом 35, корпус 3, Цокольный этаж № 0, помещение 2Н",77:07:0004003:9764,Молодёжная (11 мин),Цоколь,18.0,,Вход через места общего пользования,Открытый аукцион в электронной форме,2025,Завершено,08.08.2025 20:00:00,09.09.2025 15:00:00,16.09.2025 10:00,18.09.2025 10:00,18.09.2025 17:00,https://www.roseltorg.ru/procedure/21000005000000026201/1,,55.7385543,37.4076291
https://investmoscow.ru/tenders/tender/19847384,19847384,23.2,4110000.0,177155.17,"411 000,00 руб.","205 500,00 руб.",,,"Южный административный округ, Бирюлево Восточное, Бирюлёвская улица, дом 55, корпус 1, этаж № 1",77:05:0010004:31666,Покровское (58 мин),1,,,Вход через места общего пользования,Открытый аукцион в электронной форме,2025,Завершено,26.08.2025 15:00:00,25.09.2025 15:00:00,02.10.2025 10:00,07.10.2025 10:00,07.10.2025 17:00,https://www.roseltorg.ru/procedure/21000005000000026324/1,,55.5829622,37.6754383
https://investmoscow.ru/tenders/tender/19847249,19847249,23.1,4095000.0,177272.73,"409 500,00 руб.","204 750,00 руб.",,,"Южный административный округ, Бирюлево Восточное, Бирюлёвская улица, дом 55, корпус 1, этаж № 1",77:05:0010004:31759,Покровское (58 мин),1,,,Вход через места общего пользования,Открытый аукцион в электронной форме,2025,Завершено,26.08.2025 15:00:00,25.09.2025 15:00:00,02.10.2025 10:00,07.10.2025 10:00,07.10.2025 17:00,https://www.roseltorg.ru/procedure/21000005000000026323/1,,55.5829622,37.6754383
https://investmoscow.ru/tenders/tender/19849403,19849403,7.6,1939000.0,255131.58,"193 900,00 руб.","96 950,00 руб.",,,"Северо-Восточный административный округ, Бутырский, Бутырская улица, дом 86А, Этаж № 1",77:02:0021015:3329,Дмитровская (2 мин),1,8.0,,Вход через места общего пользования,Открытый аукцион в электронной форме,2025,Завершено,27.08.2025 20:00:00,30.09.2025 15:00:00,07.10.2025 10:00,09.10.2025 10:00,09.10.2025 17:00,https://www.roseltorg.ru/procedure/21000005000000026364/1,,55.8069985,37.5825613
https://investmoscow.ru/tenders/tender/19853854,19853854,46.5,2963000.0,63720.43,"296 300,00 руб.","148 150,00 руб.",,,"Московская обл., р-н Чеховский, с. Троицкое, д.48, этаж №1",50:31:0030307:2099,,1 этаж,5.0,,Отдельный,Открытый аукцион в электронной форме,2025,Завершено,05.09.2025 20:00:00,07.10.2025 15:00:00,14.10.2025 10:00,16.10.2025 10:00,16.10.2025 17:00,https://www.roseltorg.ru/procedure/21000005000000026522/1,,,
https://investmoscow.ru/tenders/tender/19860876,19860876,16.7,4221950.0,252811.38,"422 195,00 руб.","211 097,50 руб.",,,"Южный административный округ, Чертаново Южное, Кировоградская улица, дом 44А, корпус 1, этаж №1",77:05:0006004:23904,Улица Академика Янгеля (7 мин),1,,,Вход через места общего пользования,Открытый аукцион в электронной форме,2025,Завершено,09.09.2025 20:00:00,14.10.2025 15:00:00,21.10.2025 10:00,23.10.2025 10:00,23.10.2025 17:00,https://www.roseltorg.ru/procedure/21000005000000026540/1,,55.5979756,37.5948815
https://investmoscow.ru/tenders/tender/19859409,19859409,56.1,4843000.0,86327.99,"484 300,00 руб.","242 150,00 руб.","4843000,00",0.0%,"Северный административный округ, Сокол, 2-я Песчаная улица, дом 2, корпус 3, Подвал № 0, помещение 4П",77:09:0005003:6193,Зорге (13 мин),Подвал,6.0,,Вход через места общего пользования,Открытый аукцион в электронной форме,2025,Завершено,09.09.2025 20:00:00,14.10.2025 15:00:00,21.10.2025 10:00,23.10.2025 10:00,23.10.2025 17:00,https://www.roseltorg.ru/procedure/21000005000000026536/1,,55.7944482,37.5184103
https://investmoscow.ru/tenders/tender/19877446,19877446,16.3,982000.0,60245.4,"98 200,00 руб.","49 100,00 руб.","1522100,00",55.0%,"Восточный административный округ, Восточное Измайлово, Измайловский бульвар, дом 60, строение 1, Этаж № 1, помещение 6/1",77:03:0005016:6853,Первомайская (12 мин),1 этаж,1.0,,Отдельный,Открытый аукцион в электронной форме,2025,Завершено,25.09.2025 20:00:00,29.10.2025 15:00:00,05.11.2025 10:00,07.11.2025 10:00,07.11.2025 17:00,https://www.roseltorg.ru/procedure/21000005000000026799/1,,55.7964216,37.8128028
https://investmoscow.ru/tenders/tender/19875089,19875089,17.0,3009000.0,177000.0,"300 900,00 руб.","150 450,00 руб.","3009000,00",0.0%,"Юго-Восточный административный округ, Выхино-Жулебино, Ферганская улица, дом 16, корпус 2, Этаж № 1",77:04:0002012:8239,Выхино (15 мин),1,12.0,,Вход через места общего пользования,Открытый аукцион в электронной форме,2025,Завершено,23.09.2025 20:00:00,29.10.2025 15:00:00,05.11.2025 10:00,07.11.2025 10:00,07.11.2025 17:00,https://www.roseltorg.ru/procedure/21000005000000026741/1,,55.7068997,37.8119682
https://investmoscow.ru/tenders/tender/19885551,19885551,15.5,2988000.0,192774.19,"298 800,00 руб.","149 400,00 руб.","4332600,00",45.0%,"Зеленоградский административный округ, Крюково, город Зеленоград, корпус 1537, Этаж № 1",77:10:0000000:2763,Пятницкое шоссе (250 мин),1,14.0,,Вход через места общего пользования,Открытый аукцион в электронной форме,2025,Завершено,01.10.2025 20:00:00,06.11.2025 15:00:00,13.11.2025 10:00,18.11.2025 10:00,18.11.2025 17:00,https://www.roseltorg.ru/procedure/21000005000000026897/1,,55.991971,37.214241
https://investmoscow.ru/tenders/tender/19866031,19866031,6.4,1277000.0,199531.25,"255 400,00 руб.","63 850,00 руб.",,,"Юго-Западный административный округ, Академический, улица Кедрова, дом 22, Этаж №1, пом. 3/1",77:06:0004001:11367,Академическая (10 мин),1 этаж,10.0,,Вход через подъезд,Открытый аукцион в электронной форме,2025,Завершено,23.10.2025 20:00:00,25.11.2025 15:00:00,02.12.2025 10:00,05.12.2025 10:00,05.12.2025 17:00,https://www.roseltorg.ru/procedure/178fz23102500005/1,,55.6816844,37.5755471
https://investmoscow.ru/tenders/tender/19926994,19926994,34.7,164825.0,4750.0,"16 482,50 руб.","8 241,25 руб.",,,"Южный административный округ, Орехово-Борисово Северное, Каширское шоссе, дом 84, корпус 1, Этаж №1",77:05:0004015:2680,Домодедовская (18 мин),1,17.0,,Отдельный,Открытый аукцион в электронной форме,2026,Завершено,12.11.2025 20:00:00,14.01.2026 15:00:00,21.01.2026 10:00,23.01.2026 10:00,23.01.2026 17:00,https://www.roseltorg.ru/procedure/21000005000000027672/1,,55.6227758,37.7098332
https://investmoscow.ru/tenders/tender/19945600,19945600,11.5,1995000.0,173478.26,"199 500,00 руб.","99 750,00 руб.","5187000,00",160.0%,"Западный административный округ, Раменки, Университетский проспект, дом 23, корпус 4, Этаж № 1",77:07:0010004:2226,Ломоносовский проспект (11 мин),1,,,Вход через подъезд,Открытый аукцион в электронной форме,2026,Завершено,27.11.2025 20:00:00,19.01.2026 15:00:00,26.01.2026 10:00,28.01.2026 10:00,28.01.2026 17:00,https://www.roseltorg.ru/procedure/21000005000000028066/1,,55.7151774,37.5193313
https://investmoscow.ru/tenders/tender/19950537,19950537,8.2,2927000.0,356951.22,"292 700,00 руб.","146 350,00 руб.","2927000,00",0.0%,"Западный административный округ, Филевский парк, Филёвский бульвар, дом 13, корпус 1, этаж 1",77:07:0002002:6974,Мнёвники (12 мин),1 этаж,16.0,,Отдельный,Открытый аукцион в электронной форме,2026,Завершено,03.12.2025 20:00:00,29.01.2026 15:00:00,05.02.2026 10:00,10.02.2026 10:00,10.02.2026 17:00,https://www.roseltorg.ru/procedure/21000005000000028231/1,,55.7644756,37.4839385
https://investmoscow.ru/tenders/tender/19962361,19962361,10.2,2988600.0,293000.0,"500 000,00 руб.","14 943,00 руб.",,,"Восточный административный округ, Перово, Новогиреевская улица, дом 5А, корпус 2, этаж 2, пом. 218Н",77:03:0006017:3431,Перово (18 мин),2,,,Отдельный,Открытый аукцион в электронной форме,2026,Завершено,28.01.2026 20:00:00,02.03.2026 15:00:00,05.03.2026 15:00,10.03.2026 10:00,10.03.2026 17:00,https://www.roseltorg.ru/procedure/178fz28012600065/1,,55.761357,37.7969335
https://investmoscow.ru/tenders/tender/19953897,19953897,12.1,2000403.0,165322.56,"200 040,30 руб.","100 020,15 руб.",,,"Юго-Восточный административный округ, Рязанский, улица Коновалова, дом 16А, этаж 1, помещение III (ком. 30)",77:04:0002002:9359,Стахановская (14 мин),1,16.0,,nsi:1032:9001302,Открытый аукцион в электронной форме,2026,Завершено,16.12.2025 10:00:00,02.02.2026 15:00:00,09.02.2026 10:00,10.02.2026 10:00,11.02.2026 10:00,https://www.roseltorg.ru/procedure/21000005000000028452/1,,55.7321493,37.7642922
https://investmoscow.ru/tenders/tender/19953890,19953890,12.7,2099597.0,165322.6,"209 959,70 руб.","104 979,85 руб.",,,"Юго-Восточный административный округ, Рязанский, улица Коновалова, дом 16А, этаж 1, помещение III (ком. 29)",77:04:0002002:9358,Стахановская (14 мин),1,16.0,,nsi:1032:9001302,Открытый аукцион в электронной форме,2026,Завершено,16.12.2025 10:00:00,02.02.2026 15:00:00,09.02.2026 10:00,10.02.2026 10:00,11.02.2026 10:00,https://www.roseltorg.ru/procedure/21000005000000028449/1,,55.7321493,37.7642922
https://investmoscow.ru/tenders/tender/19970150,19970150,27.1,2472000.0,91217.71,"247 200,00 руб.","123 600,00 руб.","4449600,00",80.0%,"Северо-Восточный административный округ, Северное Медведково, проезд Шокальского, дом 26, Подвал № 0",77:02:0004008:4838,Медведково (14 мин),Подвал,,,Отдельный,Открытый аукцион в электронной форме,2026,Завершено,25.12.2025 20:00:00,03.03.2026 15:00:00,10.03.2026 10:00,12.03.2026 10:00,12.03.2026 17:00,https://www.roseltorg.ru/procedure/21000005000000028623/1,,55.8805575,37.6486594
https://investmoscow.ru/tenders/tender/19968568,19968568,21.2,3819000.0,180141.51,"381 900,00 руб.","190 950,00 руб.","5346600,00",40.0%,"Южный административный округ, Москворечье-Сабурово, Кантемировская улица, дом 8, корпус 1, Этаж № 1","77:05:0005005:10210, 77:05:0005005:11405",Москворечье (13 мин),1,14.0,,Вход через места общего пользования,Открытый аукцион в электронной форме,2026,Завершено,23.12.2025 20:00:00,03.03.2026 15:00:00,10.03.2026 10:00,12.03.2026 10:00,12.03.2026 17:00,https://www.roseltorg.ru/procedure/21000005000000028586/1,,55.5044008,36.9240645
https://investmoscow.ru/tenders/tender/19974736,19974736,16.3,3266000.0,200368.1,"326 600,00 руб.","163 300,00 руб.","5062300,00",55.0%,"Северо-Восточный административный округ, Бабушкинский, Олонецкий проезд, дом 10, Этаж № 1, пом. 2Н",77:02:0011003:4417,Бабушкинская (7 мин),1,16.0,,Вход через места общего пользования,Открытый аукцион в электронной форме,2026,Завершено,20.01.2026 20:00:00,12.03.2026 15:00:00,19.03.2026 10:00,24.03.2026 10:00,24.03.2026 17:00,https://www.roseltorg.ru/procedure/21000005000000028799/1,,55.8743661,37.6607623
https://investmoscow.ru/tenders/tender/19992759,19992759,15.1,2053400.0,135986.75,"205 340,00 руб.","102 670,00 руб.","3388110,00",65.0%,"Южный административный округ, Даниловский, 2-й Автозаводский проезд, дом 3А, Подвал № 0",77:05:0002003:4382,Автозаводская (2 мин),Подвал,7.0,,Вход через места общего пользования,Открытый аукцион в электронной форме,2026,Завершено,03.02.2026 20:00:00,12.03.2026 15:00:00,19.03.2026 10:00,24.03.2026 10:00,24.03.2026 17:00,https://www.roseltorg.ru/procedure/21000005000000029053/1,,55.706647,37.6589097
https://investmoscow.ru/tenders/tender/19978155,19978155,11.9,2804000.0,235630.25,"280 400,00 руб.","140 200,00 руб.","4907000,00",75.0%,"Центральный административный округ, Замоскворечье, Дубининская улица, дом 11, строение 2, Этаж № 1",77:01:0006016:1768,Павелецкая (6 мин),1,,,Отдельный,Открытый аукцион в электронной форме,2026,Завершено,15.01.2026 20:00:00,12.03.2026 15:00:00,19.03.2026 10:00,24.03.2026 10:00,24.03.2026 17:00,https://www.roseltorg.ru/procedure/21000005000000028761/1,,55.7280204,37.638378
https://investmoscow.ru/tenders/tender/19978278,19978278,12.3,3306000.0,268780.49,"330 600,00 руб.","165 300,00 руб.","4793700,00",45.0%,"Центральный административный округ, Замоскворечье, Дубининская улица, дом 11, строение 2, Этаж № 1",77:01:0006016:1769,Павелецкая (6 мин),1,,,Отдельный,Открытый аукцион в электронной форме,2026,Завершено,16.01.2026 20:00:00,12.03.2026 15:00:00,19.03.2026 10:00,24.03.2026 10:00,24.03.2026 17:00,https://www.roseltorg.ru/procedure/21000005000000028762/1,,55.7280204,37.638378
https://investmoscow.ru/tenders/tender/19974411,19974411,69.0,4462000.0,64666.67,"446 200,00 руб.","223 100,00 руб.","7139200,00",60.0%,"Северо-Восточный административный округ, Марфино, Гостиничная улица, дом 9Б, Подвал № 0",77:02:0017001:5161,Окружная (6 мин),Подвал,9.0,,Вход через подъезд,Открытый аукцион в электронной форме,2026,Завершено,13.01.2026 20:00:00,12.03.2026 15:00:00,19.03.2026 10:00,24.03.2026 10:00,24.03.2026 17:00,https://www.roseltorg.ru/procedure/21000005000000028750/1,,55.8466236,37.5795231
https://investmoscow.ru/tenders/tender/19979692,19979692,40.9,4061000.0,99290.95,"406 100,00 руб.","203 050,00 руб.","8122000,00",100.0%,"Центральный административный округ, Замоскворечье, Садовническая улица, дом 51, строение 1, Подвал № 0",77:01:0002014:6038,Новокузнецкая (11 мин),Подвал,,,Вход через места общего пользования,Открытый аукцион в электронной форме,2026,Завершено,19.01.2026 20:00:00,16.03.2026 15:00:00,23.03.2026 10:00,25.03.2026 10:00,25.03.2026 17:00,https://www.roseltorg.ru/procedure/21000005000000028793/1,,55.7429382,37.6402046
https://investmoscow.ru/tenders/tender/20001805,20001805,2.7,611000.0,226296.3,"61 100,00 руб.","30 550,00 руб.",,,"Северный административный округ, Левобережный, Фестивальная улица, дом 15, корпус 2, Подземный этаж № -2, помещение 105К",77:09:0001009:21137,Речной вокзал (5 мин),-2,22.0,,Вход через места общего пользования,Открытый аукцион в электронной форме,2026,Завершено,12.02.2026 20:00:00,31.03.2026 15:00:00,07.04.2026 10:00,09.04.2026 10:00,09.04.2026 17:00,https://www.roseltorg.ru/procedure/21000005000000029205/1,,55.8595175,37.4748951
https://investmoscow.ru/tenders/tender/20001634,20001634,3.1,678000.0,218709.68,"67 800,00 руб.","33 900,00 руб.",,,"Северный административный округ, Левобережный, Фестивальная улица, дом 15, корпус 2, Подземный этаж № -2, помещение 112К",77:09:0001009:21145,Речной вокзал (5 мин),-2,22.0,,Вход через места общего пользования,Открытый аукцион в электронной форме,2026,Завершено,10.02.2026 20:00:00,31.03.2026 15:00:00,07.04.2026 10:00,09.04.2026 10:00,09.04.2026 17:00,https://www.roseltorg.ru/procedure/21000005000000029153/1,,55.8595175,37.4748951
https://investmoscow.ru/tenders/tender/20003412,20003412,3.1,678000.0,218709.68,"67 800,00 руб.","33 900,00 руб.",,,"Северный административный округ, Левобережный, Фестивальная улица, дом 15, корпус 2, Подземный этаж № -2, помещение 107К",77:09:0001009:21139,Речной вокзал (5 мин),-2,26.0,,Вход через места общего пользования,Открытый аукцион в электронной форме,2026,Завершено,11.02.2026 20:00:00,31.03.2026 15:00:00,07.04.2026 10:00,09.04.2026 10:00,09.04.2026 17:00,https://www.roseltorg.ru/procedure/21000005000000029199/1,,55.8595175,37.4748951
https://investmoscow.ru/tenders/tender/20003389,20003389,3.1,678000.0,218709.68,"67 800,00 руб.","33 900,00 руб.",,,"Северный административный округ, Левобережный, Фестивальная улица, дом 15, корпус 2, Подземный этаж № -2, помещение 108К",77:09:0001009:21140,Речной вокзал (5 мин),-2,26.0,,Вход через места общего пользования,Открытый аукцион в электронной форме,2026,Завершено,11.02.2026 20:00:00,31.03.2026 15:00:00,07.04.2026 10:00,09.04.2026 10:00,09.04.2026 17:00,https://www.roseltorg.ru/procedure/21000005000000029198/1,,55.8595175,37.4748951
https://investmoscow.ru/tenders/tender/20002617,20002617,3.2,694000.0,216875.0,"69 400,00 руб.","34 700,00 руб.",,,"Северный административный округ, Левобережный, Фестивальная улица, дом 15, корпус 2, Подземный этаж № -2, помещение 101К",77:09:0001009:21131,Речной вокзал (5 мин),-2,26.0,,Вход через места общего пользования,Открытый аукцион в электронной форме,2026,Завершено,12.02.2026 20:00:00,31.03.2026 15:00:00,07.04.2026 10:00,09.04.2026 10:00,09.04.2026 17:00,https://www.roseltorg.ru/procedure/21000005000000029210/1,,55.8595175,37.4748951
https://investmoscow.ru/tenders/tender/20002537,20002537,3.0,661000.0,220333.33,"66 100,00 руб.","33 050,00 руб.",,,"Северный административный округ, Левобережный, Фестивальная улица, дом 15, корпус 2, Подземный этаж № -2, помещение 102К",77:09:0001009:21134,Речной вокзал (5 мин),-2,26.0,,Вход через места общего пользования,Открытый аукцион в электронной форме,2026,Завершено,12.02.2026 20:00:00,31.03.2026 15:00:00,07.04.2026 10:00,09.04.2026 10:00,09.04.2026 17:00,https://www.roseltorg.ru/procedure/21000005000000029208/1,,55.8595175,37.4748951
https://investmoscow.ru/tenders/tender/20002400,20002400,3.0,661000.0,220333.33,"66 100,00 руб.","33 050,00 руб.",,,"Северный административный округ, Левобережный, Фестивальная улица, дом 15, корпус 2, Подземный этаж № -2, помещение 103К",77:09:0001009:21135,Речной вокзал (5 мин),-2,26.0,,Вход через места общего пользования,Открытый аукцион в электронной форме,2026,Завершено,12.02.2026 20:00:00,31.03.2026 15:00:00,07.04.2026 10:00,09.04.2026 10:00,09.04.2026 17:00,https://www.roseltorg.ru/procedure/21000005000000029207/1,,55.8595175,37.4748951
https://investmoscow.ru/tenders/tender/20001689,20001689,3.2,694000.0,216875.0,"69 400,00 руб.","34 700,00 руб.",,,"Северный административный округ, Левобережный, Фестивальная улица, дом 15, корпус 2, Подземный этаж № -2, помещение 113К",77:09:0001009:21146,Речной вокзал (5 мин),-2,22.0,,Вход через места общего пользования,Открытый аукцион в электронной форме,2026,Завершено,10.02.2026 20:00:00,31.03.2026 15:00:00,07.04.2026 10:00,09.04.2026 10:00,09.04.2026 17:00,https://www.roseltorg.ru/procedure/21000005000000029154/1,,55.8595175,37.4748951
https://investmoscow.ru/tenders/tender/20001427,20001427,3.1,678000.0,218709.68,"67 800,00 руб.","33 900,00 руб.",,,"Северный административный округ, Левобережный, Фестивальная улица, дом 15, корпус 2, Подземный этаж № -2, помещение 110К",77:09:0001009:21142,Речной вокзал (5 мин),-2,22.0,,Вход через места общего пользования,Открытый аукцион в электронной форме,2026,Завершено,10.02.2026 20:00:00,31.03.2026 15:00:00,07.04.2026 10:00,09.04.2026 10:00,09.04.2026 17:00,https://www.roseltorg.ru/procedure/21000005000000029134/1,,55.8595175,37.4748951
https://investmoscow.ru/tenders/tender/20003456,20003456,3.1,678000.0,218709.68,"67 800,00 руб.","33 900,00 руб.",,,"Северный административный округ, Левобережный, Фестивальная улица, дом 15, корпус 2, Подземный этаж № -2, помещение 106К",77:09:0001009:21138,Речной вокзал (5 мин),-2,26.0,,Вход через места общего пользования,Открытый аукцион в электронной форме,2026,Завершено,11.02.2026 20:00:00,31.03.2026 15:00:00,07.04.2026 10:00,09.04.2026 10:00,09.04.2026 17:00,https://www.roseltorg.ru/procedure/21000005000000029202/1,,55.8595175,37.4748951
https://investmoscow.ru/tenders/tender/20001553,20001553,3.0,661000.0,220333.33,"66 100,00 руб.","33 050,00 руб.",,,"Северный административный округ, Левобережный, Фестивальная улица, дом 15, корпус 2, Подземный этаж № -2, помещение 111К",77:09:0001009:21143,Речной вокзал (5 мин),-2,22.0,,Вход через места общего пользования,Открытый аукцион в электронной форме,2026,Завершено,10.02.2026 20:00:00,31.03.2026 15:00:00,07.04.2026 10:00,09.04.2026 10:00,09.04.2026 17:00,https://www.roseltorg.ru/procedure/21000005000000029148/1,,55.8595175,37.4748951
https://investmoscow.ru/tenders/tender/20003379,20003379,6.6,1194000.0,180909.09,"119 400,00 руб.","59 700,00 руб.",,,"Северный административный округ, Левобережный, Фестивальная улица, дом 15, корпус 2, Подземный этаж № -2, помещение 109К",77:09:0001009:21141,Речной вокзал (5 мин),-2,26.0,,Вход через места общего пользования,Открытый аукцион в электронной форме,2026,Завершено,11.02.2026 20:00:00,31.03.2026 15:00:00,07.04.2026 10:00,09.04.2026 10:00,09.04.2026 17:00,https://www.roseltorg.ru/procedure/21000005000000029197/1,,55.8595175,37.4748951
https://investmoscow.ru/tenders/tender/20002220,20002220,3.0,661000.0,220333.33,"66 100,00 руб.","33 050,00 руб.",,,"Северный административный округ, Левобережный, Фестивальная улица, дом 15, корпус 2, Подземный этаж № -2, помещение 104К",77:09:0001009:21136,Речной вокзал (5 мин),-2,26.0,,Вход через места общего пользования,Открытый аукцион в электронной форме,2026,Завершено,12.02.2026 20:00:00,31.03.2026 15:00:00,07.04.2026 10:00,09.04.2026 10:00,09.04.2026 17:00,https://www.roseltorg.ru/procedure/21000005000000029206/1,,55.8595175,37.4748951
https://investmoscow.ru/tenders/tender/20003149,20003149,3.2,694000.0,216875.0,"69 400,00 руб.","34 700,00 руб.",,,"Северный административный округ, Левобережный, Фестивальная улица, дом 15, корпус 2, Подземный этаж № -2, помещение 86К",77:09:0001009:21115,Речной вокзал (5 мин),-2,26.0,,Вход через места общего пользования,Открытый аукцион в электронной форме,2026,Завершено,12.02.2026 20:00:00,30.03.2026 15:00:00,06.04.2026 10:00,08.04.2026 10:00,08.04.2026 17:00,https://www.roseltorg.ru/procedure/21000005000000029212/1,,55.8595175,37.4748951
https://investmoscow.ru/tenders/tender/20002926,20002926,2.8,628000.0,224285.71,"62 800,00 руб.","31 400,00 руб.",,,"Северный административный округ, Левобережный, Фестивальная улица, дом 15, корпус 2, Подземный этаж № -2, помещение 90К",77:09:0001009:21119,Речной вокзал (5 мин),-2,26.0,Свободное,Вход через места общего пользования,Открытый аукцион в электронной форме,2026,Завершено,12.02.2026 20:00:00,30.03.2026 15:00:00,06.04.2026 10:00,08.04.2026 10:00,08.04.2026 17:00,https://www.roseltorg.ru/procedure/21000005000000029219/1,,55.8595175,37.4748951
https://investmoscow.ru/tenders/tender/20001894,20001894,2.7,611000.0,226296.3,"61 100,00 руб.","30 550,00 руб.",,,"Северный административный округ, Левобережный, Фестивальная улица, дом 15, корпус 2, Подземный этаж № -2, помещение 98К",77:09:0001009:21128,Речной вокзал (5 мин),-2,26.0,Свободное,Вход через места общего пользования,Открытый аукцион в электронной форме,2026,Завершено,10.02.2026 20:00:00,30.03.2026 15:00:00,06.04.2026 10:00,08.04.2026 10:00,08.04.2026 17:00,https://www.roseltorg.ru/procedure/21000005000000029164,,55.8595175,37.4748951
https://investmoscow.ru/tenders/tender/20001854,20001854,2.7,611000.0,226296.3,"61 100,00 руб.","30 550,00 руб.",,,"Северный административный округ, Левобережный, Фестивальная улица, дом 15, корпус 2, Подземный этаж № -2, помещение 97К",77:09:0001009:21127,Речной вокзал (5 мин),-2,26.0,,Вход через места общего пользования,Открытый аукцион в электронной форме,2026,Завершено,10.02.2026 20:00:00,30.03.2026 15:00:00,06.04.2026 10:00,08.04.2026 10:00,08.04.2026 17:00,https://www.roseltorg.ru/procedure/21000005000000029162/1,,55.8595175,37.4748951
https://investmoscow.ru/tenders/tender/20001548,20001548,3.1,678000.0,218709.68,"67 800,00 руб.","33 900,00 руб.",,,"Северный административный округ, Левобережный, Фестивальная улица, дом 15, корпус 2, Подземный этаж № -2, помещение 92К",77:09:0001009:21122,Речной вокзал (5 мин),-2,22.0,,Вход через места общего пользования,Открытый аукцион в электронной форме,2026,Завершено,10.02.2026 20:00:00,30.03.2026 15:00:00,06.04.2026 10:00,08.04.2026 10:00,08.04.2026 17:00,https://www.roseltorg.ru/procedure/21000005000000029146/1,,55.8595175,37.4748951
https://investmoscow.ru/tenders/tender/20001757,20001757,3.2,694000.0,216875.0,"69 400,00 руб.","34 700,00 руб.",,,"Северный административный округ, Левобережный, Фестивальная улица, дом 15, корпус 2, Подземный этаж № -2, помещение 96К",77:09:0001009:21126,Речной вокзал (5 мин),-2,22.0,Свободное,Вход через места общего пользования,Открытый аукцион в электронной форме,2026,Завершено,10.02.2026 20:00:00,30.03.2026 15:00:00,06.04.2026 10:00,08.04.2026 10:00,08.04.2026 17:00,https://www.roseltorg.ru/procedure/21000005000000029156/1,,55.8595175,37.4748951
https://investmoscow.ru/tenders/tender/20001515,20001515,3.1,678000.0,218709.68,"67 800,00 руб.","33 900,00 руб.",,,"Северный административный округ, Левобережный, Фестивальная улица, дом 15, корпус 2, Подземный этаж № -2, помещение 91К",77:09:0001009:21120,Речной вокзал (5 мин),-2,22.0,Свободное,Вход через места общего пользования,Открытый аукцион в электронной форме,2026,Завершено,10.02.2026 20:00:00,30.03.2026 15:00:00,06.04.2026 10:00,08.04.2026 10:00,08.04.2026 17:00,https://www.roseltorg.ru/procedure/21000005000000029140/1,,55.8595175,37.4748951
https://investmoscow.ru/tenders/tender/19997858,19997858,3.6,758000.0,210555.56,"75 800,00 руб.","37 900,00 руб.",,,"Северный административный округ, Левобережный, Фестивальная улица, дом 15, корпус 2, Подземный этаж № -2, помещение 93К",77:09:0001009:21123,Речной вокзал (5 мин),-2,22.0,Свободное,Вход через места общего пользования,Открытый аукцион в электронной форме,2026,Завершено,10.02.2026 20:00:00,30.03.2026 15:00:00,06.04.2026 10:00,08.04.2026 10:00,08.04.2026 17:00,https://www.roseltorg.ru/procedure/21000005000000029147/1,,55.8595175,37.4748951
https://investmoscow.ru/tenders/tender/20003134,20003134,3.0,661000.0,220333.33,"66 100,00 руб.","33 050,00 руб.",,,"Северный административный округ, Левобережный, Фестивальная улица, дом 15, корпус 2, Подземный этаж № -2, помещение 87К",77:09:0001009:21116,Речной вокзал (5 мин),-2,26.0,Свободное,Вход через места общего пользования,Открытый аукцион в электронной форме,2026,Завершено,12.02.2026 20:00:00,30.03.2026 15:00:00,06.04.2026 10:00,08.04.2026 10:00,08.04.2026 17:00,https://www.roseltorg.ru/procedure/21000005000000029215/1,,55.8595175,37.4748951
https://investmoscow.ru/tenders/tender/20003030,20003030,3.0,661000.0,220333.33,"66 100,00 руб.","33 050,00 руб.",,,"Северный административный округ, Левобережный, Фестивальная улица, дом 15, корпус 2, Подземный этаж № -2, помещение 88К",77:09:0001009:21117,Речной вокзал (5 мин),-2,26.0,Свободное,Вход через места общего пользования,Открытый аукцион в электронной форме,2026,Завершено,12.02.2026 20:00:00,30.03.2026 15:00:00,06.04.2026 10:00,08.04.2026 10:00,08.04.2026 17:00,https://www.roseltorg.ru/procedure/21000005000000029216/1,,55.8595175,37.4748951
https://investmoscow.ru/tenders/tender/20001639,20001639,3.1,678000.0,218709.68,"67 800,00 руб.","33 900,00 руб.",,,"Северный административный округ, Левобережный, Фестивальная улица, дом 15, корпус 2, Подземный этаж № -2, помещение 95К",77:09:0001009:21125,Речной вокзал (5 мин),-2,22.0,,Вход через места общего пользования,Открытый аукцион в электронной форме,2026,Завершено,10.02.2026 20:00:00,30.03.2026 15:00:00,06.04.2026 10:00,08.04.2026 10:00,08.04.2026 17:00,https://www.roseltorg.ru/procedure/21000005000000029155/1,,55.8595175,37.4748951
https://investmoscow.ru/tenders/tender/19998282,19998282,3.8,790000.0,207894.74,"79 000,00 руб.","39 500,00 руб.",,,"Северный административный округ, Левобережный, Фестивальная улица, дом 15, корпус 2, подземный этаж № -2, помещение 94К",77:09:0001009:21124,Речной вокзал (5 мин),-2,22.0,Свободное,Вход через места общего пользования,Открытый аукцион в электронной форме,2026,Завершено,10.02.2026 20:00:00,30.03.2026 15:00:00,06.04.2026 10:00,08.04.2026 10:00,08.04.2026 17:00,https://www.roseltorg.ru/procedure/21000005000000029149/1,,55.8595175,37.4748951
https://investmoscow.ru/tenders/tender/20002966,20002966,3.0,661000.0,220333.33,"66 100,00 руб.","33 050,00 руб.",,,"Северный административный округ, Левобережный, Фестивальная улица, дом 15, корпус 2, Подземный этаж № -2, помещение 89К",77:09:0001009:21118,Речной вокзал (5 мин),-2,26.0,,Вход через места общего пользования,Открытый аукцион в электронной форме,2026,Завершено,12.02.2026 20:00:00,30.03.2026 15:00:00,06.04.2026 10:00,08.04.2026 10:00,08.04.2026 17:00,https://www.roseltorg.ru/procedure/21000005000000029218/1,,55.8595175,37.4748951
https://investmoscow.ru/tenders/tender/20001973,20001973,2.7,611000.0,226296.3,"61 100,00 руб.","30 550,00 руб.",,,"Северный административный округ, Левобережный, Фестивальная улица, дом 15, корпус 2, Подземный этаж № -2, помещение 100К",77:09:0001009:21130,Речной вокзал (5 мин),-2,26.0,Свободное,Вход через места общего пользования,Открытый аукцион в электронной форме,2026,Завершено,10.02.2026 20:00:00,30.03.2026 15:00:00,06.04.2026 10:00,08.04.2026 10:00,08.04.2026 17:00,https://www.roseltorg.ru/procedure/21000005000000029166/1,,55.8595175,37.4748951
https://investmoscow.ru/tenders/tender/20001915,20001915,2.7,611000.0,226296.3,"61 100,00 руб.","30 550,00 руб.",,,"Северный административный округ, Левобережный, Фестивальная улица, дом 15, корпус 2, Подземный этаж № -2, помещение 99К",77:09:0001009:21129,Речной вокзал (5 мин),-2,26.0,Свободное,Вход через места общего пользования,Открытый аукцион в электронной форме,2026,Завершено,10.02.2026 20:00:00,30.03.2026 15:00:00,06.04.2026 10:00,08.04.2026 10:00,08.04.2026 17:00,https://www.roseltorg.ru/procedure/21000005000000029165/1,,55.8595175,37.4748951
https://investmoscow.ru/tenders/tender/20001415,20001415,3.1,678000.0,218709.68,"67 800,00 руб.","33 900,00 руб.",,,"Северный административный округ, Левобережный, Фестивальная улица, дом 15, корпус 2, Подземный этаж № -2, помещение 82К",77:09:0001009:21111,Речной вокзал (5 мин),-2,22.0,Свободное,Вход через места общего пользования,Открытый аукцион в электронной форме,2026,Завершено,10.02.2026 20:00:00,26.03.2026 15:00:00,02.04.2026 10:00,06.04.2026 10:00,06.04.2026 17:00,https://www.roseltorg.ru/procedure/21000005000000029139/1,,55.8595175,37.4748951
https://investmoscow.ru/tenders/tender/20000737,20000737,3.0,661000.0,220333.33,"66 100,00 руб.","33 050,00 руб.","661000,00",0.0%,"Северный административный округ, Левобережный, Фестивальная улица, дом 15, корпус 2, Подземный этаж № -2, помещение 79К",77:09:0001009:21107,Речной вокзал (5 мин),-2,22.0,Свободное,Вход через места общего пользования,Открытый аукцион в электронной форме,2026,Завершено,10.02.2026 20:00:00,26.03.2026 15:00:00,02.04.2026 10:00,06.04.2026 10:00,06.04.2026 17:00,https://www.roseltorg.ru/procedure/21000005000000029136/1,,55.8595175,37.4748951
https://investmoscow.ru/tenders/tender/19998206,19998206,3.7,774000.0,209189.19,"77 400,00 руб.","38 700,00 руб.",,,"Северный административный округ, Левобережный, Фестивальная улица, дом 15, корпус 2, Подземный этаж № -2, помещение 66К",77:09:0001009:21093,Речной вокзал (5 мин),-2,22.0,,Вход через места общего пользования,Открытый аукцион в электронной форме,2026,Завершено,10.02.2026 20:00:00,26.03.2026 15:00:00,02.04.2026 10:00,06.04.2026 10:00,06.04.2026 17:00,https://www.roseltorg.ru/procedure/21000005000000029124/1,,55.8595175,37.4748951
https://investmoscow.ru/tenders/tender/19997758,19997758,3.7,774000.0,209189.19,"77 400,00 руб.","38 700,00 руб.",,,"Северный административный округ, Левобережный, Фестивальная улица, дом 15, корпус 2, Подземный этаж № -2, помещение 69К",77:09:0001009:21096,Речной вокзал (5 мин),-2,22.0,,Вход через места общего пользования,Открытый аукцион в электронной форме,2026,Завершено,10.02.2026 20:00:00,26.03.2026 15:00:00,02.04.2026 10:00,06.04.2026 10:00,06.04.2026 17:00,https://www.roseltorg.ru/procedure/21000005000000029129/1,,55.8595175,37.4748951
https://investmoscow.ru/tenders/tender/20001532,20001532,3.0,661000.0,220333.33,"66 100,00 руб.","33 050,00 руб.","661000,00",0.0%,"Северный административный округ, Левобережный, Фестивальная улица, дом 15, корпус 2, Подземный этаж № -2, помещение 84К",77:09:0001009:21113,Речной вокзал (5 мин),-2,22.0,Свободное,Вход через места общего пользования,Открытый аукцион в электронной форме,2026,Завершено,10.02.2026 20:00:00,26.03.2026 15:00:00,02.04.2026 10:00,06.04.2026 10:00,06.04.2026 17:00,https://www.roseltorg.ru/procedure/21000005000000029151/1,,55.8595175,37.4748951
https://investmoscow.ru/tenders/tender/20000822,20000822,2.8,628000.0,224285.71,"62 800,00 руб.","31 400,00 руб.",,,"Северный административный округ, Левобережный, Фестивальная улица, дом 15, корпус 2, Подземный этаж № -2, помещение 80К",77:09:0001009:21108,Речной вокзал (5 мин),-2,22.0,Свободное,Вход через места общего пользования,Открытый аукцион в электронной форме,2026,Завершено,10.02.2026 20:00:00,26.03.2026 15:00:00,02.04.2026 10:00,06.04.2026 10:00,06.04.2026 17:00,https://www.roseltorg.ru/procedure/21000005000000029141/1,,55.8595175,37.4748951
https://investmoscow.ru/tenders/tender/19999509,19999509,3.7,774000.0,209189.19,"77 400,00 руб.","38 700,00 руб.","774000,00",0.0%,"Северный административный округ, Левобережный, Фестивальная улица, дом 15, корпус 2, Подземный этаж № -2, помещение 78К",77:09:0001009:21106,Речной вокзал (5 мин),-2,22.0,Свободное,Вход через места общего пользования,Открытый аукцион в электронной форме,2026,Завершено,09.02.2026 20:00:00,26.03.2026 15:00:00,02.04.2026 10:00,06.04.2026 10:00,06.04.2026 17:00,https://www.roseltorg.ru/procedure/21000005000000029106/1,,55.8595175,37.4748951
https://investmoscow.ru/tenders/tender/19998260,19998260,3.6,758000.0,210555.56,"75 800,00 руб.","37 900,00 руб.",,,"Северный административный округ, Левобережный, Фестивальная улица, дом 15, корпус 2, Подземный этаж № -2, помещение 65К",77:09:0001009:21092,Речной вокзал (5 мин),-2,22.0,Свободное,Вход через места общего пользования,Открытый аукцион в электронной форме,2026,Завершено,10.02.2026 20:00:00,26.03.2026 15:00:00,02.04.2026 10:00,06.04.2026 10:00,06.04.2026 17:00,https://www.roseltorg.ru/procedure/21000005000000029123/1,,55.8595175,37.4748951
https://investmoscow.ru/tenders/tender/19997694,19997694,3.9,805000.0,206410.26,"80 500,00 руб.","40 250,00 руб.",,,"Северный административный округ, Левобережный, Фестивальная улица, дом 15, корпус 2, Подземный этаж № -2, помещение 70К",77:09:0001009:21097,Речной вокзал (5 мин),-2,22.0,,Вход через места общего пользования,Открытый аукцион в электронной форме,2026,Завершено,10.02.2026 20:00:00,26.03.2026 15:00:00,02.04.2026 10:00,06.04.2026 10:00,06.04.2026 17:00,https://www.roseltorg.ru/procedure/21000005000000029131/1,,55.8595175,37.4748951
https://investmoscow.ru/tenders/tender/19997532,19997532,3.2,694000.0,216875.0,"69 400,00 руб.","34 700,00 руб.","694000,00",0.0%,"Северный административный округ, Левобережный, Фестивальная улица, дом 15, корпус 2, Подземный этаж № -2, помещение 74К",77:09:0001009:21102,Речной вокзал (5 мин),-2,22.0,Свободное,Вход через места общего пользования,Открытый аукцион в электронной форме,2026,Завершено,09.02.2026 20:00:00,26.03.2026 15:00:00,02.04.2026 10:00,06.04.2026 10:00,06.04.2026 17:00,https://www.roseltorg.ru/procedure/21000005000000029093/1,,55.8595175,37.4748951
https://investmoscow.ru/tenders/tender/20000139,20000139,3.3,710000.0,215151.52,"71 000,00 руб.","35 500,00 руб.","710000,00",0.0%,"Северный административный округ, Левобережный, Фестивальная улица, дом 15, корпус 2, Подземный этаж № -2, помещение 75К",77:09:0001009:21103,Речной вокзал (5 мин),-2,22.0,Свободное,Вход через места общего пользования,Открытый аукцион в электронной форме,2026,Завершено,09.02.2026 20:00:00,26.03.2026 15:00:00,02.04.2026 10:00,06.04.2026 10:00,06.04.2026 17:00,https://www.roseltorg.ru/procedure/21000005000000029097/1,,55.8595175,37.4748951
https://investmoscow.ru/tenders/tender/19999344,19999344,3.5,742000.0,212000.0,"74 200,00 руб.","37 100,00 руб.",,,"Северный административный округ, Левобережный, Фестивальная улица, дом 15, корпус 2, Подземный этаж № -2, помещение 73К",77:09:0001009:21101,Речной вокзал (5 мин),-2,22.0,Свободное,Вход через места общего пользования,Открытый аукцион в электронной форме,2026,Завершено,09.02.2026 20:00:00,26.03.2026 15:00:00,02.04.2026 10:00,06.04.2026 10:00,06.04.2026 17:00,https://www.roseltorg.ru/procedure/21000005000000029095/1,,55.8595175,37.4748951
https://investmoscow.ru/tenders/tender/19997444,19997444,3.2,694000.0,216875.0,"69 400,00 руб.","34 700,00 руб.","694000,00",0.0%,"Северный административный округ, Левобережный, Фестивальная улица, дом 15, корпус 2, Подземный этаж № -2, помещение 72К",77:09:0001009:21100,Речной вокзал (5 мин),-2,22.0,Свободное,Вход через места общего пользования,Открытый аукцион в электронной форме,2026,Завершено,09.02.2026 20:00:00,26.03.2026 15:00:00,02.04.2026 10:00,06.04.2026 10:00,06.04.2026 17:00,https://www.roseltorg.ru/procedure/21000005000000029092/1,,55.8595175,37.4748951
https://investmoscow.ru/tenders/tender/20001591,20001591,3.0,661000.0,220333.33,"66 100,00 руб.","33 050,00 руб.","661000,00",0.0%,"Северный административный округ, Левобережный, Фестивальная улица, дом 15, корпус 2, подземный этаж № -2, помещение 85К",77:09:0001009:21114,Речной вокзал (5 мин),-2,22.0,Свободное,Вход через места общего пользования,Открытый аукцион в электронной форме,2026,Завершено,10.02.2026 20:00:00,26.03.2026 15:00:00,02.04.2026 10:00,06.04.2026 10:00,06.04.2026 17:00,https://www.roseltorg.ru/procedure/21000005000000029152/1,,55.8595175,37.4748951
https://investmoscow.ru/tenders/tender/19997826,19997826,3.9,805000.0,206410.26,"80 500,00 руб.","40 250,00 руб.",,,"Северный административный округ, Левобережный, Фестивальная улица, дом 15, корпус 2, Подземный этаж № -2, помещение 67К",77:09:0001009:21094,Речной вокзал (5 мин),-2,22.0,Свободное,Вход через места общего пользования,Открытый аукцион в электронной форме,2026,Завершено,10.02.2026 20:00:00,26.03.2026 15:00:00,02.04.2026 10:00,06.04.2026 10:00,06.04.2026 17:00,https://www.roseltorg.ru/procedure/21000005000000029125/1,,55.8595175,37.4748951
https://investmoscow.ru/tenders/tender/19997796,19997796,4.1,811000.0,197804.88,"81 100,00 руб.","40 550,00 руб.",,,"Северный административный округ, Левобережный, Фестивальная улица, дом 15, корпус 2, Подземный этаж № -2, помещение 68К",77:09:0001009:21095,Речной вокзал (5 мин),-2,22.0,Свободное,Вход через места общего пользования,Открытый аукцион в электронной форме,2026,Завершено,10.02.2026 20:00:00,26.03.2026 15:00:00,02.04.2026 10:00,06.04.2026 10:00,06.04.2026 17:00,https://www.roseltorg.ru/procedure/21000005000000029128/1,,55.8595175,37.4748951
https://investmoscow.ru/tenders/tender/19997691,19997691,3.2,694000.0,216875.0,"69 400,00 руб.","34 700,00 руб.",,,"Северный административный округ, Левобережный, Фестивальная улица, дом 15, корпус 2, Подземный этаж № -2, помещение 71К",77:09:0001009:21098,Речной вокзал (5 мин),-2,22.0,,Вход через места общего пользования,Открытый аукцион в электронной форме,2026,Завершено,10.02.2026 20:00:00,26.03.2026 15:00:00,02.04.2026 10:00,06.04.2026 10:00,06.04.2026 17:00,https://www.roseltorg.ru/procedure/21000005000000029132/1,,55.8595175,37.4748951
https://investmoscow.ru/tenders/tender/19997552,19997552,3.2,694000.0,216875.0,"69 400,00 руб.","34 700,00 руб.",,,"Северный административный округ, Левобережный, Фестивальная улица, дом 15, корпус 2, Подземный этаж № -2, помещение 77К",77:09:0001009:21105,Речной вокзал (5 мин),-2,22.0,Свободное,Вход через места общего пользования,Открытый аукцион в электронной форме,2026,Завершено,09.02.2026 20:00:00,26.03.2026 15:00:00,02.04.2026 10:00,06.04.2026 10:00,06.04.2026 17:00,https://www.roseltorg.ru/procedure/21000005000000029105/1,,55.8595175,37.4748951
https://investmoscow.ru/tenders/tender/20001077,20001077,3.1,678000.0,218709.68,"67 800,00 руб.","33 900,00 руб.",,,"Северный административный округ, Левобережный, Фестивальная улица, дом 15, корпус 2, Подземный этаж № -2, помещение 81К",77:09:0001009:21109,Речной вокзал (5 мин),-2,22.0,Свободное,Вход через места общего пользования,Открытый аукцион в электронной форме,2026,Завершено,10.02.2026 20:00:00,26.03.2026 15:00:00,02.04.2026 10:00,06.04.2026 10:00,06.04.2026 17:00,https://www.roseltorg.ru/procedure/21000005000000029137/1,,55.8595175,37.4748951
https://investmoscow.ru/tenders/tender/20001516,20001516,3.2,694000.0,216875.0,"69 400,00 руб.","34 700,00 руб.",,,"Северный административный округ, Левобережный, Фестивальная улица, дом 15, корпус 2, Подземный этаж № -2, помещение 83К",77:09:0001009:21112,Речной вокзал (5 мин),-2,22.0,Свободное,Вход через места общего пользования,Открытый аукцион в электронной форме,2026,Завершено,10.02.2026 20:00:00,26.03.2026 15:00:00,02.04.2026 10:00,06.04.2026 10:00,06.04.2026 17:00,https://www.roseltorg.ru/procedure/21000005000000029150/1,,55.8595175,37.4748951
https://investmoscow.ru/tenders/tender/19984786,19984786,4.6,957000.0,208043.48,"95 700,00 руб.","47 850,00 руб.","1148400,00",20.0%,"Северный административный округ, Левобережный, Фестивальная улица, дом 15, корпус 2, Подземный этаж № -1, помещение 42 К",77:09:0001009:21067,Речной вокзал (5 мин),-1,22.0,Свободное,Вход через места общего пользования,Открытый аукцион в электронной форме,2026,Завершено,22.01.2026 20:00:00,24.03.2026 15:00:00,31.03.2026 10:00,02.04.2026 10:00,02.04.2026 17:00,https://www.roseltorg.ru/procedure/21000005000000028847,,55.8595175,37.4748951
https://investmoscow.ru/tenders/tender/19995490,19995490,2.8,659000.0,235357.14,"65 900,00 руб.","32 950,00 руб.","659000,00",0.0%,"Северный административный округ, Левобережный, Фестивальная улица, дом 15, корпус 2, Подземный этаж № -1, помещение 54К",77:09:0001009:21080,Речной вокзал (5 мин),-1,22.0,Свободное,Вход через места общего пользования,Открытый аукцион в электронной форме,2026,Завершено,03.02.2026 20:00:00,24.03.2026 15:00:00,31.03.2026 10:00,02.04.2026 10:00,02.04.2026 17:00,https://www.roseltorg.ru/procedure/21000005000000029043/1,,55.8595175,37.4748951
https://investmoscow.ru/tenders/tender/19995781,19995781,3.4,763000.0,224411.76,"76 300,00 руб.","38 150,00 руб.","801150,00",5.0%,"Северный административный округ, Левобережный, Фестивальная улица, дом 15, корпус 2, Подземный этаж № -1, помещение 50К",77:09:0001009:21075,Речной вокзал (5 мин),-1,22.0,Свободное,Вход через места общего пользования,Открытый аукцион в электронной форме,2026,Завершено,03.02.2026 20:00:00,24.03.2026 15:00:00,31.03.2026 10:00,02.04.2026 10:00,02.04.2026 17:00,https://www.roseltorg.ru/procedure/21000005000000029052/1,,55.8595175,37.4748951
https://investmoscow.ru/tenders/tender/19995767,19995767,4.3,910000.0,211627.91,"91 000,00 руб.","45 500,00 руб.","910000,00",0.0%,"Северный административный округ, Левобережный, Фестивальная улица, дом 15, корпус 2, Подземный этаж № -1, помещение 51К",77:09:0001009:21076,Речной вокзал (5 мин),-1,22.0,Свободное,Вход через места общего пользования,Открытый аукцион в электронной форме,2026,Завершено,03.02.2026 20:00:00,24.03.2026 15:00:00,31.03.2026 10:00,02.04.2026 10:00,02.04.2026 17:00,https://www.roseltorg.ru/procedure/21000005000000029051/1,,55.8595175,37.4748951
https://investmoscow.ru/tenders/tender/19979359,19979359,3.2,729000.0,227812.5,"72 900,00 руб.","36 450,00 руб.","838350,00",15.0%,"Северный административный округ, Левобережный, Фестивальная улица, дом 15, корпус 2, подземный этаж № -1, помещение 48К",77:09:0001009:21073,Речной вокзал (5 мин),-1,22.0,Свободное,Вход через места общего пользования,Открытый аукцион в электронной форме,2026,Завершено,16.01.2026 20:00:00,24.03.2026 15:00:00,31.03.2026 10:00,02.04.2026 10:00,02.04.2026 17:00,https://www.roseltorg.ru/procedure/21000005000000028779,,55.8595175,37.4748951
https://investmoscow.ru/tenders/tender/19995678,19995678,2.0,512000.0,256000.0,"51 200,00 руб.","25 600,00 руб.","512000,00",0.0%,"Северный административный округ, Левобережный, Фестивальная улица, дом 15, корпус 2, Подземный этаж № -1, помещение 53К",77:09:0001009:21079,Речной вокзал (5 мин),-1,22.0,Свободное,Вход через места общего пользования,Открытый аукцион в электронной форме,2026,Завершено,03.02.2026 20:00:00,24.03.2026 15:00:00,31.03.2026 10:00,02.04.2026 10:00,02.04.2026 17:00,https://www.roseltorg.ru/procedure/21000005000000029049/1,,55.8595175,37.4748951
https://investmoscow.ru/tenders/tender/19984541,19984541,4.6,957000.0,208043.48,"95 700,00 руб.","47 850,00 руб.","1100550,00",15.0%,"Северный административный округ, Левобережный, Фестивальная улица, дом 15, корпус 2, Подземный этаж № -1, помещение 41 К",77:09:0001009:21065,Речной вокзал (5 мин),-1,22.0,Свободное,Вход через места общего пользования,Открытый аукцион в электронной форме,2026,Завершено,22.01.2026 20:00:00,24.03.2026 15:00:00,31.03.2026 10:00,02.04.2026 10:00,02.04.2026 17:00,https://www.roseltorg.ru/procedure/21000005000000028844,,55.8595175,37.4748951
https://investmoscow.ru/tenders/tender/19979308,19979308,3.9,846000.0,216923.08,"84 600,00 руб.","42 300,00 руб.","845000,00",-0.1%,"Северный административный округ, Левобережный, Фестивальная улица, дом 15, корпус 2, Подземный этаж № -1, помещение 37К",77:09:0001009:21061,Речной вокзал (5 мин),-1,22.0,Свободное,Вход через места общего пользования,Открытый аукцион в электронной форме,2026,Завершено,23.01.2026 20:00:00,24.03.2026 15:00:00,31.03.2026 10:00,02.04.2026 10:00,02.04.2026 17:00,https://www.roseltorg.ru/procedure/21000005000000028860,,55.8595175,37.4748951
https://investmoscow.ru/tenders/tender/19979242,19979242,3.3,746000.0,226060.61,"74 600,00 руб.","37 300,00 руб.","746000,00",0.0%,"Северный административный округ, Левобережный, Фестивальная улица, дом 15, корпус 2, Подземный этаж № -1, помещение 38К",77:09:0001009:21062,Речной вокзал (5 мин),-1,22.0,Свободное,Вход через места общего пользования,Открытый аукцион в электронной форме,2026,Завершено,23.01.2026 20:00:00,24.03.2026 15:00:00,31.03.2026 10:00,02.04.2026 10:00,02.04.2026 17:00,https://www.roseltorg.ru/procedure/21000005000000028861,,55.8595175,37.4748951
https://investmoscow.ru/tenders/tender/19979213,19979213,4.0,862000.0,215500.0,"86 200,00 руб.","43 100,00 руб.","1594700,00",85.0%,"Северный административный округ, Левобережный, Фестивальная улица, дом 15, корпус 2, Подземный этаж № -1, помещение 47К",77:09:0001009:21072,Речной вокзал (5 мин),-1,22.0,Свободное,Вход через места общего пользования,Открытый аукцион в электронной форме,2026,Завершено,16.01.2026 20:00:00,24.03.2026 15:00:00,31.03.2026 10:00,02.04.2026 10:00,02.04.2026 17:00,https://www.roseltorg.ru/procedure/21000005000000028778,,55.8595175,37.4748951
https://investmoscow.ru/tenders/tender/19995732,19995732,4.8,988000.0,205833.33,"98 800,00 руб.","49 400,00 руб.",,,"Северный административный округ, Левобережный, Фестивальная улица, дом 15, корпус 2, Подземный этаж № -1, помещение 52К",77:09:0001009:21078,Речной вокзал (5 мин),-1,22.0,Свободное,Вход через места общего пользования,Открытый аукцион в электронной форме,2026,Завершено,03.02.2026 20:00:00,24.03.2026 15:00:00,31.03.2026 10:00,02.04.2026 10:00,02.04.2026 17:00,https://www.roseltorg.ru/procedure/21000005000000029050/1,,55.8595175,37.4748951
https://investmoscow.ru/tenders/tender/19985504,19985504,2.8,659000.0,235357.14,"65 900,00 руб.","32 950,00 руб.","659000,00",0.0%,"Северный административный округ, Левобережный, Фестивальная улица, дом 15, корпус 2, Подземный этаж № -1, помещение 44 К",77:09:0001009:21069,Речной вокзал (5 мин),-1,22.0,Свободное,Вход через места общего пользования,Открытый аукцион в электронной форме,2026,Завершено,23.01.2026 20:00:00,24.03.2026 15:00:00,31.03.2026 10:00,02.04.2026 10:00,02.04.2026 17:00,https://www.roseltorg.ru/procedure/21000005000000028852,,55.8595175,37.4748951
https://investmoscow.ru/tenders/tender/19979412,19979412,3.0,694000.0,231333.33,"69 400,00 руб.","34 700,00 руб.","694000,00",0.0%,"Северный административный округ, Левобережный, Фестивальная улица, дом 15, корпус 2, Подземный этаж № -1, помещение 36К",77:09:0001009:21060,Речной вокзал (5 мин),-1,22.0,Свободное,Вход через места общего пользования,Открытый аукцион в электронной форме,2026,Завершено,23.01.2026 20:00:00,24.03.2026 15:00:00,31.03.2026 10:00,02.04.2026 10:00,02.04.2026 17:00,https://www.roseltorg.ru/procedure/21000005000000028863,,55.8595175,37.4748951
https://investmoscow.ru/tenders/tender/19978827,19978827,2.0,512000.0,256000.0,"51 200,00 руб.","25 600,00 руб.","512000,00",0.0%,"Северный административный округ, Левобережный, Фестивальная улица, дом 15, корпус 2, Подземный этаж № -1, помещение 45К",77:09:0001009:21070,Речной вокзал (5 мин),-1,22.0,Свободное,Вход через места общего пользования,Открытый аукцион в электронной форме,2026,Завершено,16.01.2026 20:00:00,24.03.2026 15:00:00,31.03.2026 10:00,02.04.2026 10:00,02.04.2026 17:00,https://www.roseltorg.ru/procedure/21000005000000028776,,55.8595175,37.4748951
https://investmoscow.ru/tenders/tender/19984241,19984241,3.4,763000.0,224411.76,"76 300,00 руб.","38 150,00 руб.","763000,00",0.0%,"Северный административный округ, Левобережный, Фестивальная улица, дом 15, корпус 2, Подземный этаж № -1",77:09:0001009:21064,Речной вокзал (5 мин),-1,22.0,Свободное,Вход через места общего пользования,Открытый аукцион в электронной форме,2026,Завершено,22.01.2026 20:00:00,24.03.2026 15:00:00,31.03.2026 10:00,02.04.2026 10:00,02.04.2026 17:00,https://www.roseltorg.ru/procedure/21000005000000028841,,55.8595175,37.4748951
https://investmoscow.ru/tenders/tender/19979423,19979423,3.0,694000.0,231333.33,"69 400,00 руб.","34 700,00 руб.","694000,00",0.0%,"Северный административный округ, Левобережный, Фестивальная улица, дом 15, корпус 2, Подземный этаж № -1, помещение 35К",77:09:0001009:21059,Речной вокзал (5 мин),-1,22.0,Свободное,Вход через места общего пользования,Открытый аукцион в электронной форме,2026,Завершено,23.01.2026 20:00:00,24.03.2026 15:00:00,31.03.2026 10:00,02.04.2026 10:00,02.04.2026 17:00,https://www.roseltorg.ru/procedure/21000005000000028859,,55.8595175,37.4748951
https://investmoscow.ru/tenders/tender/19979406,19979406,3.2,729000.0,227812.5,"72 900,00 руб.","36 450,00 руб.","801900,00",10.0%,"Северный административный округ, Левобережный, Фестивальная улица, дом 15, корпус 2, Подземный этаж № -1, помещение 49К",77:09:0001009:21074,Речной вокзал (5 мин),-1,22.0,Свободное,Вход через места общего пользования,Открытый аукцион в электронной форме,2026,Завершено,16.01.2026 20:00:00,24.03.2026 15:00:00,31.03.2026 10:00,02.04.2026 10:00,02.04.2026 17:00,https://www.roseltorg.ru/procedure/21000005000000028780,,55.8595175,37.4748951
https://investmoscow.ru/tenders/tender/19979176,19979176,3.5,780000.0,222857.14,"78 000,00 руб.","39 000,00 руб.","780000,00",0.0%,"Северный административный округ, Левобережный, Фестивальная улица, дом 15, корпус 2, Подземный этаж № -1, помещение 39К",77:09:0001009:21063,Речной вокзал (5 мин),-1,22.0,Свободное,Вход через места общего пользования,Открытый аукцион в электронной форме,2026,Завершено,23.01.2026 20:00:00,24.03.2026 15:00:00,31.03.2026 10:00,02.04.2026 10:00,02.04.2026 17:00,https://www.roseltorg.ru/procedure/21000005000000028862,,55.8595175,37.4748951
https://investmoscow.ru/tenders/tender/19979007,19979007,3.9,846000.0,216923.08,"84 600,00 руб.","42 300,00 руб.","1142100,00",35.0%,"Северный административный округ, Левобережный, Фестивальная улица, дом 15, корпус 2, Подземный этаж № -1, помещение 46К",77:09:0001009:21071,Речной вокзал (5 мин),-1,22.0,Свободное,Вход через места общего пользования,Открытый аукцион в электронной форме,2026,Завершено,16.01.2026 20:00:00,24.03.2026 15:00:00,31.03.2026 10:00,02.04.2026 10:00,02.04.2026 17:00,https://www.roseltorg.ru/procedure/21000005000000028777,,55.8595175,37.4748951
https://investmoscow.ru/tenders/tender/19985329,19985329,4.1,878000.0,214146.34,"87 800,00 руб.","43 900,00 руб.","878000,00",0.0%,"Северный административный округ, Левобережный, Фестивальная улица, дом 15, корпус 2, Подземный этаж № -1, помещение 43 К",77:09:0001009:21068,Речной вокзал (5 мин),-1,22.0,Свободное,Вход через места общего пользования,Открытый аукцион в электронной форме,2026,Завершено,23.01.2026 20:00:00,24.03.2026 15:00:00,31.03.2026 10:00,02.04.2026 10:00,02.04.2026 17:00,https://www.roseltorg.ru/procedure/21000005000000028850,,55.8595175,37.4748951
https://investmoscow.ru/tenders/tender/19995002,19995002,3.3,746000.0,226060.61,"74 600,00 руб.","37 300,00 руб.","746000,00",0.0%,"Северный административный округ, Левобережный, Фестивальная улица, дом 15, корпус 2, Подземный этаж № -1, помещение 25К",77:09:0001009:21048,Речной вокзал (5 мин),-1,22.0,Свободное,Вход через места общего пользования,Открытый аукцион в электронной форме,2026,Завершено,05.02.2026 20:00:00,23.03.2026 15:00:00,30.03.2026 10:00,01.04.2026 10:00,01.04.2026 17:00,https://www.roseltorg.ru/procedure/21000005000000029032,,55.8595175,37.4748951
https://investmoscow.ru/tenders/tender/19993501,19993501,3.1,712000.0,229677.42,"71 200,00 руб.","35 600,00 руб.","783200,00",10.0%,"Северный административный округ, Левобережный, Фестивальная улица, дом 15, корпус 2, Подземный этаж № -1, помещение 23К",77:09:0001009:21046,Речной вокзал (5 мин),-1,22.0,Свободное,Вход через места общего пользования,Открытый аукцион в электронной форме,2026,Завершено,02.02.2026 20:00:00,23.03.2026 15:00:00,30.03.2026 10:00,01.04.2026 10:00,01.04.2026 17:00,https://www.roseltorg.ru/procedure/21000005000000029021,,55.8595175,37.4748951
https://investmoscow.ru/tenders/tender/19993437,19993437,3.2,729000.0,227812.5,"72 900,00 руб.","36 450,00 руб.","801900,00",10.0%,"Северный административный округ, Левобережный, Фестивальная улица, дом 15, корпус 2, Подземный этаж № -1, помещение 24К",77:09:0001009:21047,Речной вокзал (5 мин),-1,22.0,Свободное,Вход через места общего пользования,Открытый аукцион в электронной форме,2026,Завершено,02.02.2026 20:00:00,23.03.2026 15:00:00,30.03.2026 10:00,01.04.2026 10:00,01.04.2026 17:00,https://www.roseltorg.ru/procedure/21000005000000029020,,55.8595175,37.4748951
https://investmoscow.ru/tenders/tender/19993714,19993714,4.2,893000.0,212619.05,"89 300,00 руб.","44 650,00 руб.","893000,00",0.0%,"Северный административный округ, Левобережный, Фестивальная улица, дом 15, корпус 2, Подземный этаж № -1, помещение 20К",77:09:0001009:21042,Речной вокзал (5 мин),-1,22.0,Свободное,Вход через места общего пользования,Открытый аукцион в электронной форме,2026,Завершено,02.02.2026 20:00:00,23.03.2026 15:00:00,30.03.2026 10:00,01.04.2026 10:00,01.04.2026 17:00,https://www.roseltorg.ru/procedure/21000005000000029024,,55.8595175,37.4748951
https://investmoscow.ru/tenders/tender/19996746,19996746,4.3,910000.0,211627.91,"91 000,00 руб.","45 500,00 руб.",,,"Северный административный округ, Левобережный, Фестивальная улица, дом 15, корпус 2, Подземный этаж № -1, помещение 32К",77:09:0001009:21056,Речной вокзал (5 мин),-1,22.0,Свободное,Вход через места общего пользования,Открытый аукцион в электронной форме,2026,Завершено,05.02.2026 20:00:00,23.03.2026 15:00:00,30.03.2026 10:00,01.04.2026 10:00,01.04.2026 17:00,https://www.roseltorg.ru/procedure/21000005000000029081/1,,55.8595175,37.4748951
https://investmoscow.ru/tenders/tender/19996722,19996722,4.3,910000.0,211627.91,"91 000,00 руб.","45 500,00 руб.","910000,00",0.0%,"Северный административный округ, Левобережный, Фестивальная улица, дом 15, корпус 2, Подземный этаж № -1, помещение 31К",77:09:0001009:21054,Речной вокзал (5 мин),-1,22.0,Свободное,Вход через места общего пользования,Открытый аукцион в электронной форме,2026,Завершено,05.02.2026 20:00:00,23.03.2026 15:00:00,30.03.2026 10:00,01.04.2026 10:00,01.04.2026 17:00,https://www.roseltorg.ru/procedure/21000005000000029080/1,,55.8595175,37.4748951
https://investmoscow.ru/tenders/tender/19995957,19995957,3.1,712000.0,229677.42,"71 200,00 руб.","35 600,00 руб.","712000,00",0.0%,"Северный административный округ, Левобережный, Фестивальная улица, дом 15, корпус 2, Подземный этаж № -1, помещение 28К",77:09:0001009:21051,Речной вокзал (5 мин),-1,22.0,Свободное,Вход через места общего пользования,Открытый аукцион в электронной форме,2026,Завершено,03.02.2026 20:00:00,23.03.2026 15:00:00,30.03.2026 10:00,01.04.2026 10:00,01.04.2026 17:00,https://www.roseltorg.ru/procedure/21000005000000029056/1,,55.8595175,37.4748951
https://investmoscow.ru/tenders/tender/19995230,19995230,3.5,780000.0,222857.14,"78 000,00 руб.","39 000,00 руб.","780000,00",0.0%,"Северный административный округ, Левобережный, Фестивальная улица, дом 15, корпус 2, Подземный этаж № -1, помещение 27К",77:09:0001009:21050,Речной вокзал (5 мин),-1,22.0,Свободное,Вход через места общего пользования,Открытый аукцион в электронной форме,2026,Завершено,03.02.2026 20:00:00,23.03.2026 15:00:00,30.03.2026 10:00,01.04.2026 10:00,01.04.2026 17:00,https://www.roseltorg.ru/procedure/21000005000000029038,,55.8595175,37.4748951
https://investmoscow.ru/tenders/tender/19993537,19993537,3.3,746000.0,226060.61,"74 600,00 руб.","37 300,00 руб.","746000,00",0.0%,"Северный административный округ, Левобережный, Фестивальная улица, дом 15, корпус 2, Подземный этаж № -1, помещение 22К",77:09:0001009:21045,Речной вокзал (5 мин),-1,22.0,Свободное,Вход через места общего пользования,Открытый аукцион в электронной форме,2026,Завершено,02.02.2026 20:00:00,23.03.2026 15:00:00,30.03.2026 10:00,01.04.2026 10:00,01.04.2026 17:00,https://www.roseltorg.ru/procedure/21000005000000029022,,55.8595175,37.4748951
https://investmoscow.ru/tenders/tender/19996680,19996680,3.7,812000.0,219459.46,"81 200,00 руб.","40 600,00 руб.","812000,00",0.0%,"Северный административный округ, Левобережный, Фестивальная улица, дом 15, корпус 2, Подземный этаж № -1, помещение 30К",77:09:0001009:21053,Речной вокзал (5 мин),Подвал,22.0,Свободное,Вход через места общего пользования,Открытый аукцион в электронной форме,2026,Завершено,05.02.2026 20:00:00,23.03.2026 15:00:00,30.03.2026 10:00,01.04.2026 10:00,01.04.2026 17:00,https://www.roseltorg.ru/procedure/21000005000000029079/1,,55.8595175,37.4748951
https://investmoscow.ru/tenders/tender/19995108,19995108,3.2,729000.0,227812.5,"72 900,00 руб.","36 450,00 руб.","729000,00",0.0%,"Северный административный округ, Левобережный, Фестивальная улица, дом 15, корпус 2, Подземный этаж № -1, помещение 26К",77:09:0001009:21049,Речной вокзал (5 мин),-1,22.0,Свободное,Вход через места общего пользования,Открытый аукцион в электронной форме,2026,Завершено,03.02.2026 20:00:00,23.03.2026 15:00:00,30.03.2026 10:00,01.04.2026 10:00,01.04.2026 17:00,https://www.roseltorg.ru/procedure/21000005000000029036,,55.8595175,37.4748951
https://investmoscow.ru/tenders/tender/19993618,19993618,4.4,925000.0,210227.27,"92 500,00 руб.","46 250,00 руб.","925000,00",0.0%,"Северный административный округ, Левобережный, Фестивальная улица, дом 15, корпус 2, Подземный этаж № -1, помещение 21К",77:09:0001009:21043,Речной вокзал (5 мин),-1,22.0,Свободное,Вход через места общего пользования,Открытый аукцион в электронной форме,2026,Завершено,02.02.2026 20:00:00,23.03.2026 15:00:00,30.03.2026 10:00,01.04.2026 10:00,01.04.2026 17:00,https://www.roseltorg.ru/procedure/21000005000000029023,,55.8595175,37.4748951
https://investmoscow.ru/tenders/tender/19997381,19997381,3.0,694000.0,231333.33,"69 400,00 руб.","34 700,00 руб.",,,"Северный административный округ, Левобережный, Фестивальная улица, дом 15, корпус 2, Подземный этаж № -1, помещение 34К",77:09:0001009:21058,Речной вокзал (5 мин),-1,22.0,Свободное,Вход через места общего пользования,Открытый аукцион в электронной форме,2026,Завершено,05.02.2026 20:00:00,23.03.2026 15:00:00,30.03.2026 10:00,01.04.2026 10:00,01.04.2026 17:00,https://www.roseltorg.ru/procedure/21000005000000029083/1,,55.8595175,37.4748951
https://investmoscow.ru/tenders/tender/19997349,19997349,3.4,763000.0,224411.76,"76 300,00 руб.","38 150,00 руб.","763000,00",0.0%,"Северный административный округ, Левобережный, Фестивальная улица, дом 15, корпус 2, Подземный этаж № -1, помещение 33К",77:09:0001009:21057,Речной вокзал (5 мин),-1,22.0,Свободное,Вход через места общего пользования,Открытый аукцион в электронной форме,2026,Завершено,05.02.2026 20:00:00,23.03.2026 15:00:00,30.03.2026 10:00,01.04.2026 10:00,01.04.2026 17:00,https://www.roseltorg.ru/procedure/21000005000000029082/1,,55.8595175,37.4748951
https://investmoscow.ru/tenders/tender/19996972,19996972,3.0,694000.0,231333.33,"69 400,00 руб.","34 700,00 руб.",,,"Северный административный округ, Левобережный, Фестивальная улица, дом 15, корпус 2, Подземный этаж № -1, помещение 29К",77:09:0001009:21052,Речной вокзал (5 мин),-1,22.0,Свободное,Вход через места общего пользования,Открытый аукцион в электронной форме,2026,Завершено,04.02.2026 20:00:00,23.03.2026 15:00:00,30.03.2026 10:00,01.04.2026 10:00,01.04.2026 17:00,https://www.roseltorg.ru/procedure/21000005000000029067/1,,55.8595175,37.4748951
https://investmoscow.ru/tenders/tender/19995644,19995644,4.3,910000.0,211627.91,"91 000,00 руб.","45 500,00 руб.","910000,00",0.0%,"Северный административный округ, Левобережный, Фестивальная улица, дом 15, корпус 2, Подземный этаж № -1, помещение 19К",77:09:0001009:21041,Речной вокзал (5 мин),-1,22.0,Свободное,Вход через места общего пользования,Открытый аукцион в электронной форме,2026,Завершено,03.02.2026 20:00:00,19.03.2026 15:00:00,26.03.2026 10:00,31.03.2026 10:00,31.03.2026 17:00,https://www.roseltorg.ru/procedure/21000005000000029046/1,,55.8595175,37.4748951
https://investmoscow.ru/tenders/tender/19993827,19993827,3.5,780000.0,222857.14,"78 000,00 руб.","39 000,00 руб.","1014000,00",30.0%,"Северный административный округ, Левобережный, Фестивальная улица, дом 15, корпус 2, Подземный этаж № -1, помещение 16К",77:09:0001009:21038,Речной вокзал (5 мин),-1,22.0,Свободное,Вход через места общего пользования,Открытый аукцион в электронной форме,2026,Завершено,02.02.2026 20:00:00,19.03.2026 15:00:00,26.03.2026 10:00,31.03.2026 10:00,31.03.2026 17:00,https://www.roseltorg.ru/procedure/21000005000000029025,,55.8595175,37.4748951
https://investmoscow.ru/tenders/tender/19992401,19992401,3.9,846000.0,216923.08,"84 600,00 руб.","42 300,00 руб.","1015200,00",20.0%,"Северный административный округ, Левобережный, Фестивальная улица, дом 15, корпус 2, Подземный этаж № -1, помещение 12К",77:09:0001009:21034,Речной вокзал (5 мин),-1,22.0,Свободное,Вход через места общего пользования,Открытый аукцион в электронной форме,2026,Завершено,03.02.2026 20:00:00,19.03.2026 15:00:00,26.03.2026 10:00,31.03.2026 10:00,31.03.2026 17:00,https://www.roseltorg.ru/procedure/21000005000000029033,,55.8595175,37.4748951
https://investmoscow.ru/tenders/tender/19995607,19995607,4.3,910000.0,211627.91,"91 000,00 руб.","45 500,00 руб.","910000,00",0.0%,"Северный административный округ, Левобережный, Фестивальная улица, дом 15, корпус 2, Подземный этаж № -1, помещение 18К",77:09:0001009:21040,Речной вокзал (5 мин),-1,22.0,Свободное,Вход через места общего пользования,Открытый аукцион в электронной форме,2026,Завершено,03.02.2026 20:00:00,19.03.2026 15:00:00,26.03.2026 10:00,31.03.2026 10:00,31.03.2026 17:00,https://www.roseltorg.ru/procedure/21000005000000029045/1,,55.8595175,37.4748951
https://investmoscow.ru/tenders/tender/19995437,19995437,7.4,1367000.0,184729.73,"136 700,00 руб.","68 350,00 руб.","1503700,00",10.0%,"Северный административный округ, Левобережный, Фестивальная улица, дом 15, корпус 2, Подземный этаж № -1, помещение 17К",77:09:0001009:21039,Речной вокзал (5 мин),-1,22.0,Свободное,Вход через места общего пользования,Открытый аукцион в электронной форме,2026,Завершено,03.02.2026 20:00:00,19.03.2026 15:00:00,26.03.2026 10:00,31.03.2026 10:00,31.03.2026 17:00,https://www.roseltorg.ru/procedure/21000005000000029044/1,,55.8595175,37.4748951
https://investmoscow.ru/tenders/tender/19993628,19993628,3.6,796000.0,221111.11,"79 600,00 руб.","39 800,00 руб.","995000,00",25.0%,"Северный административный округ, Левобережный, Фестивальная улица, дом 15, корпус 2, Подземный этаж № -1, помещение 15К",77:09:0001009:21037,Речной вокзал (5 мин),-1,22.0,Свободное,Вход через места общего пользования,Открытый аукцион в электронной форме,2026,Завершено,02.02.2026 20:00:00,19.03.2026 15:00:00,26.03.2026 10:00,31.03.2026 10:00,31.03.2026 17:00,https://www.roseltorg.ru/procedure/21000005000000029018,,55.8595175,37.4748951
https://investmoscow.ru/tenders/tender/19992524,19992524,4.1,878000.0,214146.34,"87 800,00 руб.","43 900,00 руб.","1009700,00",15.0%,"Северный административный округ, Левобережный, Фестивальная улица, дом 15, корпус 2, Подземный этаж № -1, помещение 11К",77:09:0001009:21032,Речной вокзал (5 мин),-1,22.0,Свободное,Вход через места общего пользования,Открытый аукцион в электронной форме,2026,Завершено,03.02.2026 20:00:00,19.03.2026 15:00:00,26.03.2026 10:00,31.03.2026 10:00,31.03.2026 17:00,https://www.roseltorg.ru/procedure/21000005000000029034,,55.8595175,37.4748951
https://investmoscow.ru/tenders/tender/19992379,19992379,4.6,957000.0,208043.48,"95 700,00 руб.","47 850,00 руб.","1339800,00",40.0%,"Северный административный округ, Левобережный, Фестивальная улица, дом 15, корпус 2, Подземный этаж № -1, помещение 13К",77:09:0001009:21035,Речной вокзал (5 мин),-1,22.0,Свободное,Вход через места общего пользования,Открытый аукцион в электронной форме,2026,Завершено,03.02.2026 20:00:00,19.03.2026 15:00:00,26.03.2026 10:00,31.03.2026 10:00,31.03.2026 17:00,https://www.roseltorg.ru/procedure/21000005000000029035,,55.8595175,37.4748951
https://investmoscow.ru/tenders/tender/19993516,19993516,3.9,846000.0,216923.08,"84 600,00 руб.","42 300,00 руб.","1015200,00",20.0%,"Северный административный округ, Левобережный, Фестивальная улица, дом 15, корпус 2, Подземный этаж № -1, помещение 14К",77:09:0001009:21036,Речной вокзал (5 мин),-1,22.0,Свободное,Вход через места общего пользования,Открытый аукцион в электронной форме,2026,Завершено,02.02.2026 20:00:00,19.03.2026 15:00:00,26.03.2026 10:00,31.03.2026 10:00,31.03.2026 17:00,https://www.roseltorg.ru/procedure/21000005000000029017,,55.8595175,37.4748951
https://investmoscow.ru/tenders/tender/19998349,19998349,10.4,3671000.0,352980.77,"367 100,00 руб.","183 550,00 руб.",,,"Центральный административный округ, Пресненский, Большая Грузинская улица, дом 12, Этаж № 1",77:01:0004013:3643,Баррикадная (6 мин),1 этаж,8.0,,Вход через места общего пользования,Открытый аукцион в электронной форме,2026,Завершено,09.02.2026 20:00:00,31.03.2026 15:00:00,07.04.2026 10:00,09.04.2026 10:00,09.04.2026 17:00,https://www.roseltorg.ru/procedure/21000005000000029109/1,,55.763532,37.5789117
