lot_id,url,purchase_date,prev_snapshot_label,snapshot_label,snapshot_date,days_after_purchase,lot_address,lot_address_norm,candidate_count,confidence,likely_company,likely_usage,company_candidates_preview,usage_candidates_preview
18351262,https://investmoscow.ru/tenders/tender/18351262,2022-01-20,2022-12,2023-12,2023-12-31,710,"Восточный административный округ, Соколиная гора, город Москва, Лечебная улица, дом 1/36, Подвал № 0",лечебная улица 1/36,1,medium,"Ozon, пункт выдачи интернет-заказов",Грузоперевозки / Транспортные услуги -> Пункты выдачи интернет-заказов,"Ozon, пункт выдачи интернет-заказов",Грузоперевозки / Транспортные услуги -> Пункты выдачи интернет-заказов
18421800,https://investmoscow.ru/tenders/tender/18421800,2022-02-07,2022-01,2022-05,2022-05-31,113,"Южный административный округ, Даниловский, город Москва, 2-й Автозаводский проезд, дом 2, Помещение 8Н",2 й автозаводский проезд 2,2,medium,"Семейные традиции, кофейня-пекарня | Магазин табачной продукции","Общественное питание -> Быстрое питание, Точки кофе | Продукты питания -> Табачные изделия / Товары для курения, Электронные сигареты","Семейные традиции, кофейня-пекарня | Магазин табачной продукции","Общественное питание -> Быстрое питание, Точки кофе | Продукты питания -> Табачные изделия / Товары для курения, Электронные сигареты"
18459539,https://investmoscow.ru/tenders/tender/18459539,2022-02-16,2022-08,2022-12,2022-12-31,318,"Западный административный округ, Можайский, город Москва, улица Багрицкого, дом 61, Подвал № 0, Этаж № 1",улица багрицкого 61,2,low,Строймир | OZON,"Садово-хозяйственные товары, Сантехническое оборудование, Строительные материалы / конструкции -> Сантехника / Санфаянс, Строительные материалы, Хозяйственные товары | Грузоперевозки / Транспортные услуги -> Пункты выдачи интернет-заказов",Строймир | OZON,"Садово-хозяйственные товары, Сантехническое оборудование, Строительные материалы / конструкции -> Сантехника / Санфаянс, Строительные материалы, Хозяйственные товары | Грузоперевозки / Транспортные услуги -> Пункты выдачи интернет-заказов"
18460267,https://investmoscow.ru/tenders/tender/18460267,2022-02-16,2022-08,2022-12,2022-12-31,318,"Северный административный округ, Войковский, город Москва, 6-й Новоподмосковный переулок, дом 3, Этаж № 1",6 й новоподмосковный переулок 3,1,medium,"Физкультура и спорт, журнал",СМИ -> Журналы,"Физкультура и спорт, журнал",СМИ -> Журналы
18460585,https://investmoscow.ru/tenders/tender/18460585,2022-02-16,2023-12,2024-05,2024-05-31,835,"Северо-Восточный административный округ, Ярославский, город Москва, Югорский проезд, дом 6, Этаж №1",югорский проезд 6,2,medium,"Ozon, пункт выдачи товара | Полюса, офис","Грузоперевозки / Транспортные услуги -> Пункты выдачи интернет-заказов | Наружная реклама, Рекламные услуги -> Дизайн рекламы, Изготовление рекламных конструкций, Размещение наружной рекламы","Ozon, пункт выдачи товара | Полюса, офис","Грузоперевозки / Транспортные услуги -> Пункты выдачи интернет-заказов | Наружная реклама, Рекламные услуги -> Дизайн рекламы, Изготовление рекламных конструкций, Размещение наружной рекламы"
18482658,https://investmoscow.ru/tenders/tender/18482658,2022-01-13,2022-01,2022-05,2022-05-31,138,"Восточный административный округ, Измайлово, город Москва, Измайловский бульвар, дом 3, Подвал № 0",измайловский бульвар 3,4,low,"Тандем, строительная компания | ГрузГарант, компания | АМД Групп, строительная компания","Строительные / монтажные работы, Строительство зданий / сооружений -> Ремонт / отделка помещений, Строительство дач / коттеджей, Техническая экспертиза зданий и сооружений | Грузоперевозки / Транспортные услуги -> Городские автогрузоперевозки, Междугородные автогрузоперевозки, Экспедирование грузов | Строительство зданий / сооружений -> Строительство административных зданий","Тандем, строительная компания | ГрузГарант, компания | АМД Групп, строительная компания | ЭВ-КомСтрой, строительная компания","Строительные / монтажные работы, Строительство зданий / сооружений -> Ремонт / отделка помещений, Строительство дач / коттеджей, Техническая экспертиза зданий и сооружений | Грузоперевозки / Транспортные услуги -> Городские автогрузоперевозки, Междугородные автогрузоперевозки, Экспедирование грузов | Строительство зданий / сооружений -> Строительство административных зданий"
18486140,https://investmoscow.ru/tenders/tender/18486140,2022-01-13,2022-12,2023-12,2023-12-31,717,"Центральный административный округ, Басманный, город Москва, Малый Демидовский переулок, дом 3, Подвал № 0",малый демидовский переулок 3,2,low,"Архитека, туристическая компания | Комплит, интернет-магазин","Туризм / Отдых -> Туристические агентства | Отделочные материалы, Садово-хозяйственные товары, Строительные материалы / конструкции, Электротехника -> Крепёжные изделия, Садово-огородный инвентарь / техника, Строительные материалы, Сухие строительные смеси, Электротехническая продукция","Архитека, туристическая компания | Комплит, интернет-магазин","Туризм / Отдых -> Туристические агентства | Отделочные материалы, Садово-хозяйственные товары, Строительные материалы / конструкции, Электротехника -> Крепёжные изделия, Садово-огородный инвентарь / техника, Строительные материалы, Сухие строительные смеси, Электротехническая продукция"
18486174,https://investmoscow.ru/tenders/tender/18486174,2022-01-26,2023-12,2024-05,2024-05-31,856,"Восточный административный округ, Ивановское, город Москва, Челябинская улица, дом 17, Этаж № 1",челябинская улица 17,6,low,"Яндекс Маркет, пункт выдачи товара | Флёрбутик, магазин цветов | ВСК, страховой дом","Грузоперевозки / Транспортные услуги -> Пункты выдачи интернет-заказов | Садово-хозяйственные товары, Спецмагазины -> Семена / Посадочный материал, Средства защиты растений / Удобрения, Цветы | Страхование -> Страхование","Яндекс Маркет, пункт выдачи товара | Флёрбутик, магазин цветов | ВСК, страховой дом | Дом быта | Ozon, пункт выдачи заказов","Грузоперевозки / Транспортные услуги -> Пункты выдачи интернет-заказов | Садово-хозяйственные товары, Спецмагазины -> Семена / Посадочный материал, Средства защиты растений / Удобрения, Цветы | Страхование -> Страхование | Ателье, Бытовые услуги, Обувь -> Ателье швейные, Изготовление ключей, Ремонт обуви / кожгалантереи, Химчистки одежды / текстиля | Продукты питания -> Овощи / Фрукты"
18486955,https://investmoscow.ru/tenders/tender/18486955,2022-01-26,2023-12,2024-05,2024-05-31,856,"Центральный административный округ, Хамовники, город Москва, улица Ефремова, дом 18, Подвал № 0",улица ефремова 18,5,low,"Ozon | Яндекс Маркет, пункт выдачи товара | Spot podcast  studio","Грузоперевозки / Транспортные услуги -> Пункты выдачи интернет-заказов | Рекламные услуги -> Студии звукозаписи, Услуги видеосъёмки | Спецмагазины -> Радиоуправляемые модели","Ozon | Яндекс Маркет, пункт выдачи товара | Spot podcast  studio | Магазин по продаже радиоуправляемых моделей | CDEK, служба экспресс-доставки","Грузоперевозки / Транспортные услуги -> Пункты выдачи интернет-заказов | Рекламные услуги -> Студии звукозаписи, Услуги видеосъёмки | Спецмагазины -> Радиоуправляемые модели | Грузоперевозки / Транспортные услуги -> Экспресс-почта"
18489764,https://investmoscow.ru/tenders/tender/18489764,2022-01-26,2022-01,2022-05,2022-05-31,125,"Северо-Западный административный округ, Хорошево-Мневники, город Москва, Новохорошёвский проезд, дом 20, этаж № подвал",новохорошевский проезд 20,2,medium,"OZON | Wildberries, интернет-магазин",Грузоперевозки / Транспортные услуги -> Пункты выдачи интернет-заказов,"OZON | Wildberries, интернет-магазин",Грузоперевозки / Транспортные услуги -> Пункты выдачи интернет-заказов
18493822,https://investmoscow.ru/tenders/tender/18493822,2022-02-07,2022-08,2022-12,2022-12-31,327,"г. Москва, ул. Мещерякова, Дом 7, Подвал № 0",улица мещерякова 7,1,high,"Happy kids, студия",Услуги по организации праздников / досуга -> Организация и проведение праздников,"Happy kids, студия",Услуги по организации праздников / досуга -> Организация и проведение праздников
18497837,https://investmoscow.ru/tenders/tender/18497837,2022-01-31,2022-12,2023-12,2023-12-31,699,"Юго-Восточный административный округ, Лефортово, Российская Федерация, город Москва, внутригородская территория муниципальный округ Лефортово, 2-я Кабельная улица, дом 4, Этаж № 1, Этаж № 2",2 я кабельная улица 4,3,medium,"Милти, магазин готовой еды | Учебно-консультационный пункт по ГО и ЧС | Мир дыма, табачный магазин","Общественное питание -> Кулинарии | Аварийные / справочные / экстренные службы -> Управление ГО и ЧС | Продукты питания -> Табачные изделия / Товары для курения, Электронные сигареты","Милти, магазин готовой еды | Учебно-консультационный пункт по ГО и ЧС | Мир дыма, табачный магазин","Общественное питание -> Кулинарии | Аварийные / справочные / экстренные службы -> Управление ГО и ЧС | Продукты питания -> Табачные изделия / Товары для курения, Электронные сигареты"
18500653,https://investmoscow.ru/tenders/tender/18500653,2022-01-31,2022-12,2023-12,2023-12-31,699,"Западный административный округ, Фили-Давыдково, Российская Федерация, город Москва, внутригородская территория муниципальный округ Фили-Давыдково, Кременчугская улица, дом 9, Подвал № 0",кременчугская улица 9,4,low,"СДЭК, служба доставки и логистики | Boxberry, отделение службы доставки | Бюро Леэт","Грузоперевозки / Транспортные услуги -> Авиагрузоперевозки, Городские автогрузоперевозки, Междугородные автогрузоперевозки, Международные грузоперевозки, Экспресс-почта | Грузоперевозки / Транспортные услуги -> Пункты выдачи интернет-заказов, Экспресс-почта | Бытовые услуги, Издательское дело / Полиграфия, Книги / Канцелярия, Спецмагазины -> Канцелярские товары / Учебные принадлежности, Копировальные услуги, Сувениры, Фото на документы","СДЭК, служба доставки и логистики | Boxberry, отделение службы доставки | Бюро Леэт | Energo, автомат аренды аккумуляторов для гаджетов","Грузоперевозки / Транспортные услуги -> Авиагрузоперевозки, Городские автогрузоперевозки, Междугородные автогрузоперевозки, Международные грузоперевозки, Экспресс-почта | Грузоперевозки / Транспортные услуги -> Пункты выдачи интернет-заказов, Экспресс-почта | Бытовые услуги, Издательское дело / Полиграфия, Книги / Канцелярия, Спецмагазины -> Канцелярские товары / Учебные принадлежности, Копировальные услуги, Сувениры, Фото на документы | Средства связи -> Станции зарядки мобильных телефонов"
18500665,https://investmoscow.ru/tenders/tender/18500665,2022-02-04,2022-12,2023-12,2023-12-31,695,"Восточный административный округ, Перово, Российская Федерация, город Москва, внутригородская территория муниципальный округ Перово, Мартеновская улица, дом 3, Подвал № 0",мартеновская улица 3,3,medium,Почта банк | Магазин разливных напитков | Магазин овощей и фруктов,"Банковские / финансовые услуги -> Банки | Напитки -> Магазины разливного пива | Напитки, Продукты питания -> Безалкогольные напитки, Овощи / Фрукты",Почта банк | Магазин разливных напитков | Магазин овощей и фруктов,"Банковские / финансовые услуги -> Банки | Напитки -> Магазины разливного пива | Напитки, Продукты питания -> Безалкогольные напитки, Овощи / Фрукты"
18500697,https://investmoscow.ru/tenders/tender/18500697,2022-03-17,2023-12,2024-05,2024-05-31,806,"г. Москва, ул. Коминтерна, Дом 13/4, Этаж № 1",улица коминтерна 13/4,4,low,"Дилекс | Forrestmebel, офис | Laser Love, студия аппаратной косметологии","Строительные материалы / конструкции -> Металлоконструкции для строительства зданий / сооружений | Мебель -> Садово-парковая мебель / Аксессуары | Красота / Здоровье -> SPA-процедуры, Услуги массажиста, Эпиляция","Дилекс | Forrestmebel, офис | Laser Love, студия аппаратной косметологии | Ригла, аптека","Строительные материалы / конструкции -> Металлоконструкции для строительства зданий / сооружений | Мебель -> Садово-парковая мебель / Аксессуары | Красота / Здоровье -> SPA-процедуры, Услуги массажиста, Эпиляция | Медицинские товары -> Аптеки, Биологически активные добавки (БАД), Доставка лекарств, Медицинские приборы"
18500789,https://investmoscow.ru/tenders/tender/18500789,2022-01-31,2022-08,2022-12,2022-12-31,334,"Западный административный округ, Раменки, Российская Федерация, город Москва, внутригородская территория муниципальный округ Раменки, улица Пудовкина, дом 3, Этаж № 1",улица пудовкина 3,1,high,Продуктовый магазин,Продукты питания -> Продуктовые магазины,Продуктовый магазин,Продукты питания -> Продуктовые магазины
18502433,https://investmoscow.ru/tenders/tender/18502433,2022-01-18,2023-12,2024-05,2024-05-31,864,"Юго-Восточный административный округ, Рязанский, Российская Федерация, город Москва, внутригородская территория муниципальный округ Рязанский, улица Паперника, дом 15, Подвал № 0",улица паперника 15,2,medium,"Tory club, детский клуб | Еврохолод, компания","Медицинские услуги, Общее образование / Центры раннего развития детей, Спортивные клубы / школы, Центры творчества и досуга -> Детские / подростковые клубы, Обучение танцам, Спортивные секции, Услуги логопеда, Центры раннего развития детей | Архитектура / Проектирование / Дизайн, Климатическое оборудование, Строительные / монтажные работы -> Вентиляционное / тепловое оборудование, Кондиционеры, Монтаж климатических систем, Проектирование инженерных систем, Ремонт / обслуживание климатического оборудования","Tory club, детский клуб | Еврохолод, компания","Медицинские услуги, Общее образование / Центры раннего развития детей, Спортивные клубы / школы, Центры творчества и досуга -> Детские / подростковые клубы, Обучение танцам, Спортивные секции, Услуги логопеда, Центры раннего развития детей | Архитектура / Проектирование / Дизайн, Климатическое оборудование, Строительные / монтажные работы -> Вентиляционное / тепловое оборудование, Кондиционеры, Монтаж климатических систем, Проектирование инженерных систем, Ремонт / обслуживание климатического оборудования"
18504954,https://investmoscow.ru/tenders/tender/18504954,2022-01-24,2022-12,2023-12,2023-12-31,706,"Южный административный округ, Донской, город Москва, улица Стасовой, дом 5, Подвал № 0",улица стасовой 5,1,low,"Tali Rutman, дизайн-студия",Ателье -> Дизайн одежды,"Tali Rutman, дизайн-студия",Ателье -> Дизайн одежды
18507063,https://investmoscow.ru/tenders/tender/18507063,2022-01-24,2023-12,2024-05,2024-05-31,858,"Юго-Восточный административный округ, Нижегородский, город Москва, 2-й Карачаровский проезд, дом 4А, подвал № 0",2 й карачаровский проезд 4а,2,medium,"Московский печатный двор, полиграфический центр | Дом портретов, художественная мастерская","Издательское дело / Полиграфия, Рекламные услуги -> Копировальные услуги, Нанесение изображений на сувениры, Оперативная полиграфия, Офсетная печать, Полиграфические услуги, Широкоформатная печать | Художественные изделия / материалы -> Художественные мастерские","Московский печатный двор, полиграфический центр | Дом портретов, художественная мастерская","Издательское дело / Полиграфия, Рекламные услуги -> Копировальные услуги, Нанесение изображений на сувениры, Оперативная полиграфия, Офсетная печать, Полиграфические услуги, Широкоформатная печать | Художественные изделия / материалы -> Художественные мастерские"
18507088,https://investmoscow.ru/tenders/tender/18507088,2022-01-24,2023-12,2024-05,2024-05-31,858,"Южный административный округ, Даниловский, город Москва, 1-й Кожуховский проезд, дом 11, Подвал № 0, Этаж № 1, Этаж № 2",1 й кожуховский проезд 11,6,low,"Инспекция по контролю за благоустройством городских территорий | Лёгкая стоматология | Алексей Степанов и партнеры, юридическая консультация","Органы государственного управления / надзора -> Инспекции | Медицинские услуги -> Частные стоматологии | Юридические услуги -> Услуги адвоката, Юридические услуги","Инспекция по контролю за благоустройством городских территорий | Лёгкая стоматология | Алексей Степанов и партнеры, юридическая консультация | Адвокат по уголовным делам Гареев А.Р. | Kova, учебный центр  в сфере бизнеса и красоты","Органы государственного управления / надзора -> Инспекции | Медицинские услуги -> Частные стоматологии | Юридические услуги -> Услуги адвоката, Юридические услуги | Юридические услуги -> Ведение дел в судах, Услуги адвоката, Юридические услуги | Дополнительное образование / Развивающие курсы -> Обучение бизнес-профессиям"
18507193,https://investmoscow.ru/tenders/tender/18507193,2022-01-24,2022-05,2022-08,2022-08-31,219,"Юго-Западный административный округ, Академический, Российская Федерация, город Москва, внутригородская территория муниципальный округ Академический, улица Дмитрия Ульянова, дом 32, подвал № 0",улица дмитрия ульянова 32,1,medium,"Играй или умри, квест-центр",Услуги по организации праздников / досуга -> Организация и проведение квестов,"Играй или умри, квест-центр",Услуги по организации праздников / досуга -> Организация и проведение квестов
18507847,https://investmoscow.ru/tenders/tender/18507847,2022-02-04,2023-12,2024-05,2024-05-31,847,"Юго-Западный административный округ, Академический, Российская Федерация, город Москва, внутригородская территория муниципальный округ Академический, Профсоюзная улица, дом 13/12, Этаж № 1, Подвал № 0",профсоюзная улица 13/12,6,low,"Фасоль, мини-маркет | Stamdi, салон красоты | Дом быта","Торговые комплексы -> Супермаркеты | Красота / Здоровье -> SPA-процедуры, Ногтевые студии, Парикмахерские, Студии загара, Услуги косметолога, Услуги массажиста, Услуги пирсинга, Услуги по оформлению ресниц / бровей | Бытовые услуги, Обувь -> Мастерские по ремонту одежды, Ремонт обуви / кожгалантереи","Фасоль, мини-маркет | Stamdi, салон красоты | Дом быта | Krasotkaepil, студия эпиляции | Траттория Da Chicco, ресторан","Торговые комплексы -> Супермаркеты | Красота / Здоровье -> SPA-процедуры, Ногтевые студии, Парикмахерские, Студии загара, Услуги косметолога, Услуги массажиста, Услуги пирсинга, Услуги по оформлению ресниц / бровей | Бытовые услуги, Обувь -> Мастерские по ремонту одежды, Ремонт обуви / кожгалантереи | Красота / Здоровье -> Эпиляция | Общественное питание -> Доставка готовых блюд, Рестораны"
18508364,https://investmoscow.ru/tenders/tender/18508364,2022-02-04,2022-12,2023-12,2023-12-31,695,"Юго-Восточный административный округ, Некрасовка, Российская Федерация, город Москва, внутригородская территория муниципальный округ Некрасовка, 2-я Вольская улица, дом 3, Этаж № 1",2 я вольская улица 3,3,medium,"Карусель, магазин игрушек, шаров и канцтоваров | Магия дыма, табачный магазин | Copix, автомат копировальных услуг","Детские товары, Книги / Канцелярия, Спецмагазины, Тара / Упаковка -> Игрушки, Канцелярские товары / Учебные принадлежности, Сувениры, Товары для праздничного оформления / организации праздников, Упаковочные материалы | Продукты питания -> Табачные изделия / Товары для курения, Электронные сигареты | Издательское дело / Полиграфия -> Копировальные услуги, Оперативная полиграфия","Карусель, магазин игрушек, шаров и канцтоваров | Магия дыма, табачный магазин | Copix, автомат копировальных услуг","Детские товары, Книги / Канцелярия, Спецмагазины, Тара / Упаковка -> Игрушки, Канцелярские товары / Учебные принадлежности, Сувениры, Товары для праздничного оформления / организации праздников, Упаковочные материалы | Продукты питания -> Табачные изделия / Товары для курения, Электронные сигареты | Издательское дело / Полиграфия -> Копировальные услуги, Оперативная полиграфия"
18508889,https://investmoscow.ru/tenders/tender/18508889,2022-02-07,2022-12,2023-12,2023-12-31,692,"Западный административный округ, Фили-Давыдково, Российская Федерация, город Москва, внутригородская территория муниципальный округ Фили-Давыдково, Кременчугская улица, дом 9, Подвал № 0",кременчугская улица 9,4,low,"СДЭК, служба доставки и логистики | Boxberry, отделение службы доставки | Бюро Леэт","Грузоперевозки / Транспортные услуги -> Авиагрузоперевозки, Городские автогрузоперевозки, Междугородные автогрузоперевозки, Международные грузоперевозки, Экспресс-почта | Грузоперевозки / Транспортные услуги -> Пункты выдачи интернет-заказов, Экспресс-почта | Бытовые услуги, Издательское дело / Полиграфия, Книги / Канцелярия, Спецмагазины -> Канцелярские товары / Учебные принадлежности, Копировальные услуги, Сувениры, Фото на документы","СДЭК, служба доставки и логистики | Boxberry, отделение службы доставки | Бюро Леэт | Energo, автомат аренды аккумуляторов для гаджетов","Грузоперевозки / Транспортные услуги -> Авиагрузоперевозки, Городские автогрузоперевозки, Междугородные автогрузоперевозки, Международные грузоперевозки, Экспресс-почта | Грузоперевозки / Транспортные услуги -> Пункты выдачи интернет-заказов, Экспресс-почта | Бытовые услуги, Издательское дело / Полиграфия, Книги / Канцелярия, Спецмагазины -> Канцелярские товары / Учебные принадлежности, Копировальные услуги, Сувениры, Фото на документы | Средства связи -> Станции зарядки мобильных телефонов"
18509729,https://investmoscow.ru/tenders/tender/18509729,2022-02-09,2022-05,2022-08,2022-08-31,203,"Северный административный округ, Савеловский, город Москва, Петровско-Разумовский проезд, дом 16, Подвал № 0",петровско разумовский проезд 16,2,low,Get energy | Скупка,"Средства связи -> Станции зарядки мобильных телефонов | Компьютеры, Спецмагазины, Художественные изделия / материалы -> Антиквариат, Комиссионные магазины, Ремонт компьютеров",Get energy | Скупка,"Средства связи -> Станции зарядки мобильных телефонов | Компьютеры, Спецмагазины, Художественные изделия / материалы -> Антиквариат, Комиссионные магазины, Ремонт компьютеров"
18509795,https://investmoscow.ru/tenders/tender/18509795,2022-02-09,2022-12,2023-12,2023-12-31,690,"Южный административный округ, Донской, город Москва, улица Стасовой, дом 5, Подвал №0",улица стасовой 5,1,low,"Tali Rutman, дизайн-студия",Ателье -> Дизайн одежды,"Tali Rutman, дизайн-студия",Ателье -> Дизайн одежды
18510827,https://investmoscow.ru/tenders/tender/18510827,2022-02-07,2022-08,2022-12,2022-12-31,327,"Восточный административный округ, Преображенское, Российская Федерация, город Москва, внутригородская территория муниципальный округ Преображенское, Суворовская улица, дом 10, Этаж № 1",суворовская улица 10,1,medium,"Wildberries, интернет-магазин",Грузоперевозки / Транспортные услуги -> Пункты выдачи интернет-заказов,"Wildberries, интернет-магазин",Грузоперевозки / Транспортные услуги -> Пункты выдачи интернет-заказов
18511643,https://investmoscow.ru/tenders/tender/18511643,2022-02-09,2022-12,2023-12,2023-12-31,690,"Северо-Восточный административный округ, Марфино, Российская Федерация, город Москва, внутригородская территория муниципальный округ Марфино, Большая Марфинская улица, дом 4, Этаж № 2, Этаж № 1",большая марфинская улица 4,1,medium,Центр поддержки мобилизованных района Марфино,Социальные учреждения -> Социальные службы,Центр поддержки мобилизованных района Марфино,Социальные учреждения -> Социальные службы
18514560,https://investmoscow.ru/tenders/tender/18514560,2022-02-09,2023-12,2024-05,2024-05-31,842,"Восточный административный округ, Соколиная гора, Российская Федерация, город Москва, внутригородская территория муниципальный округ Соколиная Гора, Кирпичная улица, дом 3, Мансарда № 0",кирпичная улица 3,1,low,"Магнит, супермаркет","Спецмагазины, Торговые комплексы -> Доставка продуктов / хозтоваров, Супермаркеты","Магнит, супермаркет","Спецмагазины, Торговые комплексы -> Доставка продуктов / хозтоваров, Супермаркеты"
18514614,https://investmoscow.ru/tenders/tender/18514614,2022-02-09,2022-12,2023-12,2023-12-31,690,"Южный административный округ, Нагатинский затон, город Москва, Судостроительная улица, дом 36, Подвал № 0",судостроительная улица 36,2,medium,"Чио Чио, японская экспресс парикмахерская | Иварт авто, интернет-магазин","Красота / Здоровье -> SPA-процедуры, Парикмахерские, Услуги по оформлению ресниц / бровей | Автотовары -> Автоаксессуары, Автозапчасти для иномарок, Автозапчасти для отечественных автомобилей, Автомасла / Мотомасла / Химия, Автомобильные аккумуляторы","Чио Чио, японская экспресс парикмахерская | Иварт авто, интернет-магазин","Красота / Здоровье -> SPA-процедуры, Парикмахерские, Услуги по оформлению ресниц / бровей | Автотовары -> Автоаксессуары, Автозапчасти для иномарок, Автозапчасти для отечественных автомобилей, Автомасла / Мотомасла / Химия, Автомобильные аккумуляторы"
18515891,https://investmoscow.ru/tenders/tender/18515891,2022-01-27,2022-12,2023-12,2023-12-31,703,"Центральный административный округ, Басманный, город Москва, Малый Демидовский переулок, дом 3, Подвал № 0",малый демидовский переулок 3,2,low,"Архитека, туристическая компания | Комплит, интернет-магазин","Туризм / Отдых -> Туристические агентства | Отделочные материалы, Садово-хозяйственные товары, Строительные материалы / конструкции, Электротехника -> Крепёжные изделия, Садово-огородный инвентарь / техника, Строительные материалы, Сухие строительные смеси, Электротехническая продукция","Архитека, туристическая компания | Комплит, интернет-магазин","Туризм / Отдых -> Туристические агентства | Отделочные материалы, Садово-хозяйственные товары, Строительные материалы / конструкции, Электротехника -> Крепёжные изделия, Садово-огородный инвентарь / техника, Строительные материалы, Сухие строительные смеси, Электротехническая продукция"
18517083,https://investmoscow.ru/tenders/tender/18517083,2022-02-09,2022-01,2022-05,2022-05-31,111,"Западный административный округ, Дорогомилово, Российская Федерация, город Москва, внутригородская территория муниципальный округ Дорогомилово, Кутузовский проспект, дом 30, Подвал № 0",кутузовский проспект 30,7,low,"Localcleaning, клининговая компания | Iml, служба доставки | Boxberry, отделение службы доставки","Уборка / Обработка помещений -> Профессиональная уборка, Чистка ковров | Грузоперевозки / Транспортные услуги -> Пункты выдачи интернет-заказов | Недвижимость -> Коворкинг","Localcleaning, клининговая компания | Iml, служба доставки | Boxberry, отделение службы доставки | Wildberries, интернет-магазин | RemontIdeal Pro, строительная компания","Уборка / Обработка помещений -> Профессиональная уборка, Чистка ковров | Грузоперевозки / Транспортные услуги -> Пункты выдачи интернет-заказов | Недвижимость -> Коворкинг | Красота / Здоровье -> SPA-процедуры, Ногтевые студии, Услуги косметолога, Услуги по уходу за ресницами / бровями, Эпиляция"
18518658,https://investmoscow.ru/tenders/tender/18518658,2022-01-20,2023-12,2024-05,2024-05-31,862,"Центральный административный округ, Пресненский, Российская Федерация, город Москва, внутригородская территория муниципальный округ Пресненский, Студенецкий переулок, дом 4, Подвал № 0",студенецкий переулок 4,2,medium,"Институт психологии и психосоматической терапии | Pf Grado, компания",Медицинские услуги -> Услуги психолога | Культура / Искусство -> Реставрация памятников истории и культуры,"Институт психологии и психосоматической терапии | Pf Grado, компания",Медицинские услуги -> Услуги психолога | Культура / Искусство -> Реставрация памятников истории и культуры
18520368,https://investmoscow.ru/tenders/tender/18520368,2022-02-11,2022-12,2023-12,2023-12-31,688,"Юго-Западный административный округ, Ломоносовский, Российская Федерация, город Москва, внутригородская территория муниципальный округ Ломоносовский, улица Кравченко, дом 8, Этаж № 1",улица кравченко 8,1,low,"Chess time, шахматный центр",Спортивные клубы / школы -> Спортивно-интеллектуальные клубы,"Chess time, шахматный центр",Спортивные клубы / школы -> Спортивно-интеллектуальные клубы
18520718,https://investmoscow.ru/tenders/tender/18520718,2022-01-25,2022-05,2022-08,2022-08-31,218,"Северо-Восточный административный округ, Марфино, Российская Федерация, город Москва, внутригородская территория муниципальный округ Марфино, улица Комдива Орлова, дом 8, Подвал № 0",улица комдива орлова 8,1,medium,"Wildberries, интернет-магазин",Грузоперевозки / Транспортные услуги -> Пункты выдачи интернет-заказов,"Wildberries, интернет-магазин",Грузоперевозки / Транспортные услуги -> Пункты выдачи интернет-заказов
18521331,https://investmoscow.ru/tenders/tender/18521331,2022-02-01,2022-12,2023-12,2023-12-31,698,"Юго-Западный административный округ, Ломоносовский, Российская Федерация, город Москва, внутригородская территория муниципальный округ Ломоносовский, улица Кравченко, дом 8, Подвал № 0",улица кравченко 8,1,low,"Chess time, шахматный центр",Спортивные клубы / школы -> Спортивно-интеллектуальные клубы,"Chess time, шахматный центр",Спортивные клубы / школы -> Спортивно-интеллектуальные клубы
18521336,https://investmoscow.ru/tenders/tender/18521336,2022-03-21,2023-12,2024-05,2024-05-31,802,"Центральный административный округ, Таганский, город Москва, улица Талалихина, дом 39, Этаж №1",улица талалихина 39,2,medium,"Мультифото, фотосалон | Leyrey, юридическая компания","Бытовые услуги, Издательское дело / Полиграфия -> Услуги оцифровки, Фото на документы, Фотоцентры | Бизнес-услуги, Юридические услуги -> Финансовый консалтинг, Юридические услуги","Мультифото, фотосалон | Leyrey, юридическая компания","Бытовые услуги, Издательское дело / Полиграфия -> Услуги оцифровки, Фото на документы, Фотоцентры | Бизнес-услуги, Юридические услуги -> Финансовый консалтинг, Юридические услуги"
18524209,https://investmoscow.ru/tenders/tender/18524209,2022-02-03,2022-12,2023-12,2023-12-31,696,"Юго-Западный административный округ, Ломоносовский, город Москва, улица Крупской, дом 3, Подвал № 0",улица крупской 3,1,medium,Киокушин каратэ,Спортивные клубы / школы -> Спортивные секции,Киокушин каратэ,Спортивные клубы / школы -> Спортивные секции
18524219,https://investmoscow.ru/tenders/tender/18524219,2022-02-03,2022-01,2022-05,2022-05-31,117,"Западный административный округ, Солнцево, город Москва, Солнцевский проспект, дом 5, Подвал № 0",солнцевский проспект 5,1,high,"5post, сеть пунктов выдачи",Грузоперевозки / Транспортные услуги -> Пункты выдачи интернет-заказов,"5post, сеть пунктов выдачи",Грузоперевозки / Транспортные услуги -> Пункты выдачи интернет-заказов
18525907,https://investmoscow.ru/tenders/tender/18525907,2022-02-11,2022-12,2023-12,2023-12-31,688,"Западный административный округ, Фили-Давыдково, Российская Федерация, город Москва, внутригородская территория муниципальный округ Фили-Давыдково, Кременчугская улица, дом 9, Подвал № 0",кременчугская улица 9,4,low,"СДЭК, служба доставки и логистики | Boxberry, отделение службы доставки | Бюро Леэт","Грузоперевозки / Транспортные услуги -> Авиагрузоперевозки, Городские автогрузоперевозки, Междугородные автогрузоперевозки, Международные грузоперевозки, Экспресс-почта | Грузоперевозки / Транспортные услуги -> Пункты выдачи интернет-заказов, Экспресс-почта | Бытовые услуги, Издательское дело / Полиграфия, Книги / Канцелярия, Спецмагазины -> Канцелярские товары / Учебные принадлежности, Копировальные услуги, Сувениры, Фото на документы","СДЭК, служба доставки и логистики | Boxberry, отделение службы доставки | Бюро Леэт | Energo, автомат аренды аккумуляторов для гаджетов","Грузоперевозки / Транспортные услуги -> Авиагрузоперевозки, Городские автогрузоперевозки, Междугородные автогрузоперевозки, Международные грузоперевозки, Экспресс-почта | Грузоперевозки / Транспортные услуги -> Пункты выдачи интернет-заказов, Экспресс-почта | Бытовые услуги, Издательское дело / Полиграфия, Книги / Канцелярия, Спецмагазины -> Канцелярские товары / Учебные принадлежности, Копировальные услуги, Сувениры, Фото на документы | Средства связи -> Станции зарядки мобильных телефонов"
18526293,https://investmoscow.ru/tenders/tender/18526293,2022-02-11,2022-05,2022-08,2022-08-31,201,"Западный административный округ, Солнцево, город Москва, улица Богданова, дом 42, Этаж № 1",улица богданова 42,2,medium,"Wildberries, интернет-магазин | KDL, сеть клинико-диагностических лабораторий",Грузоперевозки / Транспортные услуги -> Пункты выдачи интернет-заказов | Медицинские услуги -> Медицинские анализы,"Wildberries, интернет-магазин | KDL, сеть клинико-диагностических лабораторий",Грузоперевозки / Транспортные услуги -> Пункты выдачи интернет-заказов | Медицинские услуги -> Медицинские анализы
18527060,https://investmoscow.ru/tenders/tender/18527060,2022-02-11,2023-12,2024-05,2024-05-31,840,"Южный административный округ, Даниловский, Российская Федерация, город Москва, внутригородская территория муниципальный округ Даниловский, Городская улица, дом 1, Подвал № 0",городская улица 1,1,medium,"А-Лина, стоматологическая клиника",Медицинские услуги -> Частные стоматологии,"А-Лина, стоматологическая клиника",Медицинские услуги -> Частные стоматологии
18529797,https://investmoscow.ru/tenders/tender/18529797,2022-02-11,2022-01,2022-05,2022-05-31,109,"Западный административный округ, Кунцево, город Москва, Рублёвское шоссе, дом 101, Этаж № 1",рублевское шоссе 101,2,low,"Кофейня | Milano, химчистка","Ателье, Бытовые услуги -> Ателье меховые / кожаные, Ателье швейные, Мастерские по ремонту одежды, Химчистки одежды / текстиля","Кофейня | Milano, химчистка","Ателье, Бытовые услуги -> Ателье меховые / кожаные, Ателье швейные, Мастерские по ремонту одежды, Химчистки одежды / текстиля"
18529801,https://investmoscow.ru/tenders/tender/18529801,2022-02-11,2022-01,2022-05,2022-05-31,109,"Западный административный округ, Кунцево, город Москва, Рублёвское шоссе, дом 101, Этаж № 1",рублевское шоссе 101,2,low,"Кофейня | Milano, химчистка","Ателье, Бытовые услуги -> Ателье меховые / кожаные, Ателье швейные, Мастерские по ремонту одежды, Химчистки одежды / текстиля","Кофейня | Milano, химчистка","Ателье, Бытовые услуги -> Ателье меховые / кожаные, Ателье швейные, Мастерские по ремонту одежды, Химчистки одежды / текстиля"
18532843,https://investmoscow.ru/tenders/tender/18532843,2022-02-04,2022-08,2022-12,2022-12-31,330,"Северо-Восточный административный округ, Северное Медведково, Российская Федерация, город Москва, внутригородская территория муниципальный округ Северное Медведково, проезд Шокальского, дом 51А, Подвал № 0, Этаж № 1, Этаж № 2.",проезд шокальского 51а,1,high,"Авоська, универсам",Торговые комплексы -> Супермаркеты,"Авоська, универсам",Торговые комплексы -> Супермаркеты
18534518,https://investmoscow.ru/tenders/tender/18534518,2022-02-17,2022-08,2022-12,2022-12-31,317,"Восточный административный округ, Сокольники, Российская Федерация, город Москва, внутригородская территория муниципальный округ Сокольники, улица Стромынка, дом 11, Этаж № 2",улица стромынка 11,2,low,"Студия красоты Виктории Смирновой | Путешествие по страницам Библии, воскресная школа",Красота / Здоровье -> Парикмахерские | Религия -> Воскресные школы,"Студия красоты Виктории Смирновой | Путешествие по страницам Библии, воскресная школа",Красота / Здоровье -> Парикмахерские | Религия -> Воскресные школы
18534678,https://investmoscow.ru/tenders/tender/18534678,2022-02-17,2022-01,2022-05,2022-05-31,103,"Западный административный округ, Можайский, город Москва, Сколковское шоссе, дом 36, Этаж № 1",сколковское шоссе 36,1,high,Бери заряд!,Средства связи -> Станции зарядки мобильных телефонов,Бери заряд!,Средства связи -> Станции зарядки мобильных телефонов
18534846,https://investmoscow.ru/tenders/tender/18534846,2022-02-17,2022-01,2022-05,2022-05-31,103,"Юго-Западный административный округ, Южное Бутово, Российская Федерация, город Москва, внутригородская территория муниципальный округ Южное Бутово, Чечёрский проезд, дом 10, Этаж № 1",чечерский проезд 10,1,high,Smiling master,"Автосервис, Автотовары -> Специализированное автооборудование, Шиномонтаж",Smiling master,"Автосервис, Автотовары -> Специализированное автооборудование, Шиномонтаж"
18536707,https://investmoscow.ru/tenders/tender/18536707,2022-02-18,2022-12,2023-12,2023-12-31,681,"Восточный административный округ, Измайлово, город Москва, 2-я Парковая улица, дом 11, Подвал № 0",2 я парковая улица 11,2,medium,"На Кирпичном, хостел | ФэнсЛайн, г. Москва",Туризм / Отдых -> Общежития для рабочих | Строительные материалы / конструкции -> Заборы / Ограждения,"На Кирпичном, хостел | ФэнсЛайн, г. Москва",Туризм / Отдых -> Общежития для рабочих | Строительные материалы / конструкции -> Заборы / Ограждения
18539152,https://investmoscow.ru/tenders/tender/18539152,2022-03-02,2022-01,2022-05,2022-05-31,90,"Северо-Восточный административный округ, Останкинский, город Москва, Звёздный бульвар, дом 1, Подвал № 0",звездный бульвар 1,1,high,Lunara,Красота / Здоровье -> Эпиляция,Lunara,Красота / Здоровье -> Эпиляция
18539227,https://investmoscow.ru/tenders/tender/18539227,2022-03-03,2023-12,2024-05,2024-05-31,820,"Центральный административный округ, Басманный, Российская Федерация, город Москва, внутригородская территория муниципальный округ Басманный, улица Жуковского, дом 11, Подвал № 0",улица жуковского 11,1,medium,"Dom&Интерьер, журнал",СМИ -> Журналы,"Dom&Интерьер, журнал",СМИ -> Журналы
18539971,https://investmoscow.ru/tenders/tender/18539971,2022-03-02,2022-12,2023-12,2023-12-31,669,"Северный административный округ, Хорошевский, Российская Федерация, город Москва, внутригородская территория муниципальный округ Хорошевский, Хорошёвское шоссе, дом 11, Этаж № 1",хорошевское шоссе 11,3,medium,"Boxberry, отделение службы доставки | Klass, центр развития ребенка | Хорошевка, мастерская по ремонту одежды","Грузоперевозки / Транспортные услуги -> Пункты выдачи интернет-заказов, Экспресс-почта | Общее образование / Центры раннего развития детей -> Центры раннего развития детей | Бытовые услуги -> Мастерские по ремонту одежды","Boxberry, отделение службы доставки | Klass, центр развития ребенка | Хорошевка, мастерская по ремонту одежды","Грузоперевозки / Транспортные услуги -> Пункты выдачи интернет-заказов, Экспресс-почта | Общее образование / Центры раннего развития детей -> Центры раннего развития детей | Бытовые услуги -> Мастерские по ремонту одежды"
18540036,https://investmoscow.ru/tenders/tender/18540036,2022-03-03,2023-12,2024-05,2024-05-31,820,"Северный административный округ, Войковский, Российская Федерация, город Москва, внутригородская территория муниципальный округ Войковский, 2-й Войковский проезд, дом 1, Этаж № 1",2 й войковский проезд 1,1,medium,"Трудяга, магазин хозтоваров","Инструмент, Отделочные материалы, Садово-хозяйственные товары, Сантехническое оборудование, Строительные материалы / конструкции -> Лакокрасочные материалы, Сантехника / Санфаянс, Слесарно-монтажный инструмент, Сухие строительные смеси, Хозяйственные товары","Трудяга, магазин хозтоваров","Инструмент, Отделочные материалы, Садово-хозяйственные товары, Сантехническое оборудование, Строительные материалы / конструкции -> Лакокрасочные материалы, Сантехника / Санфаянс, Слесарно-монтажный инструмент, Сухие строительные смеси, Хозяйственные товары"
18540355,https://investmoscow.ru/tenders/tender/18540355,2022-03-05,2022-08,2022-12,2022-12-31,301,"Восточный административный округ, Сокольники, Российская Федерация, город Москва, внутригородская территория муниципальный округ Сокольники, улица Стромынка, дом 11, Этаж № 3",улица стромынка 11,2,low,"Студия красоты Виктории Смирновой | Путешествие по страницам Библии, воскресная школа",Красота / Здоровье -> Парикмахерские | Религия -> Воскресные школы,"Студия красоты Виктории Смирновой | Путешествие по страницам Библии, воскресная школа",Красота / Здоровье -> Парикмахерские | Религия -> Воскресные школы
18540567,https://investmoscow.ru/tenders/tender/18540567,2022-03-05,2022-12,2023-12,2023-12-31,666,"Центральный административный округ, Якиманка, город Москва, Донская улица, дом 16, Подвал № 0",донская улица 16,1,medium,Коллегия адвокатов Филатова В.А.,"Юридические услуги -> Ведение дел в судах, Услуги адвоката",Коллегия адвокатов Филатова В.А.,"Юридические услуги -> Ведение дел в судах, Услуги адвоката"
18541726,https://investmoscow.ru/tenders/tender/18541726,2022-03-05,2022-12,2023-12,2023-12-31,666,"Юго-Западный административный округ, Академический, Российская Федерация, город Москва, внутригородская территория муниципальный округ Академический, улица Кржижановского, дом 1/19, Этаж № 1",улица кржижановского 1/19,4,low,"Ок Молоко, магазин молочной продукции | Магазин фастфуда | Le Romarin Flowers",Продукты питания -> Молочные продукты | Общественное питание -> Быстрое питание | Спецмагазины -> Цветы,"Ок Молоко, магазин молочной продукции | Магазин фастфуда | Le Romarin Flowers | Ермолино, фирменный магазин","Продукты питания -> Молочные продукты | Общественное питание -> Быстрое питание | Спецмагазины -> Цветы | Продукты питания -> Колбасные изделия, Кондитерские изделия, Молочные продукты, Продукты быстрого приготовления"
18543128,https://investmoscow.ru/tenders/tender/18543128,2022-03-23,2022-08,2022-12,2022-12-31,283,"Западный административный округ, Можайский, город Москва, улица Багрицкого, дом 61, Подвал № 0",улица багрицкого 61,2,low,Строймир | OZON,"Садово-хозяйственные товары, Сантехническое оборудование, Строительные материалы / конструкции -> Сантехника / Санфаянс, Строительные материалы, Хозяйственные товары | Грузоперевозки / Транспортные услуги -> Пункты выдачи интернет-заказов",Строймир | OZON,"Садово-хозяйственные товары, Сантехническое оборудование, Строительные материалы / конструкции -> Сантехника / Санфаянс, Строительные материалы, Хозяйственные товары | Грузоперевозки / Транспортные услуги -> Пункты выдачи интернет-заказов"
18543302,https://investmoscow.ru/tenders/tender/18543302,2022-03-24,2022-05,2022-08,2022-08-31,160,"Восточный административный округ, Измайлово, Российская Федерация, город Москва, внутригородская территория муниципальный округ Измайлово, 7-я Парковая улица, дом 27, Этаж № 1",7 я парковая улица 27,1,medium,Самокат,"Спецмагазины -> Дарксторы, Доставка продуктов / хозтоваров",Самокат,"Спецмагазины -> Дарксторы, Доставка продуктов / хозтоваров"
18543665,https://investmoscow.ru/tenders/tender/18543665,2022-03-24,2022-12,2023-12,2023-12-31,647,"Юго-Восточный административный округ, Марьино, Российская Федерация, город Москва, внутригородская территория муниципальный округ Марьино, Донецкая улица, дом 27, Этаж № 1",донецкая улица 27,1,medium,"Пчёлки, студия красоты","Красота / Здоровье -> Ногтевые студии, Парикмахерские","Пчёлки, студия красоты","Красота / Здоровье -> Ногтевые студии, Парикмахерские"
18545175,https://investmoscow.ru/tenders/tender/18545175,2022-03-23,2023-12,2024-05,2024-05-31,800,"Западный административный округ, Солнцево, Российская Федерация, город Москва, внутригородская территория муниципальный округ Солнцево, Боровский проезд, дом 24, Этаж № 1",боровский проезд 24,1,medium,"Ozon, пункт выдачи товара",Грузоперевозки / Транспортные услуги -> Пункты выдачи интернет-заказов,"Ozon, пункт выдачи товара",Грузоперевозки / Транспортные услуги -> Пункты выдачи интернет-заказов
18548262,https://investmoscow.ru/tenders/tender/18548262,2022-03-28,2022-08,2022-12,2022-12-31,278,"Юго-Восточный административный округ, Марьино, Российская Федерация, город Москва, внутригородская территория муниципальный округ Марьино, улица Перерва, дом 54, Подвал № 0",улица перерва 54,1,high,"Онлайн, автошкола","Дополнительное образование / Развивающие курсы -> Автошколы, Мотошколы, Центры повышения водительского мастерства","Онлайн, автошкола","Дополнительное образование / Развивающие курсы -> Автошколы, Мотошколы, Центры повышения водительского мастерства"
18548975,https://investmoscow.ru/tenders/tender/18548975,2022-03-30,2022-01,2022-05,2022-05-31,62,"Центральный административный округ, Хамовники, Российская Федерация, город Москва, внутригородская территория муниципальный округ Хамовники, Кропоткинский переулок, дом 14, Подвал № 0",кропоткинский переулок 14,5,low,"Ароматный мир, сеть винных супермаркетов | Промышленные системы УФ обеззараживания | Магазин ультрафиолетовых систем","Напитки -> Алкогольные напитки, Безалкогольные напитки | Климатическое оборудование, Сантехническое оборудование -> Оборудование для очистки воды, Очистители воздуха | Медицинские товары -> Медицинское оборудование / инструмент","Ароматный мир, сеть винных супермаркетов | Промышленные системы УФ обеззараживания | Магазин ультрафиолетовых систем | Компания по продаже компрессоров | МЭЛФОРД","Напитки -> Алкогольные напитки, Безалкогольные напитки | Климатическое оборудование, Сантехническое оборудование -> Оборудование для очистки воды, Очистители воздуха | Медицинские товары -> Медицинское оборудование / инструмент | Промышленное оборудование, Сантехническое оборудование -> Насосное оборудование, Пневматическое / компрессорное оборудование, Ремонт промышленного оборудования, Системы отопления / водоснабжения / канализации | Полезные ископаемые -> Добыча полезных ископаемых"
18551673,https://investmoscow.ru/tenders/tender/18551673,2022-04-01,2022-12,2023-12,2023-12-31,639,"Северо-Восточный административный округ, Северное Медведково, Российская Федерация, город Москва, внутригородская территория муниципальный округ Северное Медведково, Осташковская улица, дом 28, Этаж № 1",осташковская улица 28,2,medium,"Boxberry, отделение службы доставки | Квест, хостел","Грузоперевозки / Транспортные услуги -> Пункты выдачи интернет-заказов, Экспресс-почта | Туризм / Отдых -> Хостелы","Boxberry, отделение службы доставки | Квест, хостел","Грузоперевозки / Транспортные услуги -> Пункты выдачи интернет-заказов, Экспресс-почта | Туризм / Отдых -> Хостелы"
18554131,https://investmoscow.ru/tenders/tender/18554131,2022-04-01,2022-12,2023-12,2023-12-31,639,"Северо-Западный административный округ, Щукино, город Москва, улица Гамалеи, дом 1, Подвал № 0",улица гамалеи 1,1,medium,Ателье по ремонту одежды,"Ателье, Бытовые услуги -> Ателье меховые / кожаные, Ателье швейные, Мастерские по ремонту одежды",Ателье по ремонту одежды,"Ателье, Бытовые услуги -> Ателье меховые / кожаные, Ателье швейные, Мастерские по ремонту одежды"
18554309,https://investmoscow.ru/tenders/tender/18554309,2022-04-01,2023-12,2024-05,2024-05-31,791,"Юго-Западный административный округ, Академический, Российская Федерация, город Москва, внутригородская территория муниципальный округ Академический, улица Кржижановского, дом 3, Подвал № 0",улица кржижановского 3,12,low,"Тритон-импорт, магазин запчастей для американских автомобилей и материалов для шиномонтажа | To4ilka, студия заточки | Дом быта","Автотовары, Оборудование для сферы услуг -> Автозапчасти для иномарок, Оборудование для автосервиса | Инструмент -> Заточка / шлифовка режущих инструментов | Ателье, Бытовые услуги, Обувь -> Ателье швейные, Изготовление ключей, Мастерские по ремонту одежды, Ремонт обуви / кожгалантереи, Ремонт часов","Тритон-импорт, магазин запчастей для американских автомобилей и материалов для шиномонтажа | To4ilka, студия заточки | Дом быта | Sabina, салон красоты | Нуга бест, торговая компания","Автотовары, Оборудование для сферы услуг -> Автозапчасти для иномарок, Оборудование для автосервиса | Инструмент -> Заточка / шлифовка режущих инструментов | Ателье, Бытовые услуги, Обувь -> Ателье швейные, Изготовление ключей, Мастерские по ремонту одежды, Ремонт обуви / кожгалантереи, Ремонт часов | Красота / Здоровье -> Ногтевые студии, Парикмахерские, Услуги перманентного макияжа, Услуги по оформлению ресниц / бровей, Эпиляция | Медицинские товары -> Массажное оборудование / приборы, Медицинские приборы"
18554330,https://investmoscow.ru/tenders/tender/18554330,2022-04-01,2023-12,2024-05,2024-05-31,791,"Северо-Западный административный округ, Щукино, Российская Федерация, город Москва, внутригородская территория муниципальный округ Щукино, улица Маршала Соколовского, дом 14, подвал № 0",улица маршала соколовского 14,1,medium,Ozon,Грузоперевозки / Транспортные услуги -> Пункты выдачи интернет-заказов,Ozon,Грузоперевозки / Транспортные услуги -> Пункты выдачи интернет-заказов
18555276,https://investmoscow.ru/tenders/tender/18555276,2022-03-29,2023-12,2024-05,2024-05-31,794,"Юго-Западный административный округ, Академический, Российская Федерация, город Москва, внутригородская территория муниципальный округ Академический, улица Кржижановского, дом 2/21, Подвал № 0",улица кржижановского 2/21,2,low,"Южный, медицинский центр | Moko. Med","Медицинские услуги -> Медицинские комиссии, Многопрофильные медицинские центры, Услуги андролога, Услуги артролога, Услуги гастроэнтеролога, Услуги гинеколога, Услуги дерматолога, Услуги кардиолога, Услуги ЛОРа (отоларинголога), Услуги мануального терапевта, Услуги медицинской диагностики, Услуги невролога, Услуги онколога, Услуги офтальмолога, Услуги проктолога, Услуги психотерапевта, Услуги пульмонолога, Услуги терапевта, Услуги травматолога-ортопеда, Услуги уролога, Услуги физиотерапевта, Услуги флеболога, Услуги хирурга, Услуги эндокринолога | Красота / Здоровье -> Услуги косметолога","Южный, медицинский центр | Moko. Med","Медицинские услуги -> Медицинские комиссии, Многопрофильные медицинские центры, Услуги андролога, Услуги артролога, Услуги гастроэнтеролога, Услуги гинеколога, Услуги дерматолога, Услуги кардиолога, Услуги ЛОРа (отоларинголога), Услуги мануального терапевта, Услуги медицинской диагностики, Услуги невролога, Услуги онколога, Услуги офтальмолога, Услуги проктолога, Услуги психотерапевта, Услуги пульмонолога, Услуги терапевта, Услуги травматолога-ортопеда, Услуги уролога, Услуги физиотерапевта, Услуги флеболога, Услуги хирурга, Услуги эндокринолога | Красота / Здоровье -> Услуги косметолога"
18555368,https://investmoscow.ru/tenders/tender/18555368,2022-03-29,2022-05,2022-08,2022-08-31,155,"Северный административный округ, Савеловский, Российская Федерация, город Москва, внутригородская территория муниципальный округ Савеловский, Петровско-Разумовский проезд, дом 16, Подвал № 0",петровско разумовский проезд 16,2,low,Get energy | Скупка,"Средства связи -> Станции зарядки мобильных телефонов | Компьютеры, Спецмагазины, Художественные изделия / материалы -> Антиквариат, Комиссионные магазины, Ремонт компьютеров",Get energy | Скупка,"Средства связи -> Станции зарядки мобильных телефонов | Компьютеры, Спецмагазины, Художественные изделия / материалы -> Антиквариат, Комиссионные магазины, Ремонт компьютеров"
18556739,https://investmoscow.ru/tenders/tender/18556739,2022-03-30,2022-01,2022-05,2022-05-31,62,"Центральный административный округ, Мещанский, Российская Федерация, город Москва, внутригородская территория муниципальный округ Мещанский, проспект Мира, дом 38, Этаж № 1",проспект мира 38,5,low,"Аурум | Аурум, центр скупки | Сервисный центр по ремонту телефонов","Банковские / финансовые услуги -> Ломбарды | Спецмагазины, Химия / Вторсырьё, Художественные изделия / материалы -> Антиквариат, Комиссионные магазины, Покупка драгоценных металлов / ювелирных изделий, Приём / переработка драгоценных металлов, Филателия / Нумизматика, Часы / Аксессуары, Ювелирные изделия, Ювелирные камни | Компьютеры, Средства связи -> Аксессуары к мобильным телефонам, Ремонт компьютеров, Ремонт мобильных телефонов","Аурум | Аурум, центр скупки | Сервисный центр по ремонту телефонов | Табачный магазин | Сервис Pedant.ru, центр по ремонту смартфонов, планшетов, ноутбуков","Банковские / финансовые услуги -> Ломбарды | Спецмагазины, Химия / Вторсырьё, Художественные изделия / материалы -> Антиквариат, Комиссионные магазины, Покупка драгоценных металлов / ювелирных изделий, Приём / переработка драгоценных металлов, Филателия / Нумизматика, Часы / Аксессуары, Ювелирные изделия, Ювелирные камни | Компьютеры, Средства связи -> Аксессуары к мобильным телефонам, Ремонт компьютеров, Ремонт мобильных телефонов | Продукты питания -> Табачные изделия / Товары для курения, Электронные сигареты | Аудио / Видео / Бытовая техника, Компьютеры, Средства связи -> Аксессуары к мобильным телефонам, Ремонт аудио / видео / цифровой техники, Ремонт компьютеров, Ремонт мобильных телефонов"
18559214,https://investmoscow.ru/tenders/tender/18559214,2022-04-07,2022-12,2023-12,2023-12-31,633,"Восточный административный округ, Перово, Российская Федерация, город Москва, внутригородская территория муниципальный округ Перово, улица Плеханова, дом 33, Этаж № 1",улица плеханова 33,2,medium,"Винлаб, супермаркет напитков | Семейная аптека","Напитки, Продукты питания -> Алкогольные напитки, Продуктовые магазины | Медицинские товары -> Аптеки","Винлаб, супермаркет напитков | Семейная аптека","Напитки, Продукты питания -> Алкогольные напитки, Продуктовые магазины | Медицинские товары -> Аптеки"
18559813,https://investmoscow.ru/tenders/tender/18559813,2022-04-06,2023-12,2024-05,2024-05-31,786,"Северо-Восточный административный округ, Бабушкинский, Российская Федерация, город Москва, внутригородская территория муниципальный округ Бабушкинский, улица Коминтерна, дом 20/2, Этаж № 1, Подвал № 0",улица коминтерна 20/2,7,low,"Управление социальной защиты населения Северо-Восточного административного округа | Auto Open, магазин грузовых автозапчастей | Мастерская по ремонту одежды и обуви","Социальные учреждения -> Социальные службы | Автотовары -> Автозапчасти для грузовых автомобилей | Бытовые услуги, Инструмент, Обувь -> Заточка / шлифовка режущих инструментов, Изготовление ключей, Мастерские по ремонту одежды, Ремонт обуви / кожгалантереи","Управление социальной защиты населения Северо-Восточного административного округа | Auto Open, магазин грузовых автозапчастей | Мастерская по ремонту одежды и обуви | Эдем, салон-парикмахерская | Магазин продуктов","Социальные учреждения -> Социальные службы | Автотовары -> Автозапчасти для грузовых автомобилей | Бытовые услуги, Инструмент, Обувь -> Заточка / шлифовка режущих инструментов, Изготовление ключей, Мастерские по ремонту одежды, Ремонт обуви / кожгалантереи | Красота / Здоровье -> Парикмахерские | Продукты питания -> Продуктовые магазины"
18559831,https://investmoscow.ru/tenders/tender/18559831,2022-04-08,2022-08,2022-12,2022-12-31,267,"Северо-Восточный административный округ, Останкинский, Российская Федерация, город Москва, внутригородская территория муниципальный округ Останкинский, проезд Ольминского, дом 3, Этаж № 1, Подвал № 0",проезд ольминского 3,1,high,"Тис, компания по производству пластиковых изделий",Химия / Вторсырьё -> Производство изделий из пластмасс,"Тис, компания по производству пластиковых изделий",Химия / Вторсырьё -> Производство изделий из пластмасс
18559847,https://investmoscow.ru/tenders/tender/18559847,2022-04-06,2022-12,2023-12,2023-12-31,634,"Западный административный округ, Фили-Давыдково, Российская Федерация, город Москва, внутригородская территория муниципальный округ Фили-Давыдково, Кременчугская улица, дом 9, Подвал № 0",кременчугская улица 9,4,low,"СДЭК, служба доставки и логистики | Boxberry, отделение службы доставки | Бюро Леэт","Грузоперевозки / Транспортные услуги -> Авиагрузоперевозки, Городские автогрузоперевозки, Междугородные автогрузоперевозки, Международные грузоперевозки, Экспресс-почта | Грузоперевозки / Транспортные услуги -> Пункты выдачи интернет-заказов, Экспресс-почта | Бытовые услуги, Издательское дело / Полиграфия, Книги / Канцелярия, Спецмагазины -> Канцелярские товары / Учебные принадлежности, Копировальные услуги, Сувениры, Фото на документы","СДЭК, служба доставки и логистики | Boxberry, отделение службы доставки | Бюро Леэт | Energo, автомат аренды аккумуляторов для гаджетов","Грузоперевозки / Транспортные услуги -> Авиагрузоперевозки, Городские автогрузоперевозки, Междугородные автогрузоперевозки, Международные грузоперевозки, Экспресс-почта | Грузоперевозки / Транспортные услуги -> Пункты выдачи интернет-заказов, Экспресс-почта | Бытовые услуги, Издательское дело / Полиграфия, Книги / Канцелярия, Спецмагазины -> Канцелярские товары / Учебные принадлежности, Копировальные услуги, Сувениры, Фото на документы | Средства связи -> Станции зарядки мобильных телефонов"
18559903,https://investmoscow.ru/tenders/tender/18559903,2022-04-06,2022-12,2023-12,2023-12-31,634,"Восточный административный округ, Ивановское, Российская Федерация, город Москва, внутригородская территория муниципальный округ Ивановское, Малый Купавенский проезд, дом 3, Этаж №1",малый купавенский проезд 3,1,medium,Главная аптека,"Медицинские товары -> Аптеки, Доставка лекарств",Главная аптека,"Медицинские товары -> Аптеки, Доставка лекарств"
18560098,https://investmoscow.ru/tenders/tender/18560098,2022-04-08,2022-05,2022-08,2022-08-31,145,"Западный административный округ, Кунцево, город Москва, Рублёвское шоссе, дом 101, Этаж № 1",рублевское шоссе 101,1,low,Главшина,"Автосервис, Оборудование для сферы услуг -> Оборудование для автомоек, Установка / ремонт автомобильной оптики",Главшина,"Автосервис, Оборудование для сферы услуг -> Оборудование для автомоек, Установка / ремонт автомобильной оптики"
18560952,https://investmoscow.ru/tenders/tender/18560952,2022-04-06,2022-05,2022-08,2022-08-31,147,"Западный административный округ, Очаково-Матвеевское, Российская Федерация, город Москва, внутригородская территория муниципальный округ Очаково-Матвеевское, Озёрная улица, дом 10, Подвал № 0",озерная улица 10,1,low,"СберМегаМаркет, маркетплейс",Грузоперевозки / Транспортные услуги -> Пункты выдачи интернет-заказов,"СберМегаМаркет, маркетплейс",Грузоперевозки / Транспортные услуги -> Пункты выдачи интернет-заказов
18560975,https://investmoscow.ru/tenders/tender/18560975,2022-04-06,2022-05,2022-08,2022-08-31,147,"Западный административный округ, Очаково-Матвеевское, Российская Федерация, город Москва, внутригородская территория муниципальный округ Очаково-Матвеевское, Озёрная улица, дом 10, подвал № 0",озерная улица 10,1,low,"СберМегаМаркет, маркетплейс",Грузоперевозки / Транспортные услуги -> Пункты выдачи интернет-заказов,"СберМегаМаркет, маркетплейс",Грузоперевозки / Транспортные услуги -> Пункты выдачи интернет-заказов
18560986,https://investmoscow.ru/tenders/tender/18560986,2022-04-06,2022-05,2022-08,2022-08-31,147,"Западный административный округ, Очаково-Матвеевское, Российская Федерация, город Москва, внутригородская территория муниципальный округ Очаково-Матвеевское, Озёрная улица, дом 10, подвал № 0",озерная улица 10,1,low,"СберМегаМаркет, маркетплейс",Грузоперевозки / Транспортные услуги -> Пункты выдачи интернет-заказов,"СберМегаМаркет, маркетплейс",Грузоперевозки / Транспортные услуги -> Пункты выдачи интернет-заказов
18561004,https://investmoscow.ru/tenders/tender/18561004,2022-04-06,2022-05,2022-08,2022-08-31,147,"Западный административный округ, Очаково-Матвеевское, Российская Федерация, город Москва, внутригородская территория муниципальный округ Очаково-Матвеевское, Озёрная улица, дом 10, подвал № 0",озерная улица 10,1,low,"СберМегаМаркет, маркетплейс",Грузоперевозки / Транспортные услуги -> Пункты выдачи интернет-заказов,"СберМегаМаркет, маркетплейс",Грузоперевозки / Транспортные услуги -> Пункты выдачи интернет-заказов
18566413,https://investmoscow.ru/tenders/tender/18566413,2022-04-28,2023-12,2024-05,2024-05-31,764,"Восточный административный округ, Соколиная гора, Российская Федерация, город Москва, внутригородская территория муниципальный округ Соколиная Гора, Кирпичная улица, дом 3, Мансарда № 0",кирпичная улица 3,1,low,"Магнит, супермаркет","Спецмагазины, Торговые комплексы -> Доставка продуктов / хозтоваров, Супермаркеты","Магнит, супермаркет","Спецмагазины, Торговые комплексы -> Доставка продуктов / хозтоваров, Супермаркеты"
18566615,https://investmoscow.ru/tenders/tender/18566615,2022-04-25,2022-12,2023-12,2023-12-31,615,"Российская Федерация, город Москва, внутригородская территория муниципальный округ Хорошево-Мневники, улица Мнёвники, дом 6А, Этаж 1, пом. 2Н",улица мневники 6а,2,medium,"Красное&Белое, магазин | Юнитра, футбольная школа",Напитки -> Алкогольные напитки | Спортивные клубы / школы -> Спортивные секции,"Красное&Белое, магазин | Юнитра, футбольная школа",Напитки -> Алкогольные напитки | Спортивные клубы / школы -> Спортивные секции
18567841,https://investmoscow.ru/tenders/tender/18567841,2022-04-28,2022-05,2022-08,2022-08-31,125,"Северо-Восточный административный округ, Алексеевский, Российская Федерация, город Москва, внутригородская территория муниципальный округ Алексеевский, проспект Мира, дом 146, подвал № 0",проспект мира 146,3,medium,"Офсет, автономный копицентр | Golden food | Бери заряд!, станция зарядки телефонов","Издательское дело / Полиграфия -> Копировальные услуги, Оперативная полиграфия, Полиграфические услуги | Общественное питание -> Быстрое питание | Средства связи -> Станции зарядки мобильных телефонов","Офсет, автономный копицентр | Golden food | Бери заряд!, станция зарядки телефонов","Издательское дело / Полиграфия -> Копировальные услуги, Оперативная полиграфия, Полиграфические услуги | Общественное питание -> Быстрое питание | Средства связи -> Станции зарядки мобильных телефонов"
18568027,https://investmoscow.ru/tenders/tender/18568027,2022-04-28,2023-12,2024-05,2024-05-31,764,"Северо-Западный административный округ, Южное Тушино, город Москва, улица Василия Петушкова, дом 17, Этаж № 1",улица василия петушкова 17,4,low,"Ozon | OnProekt | Авторский сад, ландшафтная мастерская","Грузоперевозки / Транспортные услуги -> Пункты выдачи интернет-заказов | Отделочные материалы, Электротехника -> Натяжные потолки, Светотехника | Архитектура / Проектирование / Дизайн -> Ландшафтная архитектура","Ozon | OnProekt | Авторский сад, ландшафтная мастерская | Planter, Офис","Грузоперевозки / Транспортные услуги -> Пункты выдачи интернет-заказов | Отделочные материалы, Электротехника -> Натяжные потолки, Светотехника | Архитектура / Проектирование / Дизайн -> Ландшафтная архитектура | Мебель -> Садово-парковая мебель / Аксессуары"
18569607,https://investmoscow.ru/tenders/tender/18569607,2022-04-28,2022-12,2023-12,2023-12-31,612,"Юго-Западный административный округ, Теплый Стан, Российская Федерация, город Москва, внутригородская территория муниципальный округ Теплый Стан, улица Генерала Тюленева, дом 41Б, этаж № 1",улица генерала тюленева 41б,1,medium,Мясной магазин,"Продукты питания -> Мясо / Полуфабрикаты, Мясо птицы / Полуфабрикаты",Мясной магазин,"Продукты питания -> Мясо / Полуфабрикаты, Мясо птицы / Полуфабрикаты"
18569627,https://investmoscow.ru/tenders/tender/18569627,2022-04-28,2022-12,2023-12,2023-12-31,612,"Северо-Западный административный округ, Хорошево-Мневники, город Москва, Новохорошёвский проезд, дом 18, Подвал № 0",новохорошевский проезд 18,4,low,"Wownaya, студия красоты | План Б, центр по поиску работы вахтовым методом | RemTime, компания по ремонту бытовой техники и электроники","Красота / Здоровье -> Услуги по оформлению ресниц / бровей | Работа / Карьера -> Кадровые / рекрутинговые агентства | Аудио / Видео / Бытовая техника, Компьютеры -> Ремонт / установка бытовой техники, Ремонт аудио / видео / цифровой техники, Ремонт компьютеров","Wownaya, студия красоты | План Б, центр по поиску работы вахтовым методом | RemTime, компания по ремонту бытовой техники и электроники | Мастерская по ремонту обуви, изготовлению ключей, заточке инструмента","Красота / Здоровье -> Услуги по оформлению ресниц / бровей | Работа / Карьера -> Кадровые / рекрутинговые агентства | Аудио / Видео / Бытовая техника, Компьютеры -> Ремонт / установка бытовой техники, Ремонт аудио / видео / цифровой техники, Ремонт компьютеров | Бытовые услуги, Инструмент, Обувь -> Заточка / шлифовка режущих инструментов, Изготовление ключей, Ремонт обуви / кожгалантереи"
18571596,https://investmoscow.ru/tenders/tender/18571596,2022-05-16,2022-12,2023-12,2023-12-31,594,"Северо-Восточный административный округ, Бибирево, город Москва, улица Пришвина, дом 21, Этаж № 1",улица пришвина 21,1,medium,"Пятёрочка, супермаркет",Торговые комплексы -> Супермаркеты,"Пятёрочка, супермаркет",Торговые комплексы -> Супермаркеты
18574941,https://investmoscow.ru/tenders/tender/18574941,2022-05-12,2022-05,2022-08,2022-08-31,111,"Юго-Восточный административный округ, Кузьминки, Российская Федерация, город Москва, внутригородская территория муниципальный округ Кузьминки, улица Юных Ленинцев, дом 73, Этаж 1, пом. 1Н",улица юных ленинцев 73,1,high,"Wildberries, интернет-магазин",Грузоперевозки / Транспортные услуги -> Пункты выдачи интернет-заказов,"Wildberries, интернет-магазин",Грузоперевозки / Транспортные услуги -> Пункты выдачи интернет-заказов
18574962,https://investmoscow.ru/tenders/tender/18574962,2022-05-12,2022-08,2022-12,2022-12-31,233,"Северный административный округ, Головинский, Российская Федерация, город Москва, внутригородская территория муниципальный округ Головинский, Авангардная улица, дом 10А, Этаж 1, пом. 1Н",авангардная улица 10а,1,low,"OZON, Пункт выдачи товара",Грузоперевозки / Транспортные услуги -> Пункты выдачи интернет-заказов,"OZON, Пункт выдачи товара",Грузоперевозки / Транспортные услуги -> Пункты выдачи интернет-заказов
18574964,https://investmoscow.ru/tenders/tender/18574964,2022-05-12,2022-08,2022-12,2022-12-31,233,"Северный административный округ, Головинский, Российская Федерация, город Москва, внутригородская территория муниципальный округ Головинский, Авангардная улица, дом 10А, Этаж 1, пом. 5Н",авангардная улица 10а,1,low,"OZON, Пункт выдачи товара",Грузоперевозки / Транспортные услуги -> Пункты выдачи интернет-заказов,"OZON, Пункт выдачи товара",Грузоперевозки / Транспортные услуги -> Пункты выдачи интернет-заказов
18575249,https://investmoscow.ru/tenders/tender/18575249,2022-05-20,2022-08,2022-12,2022-12-31,225,"Юго-Восточный административный округ, Лефортово, Российская Федерация, город Москва, внутригородская территория муниципальный округ Лефортово, Энергетическая улица, дом 4, Подвал № 0",энергетическая улица 4,1,high,"Лингвитания, языковой центр","Дополнительное образование / Развивающие курсы -> Помощь в обучении, Языковые школы","Лингвитания, языковой центр","Дополнительное образование / Развивающие курсы -> Помощь в обучении, Языковые школы"
18575421,https://investmoscow.ru/tenders/tender/18575421,2022-05-23,2022-08,2022-12,2022-12-31,222,"Восточный административный округ, Сокольники, Российская Федерация, город Москва, внутригородская территория муниципальный округ Сокольники, улица Стромынка, дом 11, Этаж № 3",улица стромынка 11,2,low,"Студия красоты Виктории Смирновой | Путешествие по страницам Библии, воскресная школа",Красота / Здоровье -> Парикмахерские | Религия -> Воскресные школы,"Студия красоты Виктории Смирновой | Путешествие по страницам Библии, воскресная школа",Красота / Здоровье -> Парикмахерские | Религия -> Воскресные школы
18576173,https://investmoscow.ru/tenders/tender/18576173,2022-05-20,2022-05,2022-08,2022-08-31,103,"Юго-Западный административный округ, Котловка, Российская Федерация, город Москва, внутригородская территория муниципальный округ Котловка, Севастопольский проспект, дом 37, этаж № 1, подвал № 0",севастопольский проспект 37,3,medium,"Remtime, сервис по ремонту бытовой техники и электроники | Самокат | Свой доктор, ветеринарная клиника","Аудио / Видео / Бытовая техника, Компьютеры, Оргтехника / Офисная техника -> Кофемашины, Ремонт / установка бытовой техники, Ремонт аудио / видео / цифровой техники, Ремонт компьютеров, Ремонт оргтехники | Спецмагазины -> Дарксторы, Доставка продуктов / хозтоваров | Ветеринария, Товары / услуги для животных -> Ветеринарные аптеки, Ветеринарные клиники, Зоотовары, Услуги по уходу за животными","Remtime, сервис по ремонту бытовой техники и электроники | Самокат | Свой доктор, ветеринарная клиника","Аудио / Видео / Бытовая техника, Компьютеры, Оргтехника / Офисная техника -> Кофемашины, Ремонт / установка бытовой техники, Ремонт аудио / видео / цифровой техники, Ремонт компьютеров, Ремонт оргтехники | Спецмагазины -> Дарксторы, Доставка продуктов / хозтоваров | Ветеринария, Товары / услуги для животных -> Ветеринарные аптеки, Ветеринарные клиники, Зоотовары, Услуги по уходу за животными"
18576180,https://investmoscow.ru/tenders/tender/18576180,2022-05-20,2022-12,2023-12,2023-12-31,590,"Западный административный округ, Фили-Давыдково, Российская Федерация, город Москва, внутригородская территория муниципальный округ Фили-Давыдково, Кременчугская улица, дом 9, подвал № 0",кременчугская улица 9,4,low,"СДЭК, служба доставки и логистики | Boxberry, отделение службы доставки | Бюро Леэт","Грузоперевозки / Транспортные услуги -> Авиагрузоперевозки, Городские автогрузоперевозки, Междугородные автогрузоперевозки, Международные грузоперевозки, Экспресс-почта | Грузоперевозки / Транспортные услуги -> Пункты выдачи интернет-заказов, Экспресс-почта | Бытовые услуги, Издательское дело / Полиграфия, Книги / Канцелярия, Спецмагазины -> Канцелярские товары / Учебные принадлежности, Копировальные услуги, Сувениры, Фото на документы","СДЭК, служба доставки и логистики | Boxberry, отделение службы доставки | Бюро Леэт | Energo, автомат аренды аккумуляторов для гаджетов","Грузоперевозки / Транспортные услуги -> Авиагрузоперевозки, Городские автогрузоперевозки, Междугородные автогрузоперевозки, Международные грузоперевозки, Экспресс-почта | Грузоперевозки / Транспортные услуги -> Пункты выдачи интернет-заказов, Экспресс-почта | Бытовые услуги, Издательское дело / Полиграфия, Книги / Канцелярия, Спецмагазины -> Канцелярские товары / Учебные принадлежности, Копировальные услуги, Сувениры, Фото на документы | Средства связи -> Станции зарядки мобильных телефонов"
18576243,https://investmoscow.ru/tenders/tender/18576243,2022-05-20,2022-12,2023-12,2023-12-31,590,"Восточный административный округ, Измайлово, Российская Федерация, город Москва, внутригородская территория муниципальный округ Измайлово, 7-я Парковая улица, дом 5, Подвал № 0",7 я парковая улица 5,1,medium,"Mr.Починкин, ремонтная мастерская","Бытовые услуги, Детские товары, Спортивные товары -> Ремонт детских товаров, Ремонт очков, Ремонт спортивного инвентаря, Ремонт чемоданов","Mr.Починкин, ремонтная мастерская","Бытовые услуги, Детские товары, Спортивные товары -> Ремонт детских товаров, Ремонт очков, Ремонт спортивного инвентаря, Ремонт чемоданов"
18577642,https://investmoscow.ru/tenders/tender/18577642,2022-05-23,2023-12,2024-05,2024-05-31,739,"Центральный административный округ, Хамовники, Российская Федерация, город Москва, внутригородская территория муниципальный округ Хамовники, улица Хамовнический Вал, дом 16, Подвал № 0",улица хамовнический вал 16,6,low,"Рождество, центр для детей и родителей | Центр телесной терапии Александра Багатова | Ozon","Медицинские услуги, Общее образование / Центры раннего развития детей, Центры творчества и досуга -> Детские / подростковые клубы, Культурно-досуговые центры для взрослых, Услуги логопеда, Центры раннего развития детей, Школы для будущих мам | Дополнительное образование / Развивающие курсы, Медицинские услуги -> Личностные тренинги / семинары, Услуги психолога | Грузоперевозки / Транспортные услуги -> Пункты выдачи интернет-заказов","Рождество, центр для детей и родителей | Центр телесной терапии Александра Багатова | Ozon | Янгуан, студия китайского массажа | Av piercing","Медицинские услуги, Общее образование / Центры раннего развития детей, Центры творчества и досуга -> Детские / подростковые клубы, Культурно-досуговые центры для взрослых, Услуги логопеда, Центры раннего развития детей, Школы для будущих мам | Дополнительное образование / Развивающие курсы, Медицинские услуги -> Личностные тренинги / семинары, Услуги психолога | Грузоперевозки / Транспортные услуги -> Пункты выдачи интернет-заказов | Красота / Здоровье -> SPA-процедуры, Услуги массажиста | Дополнительное образование / Развивающие курсы, Красота / Здоровье, Спецмагазины -> Обучение мастеров для салонов красоты, Тату-салоны, Украшения для пирсинга, Услуги пирсинга"
18578846,https://investmoscow.ru/tenders/tender/18578846,2022-06-23,2023-12,2024-05,2024-05-31,708,"Северный административный округ, Хорошевский, город Москва, Хорошёвское шоссе, дом 41, корпус Г, Этаж № 1",хорошевское шоссе 41 корпус,5,low,"Ozon | Wildberries, пункт выдачи товара | Балетмаркет, компания","Грузоперевозки / Транспортные услуги -> Пункты выдачи интернет-заказов | Одежда / Аксессуары, Отделочные материалы, Спортивные товары -> Одежда / обувь для танцев, Спортивное оборудование, Стекло / Зеркала | Издательское дело / Полиграфия -> Копировальные услуги","Ozon | Wildberries, пункт выдачи товара | Балетмаркет, компания | Copix, автомат копировальных услуг | Свобода, фирменный магазин косметики","Грузоперевозки / Транспортные услуги -> Пункты выдачи интернет-заказов | Одежда / Аксессуары, Отделочные материалы, Спортивные товары -> Одежда / обувь для танцев, Спортивное оборудование, Стекло / Зеркала | Издательское дело / Полиграфия -> Копировальные услуги | Красота / Здоровье -> Косметика / Парфюмерия, Косметика / расходные материалы для салонов красоты"
18579124,https://investmoscow.ru/tenders/tender/18579124,2022-05-25,2022-12,2023-12,2023-12-31,585,"Северо-Западный административный округ, Хорошево-Мневники, город Москва, Новохорошёвский проезд, дом 20, Этаж №1, Подвал № 0",новохорошевский проезд 20,1,low,"Авто Лэнд, автосервис","Автосервис -> Авторемонт и техобслуживание (СТО), Компьютерная диагностика автомобилей, Ремонт / обслуживание автомобильных климатических систем, Ремонт ходовой части автомобиля","Авто Лэнд, автосервис","Автосервис -> Авторемонт и техобслуживание (СТО), Компьютерная диагностика автомобилей, Ремонт / обслуживание автомобильных климатических систем, Ремонт ходовой части автомобиля"
18579518,https://investmoscow.ru/tenders/tender/18579518,2022-05-26,2023-12,2024-05,2024-05-31,736,"Центральный административный округ, Басманный, Российская Федерация, город Москва, внутригородская территория муниципальный округ Басманный, Большой Харитоньевский переулок, дом 9, Подвал № 0",большой харитоньевский переулок 9,2,medium,"Ma&Mi, студия красоты | Annurclothes, магазин женской одежды","Красота / Здоровье -> Ногтевые студии, Парикмахерские, Услуги по оформлению ресниц / бровей | Одежда / Аксессуары -> Женская одежда","Ma&Mi, студия красоты | Annurclothes, магазин женской одежды","Красота / Здоровье -> Ногтевые студии, Парикмахерские, Услуги по оформлению ресниц / бровей | Одежда / Аксессуары -> Женская одежда"
18582871,https://investmoscow.ru/tenders/tender/18582871,2022-05-25,2022-12,2023-12,2023-12-31,585,"Южный административный округ, Нагатинский затон, город Москва, Судостроительная улица, дом 51, Подвал № 0",судостроительная улица 51,1,medium,"Ozon, Пункт выдачи товара",Грузоперевозки / Транспортные услуги -> Пункты выдачи интернет-заказов,"Ozon, Пункт выдачи товара",Грузоперевозки / Транспортные услуги -> Пункты выдачи интернет-заказов
18583796,https://investmoscow.ru/tenders/tender/18583796,2022-05-31,2023-12,2024-05,2024-05-31,731,"Восточный административный округ, Измайлово, Российская Федерация, город Москва, внутригородская территория муниципальный округ Измайлово, Первомайская улица, дом 51/23, Подвал № 0",первомайская улица 51/23,2,medium,"Додо Пицца, сеть пиццерий | КуулКлевер, магазин №101","Общественное питание -> Быстрое питание, Доставка готовых блюд, Пиццерии | Напитки, Продукты питания -> Алкогольные напитки, Колбасные изделия, Молочные продукты, Мясо / Полуфабрикаты, Хлебобулочные изделия","Додо Пицца, сеть пиццерий | КуулКлевер, магазин №101","Общественное питание -> Быстрое питание, Доставка готовых блюд, Пиццерии | Напитки, Продукты питания -> Алкогольные напитки, Колбасные изделия, Молочные продукты, Мясо / Полуфабрикаты, Хлебобулочные изделия"
18585447,https://investmoscow.ru/tenders/tender/18585447,2022-05-19,2022-08,2022-12,2022-12-31,226,"Юго-Восточный административный округ, Люблино, Российская Федерация, город Москва, внутригородская территория муниципальный округ Люблино, Люблинская улица, дом 113, Этаж 1, пом. 1Н",люблинская улица 113,1,low,"Винлаб, супермаркет напитков","Напитки, Продукты питания -> Алкогольные напитки, Продуктовые магазины","Винлаб, супермаркет напитков","Напитки, Продукты питания -> Алкогольные напитки, Продуктовые магазины"
18585449,https://investmoscow.ru/tenders/tender/18585449,2022-05-19,2022-08,2022-12,2022-12-31,226,"Юго-Восточный административный округ, Люблино, Российская Федерация, город Москва, внутригородская территория муниципальный округ Люблино, Люблинская улица, дом 113, Этаж 1, пом. 3Н",люблинская улица 113,1,low,"Винлаб, супермаркет напитков","Напитки, Продукты питания -> Алкогольные напитки, Продуктовые магазины","Винлаб, супермаркет напитков","Напитки, Продукты питания -> Алкогольные напитки, Продуктовые магазины"
18585452,https://investmoscow.ru/tenders/tender/18585452,2022-05-19,2022-12,2023-12,2023-12-31,591,"Российская Федерация, город Москва, внутригородская территория муниципальный округ Обручевский, улица Гарибальди, дом 18, Этаж 1, пом. 1Н",улица гарибальди 18,2,low,"Буханка, пекарня | Ароматный мир, винный супермаркет","Общественное питание, Продукты питания -> Доставка готовых блюд, Кондитерские изделия, Пекарни | Напитки, Торговые комплексы -> Алкогольные напитки, Супермаркеты","Буханка, пекарня | Ароматный мир, винный супермаркет","Общественное питание, Продукты питания -> Доставка готовых блюд, Кондитерские изделия, Пекарни | Напитки, Торговые комплексы -> Алкогольные напитки, Супермаркеты"
18585454,https://investmoscow.ru/tenders/tender/18585454,2022-05-19,2022-12,2023-12,2023-12-31,591,"Российская Федерация, город Москва, внутригородская территория муниципальный округ Обручевский, улица Гарибальди, дом 18, Этаж 1, пом. 2Н",улица гарибальди 18,2,low,"Буханка, пекарня | Ароматный мир, винный супермаркет","Общественное питание, Продукты питания -> Доставка готовых блюд, Кондитерские изделия, Пекарни | Напитки, Торговые комплексы -> Алкогольные напитки, Супермаркеты","Буханка, пекарня | Ароматный мир, винный супермаркет","Общественное питание, Продукты питания -> Доставка готовых блюд, Кондитерские изделия, Пекарни | Напитки, Торговые комплексы -> Алкогольные напитки, Супермаркеты"
18585458,https://investmoscow.ru/tenders/tender/18585458,2022-05-19,2023-12,2024-05,2024-05-31,743,"Северный административный округ, Головинский, Российская Федерация, город Москва, внутригородская территория муниципальный округ Головинский, Смольная улица, дом 21А, Этаж 1, пом. 2Н",смольная улица 21а,3,medium,"Wildberries, пункт выдачи товара | Ozon, пункт выдачи товара | Fast fit, магазин спортивного питания",Грузоперевозки / Транспортные услуги -> Пункты выдачи интернет-заказов | Спортивные товары -> Спортивное питание,"Wildberries, пункт выдачи товара | Ozon, пункт выдачи товара | Fast fit, магазин спортивного питания",Грузоперевозки / Транспортные услуги -> Пункты выдачи интернет-заказов | Спортивные товары -> Спортивное питание
18585472,https://investmoscow.ru/tenders/tender/18585472,2022-05-19,2022-12,2023-12,2023-12-31,591,"Троицкий административный округ, Троицк, Российская Федерация, город Москва, город Троицк, улица Академика Черенкова, дом 15, Этаж 1, пом. 6Н",улица академика черенкова 15,1,low,Frolov. A Studio,"Красота / Здоровье -> Ногтевые студии, Парикмахерские, Услуги по оформлению ресниц / бровей",Frolov. A Studio,"Красота / Здоровье -> Ногтевые студии, Парикмахерские, Услуги по оформлению ресниц / бровей"
18585477,https://investmoscow.ru/tenders/tender/18585477,2022-05-19,2022-12,2023-12,2023-12-31,591,"Троицкий административный округ, Троицк, Российская Федерация, город Москва, город Троицк, улица Академика Черенкова, дом 15, Этаж 1, пом. 7Н",улица академика черенкова 15,1,low,Frolov. A Studio,"Красота / Здоровье -> Ногтевые студии, Парикмахерские, Услуги по оформлению ресниц / бровей",Frolov. A Studio,"Красота / Здоровье -> Ногтевые студии, Парикмахерские, Услуги по оформлению ресниц / бровей"
18585500,https://investmoscow.ru/tenders/tender/18585500,2022-05-19,2022-12,2023-12,2023-12-31,591,"Троицкий административный округ, Троицк, Российская Федерация, город Москва, город Троицк, улица Академика Черенкова, дом 17, Этаж 1, пом. 2Н",улица академика черенкова 17,4,low,"Нептунята, детский акваклуб | Веста, центр развития семьи | Mikson","Спортивные комплексы -> Бассейны | Красота / Здоровье, Медицинские услуги, Спецмагазины -> SPA-процедуры, Ароматовары, Услуги косметолога, Услуги массажиста, Услуги психолога | Красота / Здоровье -> Косметика / Парфюмерия","Нептунята, детский акваклуб | Веста, центр развития семьи | Mikson | Красное&Белое, магазин","Спортивные комплексы -> Бассейны | Красота / Здоровье, Медицинские услуги, Спецмагазины -> SPA-процедуры, Ароматовары, Услуги косметолога, Услуги массажиста, Услуги психолога | Красота / Здоровье -> Косметика / Парфюмерия | Напитки -> Алкогольные напитки"
18585504,https://investmoscow.ru/tenders/tender/18585504,2022-05-19,2022-12,2023-12,2023-12-31,591,"Троицкий административный округ, Троицк, Российская Федерация, город Москва, город Троицк, улица Академика Черенкова, дом 17, Этаж 1, пом. 5Н",улица академика черенкова 17,4,low,"Нептунята, детский акваклуб | Веста, центр развития семьи | Mikson","Спортивные комплексы -> Бассейны | Красота / Здоровье, Медицинские услуги, Спецмагазины -> SPA-процедуры, Ароматовары, Услуги косметолога, Услуги массажиста, Услуги психолога | Красота / Здоровье -> Косметика / Парфюмерия","Нептунята, детский акваклуб | Веста, центр развития семьи | Mikson | Красное&Белое, магазин","Спортивные комплексы -> Бассейны | Красота / Здоровье, Медицинские услуги, Спецмагазины -> SPA-процедуры, Ароматовары, Услуги косметолога, Услуги массажиста, Услуги психолога | Красота / Здоровье -> Косметика / Парфюмерия | Напитки -> Алкогольные напитки"
18585767,https://investmoscow.ru/tenders/tender/18585767,2022-05-19,2022-12,2023-12,2023-12-31,591,"Троицкий административный округ, Троицк, Российская Федерация, город Москва, город Троицк, улица Академика Черенкова, дом 17, Этаж 1, пом. 1Н",улица академика черенкова 17,4,low,"Нептунята, детский акваклуб | Веста, центр развития семьи | Mikson","Спортивные комплексы -> Бассейны | Красота / Здоровье, Медицинские услуги, Спецмагазины -> SPA-процедуры, Ароматовары, Услуги косметолога, Услуги массажиста, Услуги психолога | Красота / Здоровье -> Косметика / Парфюмерия","Нептунята, детский акваклуб | Веста, центр развития семьи | Mikson | Красное&Белое, магазин","Спортивные комплексы -> Бассейны | Красота / Здоровье, Медицинские услуги, Спецмагазины -> SPA-процедуры, Ароматовары, Услуги косметолога, Услуги массажиста, Услуги психолога | Красота / Здоровье -> Косметика / Парфюмерия | Напитки -> Алкогольные напитки"
18586115,https://investmoscow.ru/tenders/tender/18586115,2022-05-26,2023-12,2024-05,2024-05-31,736,"Юго-Западный административный округ, Академический, Российская Федерация, город Москва, внутригородская территория муниципальный округ Академический, Новочерёмушкинская улица, дом 31, подвал №0",новочеремушкинская улица 31,7,low,"Панда суши, служба доставки | Мосгортату, тату-салон | Mari nails, студия маникюра","Общественное питание -> Доставка готовых блюд | Красота / Здоровье -> Тату-салоны, Услуги перманентного макияжа, Услуги пирсинга | Красота / Здоровье -> Ногтевые студии, Услуги по оформлению ресниц / бровей","Панда суши, служба доставки | Мосгортату, тату-салон | Mari nails, студия маникюра | Яндекс Маркет, пункт выдачи товара | Компания по аренде помещений","Общественное питание -> Доставка готовых блюд | Красота / Здоровье -> Тату-салоны, Услуги перманентного макияжа, Услуги пирсинга | Красота / Здоровье -> Ногтевые студии, Услуги по оформлению ресниц / бровей | Грузоперевозки / Транспортные услуги -> Пункты выдачи интернет-заказов | Недвижимость -> Аренда помещений"
18588201,https://investmoscow.ru/tenders/tender/18588201,2022-05-31,2022-08,2022-12,2022-12-31,214,"Западный административный округ, Можайский, Российская Федерация, город Москва, внутригородская территория муниципальный округ Можайский, улица Багрицкого, дом 61, подвал",улица багрицкого 61,2,low,Строймир | OZON,"Садово-хозяйственные товары, Сантехническое оборудование, Строительные материалы / конструкции -> Сантехника / Санфаянс, Строительные материалы, Хозяйственные товары | Грузоперевозки / Транспортные услуги -> Пункты выдачи интернет-заказов",Строймир | OZON,"Садово-хозяйственные товары, Сантехническое оборудование, Строительные материалы / конструкции -> Сантехника / Санфаянс, Строительные материалы, Хозяйственные товары | Грузоперевозки / Транспортные услуги -> Пункты выдачи интернет-заказов"
18589425,https://investmoscow.ru/tenders/tender/18589425,2022-05-27,2022-08,2022-12,2022-12-31,218,"Северный административный округ, Аэропорт, Российская Федерация, город Москва, внутригородская территория муниципальный округ Аэропорт, Ленинградский проспект, дом 50, Подвал № 0",ленинградский проспект 50,2,medium,"Ирис, цветочный салон | Bianca, химчистка","Садово-хозяйственные товары, Спецмагазины, Тара / Упаковка -> Доставка цветов, Подарочная упаковка, Средства защиты растений / Удобрения, Сувениры, Цветы | Ателье, Бытовые услуги, Обувь -> Ателье меховые / кожаные, Ателье швейные, Ремонт обуви / кожгалантереи, Ремонт чемоданов, Химчистки одежды / текстиля","Ирис, цветочный салон | Bianca, химчистка","Садово-хозяйственные товары, Спецмагазины, Тара / Упаковка -> Доставка цветов, Подарочная упаковка, Средства защиты растений / Удобрения, Сувениры, Цветы | Ателье, Бытовые услуги, Обувь -> Ателье меховые / кожаные, Ателье швейные, Ремонт обуви / кожгалантереи, Ремонт чемоданов, Химчистки одежды / текстиля"
18594300,https://investmoscow.ru/tenders/tender/18594300,2022-06-07,2022-05,2022-08,2022-08-31,85,"Северный административный округ, Савеловский, Российская Федерация, город Москва, внутригородская территория муниципальный округ Савеловский, Петровско-Разумовский проезд, дом 16, Подвал № 0",петровско разумовский проезд 16,2,low,Get energy | Скупка,"Средства связи -> Станции зарядки мобильных телефонов | Компьютеры, Спецмагазины, Художественные изделия / материалы -> Антиквариат, Комиссионные магазины, Ремонт компьютеров",Get energy | Скупка,"Средства связи -> Станции зарядки мобильных телефонов | Компьютеры, Спецмагазины, Художественные изделия / материалы -> Антиквариат, Комиссионные магазины, Ремонт компьютеров"
18594311,https://investmoscow.ru/tenders/tender/18594311,2022-06-07,2022-05,2022-08,2022-08-31,85,"Западный административный округ, Дорогомилово, Российская Федерация, город Москва, внутригородская территория муниципальный округ Дорогомилово, Кутузовский проспект, дом 30, Подвал № 0",кутузовский проспект 30,2,low,"СберМегаМаркет, маркетплейс | Vapar shop",Грузоперевозки / Транспортные услуги -> Пункты выдачи интернет-заказов | Продукты питания -> Электронные сигареты,"СберМегаМаркет, маркетплейс | Vapar shop",Грузоперевозки / Транспортные услуги -> Пункты выдачи интернет-заказов | Продукты питания -> Электронные сигареты
18594445,https://investmoscow.ru/tenders/tender/18594445,2022-06-14,2023-12,2024-05,2024-05-31,717,"Юго-Восточный административный округ, Нижегородский, Российская Федерация, город Москва, внутригородская территория муниципальный округ Нижегородский, Смирновская улица, дом 5, Этаж №1",смирновская улица 5,1,medium,"Гормедтехника, МРП №166",Социальные учреждения -> Молочные кухни,"Гормедтехника, МРП №166",Социальные учреждения -> Молочные кухни
18595195,https://investmoscow.ru/tenders/tender/18595195,2022-06-02,2022-12,2023-12,2023-12-31,577,"Южный административный округ, Царицыно, Российская Федерация, город Москва, внутригородская территория муниципальный округ Царицыно, улица Бехтерева, дом 13, Этаж № 1, Этаж № 2",улица бехтерева 13,1,medium,"Дади, хостел",Туризм / Отдых -> Хостелы,"Дади, хостел",Туризм / Отдых -> Хостелы
18596549,https://investmoscow.ru/tenders/tender/18596549,2023-03-02,2023-12,2024-05,2024-05-31,456,"Северный административный округ, Дмитровский, Российская Федерация, город Москва, внутригородская территория муниципальный округ Дмитровский, Ангарская улица, дом 69, Подвал №0",ангарская улица 69,4,low,"Бай донер, точка быстрого питания | Магнит, супермаркет | Ремонтная мастерская","Общественное питание -> Быстрое питание | Торговые комплексы -> Супермаркеты | Бытовые услуги, Обувь -> Изготовление ключей, Мастерские по ремонту одежды, Ремонт зонтов, Ремонт обуви / кожгалантереи, Ремонт часов","Бай донер, точка быстрого питания | Магнит, супермаркет | Ремонтная мастерская | Чижик, супермаркет","Общественное питание -> Быстрое питание | Торговые комплексы -> Супермаркеты | Бытовые услуги, Обувь -> Изготовление ключей, Мастерские по ремонту одежды, Ремонт зонтов, Ремонт обуви / кожгалантереи, Ремонт часов"
18600842,https://investmoscow.ru/tenders/tender/18600842,2022-06-07,2022-12,2023-12,2023-12-31,572,"Южный административный округ, Даниловский, Российская Федерация, город Москва, внутригородская территория муниципальный округ Даниловский, Малая Тульская улица, дом 16, Подвал № 0",малая тульская улица 16,4,low,"Русмания, компания | Складно, компания | Меридиан, компания по изготовлению мебели под заказ","Туризм / Отдых -> Туристические агентства | Грузоперевозки / Транспортные услуги -> Склады индивидуального хранения, Услуги складского хранения | Мебель -> Изготовление мебели под заказ, Мебель для кухни","Русмания, компания | Складно, компания | Меридиан, компания по изготовлению мебели под заказ | Diana Kelasova Studio","Туризм / Отдых -> Туристические агентства | Грузоперевозки / Транспортные услуги -> Склады индивидуального хранения, Услуги складского хранения | Мебель -> Изготовление мебели под заказ, Мебель для кухни | Красота / Здоровье -> Услуги по оформлению ресниц / бровей"
18608682,https://investmoscow.ru/tenders/tender/18608682,2022-06-23,2023-12,2024-05,2024-05-31,708,"Восточный административный округ, Измайлово, Российская Федерация, город Москва, внутригородская территория муниципальный округ Измайлово, Первомайская улица, дом 30, Подвал № 0",первомайская улица 30,2,medium,"Фортуна, автошкола | Хвостик, ветеринарная клиника","Дополнительное образование / Развивающие курсы -> Автошколы | Ветеринария, Товары / услуги для животных -> Ветеринарные клиники, Выездные ветеринарные службы, Ритуальные услуги для животных, Услуги по уходу за животными","Фортуна, автошкола | Хвостик, ветеринарная клиника","Дополнительное образование / Развивающие курсы -> Автошколы | Ветеринария, Товары / услуги для животных -> Ветеринарные клиники, Выездные ветеринарные службы, Ритуальные услуги для животных, Услуги по уходу за животными"
18609263,https://investmoscow.ru/tenders/tender/18609263,2022-06-21,2022-05,2022-08,2022-08-31,71,"Западный административный округ, Очаково-Матвеевское, Российская Федерация, город Москва, внутригородская территория муниципальный округ Очаково-Матвеевское, Озёрная улица, дом 10, подвал № 0",озерная улица 10,1,low,"СберМегаМаркет, маркетплейс",Грузоперевозки / Транспортные услуги -> Пункты выдачи интернет-заказов,"СберМегаМаркет, маркетплейс",Грузоперевозки / Транспортные услуги -> Пункты выдачи интернет-заказов
18609421,https://investmoscow.ru/tenders/tender/18609421,2022-06-23,2022-12,2023-12,2023-12-31,556,"Западный административный округ, Раменки, Российская Федерация, город Москва, внутригородская территория муниципальный округ Раменки, улица Раменки, дом 21, Этаж № 1",улица раменки 21,2,medium,"Лаборатория Поправко С.А. | As, центр красоты","Красота / Здоровье -> Косметика / Парфюмерия | Красота / Здоровье, Одежда / Аксессуары -> Бижутерия, Косметика / Парфюмерия, Ногтевые студии, Парикмахерские, Услуги косметолога, Услуги перманентного макияжа, Услуги по оформлению ресниц / бровей","Лаборатория Поправко С.А. | As, центр красоты","Красота / Здоровье -> Косметика / Парфюмерия | Красота / Здоровье, Одежда / Аксессуары -> Бижутерия, Косметика / Парфюмерия, Ногтевые студии, Парикмахерские, Услуги косметолога, Услуги перманентного макияжа, Услуги по оформлению ресниц / бровей"
18624066,https://investmoscow.ru/tenders/tender/18624066,2022-07-07,2022-12,2023-12,2023-12-31,542,"Западный административный округ, Дорогомилово, г. Москва, наб. Тараса Шевченко, Дом 1, Подвал № 0",набережная тараса шевченко 1,5,low,"Сэлтэнс Фуд, оптовая компания | Chalet studio, гончарная мастерская | Highstudio","Продукты питания -> Мука / Крупы, Мясо птицы / Полуфабрикаты, Овощи / Фрукты | Дополнительное образование / Развивающие курсы, Художественные изделия / материалы -> Гончарные мастерские, Курсы творчества и рукоделия для взрослых | Рекламные услуги, Услуги по организации праздников / досуга -> Услуги видеосъёмки, Услуги фотосъёмки","Сэлтэнс Фуд, оптовая компания | Chalet studio, гончарная мастерская | Highstudio | K-atelies-s, мастерская по ремонту одежды | Вандер","Продукты питания -> Мука / Крупы, Мясо птицы / Полуфабрикаты, Овощи / Фрукты | Дополнительное образование / Развивающие курсы, Художественные изделия / материалы -> Гончарные мастерские, Курсы творчества и рукоделия для взрослых | Рекламные услуги, Услуги по организации праздников / досуга -> Услуги видеосъёмки, Услуги фотосъёмки | Ателье, Бытовые услуги -> Ателье швейные, Мастерские по ремонту одежды | Интернет -> Компьютерные клубы"
18633310,https://investmoscow.ru/tenders/tender/18633310,2022-07-25,2022-12,2023-12,2023-12-31,524,"Центральный административный округ, Таганский, город Москва, улица Рогожский Вал, д. 17, Подвал № 0",улица рогожский вал 17,2,medium,"Эдемский сад, центр модной флористики | Магазин табака, курительных принадлежностей и электронных сигарет, Магазин табака, курительных принадлежностей и электронных сигарет","Спецмагазины, Тара / Упаковка -> Доставка цветов, Сувенирные композиции, Услуги по упаковке подарков, Цветы | Продукты питания -> Табачные изделия / Товары для курения, Электронные сигареты","Эдемский сад, центр модной флористики | Магазин табака, курительных принадлежностей и электронных сигарет, Магазин табака, курительных принадлежностей и электронных сигарет","Спецмагазины, Тара / Упаковка -> Доставка цветов, Сувенирные композиции, Услуги по упаковке подарков, Цветы | Продукты питания -> Табачные изделия / Товары для курения, Электронные сигареты"
18634004,https://investmoscow.ru/tenders/tender/18634004,2022-08-03,2022-08,2022-12,2022-12-31,150,"Западный административный округ, Кунцево, Российская Федерация, город Москва, внутригородская территория муниципальный округ Кунцево, Рублёвское шоссе, дом 89, этаж 1",рублевское шоссе 89,1,high,Гефест-Аларм,"Охрана / Безопасность -> Монтаж охранно-пожарных систем, Системы безопасности и охраны",Гефест-Аларм,"Охрана / Безопасность -> Монтаж охранно-пожарных систем, Системы безопасности и охраны"
18634351,https://investmoscow.ru/tenders/tender/18634351,2022-07-19,2022-12,2023-12,2023-12-31,530,"Троицкий административный округ, Троицк, Российская Федерация, город Москва, город Троицк, улица Академика Черенкова, дом 17, Этаж 1, пом. 7Н",улица академика черенкова 17,4,low,"Нептунята, детский акваклуб | Веста, центр развития семьи | Mikson","Спортивные комплексы -> Бассейны | Красота / Здоровье, Медицинские услуги, Спецмагазины -> SPA-процедуры, Ароматовары, Услуги косметолога, Услуги массажиста, Услуги психолога | Красота / Здоровье -> Косметика / Парфюмерия","Нептунята, детский акваклуб | Веста, центр развития семьи | Mikson | Красное&Белое, магазин","Спортивные комплексы -> Бассейны | Красота / Здоровье, Медицинские услуги, Спецмагазины -> SPA-процедуры, Ароматовары, Услуги косметолога, Услуги массажиста, Услуги психолога | Красота / Здоровье -> Косметика / Парфюмерия | Напитки -> Алкогольные напитки"
18634352,https://investmoscow.ru/tenders/tender/18634352,2022-07-19,2022-12,2023-12,2023-12-31,530,"Троицкий административный округ, Троицк, Российская Федерация, город Москва, город Троицк, улица Академика Черенкова, дом 17, Этаж 1, пом. 6Н",улица академика черенкова 17,4,low,"Нептунята, детский акваклуб | Веста, центр развития семьи | Mikson","Спортивные комплексы -> Бассейны | Красота / Здоровье, Медицинские услуги, Спецмагазины -> SPA-процедуры, Ароматовары, Услуги косметолога, Услуги массажиста, Услуги психолога | Красота / Здоровье -> Косметика / Парфюмерия","Нептунята, детский акваклуб | Веста, центр развития семьи | Mikson | Красное&Белое, магазин","Спортивные комплексы -> Бассейны | Красота / Здоровье, Медицинские услуги, Спецмагазины -> SPA-процедуры, Ароматовары, Услуги косметолога, Услуги массажиста, Услуги психолога | Красота / Здоровье -> Косметика / Парфюмерия | Напитки -> Алкогольные напитки"
18634353,https://investmoscow.ru/tenders/tender/18634353,2022-07-19,2022-12,2023-12,2023-12-31,530,"Троицкий административный округ, Троицк, Российская Федерация, город Москва, город Троицк, улица Академика Черенкова, дом 15, Этаж 1, пом. 4Н",улица академика черенкова 15,1,low,Frolov. A Studio,"Красота / Здоровье -> Ногтевые студии, Парикмахерские, Услуги по оформлению ресниц / бровей",Frolov. A Studio,"Красота / Здоровье -> Ногтевые студии, Парикмахерские, Услуги по оформлению ресниц / бровей"
18635808,https://investmoscow.ru/tenders/tender/18635808,2022-07-22,2022-12,2023-12,2023-12-31,527,"Северный административный округ, Беговой, город Москва, улица Нижняя Масловка, дом 5, Подвал № 0",улица нижняя масловка 5,6,low,"Шаурма на Савеловском | Родос, автошкола | Красное&Белое, магазин, магазин","Общественное питание -> Быстрое питание, Кафе | Дополнительное образование / Развивающие курсы -> Автошколы, Мотошколы | Напитки -> Алкогольные напитки","Шаурма на Савеловском | Родос, автошкола | Красное&Белое, магазин, магазин | VIP, сауна | Милти, магазин готовой еды","Общественное питание -> Быстрое питание, Кафе | Дополнительное образование / Развивающие курсы -> Автошколы, Мотошколы | Напитки -> Алкогольные напитки | Места отдыха / Развлекательные заведения -> Бани / Сауны | Общественное питание -> Доставка готовых блюд, Кулинарии"
18636266,https://investmoscow.ru/tenders/tender/18636266,2022-07-20,2022-12,2023-12,2023-12-31,529,"Юго-Западный административный округ, Академический, Российская Федерация, город Москва, внутригородская территория муниципальный округ Академический, Профсоюзная улица, дом 19, Подвал № 0",профсоюзная улица 19,11,low,"Таблаб, табачный магазин | Доза Роз, салон | Трансстройбанк, акционерный коммерческий банк","Продукты питания -> Табачные изделия / Товары для курения, Электронные сигареты | Спецмагазины -> Доставка цветов, Цветы | Банковские / финансовые услуги -> Банки","Таблаб, табачный магазин | Доза Роз, салон | Трансстройбанк, акционерный коммерческий банк | Сервис Pedant.ru, центр по ремонту смартфонов, планшетов, ноутбуков | Днюха, магазин товаров для праздника","Продукты питания -> Табачные изделия / Товары для курения, Электронные сигареты | Спецмагазины -> Доставка цветов, Цветы | Банковские / финансовые услуги -> Банки | Компьютеры, Средства связи -> Аксессуары к мобильным телефонам, Ремонт компьютеров, Ремонт мобильных телефонов | Спецмагазины -> Товары для праздничного оформления / организации праздников"
18636273,https://investmoscow.ru/tenders/tender/18636273,2022-08-02,2022-12,2023-12,2023-12-31,516,"Северный административный округ, Войковский, Российская Федерация, город Москва, внутригородская территория муниципальный округ Войковский, 1-я Радиаторская улица, дом 7, Подвал № 0",1 я радиаторская улица 7,1,medium,"Каролайн, компания по проведению квестов","Услуги по организации праздников / досуга -> Организация и проведение квестов, Организация и проведение праздников","Каролайн, компания по проведению квестов","Услуги по организации праздников / досуга -> Организация и проведение квестов, Организация и проведение праздников"
18636275,https://investmoscow.ru/tenders/tender/18636275,2022-07-20,2022-08,2022-12,2022-12-31,164,"Южный административный округ, Донской, Российская Федерация, город Москва, внутригородская территория муниципальный округ Донской, Варшавское шоссе, дом 2, Подвал № 0",варшавское шоссе 2,1,medium,Формула переезда,"Грузоперевозки / Транспортные услуги -> Городские автогрузоперевозки, Услуги грузчиков",Формула переезда,"Грузоперевозки / Транспортные услуги -> Городские автогрузоперевозки, Услуги грузчиков"
18636572,https://investmoscow.ru/tenders/tender/18636572,2022-08-09,2022-12,2023-12,2023-12-31,509,"г. Москва, ул. Сущёвский Вал, Дом 71, Подвал № 0",улица сущевский вал 71,2,medium,"Fix price, магазин | Сбер","Садово-хозяйственные товары, Текстиль -> Постельные принадлежности / Текстиль для дома, Хозяйственные товары | Издательское дело / Полиграфия -> Копировальные услуги","Fix price, магазин | Сбер","Садово-хозяйственные товары, Текстиль -> Постельные принадлежности / Текстиль для дома, Хозяйственные товары | Издательское дело / Полиграфия -> Копировальные услуги"
18636845,https://investmoscow.ru/tenders/tender/18636845,2022-07-19,2022-08,2022-12,2022-12-31,165,"Северный административный округ, Савеловский, Российская Федерация, город Москва, внутригородская территория муниципальный округ Савеловский, Петровско-Разумовский проезд, дом 16, Подвал № 0",петровско разумовский проезд 16,6,low,"Copix, автомат копировальных услуг | Студия красоты | 4b.ru, приемный пункт","Издательское дело / Полиграфия -> Копировальные услуги, Оперативная полиграфия, Прямая цифровая печать | Красота / Здоровье -> Ногтевые студии, Эпиляция | Бытовые услуги -> Химчистки одежды / текстиля","Copix, автомат копировальных услуг | Студия красоты | 4b.ru, приемный пункт | Своё вино, магазин алкогольной продукции | Магазин рыбы и морепродуктов","Издательское дело / Полиграфия -> Копировальные услуги, Оперативная полиграфия, Прямая цифровая печать | Красота / Здоровье -> Ногтевые студии, Эпиляция | Бытовые услуги -> Химчистки одежды / текстиля | Напитки -> Алкогольные напитки | Продукты питания -> Рыба / Морепродукты"
18642241,https://investmoscow.ru/tenders/tender/18642241,2022-07-25,2022-08,2022-12,2022-12-31,159,"Российская Федерация, город Москва, внутригородская территория муниципальный округ Западное Дегунино, Базовская улица, дом 17, Этаж 1, пом. 6Н",базовская улица 17,1,low,OZON,Грузоперевозки / Транспортные услуги -> Пункты выдачи интернет-заказов,OZON,Грузоперевозки / Транспортные услуги -> Пункты выдачи интернет-заказов
18642242,https://investmoscow.ru/tenders/tender/18642242,2022-07-25,2022-08,2022-12,2022-12-31,159,"Российская Федерация, город Москва, внутригородская территория муниципальный округ Западное Дегунино, Базовская улица, дом 17, Этаж 1, пом. 8Н",базовская улица 17,1,low,OZON,Грузоперевозки / Транспортные услуги -> Пункты выдачи интернет-заказов,OZON,Грузоперевозки / Транспортные услуги -> Пункты выдачи интернет-заказов
18642261,https://investmoscow.ru/tenders/tender/18642261,2022-07-25,2022-08,2022-12,2022-12-31,159,"Базовская улица, дом 17, Этаж 1, пом. 1Н",базовская улица 17,1,low,OZON,Грузоперевозки / Транспортные услуги -> Пункты выдачи интернет-заказов,OZON,Грузоперевозки / Транспортные услуги -> Пункты выдачи интернет-заказов
18642731,https://investmoscow.ru/tenders/tender/18642731,2022-07-28,2023-12,2024-05,2024-05-31,673,"г. Москва, ул. Подмосковная, Дом 1/6, Этаж № 1",улица подмосковная 1/6,1,medium,"Волжские Дачи, агентство по продаже земельных участков",Недвижимость -> Продажа земельных участков / малоэтажных домов,"Волжские Дачи, агентство по продаже земельных участков",Недвижимость -> Продажа земельных участков / малоэтажных домов
18647495,https://investmoscow.ru/tenders/tender/18647495,2022-08-05,2022-12,2023-12,2023-12-31,513,"Юго-Восточный административный округ, Рязанский, Российская Федерация, город Москва, внутригородская территория муниципальный округ Рязанский, Луховицкая улица, дом 3, Подвал № 0",луховицкая улица 3,1,medium,"Wildberries, пункт выдачи товара",Грузоперевозки / Транспортные услуги -> Пункты выдачи интернет-заказов,"Wildberries, пункт выдачи товара",Грузоперевозки / Транспортные услуги -> Пункты выдачи интернет-заказов
18648990,https://investmoscow.ru/tenders/tender/18648990,2022-08-05,2022-12,2023-12,2023-12-31,513,"Юго-Восточный административный округ, Выхино-Жулебино, Российская Федерация, город Москва, внутригородская территория муниципальный округ Выхино-Жулебино, улица Генерала Кузнецова, дом 12, Этаж № 1",улица генерала кузнецова 12,2,medium,"Ермолино, фирменный магазин | Ермолино","Продукты питания -> Колбасные изделия, Кондитерские изделия, Молочные продукты, Мясо / Полуфабрикаты, Мясо птицы / Полуфабрикаты | Продукты питания -> Продуктовые магазины","Ермолино, фирменный магазин | Ермолино","Продукты питания -> Колбасные изделия, Кондитерские изделия, Молочные продукты, Мясо / Полуфабрикаты, Мясо птицы / Полуфабрикаты | Продукты питания -> Продуктовые магазины"
18650394,https://investmoscow.ru/tenders/tender/18650394,2022-08-08,2022-12,2023-12,2023-12-31,510,"Юго-Западный административный округ, Академический, Российская Федерация, город Москва, внутригородская территория муниципальный округ Академический, улица Кедрова, дом 20, Этаж № 1",улица кедрова 20,1,medium,"Xsize, студия упругого тела","Красота / Здоровье, Спортивные клубы / школы -> SPA-процедуры, Велнес-залы, Услуги косметолога, Услуги массажиста","Xsize, студия упругого тела","Красота / Здоровье, Спортивные клубы / школы -> SPA-процедуры, Велнес-залы, Услуги косметолога, Услуги массажиста"
18651178,https://investmoscow.ru/tenders/tender/18651178,2022-08-08,2023-12,2024-05,2024-05-31,662,"Юго-Восточный административный округ, Печатники, Российская Федерация, город Москва, внутригородская территория муниципальный округ Печатники, Батюнинская улица, дом 13, Этаж № 1",батюнинская улица 13,6,low,"Ozon | Boxberry, отделение службы доставки | Wildberries, пункт выдачи товара","Грузоперевозки / Транспортные услуги -> Пункты выдачи интернет-заказов | Грузоперевозки / Транспортные услуги -> Пункты выдачи интернет-заказов, Экспресс-почта | Напитки, Продукты питания -> Магазины разливного пива, Продуктовые магазины","Ozon | Boxberry, отделение службы доставки | Wildberries, пункт выдачи товара | СельПо, магазин продуктов | Студия красоты","Грузоперевозки / Транспортные услуги -> Пункты выдачи интернет-заказов | Грузоперевозки / Транспортные услуги -> Пункты выдачи интернет-заказов, Экспресс-почта | Напитки, Продукты питания -> Магазины разливного пива, Продуктовые магазины | Красота / Здоровье -> Парикмахерские, Услуги косметолога, Услуги по оформлению ресниц / бровей | Медицинские услуги -> Частные стоматологии"
18651343,https://investmoscow.ru/tenders/tender/18651343,2022-08-10,2022-12,2023-12,2023-12-31,508,"Юго-Восточный административный округ, Лефортово, город Москва, Сторожевая улица, дом 31, Подвал № 0",сторожевая улица 31,1,low,"Красное&Белое, магазин",Напитки -> Алкогольные напитки,"Красное&Белое, магазин",Напитки -> Алкогольные напитки
18652655,https://investmoscow.ru/tenders/tender/18652655,2022-08-11,2023-12,2024-05,2024-05-31,659,"Северо-Восточный административный округ, Останкинский, город Москва, 1-я Останкинская улица, дом 21, Подвал № 0",1 я останкинская улица 21,2,medium,"Philasia SPA | Кентавр, спортивно-досуговый центр","Красота / Здоровье -> SPA-процедуры, Услуги массажиста | Спортивные клубы / школы -> Спортивные секции","Philasia SPA | Кентавр, спортивно-досуговый центр","Красота / Здоровье -> SPA-процедуры, Услуги массажиста | Спортивные клубы / школы -> Спортивные секции"
18657182,https://investmoscow.ru/tenders/tender/18657182,2022-08-19,2023-12,2024-05,2024-05-31,651,"Юго-Восточный административный округ, Выхино-Жулебино, Российская Федерация, город Москва, внутригородская территория муниципальный округ Выхино-Жулебино, Привольная улица, дом 77, Этаж № 1",привольная улица 77,2,medium,"ПреАмбула, детский медицинский центр","Медицинские услуги -> Частные стоматологии | Медицинские услуги -> Услуги детских врачей, Услуги медицинской диагностики","ПреАмбула, детский медицинский центр","Медицинские услуги -> Частные стоматологии | Медицинские услуги -> Услуги детских врачей, Услуги медицинской диагностики"
18663860,https://investmoscow.ru/tenders/tender/18663860,2022-08-23,2022-12,2023-12,2023-12-31,495,"Южный административный округ, Нагатинский затон, Российская Федерация, город Москва, внутригородская территория муниципальный округ Нагатинский Затон, Якорная улица, дом 9, Этаж № 1",якорная улица 9,1,medium,Фрут хаус,Продукты питания -> Овощи / Фрукты,Фрут хаус,Продукты питания -> Овощи / Фрукты
18664254,https://investmoscow.ru/tenders/tender/18664254,2022-09-01,2022-08,2022-12,2022-12-31,121,"Юго-Восточный административный округ, Люблино, Российская Федерация, город Москва, внутригородская территория муниципальный округ Люблино, Люблинская улица, дом 107/10, Этаж № 1, Подвал № 0",люблинская улица 107/10,2,medium,"Wildberries, интернет-магазин | Клаустрофобия, компания по организации квестов",Грузоперевозки / Транспортные услуги -> Пункты выдачи интернет-заказов | Услуги по организации праздников / досуга -> Организация и проведение квестов,"Wildberries, интернет-магазин | Клаустрофобия, компания по организации квестов",Грузоперевозки / Транспортные услуги -> Пункты выдачи интернет-заказов | Услуги по организации праздников / досуга -> Организация и проведение квестов
18666939,https://investmoscow.ru/tenders/tender/18666939,2022-09-05,2023-12,2024-05,2024-05-31,634,"Северный административный округ, Савеловский, Российская Федерация, город Москва, внутригородская территория муниципальный округ Савеловский, Бутырская улица, дом 91, Подвал № 0",бутырская улица 91,2,medium,"Красное&Белое, магазин алкогольных напитков | Яндекс Маркет, пункт выдачи заказов","Напитки -> Алкогольные напитки, Безалкогольные напитки | Грузоперевозки / Транспортные услуги -> Пункты выдачи интернет-заказов","Красное&Белое, магазин алкогольных напитков | Яндекс Маркет, пункт выдачи заказов","Напитки -> Алкогольные напитки, Безалкогольные напитки | Грузоперевозки / Транспортные услуги -> Пункты выдачи интернет-заказов"
18667603,https://investmoscow.ru/tenders/tender/18667603,2022-09-23,2022-12,2023-12,2023-12-31,464,"Российская Федерация, город Москва, внутригородская территория муниципальный округ Ивановское, Зелёный проспект, дом 97А, помещение 1Н, Помещение 1н, этаж 1",зеленый проспект 97а,1,medium,Пятерочка,Торговые комплексы -> Супермаркеты,Пятерочка,Торговые комплексы -> Супермаркеты
18672162,https://investmoscow.ru/tenders/tender/18672162,2022-09-02,2022-08,2022-12,2022-12-31,120,"Юго-Восточный административный округ, Рязанский, Российская Федерация, город Москва, внутригородская территория муниципальный округ Рязанский, 1-я Новокузьминская улица, дом 27/12, подвал № 0",1 я новокузьминская улица 27/12,1,medium,"Дамбо, детский центр",Общее образование / Центры раннего развития детей -> Центры раннего развития детей,"Дамбо, детский центр",Общее образование / Центры раннего развития детей -> Центры раннего развития детей
18681210,https://investmoscow.ru/tenders/tender/18681210,2022-09-08,2022-12,2023-12,2023-12-31,479,"Юго-Западный административный округ, Коньково, Российская Федерация, город Москва, внутригородская территория муниципальный округ Коньково, улица Бутлерова, дом 22, Этаж № 1",улица бутлерова 22,1,low,"Смарт, арт-студия","Дополнительное образование / Развивающие курсы, Общее образование / Центры раннего развития детей, Художественные изделия / материалы, Центры творчества и досуга -> Гончарные мастерские, Детские / подростковые клубы, Курсы творчества и рукоделия для взрослых, Художественные мастерские, Центры раннего развития детей","Смарт, арт-студия","Дополнительное образование / Развивающие курсы, Общее образование / Центры раннего развития детей, Художественные изделия / материалы, Центры творчества и досуга -> Гончарные мастерские, Детские / подростковые клубы, Курсы творчества и рукоделия для взрослых, Художественные мастерские, Центры раннего развития детей"
18682898,https://investmoscow.ru/tenders/tender/18682898,2022-09-09,2022-12,2023-12,2023-12-31,478,"Юго-Западный административный округ, Коньково, Российская Федерация, город Москва, внутригородская территория муниципальный округ Коньково, улица Бутлерова, дом 22, Этаж № 1",улица бутлерова 22,1,low,"Смарт, арт-студия","Дополнительное образование / Развивающие курсы, Общее образование / Центры раннего развития детей, Художественные изделия / материалы, Центры творчества и досуга -> Гончарные мастерские, Детские / подростковые клубы, Курсы творчества и рукоделия для взрослых, Художественные мастерские, Центры раннего развития детей","Смарт, арт-студия","Дополнительное образование / Развивающие курсы, Общее образование / Центры раннего развития детей, Художественные изделия / материалы, Центры творчества и досуга -> Гончарные мастерские, Детские / подростковые клубы, Курсы творчества и рукоделия для взрослых, Художественные мастерские, Центры раннего развития детей"
18682916,https://investmoscow.ru/tenders/tender/18682916,2022-09-09,2022-12,2023-12,2023-12-31,478,"Юго-Западный административный округ, Коньково, Российская Федерация, город Москва, внутригородская территория муниципальный округ Коньково, улица Бутлерова, дом 22, Этаж № 1",улица бутлерова 22,1,low,"Смарт, арт-студия","Дополнительное образование / Развивающие курсы, Общее образование / Центры раннего развития детей, Художественные изделия / материалы, Центры творчества и досуга -> Гончарные мастерские, Детские / подростковые клубы, Курсы творчества и рукоделия для взрослых, Художественные мастерские, Центры раннего развития детей","Смарт, арт-студия","Дополнительное образование / Развивающие курсы, Общее образование / Центры раннего развития детей, Художественные изделия / материалы, Центры творчества и досуга -> Гончарные мастерские, Детские / подростковые клубы, Курсы творчества и рукоделия для взрослых, Художественные мастерские, Центры раннего развития детей"
18683648,https://investmoscow.ru/tenders/tender/18683648,2022-09-12,2023-12,2024-05,2024-05-31,627,"Юго-Западный административный округ, Ломоносовский, Российская Федерация, город Москва, внутригородская территория муниципальный округ Ломоносовский, улица Крупской, дом 11, Подвал № 0",улица крупской 11,4,low,"Октябрь, торгово-производственная компания | Кефи логистика | ВкусВилл, магазин с доставкой полезных продуктов","Спецмагазины, Тара / Упаковка -> Подарочная упаковка, Сувениры | Грузоперевозки / Транспортные услуги -> Городские автогрузоперевозки | Торговые комплексы -> Супермаркеты","Октябрь, торгово-производственная компания | Кефи логистика | ВкусВилл, магазин с доставкой полезных продуктов | Школа №7","Спецмагазины, Тара / Упаковка -> Подарочная упаковка, Сувениры | Грузоперевозки / Транспортные услуги -> Городские автогрузоперевозки | Торговые комплексы -> Супермаркеты | Общее образование / Центры раннего развития детей -> Школы"
18686843,https://investmoscow.ru/tenders/tender/18686843,2022-09-15,2022-12,2023-12,2023-12-31,472,"Юго-Западный административный округ, Академический, Российская Федерация, город Москва, внутригородская территория муниципальный округ Академический, улица Дмитрия Ульянова, дом 28, Подвал № 0",улица дмитрия ульянова 28,3,medium,"One price coffee, экспресс-кофейня | One price coffee, кофейня | Икорный, магазин морепродуктов",Общественное питание -> Точки кофе | Общественное питание -> Кофейни | Продукты питания -> Рыба / Морепродукты,"One price coffee, экспресс-кофейня | One price coffee, кофейня | Икорный, магазин морепродуктов",Общественное питание -> Точки кофе | Общественное питание -> Кофейни | Продукты питания -> Рыба / Морепродукты
18688680,https://investmoscow.ru/tenders/tender/18688680,2022-09-19,2024-05,2024-09,2024-09-30,742,"Центральный административный округ, Пресненский, Российская Федерация, город Москва, внутригородская территория муниципальный округ Пресненский, Шмитовский проезд, дом 11А, Подвал № 0",шмитовский проезд 11а,1,low,"Party Dog, студия груминга","Товары / услуги для животных -> Зоогостиницы, Зоотовары, Уход за животными","Party Dog, студия груминга","Товары / услуги для животных -> Зоогостиницы, Зоотовары, Уход за животными"
18689653,https://investmoscow.ru/tenders/tender/18689653,2022-09-13,2022-08,2022-12,2022-12-31,109,"Юго-Восточный административный округ, Лефортово, Российская Федерация, город Москва, внутригородская территория муниципальный округ Лефортово, Таможенный проезд, дом 1/9, Подвал № 0",таможенный проезд 1/9,1,high,"Плов, бистро","Общественное питание -> Быстрое питание, Доставка готовых блюд","Плов, бистро","Общественное питание -> Быстрое питание, Доставка готовых блюд"
18689819,https://investmoscow.ru/tenders/tender/18689819,2022-09-13,2022-12,2023-12,2023-12-31,474,"Юго-Восточный административный округ, Южнопортовый, Российская Федерация, город Москва, внутригородская территория муниципальный округ Южнопортовый, улица Сайкина, дом 1/2, Подвал № 0",улица сайкина 1/2,1,medium,"Маркус, грум-студия",Товары / услуги для животных -> Услуги по уходу за животными,"Маркус, грум-студия",Товары / услуги для животных -> Услуги по уходу за животными
18689834,https://investmoscow.ru/tenders/tender/18689834,2022-09-13,2023-12,2024-05,2024-05-31,626,"Южный административный округ, Даниловский, Российская Федерация, город Москва, внутригородская территория муниципальный округ Даниловский, 1-й Кожуховский проезд, дом 11, Подвал № 0",1 й кожуховский проезд 11,6,low,"Инспекция по контролю за благоустройством городских территорий | Лёгкая стоматология | Алексей Степанов и партнеры, юридическая консультация","Органы государственного управления / надзора -> Инспекции | Медицинские услуги -> Частные стоматологии | Юридические услуги -> Услуги адвоката, Юридические услуги","Инспекция по контролю за благоустройством городских территорий | Лёгкая стоматология | Алексей Степанов и партнеры, юридическая консультация | Адвокат по уголовным делам Гареев А.Р. | Kova, учебный центр  в сфере бизнеса и красоты","Органы государственного управления / надзора -> Инспекции | Медицинские услуги -> Частные стоматологии | Юридические услуги -> Услуги адвоката, Юридические услуги | Юридические услуги -> Ведение дел в судах, Услуги адвоката, Юридические услуги | Дополнительное образование / Развивающие курсы -> Обучение бизнес-профессиям"
18691665,https://investmoscow.ru/tenders/tender/18691665,2022-09-20,2023-12,2024-05,2024-05-31,619,"Северо-Восточный административный округ, Алексеевский, Российская Федерация, город Москва, внутригородская территория муниципальный округ Алексеевский, Новоалексеевская улица, дом 23, Подвал № Подвал",новоалексеевская улица 23,2,medium,"Складно, компания по складским услугам | Редукторремсервис, торгово-ремонтная компания",Грузоперевозки / Транспортные услуги -> Склады индивидуального хранения | Железнодорожный транспорт -> Ремонт железнодорожного оборудования / техники,"Складно, компания по складским услугам | Редукторремсервис, торгово-ремонтная компания",Грузоперевозки / Транспортные услуги -> Склады индивидуального хранения | Железнодорожный транспорт -> Ремонт железнодорожного оборудования / техники
18691824,https://investmoscow.ru/tenders/tender/18691824,2022-09-21,2023-12,2024-05,2024-05-31,618,"Центральный административный округ, Мещанский, Российская Федерация, город Москва, внутригородская территория муниципальный округ Мещанский, Рождественский бульвар, дом 17, Подвал № 0",рождественский бульвар 17,5,low,"Ателье Ольги Бузиной | RunetRulit, диджитал-студия | Лик, стоматологическая клиника","Ателье -> Ателье швейные | Интернет, Рекламные услуги -> Дизайн рекламы, Размещение рекламы в интернете, Разработка / поддержка / продвижение web-сайтов, Рекламные агентства полного цикла | Медицинские услуги -> Частные стоматологии","Ателье Ольги Бузиной | RunetRulit, диджитал-студия | Лик, стоматологическая клиника | Zpartners, адвокатская контора | Algiva, часовая мастерская","Ателье -> Ателье швейные | Интернет, Рекламные услуги -> Дизайн рекламы, Размещение рекламы в интернете, Разработка / поддержка / продвижение web-сайтов, Рекламные агентства полного цикла | Медицинские услуги -> Частные стоматологии | Юридические услуги -> Ведение дел в судах, Услуги адвоката, Юридические услуги | Бытовые услуги -> Ремонт часов"
18692030,https://investmoscow.ru/tenders/tender/18692030,2022-09-20,2022-08,2022-12,2022-12-31,102,"Юго-Восточный административный округ, Марьино, Российская Федерация, город Москва, внутригородская территория муниципальный округ Марьино, улица Перерва, дом 38, Подвал № 0",улица перерва 38,2,medium,"Л-Пост, пункт выдачи заказов | Дез-доктор",Грузоперевозки / Транспортные услуги -> Пункты выдачи интернет-заказов | Уборка / Обработка помещений -> Дезинфекция / Дератизация / Дезинсекция,"Л-Пост, пункт выдачи заказов | Дез-доктор",Грузоперевозки / Транспортные услуги -> Пункты выдачи интернет-заказов | Уборка / Обработка помещений -> Дезинфекция / Дератизация / Дезинсекция
18695296,https://investmoscow.ru/tenders/tender/18695296,2022-09-23,2022-08,2022-12,2022-12-31,99,"Северо-Западный административный округ, Хорошево-Мневники, Российская Федерация, город Москва, внутригородская территория муниципальный округ Хорошево-Мневники, улица Генерала Глаголева, дом 19, Этаж № 1",улица генерала глаголева 19,1,high,"Объект, компьютерный клуб","Интернет, Места отдыха / Развлекательные заведения -> Клубы видеоигр, Компьютерные клубы, Прокат игровых приставок / настольных игр","Объект, компьютерный клуб","Интернет, Места отдыха / Развлекательные заведения -> Клубы видеоигр, Компьютерные клубы, Прокат игровых приставок / настольных игр"
18695497,https://investmoscow.ru/tenders/tender/18695497,2022-09-19,2023-12,2024-05,2024-05-31,620,"Северный административный округ, Войковский, Российская Федерация, город Москва, внутригородская территория муниципальный округ Войковский, улица Космонавта Волкова, дом 3, Этаж № 1",улица космонавта волкова 3,8,low,"Управление ФСБ России по Москве и Московской области, отдел по Северному административному округу | Wildberries, пункт выдачи товара | Тайрай, SPA-салон","Органы государственного управления / надзора -> Федеральные службы | Грузоперевозки / Транспортные услуги -> Пункты выдачи интернет-заказов | Красота / Здоровье -> SPA-процедуры, Тонизирующие салоны, Услуги массажиста","Управление ФСБ России по Москве и Московской области, отдел по Северному административному округу | Wildberries, пункт выдачи товара | Тайрай, SPA-салон | Вип-сервис, компания | Центральная библиотека №21, г. Москва","Органы государственного управления / надзора -> Федеральные службы | Грузоперевозки / Транспортные услуги -> Пункты выдачи интернет-заказов | Красота / Здоровье -> SPA-процедуры, Тонизирующие салоны, Услуги массажиста | Интернет, Рекламные услуги -> Размещение рекламы в интернете, Размещение рекламы в СМИ, Разработка / поддержка / продвижение web-сайтов, Рекламные агентства полного цикла | Культура / Искусство -> Библиотеки"
18695697,https://investmoscow.ru/tenders/tender/18695697,2022-09-21,2022-08,2022-12,2022-12-31,101,"Западный административный округ, Ново-Переделкино, город Москва, Боровское шоссе, дом 46, Этаж № 1",боровское шоссе 46,1,high,"У соседа, компания по аренде инструментов",Прокат оборудования / инструментов -> Прокат оборудования / инструментов,"У соседа, компания по аренде инструментов",Прокат оборудования / инструментов -> Прокат оборудования / инструментов
18696492,https://investmoscow.ru/tenders/tender/18696492,2022-10-04,2022-12,2023-12,2023-12-31,453,"Центральный административный округ, Пресненский, Российская Федерация, город Москва, внутригородская территория муниципальный округ Пресненский, улица Климашкина, дом 12, Подвал № 0",улица климашкина 12,1,medium,"Sing like me, школа вокала",Дополнительное образование / Развивающие курсы -> Курсы вокала,"Sing like me, школа вокала",Дополнительное образование / Развивающие курсы -> Курсы вокала
18698358,https://investmoscow.ru/tenders/tender/18698358,2022-09-23,2023-12,2024-05,2024-05-31,616,"Юго-Западный административный округ, Академический, Российская Федерация, город Москва, внутригородская территория муниципальный округ Академический, Новочерёмушкинская улица, дом 31, Подвал № 0",новочеремушкинская улица 31,7,low,"Панда суши, служба доставки | Мосгортату, тату-салон | Mari nails, студия маникюра","Общественное питание -> Доставка готовых блюд | Красота / Здоровье -> Тату-салоны, Услуги перманентного макияжа, Услуги пирсинга | Красота / Здоровье -> Ногтевые студии, Услуги по оформлению ресниц / бровей","Панда суши, служба доставки | Мосгортату, тату-салон | Mari nails, студия маникюра | Яндекс Маркет, пункт выдачи товара | Компания по аренде помещений","Общественное питание -> Доставка готовых блюд | Красота / Здоровье -> Тату-салоны, Услуги перманентного макияжа, Услуги пирсинга | Красота / Здоровье -> Ногтевые студии, Услуги по оформлению ресниц / бровей | Грузоперевозки / Транспортные услуги -> Пункты выдачи интернет-заказов | Недвижимость -> Аренда помещений"
18700182,https://investmoscow.ru/tenders/tender/18700182,2022-09-26,2022-12,2023-12,2023-12-31,461,"Западный административный округ, Кунцево, Российская Федерация, город Москва, внутригородская территория муниципальный округ Кунцево, Рублёвское шоссе, дом 79, Этаж № 1",рублевское шоссе 79,1,medium,"Дарвиль, логопедический детский сад","Медицинские услуги, Общее образование / Центры раннего развития детей, Центры творчества и досуга -> Детские / подростковые клубы, Услуги логопеда, Услуги психолога, Центры раннего развития детей, Частные детские сады","Дарвиль, логопедический детский сад","Медицинские услуги, Общее образование / Центры раннего развития детей, Центры творчества и досуга -> Детские / подростковые клубы, Услуги логопеда, Услуги психолога, Центры раннего развития детей, Частные детские сады"
18700222,https://investmoscow.ru/tenders/tender/18700222,2022-09-26,2022-12,2023-12,2023-12-31,461,"Юго-Восточный административный округ, Люблино, город Москва, улица Марьинский Парк, дом 45, Этаж № 1",улица марьинский парк 45,1,medium,RHotel4,Туризм / Отдых -> Гостиницы,RHotel4,Туризм / Отдых -> Гостиницы
18700868,https://investmoscow.ru/tenders/tender/18700868,2022-09-28,2022-08,2022-12,2022-12-31,94,"Северо-Восточный административный округ, Алексеевский, город Москва, Рижский проезд, дом 7, Этаж № 1, Этаж № 2",рижский проезд 7,1,medium,"Табачный, магазин","Продукты питания -> Табачные изделия / Товары для курения, Электронные сигареты","Табачный, магазин","Продукты питания -> Табачные изделия / Товары для курения, Электронные сигареты"
18700951,https://investmoscow.ru/tenders/tender/18700951,2022-09-28,2022-12,2023-12,2023-12-31,459,"Юго-Западный административный округ, Обручевский, Российская Федерация, город Москва, внутригородская территория муниципальный округ Обручевский, улица Обручева, дом 11, Подвал № 0",улица обручева 11,1,medium,"Get power, станция зарядки телефонов",Средства связи -> Станции зарядки мобильных телефонов,"Get power, станция зарядки телефонов",Средства связи -> Станции зарядки мобильных телефонов
18702327,https://investmoscow.ru/tenders/tender/18702327,2022-10-07,2022-12,2023-12,2023-12-31,450,"Троицкий административный округ, Троицк, Российская Федерация, город Москва, город Троицк, улица Академика Черенкова, дом 17, этаж 1, пом. 4Н",улица академика черенкова 17,4,low,"Нептунята, детский акваклуб | Веста, центр развития семьи | Mikson","Спортивные комплексы -> Бассейны | Красота / Здоровье, Медицинские услуги, Спецмагазины -> SPA-процедуры, Ароматовары, Услуги косметолога, Услуги массажиста, Услуги психолога | Красота / Здоровье -> Косметика / Парфюмерия","Нептунята, детский акваклуб | Веста, центр развития семьи | Mikson | Красное&Белое, магазин","Спортивные комплексы -> Бассейны | Красота / Здоровье, Медицинские услуги, Спецмагазины -> SPA-процедуры, Ароматовары, Услуги косметолога, Услуги массажиста, Услуги психолога | Красота / Здоровье -> Косметика / Парфюмерия | Напитки -> Алкогольные напитки"
18702328,https://investmoscow.ru/tenders/tender/18702328,2022-10-07,2023-12,2024-05,2024-05-31,602,"Северо-Западный административный округ, Митино, Российская Федерация, город Москва, внутригородская территория муниципальный округ Митино, Парковая улица, дом 33, этаж 1, пом. 1Н",парковая улица 33,3,medium,"Красное&Белое, магазин алкогольных напитков | Bitter&sweet, продуктовый магазин | Ozon","Напитки -> Алкогольные напитки | Напитки, Продукты питания -> Магазины разливного пива, Продуктовые магазины | Грузоперевозки / Транспортные услуги -> Пункты выдачи интернет-заказов","Красное&Белое, магазин алкогольных напитков | Bitter&sweet, продуктовый магазин | Ozon","Напитки -> Алкогольные напитки | Напитки, Продукты питания -> Магазины разливного пива, Продуктовые магазины | Грузоперевозки / Транспортные услуги -> Пункты выдачи интернет-заказов"
18702348,https://investmoscow.ru/tenders/tender/18702348,2022-10-07,2022-08,2022-12,2022-12-31,85,"город Москва, Нарвская улица, дом 5А, этаж 1, пом. 10Н",нарвская улица 5а,1,high,"Wildberries, интернет-магазин",Грузоперевозки / Транспортные услуги -> Пункты выдачи интернет-заказов,"Wildberries, интернет-магазин",Грузоперевозки / Транспортные услуги -> Пункты выдачи интернет-заказов
18706019,https://investmoscow.ru/tenders/tender/18706019,2022-10-07,2022-12,2023-12,2023-12-31,450,"Северо-Восточный административный округ, Ростокино, Российская Федерация, город Москва, внутригородская территория муниципальный округ Ростокино, улица Бажова, дом 7, Подвал № 0",улица бажова 7,7,low,"DecorLux | Студия по обучению детей игры на фортепиано | Boxberry, отделение службы доставки",Строительные / монтажные работы -> Ремонт / отделка помещений | Дополнительное образование / Развивающие курсы -> Музыкальные курсы | Грузоперевозки / Транспортные услуги -> Экспресс-почта,"DecorLux | Студия по обучению детей игры на фортепиано | Boxberry, отделение службы доставки | Яндекс. Маркет, пункт выдачи товара | Grastin, склад",Строительные / монтажные работы -> Ремонт / отделка помещений | Дополнительное образование / Развивающие курсы -> Музыкальные курсы | Грузоперевозки / Транспортные услуги -> Экспресс-почта | Грузоперевозки / Транспортные услуги -> Пункты выдачи интернет-заказов | Бытовые услуги -> Химчистки одежды / текстиля
18710278,https://investmoscow.ru/tenders/tender/18710278,2022-10-05,2022-12,2023-12,2023-12-31,452,"Северо-Восточный административный округ, Бибирево, город Москва, улица Плещеева, дом 12, Подвал № 0",улица плещеева 12,1,medium,Оптика от Оптика,"Бытовые услуги, Медицинские товары -> Оптика, Ремонт очков",Оптика от Оптика,"Бытовые услуги, Медицинские товары -> Оптика, Ремонт очков"
18711938,https://investmoscow.ru/tenders/tender/18711938,2022-09-30,2022-12,2023-12,2023-12-31,457,"Юго-Восточный административный округ, Люблино, город Москва, улица Маршала Баграмяна, дом 3, Этаж№ 1",улица маршала баграмяна 3,1,medium,RHotel2,Туризм / Отдых -> Гостиницы,RHotel2,Туризм / Отдых -> Гостиницы
18719169,https://investmoscow.ru/tenders/tender/18719169,2022-10-20,2022-12,2023-12,2023-12-31,437,"Юго-Западный административный округ, Гагаринский, Российская Федерация, город Москва, внутригородская территория муниципальный округ Гагаринский, Ленинский проспект, дом 70/11, Этаж № 1",ленинский проспект 70/11,1,low,"Аллегория, ателье","Ателье -> Ателье меховые / кожаные, Ателье швейные","Аллегория, ателье","Ателье -> Ателье меховые / кожаные, Ателье швейные"
18721879,https://investmoscow.ru/tenders/tender/18721879,2022-10-21,2022-08,2022-12,2022-12-31,71,"Северо-Восточный административный округ, Бибирево, Российская Федерация, город Москва, внутригородская территория муниципальный округ Бибирево, улица Лескова, дом 30, Этаж № 3",улица лескова 30,3,medium,"Винлаб, супермаркет напитков | Магазин фруктов и овощей | Пеко, магазин",Напитки -> Алкогольные напитки | Продукты питания -> Овощи / Фрукты | Продукты питания -> Хлебобулочные изделия,"Винлаб, супермаркет напитков | Магазин фруктов и овощей | Пеко, магазин",Напитки -> Алкогольные напитки | Продукты питания -> Овощи / Фрукты | Продукты питания -> Хлебобулочные изделия
18730195,https://investmoscow.ru/tenders/tender/18730195,2022-10-27,2022-12,2023-12,2023-12-31,430,"Юго-Восточный административный округ, Южнопортовый, Российская Федерация, город Москва, внутригородская территория муниципальный округ Южнопортовый, Шарикоподшипниковская улица, дом 36/18, Подвал № 0",шарикоподшипниковская улица 36/18,1,medium,"Qeen, студия красоты","Красота / Здоровье -> Ногтевые студии, Парикмахерские, Услуги визажиста, Услуги по оформлению ресниц / бровей","Qeen, студия красоты","Красота / Здоровье -> Ногтевые студии, Парикмахерские, Услуги визажиста, Услуги по оформлению ресниц / бровей"
18730267,https://investmoscow.ru/tenders/tender/18730267,2022-10-27,2022-12,2023-12,2023-12-31,430,"Восточный административный округ, Соколиная гора, Российская Федерация, город Москва, внутригородская территория муниципальный округ Соколиная Гора, Лечебная улица, дом 19, Подвал № 0",лечебная улица 19,6,low,"Эдс Фулфилмент | Boxberry, отделение службы доставки | Ozon, пункт выдачи интернет-заказов","Бизнес-услуги -> Фулфилмент | Грузоперевозки / Транспортные услуги -> Пункты выдачи интернет-заказов, Экспресс-почта | Грузоперевозки / Транспортные услуги -> Пункты выдачи интернет-заказов","Эдс Фулфилмент | Boxberry, отделение службы доставки | Ozon, пункт выдачи интернет-заказов | ПЭК, транспортная компания | Zolotoi, парикмахерская","Бизнес-услуги -> Фулфилмент | Грузоперевозки / Транспортные услуги -> Пункты выдачи интернет-заказов, Экспресс-почта | Грузоперевозки / Транспортные услуги -> Пункты выдачи интернет-заказов | Бизнес-услуги, Грузоперевозки / Транспортные услуги -> Авиагрузоперевозки, Городские автогрузоперевозки, Междугородные автогрузоперевозки, Международные грузоперевозки, Фулфилмент | Красота / Здоровье -> Парикмахерские"
18730608,https://investmoscow.ru/tenders/tender/18730608,2022-10-28,2022-12,2023-12,2023-12-31,429,"Восточный административный округ, Восточное Измайлово, город Москва, Средняя Первомайская улица, дом 46, Подвал № 0",средняя первомайская улица 46,1,medium,Центр Московское долголетие,Социальные учреждения -> Социальные службы,Центр Московское долголетие,Социальные учреждения -> Социальные службы
18731814,https://investmoscow.ru/tenders/tender/18731814,2022-10-27,2022-12,2023-12,2023-12-31,430,"улица Маршала Рыбалко, дом 5, Подвал № 0",улица маршала рыбалко 5,1,medium,"Тинькофф, банкомат",Банковские / финансовые услуги -> Банкоматы,"Тинькофф, банкомат",Банковские / финансовые услуги -> Банкоматы
18744276,https://investmoscow.ru/tenders/tender/18744276,2022-10-28,2022-12,2023-12,2023-12-31,429,"Российская Федерация, город Москва, внутригородская территория муниципальный округ Басманный, Бауманская улица, дом 47, Этаж 1, пом. 6Н",бауманская улица 47,3,low,"Доктор Столетов, сеть аптек | Винлаб, супермаркет напитков | SimpleWine, винотека","Медицинские товары -> Аптеки | Напитки, Продукты питания -> Алкогольные напитки, Продуктовые магазины | Дополнительное образование / Развивающие курсы, Напитки -> Алкогольные напитки, Курсы сомелье","Доктор Столетов, сеть аптек | Винлаб, супермаркет напитков | SimpleWine, винотека","Медицинские товары -> Аптеки | Напитки, Продукты питания -> Алкогольные напитки, Продуктовые магазины | Дополнительное образование / Развивающие курсы, Напитки -> Алкогольные напитки, Курсы сомелье"
18744280,https://investmoscow.ru/tenders/tender/18744280,2022-10-28,2022-12,2023-12,2023-12-31,429,"Российская Федерация, город Москва, внутригородская территория муниципальный округ Басманный, Бауманская улица, дом 47, Этаж 1, пом. 7Н",бауманская улица 47,3,low,"Доктор Столетов, сеть аптек | Винлаб, супермаркет напитков | SimpleWine, винотека","Медицинские товары -> Аптеки | Напитки, Продукты питания -> Алкогольные напитки, Продуктовые магазины | Дополнительное образование / Развивающие курсы, Напитки -> Алкогольные напитки, Курсы сомелье","Доктор Столетов, сеть аптек | Винлаб, супермаркет напитков | SimpleWine, винотека","Медицинские товары -> Аптеки | Напитки, Продукты питания -> Алкогольные напитки, Продуктовые магазины | Дополнительное образование / Развивающие курсы, Напитки -> Алкогольные напитки, Курсы сомелье"
18744283,https://investmoscow.ru/tenders/tender/18744283,2022-10-28,2022-12,2023-12,2023-12-31,429,"Российская Федерация, город Москва, внутригородская территория муниципальный округ Басманный, Бауманская улица, дом 47, Этаж 1, пом. 8Н",бауманская улица 47,3,low,"Доктор Столетов, сеть аптек | Винлаб, супермаркет напитков | SimpleWine, винотека","Медицинские товары -> Аптеки | Напитки, Продукты питания -> Алкогольные напитки, Продуктовые магазины | Дополнительное образование / Развивающие курсы, Напитки -> Алкогольные напитки, Курсы сомелье","Доктор Столетов, сеть аптек | Винлаб, супермаркет напитков | SimpleWine, винотека","Медицинские товары -> Аптеки | Напитки, Продукты питания -> Алкогольные напитки, Продуктовые магазины | Дополнительное образование / Развивающие курсы, Напитки -> Алкогольные напитки, Курсы сомелье"
18747267,https://investmoscow.ru/tenders/tender/18747267,2022-10-28,2023-12,2024-05,2024-05-31,581,"Западный административный округ, Филевский парк, Российская Федерация, город Москва, внутригородская территория муниципальный округ Филевский Парк, улица Василисы Кожиной, дом 12, Подвал №0",улица василисы кожиной 12,2,medium,"Складно, компания по складским услугам | Мираторг, супермаркет",Грузоперевозки / Транспортные услуги -> Склады индивидуального хранения | Торговые комплексы -> Супермаркеты,"Складно, компания по складским услугам | Мираторг, супермаркет",Грузоперевозки / Транспортные услуги -> Склады индивидуального хранения | Торговые комплексы -> Супермаркеты
18747306,https://investmoscow.ru/tenders/tender/18747306,2022-11-23,2023-12,2024-05,2024-05-31,555,"Западный административный округ, Дорогомилово, Российская Федерация, город Москва, внутригородская территория муниципальный округ Дорогомилово, Кутузовский проезд, дом 4, Подвал № 0",кутузовский проезд 4,13,low,"Дом культуры, магазин музыки | ДК, бар | Ателье","Аудио / Видео / Бытовая техника, Книги / Канцелярия -> CD / DVD / BD, Книги, Музыкальные пластинки | Общественное питание -> Бары | Ателье -> Ателье меховые / кожаные, Ателье швейные","Дом культуры, магазин музыки | ДК, бар | Ателье | Гемотест, медицинская лаборатория | Маникюрофф, студии красоты","Аудио / Видео / Бытовая техника, Книги / Канцелярия -> CD / DVD / BD, Книги, Музыкальные пластинки | Общественное питание -> Бары | Ателье -> Ателье меховые / кожаные, Ателье швейные | Медицинские услуги -> Медицинские анализы, Услуги медицинской диагностики, Услуги процедурного кабинета | Красота / Здоровье -> Ногтевые студии, Услуги визажиста, Услуги перманентного макияжа, Услуги по оформлению ресниц / бровей"
18747465,https://investmoscow.ru/tenders/tender/18747465,2022-11-23,2022-12,2023-12,2023-12-31,403,"Восточный административный округ, Сокольники, Российская Федерация, город Москва, внутригородская территория муниципальный округ Сокольники, улица Сокольнический Вал, дом 22, Подвал № 0",улица сокольнический вал 22,2,medium,"Deus xp, компания | Л-пост, пункт выдачи заказов",Спецмагазины -> Металлоискатели | Грузоперевозки / Транспортные услуги -> Пункты выдачи интернет-заказов,"Deus xp, компания | Л-пост, пункт выдачи заказов",Спецмагазины -> Металлоискатели | Грузоперевозки / Транспортные услуги -> Пункты выдачи интернет-заказов
18747522,https://investmoscow.ru/tenders/tender/18747522,2022-11-23,2023-12,2024-05,2024-05-31,555,"Восточный административный округ, Косино-Ухтомский, город Москва, Лухмановская улица, дом 1, Этаж № 1",лухмановская улица 1,3,medium,"Мой семейный центр, отделение социализации семей с детьми с особенностями развития | Мой семейный центр, отделение комплексной помощи семья с детьми | Московская служба психологической помощи населению департамент труда и социальной защиты населения города Москвы, отдел Кожухово",Социальные учреждения -> Социальные службы | Медицинские услуги -> Услуги психолога,"Мой семейный центр, отделение социализации семей с детьми с особенностями развития | Мой семейный центр, отделение комплексной помощи семья с детьми | Московская служба психологической помощи населению департамент труда и социальной защиты населения города Москвы, отдел Кожухово",Социальные учреждения -> Социальные службы | Медицинские услуги -> Услуги психолога
18749228,https://investmoscow.ru/tenders/tender/18749228,2022-11-10,2022-12,2023-12,2023-12-31,416,"г. Москва, Щёлковское шоссе, д.71, помещение 8н, этаж 1",щелковское шоссе 71,1,medium,"Самолет Плюс, агентство недвижимости",Недвижимость -> Агентства недвижимости,"Самолет Плюс, агентство недвижимости",Недвижимость -> Агентства недвижимости
18751852,https://investmoscow.ru/tenders/tender/18751852,2022-11-23,2022-12,2023-12,2023-12-31,403,"Российская Федерация, город Москва, внутригородская территория муниципальный округ Якиманка, улица Большая Якиманка, дом 38, Подвал № 0",улица большая якиманка 38,4,low,"Проходка, бар | Центр Альтернатив, тренинговая компания | Психологи, коворкинг-центр",Общественное питание -> Бары | Дополнительное образование / Развивающие курсы -> Личностные тренинги / семинары | Недвижимость -> Коворкинг,"Проходка, бар | Центр Альтернатив, тренинговая компания | Психологи, коворкинг-центр | Туалет",Общественное питание -> Бары | Дополнительное образование / Развивающие курсы -> Личностные тренинги / семинары | Недвижимость -> Коворкинг | Бытовые услуги -> Туалеты
18753108,https://investmoscow.ru/tenders/tender/18753108,2022-11-18,2023-12,2024-05,2024-05-31,560,"Центральный административный округ, Тверской, город Москва, 1-й Самотёчный переулок, дом 17Б, Этаж № 1",1 й самотечный переулок 17б,1,medium,"Louve, магазин женской одежды",Одежда / Аксессуары -> Женская одежда,"Louve, магазин женской одежды",Одежда / Аксессуары -> Женская одежда
18754081,https://investmoscow.ru/tenders/tender/18754081,2022-11-18,2023-12,2024-05,2024-05-31,560,"Центральный административный округ, Пресненский, Российская Федерация, город Москва, внутригородская территория муниципальный округ Пресненский, Мерзляковский переулок, дом 10, Этаж № 1",мерзляковский переулок 10,6,low,"Rhana, аптека | Мастер на час, служба ремонта | Firm Moscow, мужская парикмахерская","Медицинские товары -> Аптеки, Биологически активные добавки (БАД), Средства гигиены | Аудио / Видео / Бытовая техника, Строительные / монтажные работы -> Монтаж климатических систем, Обслуживание внутренних систем отопления / водоснабжения / канализации, Ремонт / отделка помещений, Ремонт / установка бытовой техники, Электромонтажные работы | Красота / Здоровье -> Барбершопы, Косметика / Парфюмерия","Rhana, аптека | Мастер на час, служба ремонта | Firm Moscow, мужская парикмахерская | Нотариус Цветкова Е.С. | МегаТекст, городское бюро переводов","Медицинские товары -> Аптеки, Биологически активные добавки (БАД), Средства гигиены | Аудио / Видео / Бытовая техника, Строительные / монтажные работы -> Монтаж климатических систем, Обслуживание внутренних систем отопления / водоснабжения / канализации, Ремонт / отделка помещений, Ремонт / установка бытовой техники, Электромонтажные работы | Красота / Здоровье -> Барбершопы, Косметика / Парфюмерия | Юридические услуги -> Нотариальные услуги | Дополнительное образование / Развивающие курсы -> Перевод с иностранных языков"
18754570,https://investmoscow.ru/tenders/tender/18754570,2022-11-09,2023-12,2024-05,2024-05-31,569,"г. Москва, ул. Студенческая, Дом 39, Подвал № 0",улица студенческая 39,2,medium,"The dar, компания | Метода Pivot Point, академия парикмахерского искусства",Садово-хозяйственные товары -> Посуда | Дополнительное образование / Развивающие курсы -> Обучение мастеров для салонов красоты,"The dar, компания | Метода Pivot Point, академия парикмахерского искусства",Садово-хозяйственные товары -> Посуда | Дополнительное образование / Развивающие курсы -> Обучение мастеров для салонов красоты
18754586,https://investmoscow.ru/tenders/tender/18754586,2022-11-07,2022-12,2023-12,2023-12-31,419,"Восточный административный округ, Северное Измайлово, Российская Федерация, город Москва, внутригородская территория муниципальный округ Северное Измайлово, Щёлковское шоссе, дом 94, Подвал № 0, Этаж № 1",щелковское шоссе 94,1,medium,"Красное&Белое, магазин","Напитки, Торговые комплексы -> Алкогольные напитки, Супермаркеты","Красное&Белое, магазин","Напитки, Торговые комплексы -> Алкогольные напитки, Супермаркеты"
18756069,https://investmoscow.ru/tenders/tender/18756069,2022-11-24,2022-12,2023-12,2023-12-31,402,"Северный административный округ, Хорошевский, город Москва, Ленинградский проспект, дом 57, Этаж № 3",ленинградский проспект 57,2,medium,"Олил, компания | Наш градъ, производственно-торговая компания","Средства автоматизации и информационные технологии, Электроника, Юридические услуги -> Автоматизация производственных процессов, Контрольно-измерительные приборы (КИПиА), Сертификация | Спецмагазины -> Сувениры","Олил, компания | Наш градъ, производственно-торговая компания","Средства автоматизации и информационные технологии, Электроника, Юридические услуги -> Автоматизация производственных процессов, Контрольно-измерительные приборы (КИПиА), Сертификация | Спецмагазины -> Сувениры"
18762177,https://investmoscow.ru/tenders/tender/18762177,2022-11-15,2022-12,2023-12,2023-12-31,411,"Российская Федерация, город Москва, внутригородская территория муниципальный округ Северное Бутово, Феодосийская улица, дом 7/1, Этаж № 1, помещение 3Н",феодосийская улица 7/1,1,low,"Красное&Белое, магазин",Напитки -> Алкогольные напитки,"Красное&Белое, магазин",Напитки -> Алкогольные напитки
18762185,https://investmoscow.ru/tenders/tender/18762185,2022-11-15,2022-12,2023-12,2023-12-31,411,"РОССИЙСКАЯ ФЕДЕРАЦИЯ, ГОРОД МОСКВА, ВНУТРИГОРОДСКАЯ ТЕРРИТОРИЯ МУНИЦИПАЛЬНЫЙ ОКРУГ СЕВЕРНОЕ БУТОВО, ФЕОДОСИЙСКАЯ УЛИЦА, ДОМ 7/1, Этаж № 1, помещение 5Н",феодосийская улица 7/1,1,low,"Красное&Белое, магазин",Напитки -> Алкогольные напитки,"Красное&Белое, магазин",Напитки -> Алкогольные напитки
18766255,https://investmoscow.ru/tenders/tender/18766255,2022-11-16,2023-12,2024-05,2024-05-31,562,"Юго-Западный административный округ, Гагаринский, Российская Федерация, город Москва, внутригородская территория муниципальный округ Гагаринский, улица Вавилова, дом 56, Подвал №2",улица вавилова 56,8,low,"Паркинг | Гагаринец, досуговый центр | Андики, детский лагерь","Автосервис -> Паркинги | Центры творчества и досуга -> Детские / подростковые клубы, Культурно-досуговые центры для взрослых | Туризм / Отдых -> Детские лагеря","Паркинг | Гагаринец, досуговый центр | Андики, детский лагерь | Ателье для кукол, школа рукоделия | Гагаринец, литературно-драматическая студия","Автосервис -> Паркинги | Центры творчества и досуга -> Детские / подростковые клубы, Культурно-досуговые центры для взрослых | Туризм / Отдых -> Детские лагеря | Дополнительное образование / Развивающие курсы -> Курсы творчества и рукоделия для взрослых | Дополнительное образование / Развивающие курсы -> Театральные курсы"
18768840,https://investmoscow.ru/tenders/tender/18768840,2022-11-16,2022-12,2023-12,2023-12-31,410,"Северо-Восточный административный округ, Лианозово, Российская Федерация, город Москва, внутригородская территория муниципальный округ Лианозово, Алтуфьевское шоссе, дом 87, Подвал № 0",алтуфьевское шоссе 87,2,medium,"Райффайзенбанк, банкомат | Ozon, Пункт выдачи товара",Банковские / финансовые услуги -> Банкоматы | Грузоперевозки / Транспортные услуги -> Пункты выдачи интернет-заказов,"Райффайзенбанк, банкомат | Ozon, Пункт выдачи товара",Банковские / финансовые услуги -> Банкоматы | Грузоперевозки / Транспортные услуги -> Пункты выдачи интернет-заказов
18775926,https://investmoscow.ru/tenders/tender/18775926,2022-12-12,2022-12,2023-12,2023-12-31,384,"Восточный административный округ, Богородское, Российская Федерация, город Москва, внутригородская территория муниципальный округ Богородское, 3-я Гражданская улица, дом 52, Подвал № 0",3 я гражданская улица 52,2,medium,"A.Brand, магазин женской одежды | Hummer Gym, тренажерный зал",Одежда / Аксессуары -> Женская одежда | Спортивные клубы / школы -> Тренажёрные залы,"A.Brand, магазин женской одежды | Hummer Gym, тренажерный зал",Одежда / Аксессуары -> Женская одежда | Спортивные клубы / школы -> Тренажёрные залы
18776879,https://investmoscow.ru/tenders/tender/18776879,2022-12-08,2023-12,2024-05,2024-05-31,540,"Юго-Западный административный округ, Коньково, Российская Федерация, город Москва, внутригородская территория муниципальный округ Коньково, улица Островитянова, дом 19/22, Подвал № 0",улица островитянова 19/22,9,low,"Сад и огород, магазин | Кэт, ателье | Поток, бюро переводов","Садово-хозяйственные товары, Сантехническое оборудование, Строительные материалы / конструкции, Электротехника -> Садово-огородный инвентарь / техника, Сантехника / Санфаянс, Светотехника, Семена / Посадочный материал, Средства защиты растений / Удобрения, Строительные материалы, Укрывной материал, Электроустановочная продукция | Ателье, Бытовые услуги -> Ателье меховые / кожаные, Мастерские по ремонту одежды | Дополнительное образование / Развивающие курсы -> Перевод с иностранных языков","Сад и огород, магазин | Кэт, ателье | Поток, бюро переводов | А-Корнеев, магазин алкогольной продукции | Библиотека №187","Садово-хозяйственные товары, Сантехническое оборудование, Строительные материалы / конструкции, Электротехника -> Садово-огородный инвентарь / техника, Сантехника / Санфаянс, Светотехника, Семена / Посадочный материал, Средства защиты растений / Удобрения, Строительные материалы, Укрывной материал, Электроустановочная продукция | Ателье, Бытовые услуги -> Ателье меховые / кожаные, Мастерские по ремонту одежды | Дополнительное образование / Развивающие курсы -> Перевод с иностранных языков | Напитки -> Алкогольные напитки | Культура / Искусство -> Библиотеки"
18777321,https://investmoscow.ru/tenders/tender/18777321,2022-12-08,2022-12,2023-12,2023-12-31,388,"Северный административный округ, Хорошевский, город Москва, улица Гризодубовой, дом 2, Этаж № 2",улица гризодубовой 2,1,low,ПроБезопасность,"Архитектура / Проектирование / Дизайн, Промышленный аудит / оценка, Строительные / монтажные работы -> Архитектурно-строительное проектирование, Инжиниринговые услуги, Пожарная безопасность",ПроБезопасность,"Архитектура / Проектирование / Дизайн, Промышленный аудит / оценка, Строительные / монтажные работы -> Архитектурно-строительное проектирование, Инжиниринговые услуги, Пожарная безопасность"
18778371,https://investmoscow.ru/tenders/tender/18778371,2022-12-14,2023-12,2024-05,2024-05-31,534,"Северный административный округ, Аэропорт, Российская Федерация, город Москва, внутригородская территория муниципальный округ Аэропорт, улица Коккинаки, дом 2, Подвал № 0, Этаж № 1",улица коккинаки 2,2,medium,"Ozon, пункт выдачи товара | Красное&Белое, магазин алкогольных напитков",Грузоперевозки / Транспортные услуги -> Пункты выдачи интернет-заказов | Напитки -> Алкогольные напитки,"Ozon, пункт выдачи товара | Красное&Белое, магазин алкогольных напитков",Грузоперевозки / Транспортные услуги -> Пункты выдачи интернет-заказов | Напитки -> Алкогольные напитки
18778929,https://investmoscow.ru/tenders/tender/18778929,2022-12-09,2022-12,2023-12,2023-12-31,387,"Юго-Восточный административный округ, Некрасовка, Российская Федерация, город Москва, внутригородская территория муниципальный округ Некрасовка, проспект Защитников Москвы, дом 11, Этаж № 1",проспект защитников москвы 11,3,medium,"Клиника ортопедии и реабилитации Жанатаева Инала Альбертовича | Теплопамп | Компания по оптовым поставкам одежды из Киргизии, Компания по оптовым поставкам одежды из Киргизии","Красота / Здоровье, Медицинские товары, Медицинские услуги -> Занятия лечебной физкультурой (ЛФК), Ортопедические товары, Услуги дерматолога, Услуги косметолога, Услуги маммолога, Услуги массажиста, Услуги невролога, Услуги ревматолога, Услуги рефлексотерапевта, Услуги травматолога-ортопеда, Услуги физиотерапевта | Промышленное оборудование -> Насосное оборудование | Детские товары, Одежда / Аксессуары -> Детская одежда, Женская одежда, Мужская одежда","Клиника ортопедии и реабилитации Жанатаева Инала Альбертовича | Теплопамп | Компания по оптовым поставкам одежды из Киргизии, Компания по оптовым поставкам одежды из Киргизии","Красота / Здоровье, Медицинские товары, Медицинские услуги -> Занятия лечебной физкультурой (ЛФК), Ортопедические товары, Услуги дерматолога, Услуги косметолога, Услуги маммолога, Услуги массажиста, Услуги невролога, Услуги ревматолога, Услуги рефлексотерапевта, Услуги травматолога-ортопеда, Услуги физиотерапевта | Промышленное оборудование -> Насосное оборудование | Детские товары, Одежда / Аксессуары -> Детская одежда, Женская одежда, Мужская одежда"
18779876,https://investmoscow.ru/tenders/tender/18779876,2022-12-16,2023-12,2024-05,2024-05-31,532,"Северный административный округ, Головинский, город Москва, Флотская улица, дом 74, Этаж № 1",флотская улица 74,2,medium,"Ozon | ЦирюльникЪ, салон красоты","Грузоперевозки / Транспортные услуги -> Пункты выдачи интернет-заказов | Красота / Здоровье -> Косметика / расходные материалы для салонов красоты, Ногтевые студии, Парикмахерские","Ozon | ЦирюльникЪ, салон красоты","Грузоперевозки / Транспортные услуги -> Пункты выдачи интернет-заказов | Красота / Здоровье -> Косметика / расходные материалы для салонов красоты, Ногтевые студии, Парикмахерские"
18780018,https://investmoscow.ru/tenders/tender/18780018,2022-12-16,2022-12,2023-12,2023-12-31,380,"Западный административный округ, Очаково-Матвеевское, Российская Федерация, город Москва, внутригородская территория муниципальный округ Очаково-Матвеевское, Озёрная улица, дом 31, Этаж № 1",озерная улица 31,1,medium,"Ароматный мир, винный супермаркет","Напитки, Продукты питания -> Алкогольные напитки, Продуктовые магазины","Ароматный мир, винный супермаркет","Напитки, Продукты питания -> Алкогольные напитки, Продуктовые магазины"
18783629,https://investmoscow.ru/tenders/tender/18783629,2022-12-01,2022-12,2023-12,2023-12-31,395,"Юго-Западный административный округ, Южное Бутово, город Москва, Скобелевская улица, дом 8, Этаж № 1",скобелевская улица 8,3,medium,"Ozon, Пункт выдачи товара | Красотка, парикмахерская | Petsmile, груминг-салон","Грузоперевозки / Транспортные услуги -> Пункты выдачи интернет-заказов | Красота / Здоровье -> Парикмахерские, Услуги по оформлению ресниц / бровей | Товары / услуги для животных -> Услуги по уходу за животными","Ozon, Пункт выдачи товара | Красотка, парикмахерская | Petsmile, груминг-салон","Грузоперевозки / Транспортные услуги -> Пункты выдачи интернет-заказов | Красота / Здоровье -> Парикмахерские, Услуги по оформлению ресниц / бровей | Товары / услуги для животных -> Услуги по уходу за животными"
18783696,https://investmoscow.ru/tenders/tender/18783696,2022-12-01,2024-05,2024-09,2024-09-30,669,"Северо-Восточный административный округ, Свиблово, город Москва, Лазоревый проезд, дом 10, Этаж № 1",лазоревый проезд 10,1,low,"Ozon fresh, служба доставки продуктов",Спецмагазины -> Дарксторы,"Ozon fresh, служба доставки продуктов",Спецмагазины -> Дарксторы
18783759,https://investmoscow.ru/tenders/tender/18783759,2022-12-01,2023-12,2024-05,2024-05-31,547,"Северо-Восточный административный округ, Южное Медведково, город Москва, проезд Дежнёва, дом 38А, Этаж № 1",проезд дежнева 38а,2,medium,"Стоматология семейных скидок, стоматологическая клиника | Персона, строительная компания","Медицинские услуги -> Частные стоматологии | Строительные / монтажные работы, Строительство зданий / сооружений -> Реконструкция и капремонт зданий, Ремонт / отделка помещений, Строительство административных зданий, Строительство дач / коттеджей, Строительство многоквартирных домов","Стоматология семейных скидок, стоматологическая клиника | Персона, строительная компания","Медицинские услуги -> Частные стоматологии | Строительные / монтажные работы, Строительство зданий / сооружений -> Реконструкция и капремонт зданий, Ремонт / отделка помещений, Строительство административных зданий, Строительство дач / коттеджей, Строительство многоквартирных домов"
18784207,https://investmoscow.ru/tenders/tender/18784207,2022-12-01,2022-12,2023-12,2023-12-31,395,"Западный административный округ, Солнцево, город Москва, Солнцевский проспект, дом 1, Этаж № 1",солнцевский проспект 1,1,medium,"Яндекс.Маркет, пункт выдачи товара",Грузоперевозки / Транспортные услуги -> Пункты выдачи интернет-заказов,"Яндекс.Маркет, пункт выдачи товара",Грузоперевозки / Транспортные услуги -> Пункты выдачи интернет-заказов
18784292,https://investmoscow.ru/tenders/tender/18784292,2022-12-02,2023-12,2024-05,2024-05-31,546,"Центральный административный округ, Замоскворечье, Российская Федерация, город Москва, внутригородская территория муниципальный округ Замоскворечье, Озерковская набережная, дом 38-40, Подвал № 0",озерковская набережная 38 40,1,medium,Showme.Pilates,Спортивные клубы / школы -> Фитнес-клубы,Showme.Pilates,Спортивные клубы / школы -> Фитнес-клубы
18784299,https://investmoscow.ru/tenders/tender/18784299,2022-12-01,2022-12,2023-12,2023-12-31,395,"Западный административный округ, Дорогомилово, Российская Федерация, город Москва, внутригородская территория муниципальный округ Дорогомилово, Большая Дорогомиловская улица, дом 6, Подвал № 0",большая дорогомиловская улица 6,1,medium,"Цветочный склад, магазин цветов","Садово-хозяйственные товары, Спецмагазины, Тара / Упаковка -> Доставка цветов, Подарочная упаковка, Семена / Посадочный материал, Товары для праздничного оформления / организации праздников, Цветы","Цветочный склад, магазин цветов","Садово-хозяйственные товары, Спецмагазины, Тара / Упаковка -> Доставка цветов, Подарочная упаковка, Семена / Посадочный материал, Товары для праздничного оформления / организации праздников, Цветы"
18784636,https://investmoscow.ru/tenders/tender/18784636,2022-12-01,2023-12,2024-05,2024-05-31,547,"Юго-Западный административный округ, Южное Бутово, город Москва, Венёвская улица, дом 9, этаж № 1",веневская улица 9,4,low,"Магазин печатей и штампов | Wildberries, пункт выдачи товара | Мослифт, диспетчерская",Юридические услуги -> Изготовление печатей / штампов | Грузоперевозки / Транспортные услуги -> Пункты выдачи интернет-заказов | Аварийные / справочные / экстренные службы -> Аварийные службы,"Магазин печатей и штампов | Wildberries, пункт выдачи товара | Мослифт, диспетчерская | Столички, аптека","Юридические услуги -> Изготовление печатей / штампов | Грузоперевозки / Транспортные услуги -> Пункты выдачи интернет-заказов | Аварийные / справочные / экстренные службы -> Аварийные службы | Медицинские товары -> Аптеки, Медицинские приборы"
18785021,https://investmoscow.ru/tenders/tender/18785021,2022-12-01,2024-05,2024-09,2024-09-30,669,"Северный административный округ, Коптево, Российская Федерация, город Москва, внутригородская территория муниципальный округ Коптево, улица Зои и Александра Космодемьянских, дом 37/2, этаж №1",улица зои и александра космодемьянских 37/2,1,medium,Институт практической нейропсихологии и нейрореабилитации,Дополнительное образование / Развивающие курсы -> Профессиональная переподготовка / Повышение квалификации,Институт практической нейропсихологии и нейрореабилитации,Дополнительное образование / Развивающие курсы -> Профессиональная переподготовка / Повышение квалификации
18785726,https://investmoscow.ru/tenders/tender/18785726,2022-12-09,2023-12,2024-05,2024-05-31,539,"Юго-Западный административный округ, Академический, Российская Федерация, город Москва, внутригородская территория муниципальный округ Академический, улица Дмитрия Ульянова, дом 24, Подвал № 0",улица дмитрия ульянова 24,11,low,"Здесь аптека | ВкусВилл, магазин с доставкой полезных продуктов | Кошелек, пункт приема пластиковых карт","Медицинские товары -> Аптеки | Общественное питание, Спецмагазины, Торговые комплексы -> Доставка готовых блюд, Доставка продуктов / хозтоваров, Кулинарии, Супермаркеты | Бытовые услуги -> Пункты приёма","Здесь аптека | ВкусВилл, магазин с доставкой полезных продуктов | Кошелек, пункт приема пластиковых карт | СберБанк, терминал | СберБанк, банкомат","Медицинские товары -> Аптеки | Общественное питание, Спецмагазины, Торговые комплексы -> Доставка готовых блюд, Доставка продуктов / хозтоваров, Кулинарии, Супермаркеты | Бытовые услуги -> Пункты приёма | Бытовые услуги -> Платёжные терминалы | Банковские / финансовые услуги -> Банкоматы"
18785888,https://investmoscow.ru/tenders/tender/18785888,2022-12-02,2022-12,2023-12,2023-12-31,394,"Российская Федерация, город Москва, внутригородская территория муниципальный округ Хорошевский, Хорошёвское шоссе, дом 34, Этаж № 1",хорошевское шоссе 34,1,medium,"Табак&Вейп, магазин","Продукты питания -> Табачные изделия / Товары для курения, Электронные сигареты","Табак&Вейп, магазин","Продукты питания -> Табачные изделия / Товары для курения, Электронные сигареты"
18786149,https://investmoscow.ru/tenders/tender/18786149,2022-12-07,2022-12,2023-12,2023-12-31,389,"Центральный административный округ, Тверской, Российская Федерация, город Москва, внутригородская территория муниципальный округ Тверской, Новослободская улица, дом 49/2, этаж № 1",новослободская улица 49/2,2,medium,"Здоров74.рф, интернет-магазин | Академия Слуха","Красота / Здоровье, Медицинские товары -> Косметика / Парфюмерия, Фитопродукция | Медицинские товары, Электротехника -> Медицинские приборы, Ремонт медицинских приборов, Товары для реабилитации, Элементы питания","Здоров74.рф, интернет-магазин | Академия Слуха","Красота / Здоровье, Медицинские товары -> Косметика / Парфюмерия, Фитопродукция | Медицинские товары, Электротехника -> Медицинские приборы, Ремонт медицинских приборов, Товары для реабилитации, Элементы питания"
18788662,https://investmoscow.ru/tenders/tender/18788662,2022-12-02,2024-05,2024-09,2024-09-30,668,"Российская Федерация, город Москва, внутригородская территория муниципальный округ Царицыно, Кантемировская улица, дом 39А, Этаж № 1, пом. 1Н",кантемировская улица 39а,1,low,"Столички, аптека","Медицинские товары -> Аптеки, БАДы, Медицинские приборы, Средства гигиены","Столички, аптека","Медицинские товары -> Аптеки, БАДы, Медицинские приборы, Средства гигиены"
18788666,https://investmoscow.ru/tenders/tender/18788666,2022-12-02,2024-05,2024-09,2024-09-30,668,"Российская Федерация, город Москва, внутригородская территория муниципальный округ Царицыно, Кантемировская улица, дом 39А, Этаж № 1, пом. 6Н",кантемировская улица 39а,1,low,"Столички, аптека","Медицинские товары -> Аптеки, БАДы, Медицинские приборы, Средства гигиены","Столички, аптека","Медицинские товары -> Аптеки, БАДы, Медицинские приборы, Средства гигиены"
18790555,https://investmoscow.ru/tenders/tender/18790555,2022-12-12,2022-12,2023-12,2023-12-31,384,"Северный административный округ, Аэропорт, Российская Федерация, город Москва, внутригородская территория муниципальный округ Аэропорт, Ленинградский проспект, дом 62, Подвал № 0",ленинградский проспект 62,2,medium,"Овощная Family Лавка | Аурум, ломбард","Продукты питания -> Овощи / Фрукты, Орехи / Семечки / Сухофрукты, Специи / Пряности, Ягоды / Грибы | Банковские / финансовые услуги -> Ломбарды","Овощная Family Лавка | Аурум, ломбард","Продукты питания -> Овощи / Фрукты, Орехи / Семечки / Сухофрукты, Специи / Пряности, Ягоды / Грибы | Банковские / финансовые услуги -> Ломбарды"
18790743,https://investmoscow.ru/tenders/tender/18790743,2022-12-12,2023-12,2024-05,2024-05-31,536,"Северо-Восточный административный округ, Алтуфьевский, Российская Федерация, город Москва, внутригородская территория муниципальный округ Алтуфьевский, Алтуфьевское шоссе, дом 62В, Этаж № 1",алтуфьевское шоссе 62в,1,medium,Ozon,Грузоперевозки / Транспортные услуги -> Пункты выдачи интернет-заказов,Ozon,Грузоперевозки / Транспортные услуги -> Пункты выдачи интернет-заказов
18791125,https://investmoscow.ru/tenders/tender/18791125,2022-12-12,2023-12,2024-05,2024-05-31,536,"Северо-Западный административный округ, Хорошево-Мневники, город Москва, Карамышевская набережная, дом 50, Подвал № 0",карамышевская набережная 50,3,medium,"Пиво есть!, магазин пива | Иол Медикал, компания | Redvanov Jiu-Jitsu, секция бразильского джиу-джитсу","Напитки, Продукты питания -> Магазины разливного пива, Снековая продукция | Медицинские товары -> Медицинские расходные материалы, Медицинское оборудование / инструмент | Спортивные клубы / школы -> Спортивные секции","Пиво есть!, магазин пива | Иол Медикал, компания | Redvanov Jiu-Jitsu, секция бразильского джиу-джитсу","Напитки, Продукты питания -> Магазины разливного пива, Снековая продукция | Медицинские товары -> Медицинские расходные материалы, Медицинское оборудование / инструмент | Спортивные клубы / школы -> Спортивные секции"
18791226,https://investmoscow.ru/tenders/tender/18791226,2022-12-08,2023-12,2024-05,2024-05-31,540,"Западный административный округ, Очаково-Матвеевское, город Москва, улица Елены Колесовой, дом 3, Этаж № 1",улица елены колесовой 3,2,medium,"Wildberries, пункт выдачи товара | Ozon",Грузоперевозки / Транспортные услуги -> Пункты выдачи интернет-заказов,"Wildberries, пункт выдачи товара | Ozon",Грузоперевозки / Транспортные услуги -> Пункты выдачи интернет-заказов
18791287,https://investmoscow.ru/tenders/tender/18791287,2022-12-09,2022-12,2023-12,2023-12-31,387,"Новомосковский административный округ, Десеновское, город Москва, поселение Десеновское, 1-я Нововатутинская улица, дом 3, Этаж № подвал",1 я нововатутинская улица 3,18,low,"Модные Детки, магазин детской одежды | Шоза суши, суши-бар | Канц Парк, магазин канцелярских товаров","Детские товары -> Детская обувь, Детская одежда, Школьная форма | Общественное питание -> Доставка готовых блюд | Издательское дело / Полиграфия, Книги / Канцелярия, Спецмагазины, Услуги по организации праздников / досуга -> Канцелярские товары / Учебные принадлежности, Копировальные услуги, Послепечатная обработка, Товары для праздничного оформления / организации праздников, Услуги праздничного оформления","Модные Детки, магазин детской одежды | Шоза суши, суши-бар | Канц Парк, магазин канцелярских товаров | Лучший друг, ветеринарная клиника | True Barbers","Детские товары -> Детская обувь, Детская одежда, Школьная форма | Общественное питание -> Доставка готовых блюд | Издательское дело / Полиграфия, Книги / Канцелярия, Спецмагазины, Услуги по организации праздников / досуга -> Канцелярские товары / Учебные принадлежности, Копировальные услуги, Послепечатная обработка, Товары для праздничного оформления / организации праздников, Услуги праздничного оформления | Ветеринария, Товары / услуги для животных -> Ветеринарные аптеки, Ветеринарные клиники, Зоотовары | Красота / Здоровье -> Барбершопы"
18791408,https://investmoscow.ru/tenders/tender/18791408,2022-12-09,2022-12,2023-12,2023-12-31,387,"Центральный административный округ, Пресненский, Российская Федерация, город Москва, внутригородская территория муниципальный округ Пресненский, Никитский бульвар, дом 15/16, подвал №0",никитский бульвар 15/16,1,medium,Национальный центр профориентации и обучения,Работа / Карьера -> Организации по профориентации,Национальный центр профориентации и обучения,Работа / Карьера -> Организации по профориентации
18791414,https://investmoscow.ru/tenders/tender/18791414,2022-12-12,2022-12,2023-12,2023-12-31,384,"Юго-Западный административный округ, Обручевский, город Москва, улица Архитектора Власова, дом 20, этаж №2",улица архитектора власова 20,1,medium,"Пятёрочка, супермаркет","Спецмагазины, Торговые комплексы -> Доставка продуктов / хозтоваров, Супермаркеты","Пятёрочка, супермаркет","Спецмагазины, Торговые комплексы -> Доставка продуктов / хозтоваров, Супермаркеты"
18791551,https://investmoscow.ru/tenders/tender/18791551,2022-12-09,2022-12,2023-12,2023-12-31,387,"Российская Федерация, город Москва, внутригородская территория муниципальный округ Бутырский, Бутырская улица, дом 86Б, Подвал № 0",бутырская улица 86б,4,low,"МосТабак, магазин | Vadman`s, кофейня | Energo, автомат аренды аккумуляторов для гаджетов","Продукты питания -> Табачные изделия / Товары для курения, Электронные сигареты | Общественное питание -> Кофейни | Средства связи -> Станции зарядки мобильных телефонов","МосТабак, магазин | Vadman`s, кофейня | Energo, автомат аренды аккумуляторов для гаджетов | Армада, автошкола","Продукты питания -> Табачные изделия / Товары для курения, Электронные сигареты | Общественное питание -> Кофейни | Средства связи -> Станции зарядки мобильных телефонов | Дополнительное образование / Развивающие курсы -> Автошколы, Мотошколы"
18792003,https://investmoscow.ru/tenders/tender/18792003,2022-12-08,2022-12,2023-12,2023-12-31,388,"Юго-Восточный административный округ, Лефортово, город Москва, Сторожевая улица, дом 31, Подвал № 0",сторожевая улица 31,1,low,"Красное&Белое, магазин",Напитки -> Алкогольные напитки,"Красное&Белое, магазин",Напитки -> Алкогольные напитки
18795536,https://investmoscow.ru/tenders/tender/18795536,2022-12-09,2022-12,2023-12,2023-12-31,387,"Центральный административный округ, Пресненский, Российская Федерация, город Москва, внутригородская территория муниципальный округ Пресненский, Шмитовский проезд, дом 14, Подвал № 0",шмитовский проезд 14,1,low,"Вокализ, студия вокала и творчества","Дополнительное образование / Развивающие курсы, Спортивные клубы / школы -> Курсы вокала, Обучение танцам, Театральные курсы","Вокализ, студия вокала и творчества","Дополнительное образование / Развивающие курсы, Спортивные клубы / школы -> Курсы вокала, Обучение танцам, Театральные курсы"
18797178,https://investmoscow.ru/tenders/tender/18797178,2022-12-09,2024-05,2024-09,2024-09-30,661,"Северо-Восточный административный округ, Свиблово, город Москва, Лазоревый проезд, дом 10, Подвал № 0, Этаж № 1",лазоревый проезд 10,1,low,"Ozon fresh, служба доставки продуктов",Спецмагазины -> Дарксторы,"Ozon fresh, служба доставки продуктов",Спецмагазины -> Дарксторы
18799449,https://investmoscow.ru/tenders/tender/18799449,2022-12-23,2022-12,2023-12,2023-12-31,373,"Российская Федерация, город Москва, внутригородская территория муниципальный округ Западное Дегунино, Базовская улица, дом 17, Этаж 1, пом. 2Н",базовская улица 17,2,low,"Улыбка радуги, магазин косметики и товаров для дома | Красное&Белое, магазин алкогольных напитков","Красота / Здоровье, Садово-хозяйственные товары, Текстиль -> Бытовая химия, Косметика / Парфюмерия, Постельные принадлежности / Текстиль для дома, Хозяйственные товары | Напитки, Торговые комплексы -> Алкогольные напитки, Супермаркеты","Улыбка радуги, магазин косметики и товаров для дома | Красное&Белое, магазин алкогольных напитков","Красота / Здоровье, Садово-хозяйственные товары, Текстиль -> Бытовая химия, Косметика / Парфюмерия, Постельные принадлежности / Текстиль для дома, Хозяйственные товары | Напитки, Торговые комплексы -> Алкогольные напитки, Супермаркеты"
18799451,https://investmoscow.ru/tenders/tender/18799451,2022-12-23,2022-12,2023-12,2023-12-31,373,"Российская Федерация, город Москва, внутригородская территория муниципальный округ Западное Дегунино, Базовская улица, дом 17, Этаж 1, пом. 3Н",базовская улица 17,2,low,"Улыбка радуги, магазин косметики и товаров для дома | Красное&Белое, магазин алкогольных напитков","Красота / Здоровье, Садово-хозяйственные товары, Текстиль -> Бытовая химия, Косметика / Парфюмерия, Постельные принадлежности / Текстиль для дома, Хозяйственные товары | Напитки, Торговые комплексы -> Алкогольные напитки, Супермаркеты","Улыбка радуги, магазин косметики и товаров для дома | Красное&Белое, магазин алкогольных напитков","Красота / Здоровье, Садово-хозяйственные товары, Текстиль -> Бытовая химия, Косметика / Парфюмерия, Постельные принадлежности / Текстиль для дома, Хозяйственные товары | Напитки, Торговые комплексы -> Алкогольные напитки, Супермаркеты"
18799905,https://investmoscow.ru/tenders/tender/18799905,2022-12-14,2022-12,2023-12,2023-12-31,382,"Юго-Восточный административный округ, Южнопортовый, Российская Федерация, город Москва, внутригородская территория муниципальный округ Южнопортовый, Шарикоподшипниковская улица, дом 2, подвал № 0, этаж № 1",шарикоподшипниковская улица 2,1,medium,"Dimax, магазин электротранспорта",Автотранспорт -> Электрические транспортные средства,"Dimax, магазин электротранспорта",Автотранспорт -> Электрические транспортные средства
18801394,https://investmoscow.ru/tenders/tender/18801394,2022-12-22,2023-12,2024-05,2024-05-31,526,"г. Москва, ул. Академика Комарова, Дом 11А, Подвал № 0",улица академика комарова 11а,4,low,"Ozon | Пивная креветка | Plusiki fashion, магазин одежды больших размеров","Грузоперевозки / Транспортные услуги -> Пункты выдачи интернет-заказов | Напитки, Продукты питания -> Магазины разливного пива, Снековая продукция, Электронные сигареты | Одежда / Аксессуары -> Женская одежда","Ozon | Пивная креветка | Plusiki fashion, магазин одежды больших размеров | Ателье","Грузоперевозки / Транспортные услуги -> Пункты выдачи интернет-заказов | Напитки, Продукты питания -> Магазины разливного пива, Снековая продукция, Электронные сигареты | Одежда / Аксессуары -> Женская одежда | Ателье, Бытовые услуги -> Ателье швейные, Мастерские по ремонту одежды"
18802915,https://investmoscow.ru/tenders/tender/18802915,2022-12-14,2022-12,2023-12,2023-12-31,382,"Северо-Восточный административный округ, Марьина роща, Российская Федерация, город Москва, внутригородская территория муниципальный округ Марьина Роща, Стрелецкая улица, дом 6, Этаж № 4",стрелецкая улица 6,2,medium,"Paradigma, рекламное агентство | Фьюче айти технолоджис","Рекламные услуги -> Размещение рекламы в интернете, Рекламные агентства полного цикла | Компьютеры -> Компьютеры / Комплектующие","Paradigma, рекламное агентство | Фьюче айти технолоджис","Рекламные услуги -> Размещение рекламы в интернете, Рекламные агентства полного цикла | Компьютеры -> Компьютеры / Комплектующие"
18802961,https://investmoscow.ru/tenders/tender/18802961,2022-12-14,2022-12,2023-12,2023-12-31,382,"Юго-Восточный административный округ, Лефортово, Российская Федерация, город Москва, внутригородская территория муниципальный округ Лефортово, Авиамоторная улица, дом 49/1, Подвал № 0",авиамоторная улица 49/1,6,low,"Fix Phone | Ozon, Пункт выдачи товара | Мигами, тату-студия","Компьютеры, Средства связи -> Аксессуары к мобильным телефонам, Ремонт компьютеров, Ремонт мобильных телефонов | Грузоперевозки / Транспортные услуги -> Пункты выдачи интернет-заказов | Красота / Здоровье -> Тату-салоны","Fix Phone | Ozon, Пункт выдачи товара | Мигами, тату-студия | Промышленный ресурс, компания | Stardogs, бистро","Компьютеры, Средства связи -> Аксессуары к мобильным телефонам, Ремонт компьютеров, Ремонт мобильных телефонов | Грузоперевозки / Транспортные услуги -> Пункты выдачи интернет-заказов | Красота / Здоровье -> Тату-салоны | Профессиональное образование -> Центры дистанционного обучения | Общественное питание -> Быстрое питание"
18803300,https://investmoscow.ru/tenders/tender/18803300,2022-12-14,2023-12,2024-05,2024-05-31,534,"Северный административный округ, Головинский, город Москва, Онежская улица, дом 9/4, корпус А, Подвал № 0",онежская улица 9/4 корп а,6,low,"Дионис-К, магазин алкогольной продукции | Ремесло, барбершоп | Яндекс Маркет, пункт выдачи товара","Напитки, Продукты питания -> Алкогольные напитки, Снековая продукция | Красота / Здоровье -> Барбершопы | Грузоперевозки / Транспортные услуги -> Пункты выдачи интернет-заказов","Дионис-К, магазин алкогольной продукции | Ремесло, барбершоп | Яндекс Маркет, пункт выдачи товара | Wildberries, пункт выдачи товара | Смешные цены, магазин одежды","Напитки, Продукты питания -> Алкогольные напитки, Снековая продукция | Красота / Здоровье -> Барбершопы | Грузоперевозки / Транспортные услуги -> Пункты выдачи интернет-заказов | Обувь, Одежда / Аксессуары -> Бижутерия, Женская одежда, Мужская одежда, Нижнее бельё, Обувные магазины | Спецмагазины -> Доставка цветов, Сувенирные композиции, Цветы"
18803323,https://investmoscow.ru/tenders/tender/18803323,2022-12-16,2023-12,2024-05,2024-05-31,532,"Центральный административный округ, Хамовники, Российская Федерация, город Москва, внутригородская территория муниципальный округ Хамовники, улица Доватора, дом 4/7, Подвал № 0",улица доватора 4/7,2,medium,"Инфолэнд, IT-компания | Ventus aqua, зоомагазин","Компьютеры, Средства автоматизации и информационные технологии -> Автоматизация бизнес-процессов, Услуги системного администрирования | Товары / услуги для животных -> Аквариумы, Зоотовары","Инфолэнд, IT-компания | Ventus aqua, зоомагазин","Компьютеры, Средства автоматизации и информационные технологии -> Автоматизация бизнес-процессов, Услуги системного администрирования | Товары / услуги для животных -> Аквариумы, Зоотовары"
18803577,https://investmoscow.ru/tenders/tender/18803577,2022-12-14,2022-12,2023-12,2023-12-31,382,"Новомосковский административный округ, Десеновское, город Москва, поселение Десеновское, 1-я Нововатутинская улица, дом 3, Этаж № подвал, кл. 109",1 я нововатутинская улица 3,18,low,"Модные Детки, магазин детской одежды | Шоза суши, суши-бар | Канц Парк, магазин канцелярских товаров","Детские товары -> Детская обувь, Детская одежда, Школьная форма | Общественное питание -> Доставка готовых блюд | Издательское дело / Полиграфия, Книги / Канцелярия, Спецмагазины, Услуги по организации праздников / досуга -> Канцелярские товары / Учебные принадлежности, Копировальные услуги, Послепечатная обработка, Товары для праздничного оформления / организации праздников, Услуги праздничного оформления","Модные Детки, магазин детской одежды | Шоза суши, суши-бар | Канц Парк, магазин канцелярских товаров | Лучший друг, ветеринарная клиника | True Barbers","Детские товары -> Детская обувь, Детская одежда, Школьная форма | Общественное питание -> Доставка готовых блюд | Издательское дело / Полиграфия, Книги / Канцелярия, Спецмагазины, Услуги по организации праздников / досуга -> Канцелярские товары / Учебные принадлежности, Копировальные услуги, Послепечатная обработка, Товары для праздничного оформления / организации праздников, Услуги праздничного оформления | Ветеринария, Товары / услуги для животных -> Ветеринарные аптеки, Ветеринарные клиники, Зоотовары | Красота / Здоровье -> Барбершопы"
18803644,https://investmoscow.ru/tenders/tender/18803644,2022-12-14,2022-12,2023-12,2023-12-31,382,"Новомосковский административный округ, Десеновское, город Москва, поселение Десеновское, 1-я Нововатутинская улица, дом 3, Этаж № подвал, кл. 584",1 я нововатутинская улица 3,18,low,"Модные Детки, магазин детской одежды | Шоза суши, суши-бар | Канц Парк, магазин канцелярских товаров","Детские товары -> Детская обувь, Детская одежда, Школьная форма | Общественное питание -> Доставка готовых блюд | Издательское дело / Полиграфия, Книги / Канцелярия, Спецмагазины, Услуги по организации праздников / досуга -> Канцелярские товары / Учебные принадлежности, Копировальные услуги, Послепечатная обработка, Товары для праздничного оформления / организации праздников, Услуги праздничного оформления","Модные Детки, магазин детской одежды | Шоза суши, суши-бар | Канц Парк, магазин канцелярских товаров | Лучший друг, ветеринарная клиника | True Barbers","Детские товары -> Детская обувь, Детская одежда, Школьная форма | Общественное питание -> Доставка готовых блюд | Издательское дело / Полиграфия, Книги / Канцелярия, Спецмагазины, Услуги по организации праздников / досуга -> Канцелярские товары / Учебные принадлежности, Копировальные услуги, Послепечатная обработка, Товары для праздничного оформления / организации праздников, Услуги праздничного оформления | Ветеринария, Товары / услуги для животных -> Ветеринарные аптеки, Ветеринарные клиники, Зоотовары | Красота / Здоровье -> Барбершопы"
18803662,https://investmoscow.ru/tenders/tender/18803662,2022-12-14,2022-12,2023-12,2023-12-31,382,"Новомосковский административный округ, Десеновское, город Москва, поселение Десеновское, 1-я Нововатутинская улица, дом 3, Этаж № подвал, кл. 80",1 я нововатутинская улица 3,18,low,"Модные Детки, магазин детской одежды | Шоза суши, суши-бар | Канц Парк, магазин канцелярских товаров","Детские товары -> Детская обувь, Детская одежда, Школьная форма | Общественное питание -> Доставка готовых блюд | Издательское дело / Полиграфия, Книги / Канцелярия, Спецмагазины, Услуги по организации праздников / досуга -> Канцелярские товары / Учебные принадлежности, Копировальные услуги, Послепечатная обработка, Товары для праздничного оформления / организации праздников, Услуги праздничного оформления","Модные Детки, магазин детской одежды | Шоза суши, суши-бар | Канц Парк, магазин канцелярских товаров | Лучший друг, ветеринарная клиника | True Barbers","Детские товары -> Детская обувь, Детская одежда, Школьная форма | Общественное питание -> Доставка готовых блюд | Издательское дело / Полиграфия, Книги / Канцелярия, Спецмагазины, Услуги по организации праздников / досуга -> Канцелярские товары / Учебные принадлежности, Копировальные услуги, Послепечатная обработка, Товары для праздничного оформления / организации праздников, Услуги праздничного оформления | Ветеринария, Товары / услуги для животных -> Ветеринарные аптеки, Ветеринарные клиники, Зоотовары | Красота / Здоровье -> Барбершопы"
18803748,https://investmoscow.ru/tenders/tender/18803748,2022-12-14,2022-12,2023-12,2023-12-31,382,"Новомосковский административный округ, Десеновское, город Москва, поселение Десеновское, 1-я Нововатутинская улица, дом 3, этаж № подвал, кл. 564",1 я нововатутинская улица 3,18,low,"Модные Детки, магазин детской одежды | Шоза суши, суши-бар | Канц Парк, магазин канцелярских товаров","Детские товары -> Детская обувь, Детская одежда, Школьная форма | Общественное питание -> Доставка готовых блюд | Издательское дело / Полиграфия, Книги / Канцелярия, Спецмагазины, Услуги по организации праздников / досуга -> Канцелярские товары / Учебные принадлежности, Копировальные услуги, Послепечатная обработка, Товары для праздничного оформления / организации праздников, Услуги праздничного оформления","Модные Детки, магазин детской одежды | Шоза суши, суши-бар | Канц Парк, магазин канцелярских товаров | Лучший друг, ветеринарная клиника | True Barbers","Детские товары -> Детская обувь, Детская одежда, Школьная форма | Общественное питание -> Доставка готовых блюд | Издательское дело / Полиграфия, Книги / Канцелярия, Спецмагазины, Услуги по организации праздников / досуга -> Канцелярские товары / Учебные принадлежности, Копировальные услуги, Послепечатная обработка, Товары для праздничного оформления / организации праздников, Услуги праздничного оформления | Ветеринария, Товары / услуги для животных -> Ветеринарные аптеки, Ветеринарные клиники, Зоотовары | Красота / Здоровье -> Барбершопы"
18805413,https://investmoscow.ru/tenders/tender/18805413,2022-12-19,2022-12,2023-12,2023-12-31,377,"Центральный административный округ, Пресненский, Российская Федерация, город Москва, внутригородская территория муниципальный округ Пресненский, Брюсов переулок, дом 7, этаж № 5",брюсов переулок 7,1,medium,"Sneg gallery, студия багетного декора",Художественные изделия / материалы -> Багетные мастерские,"Sneg gallery, студия багетного декора",Художественные изделия / материалы -> Багетные мастерские
18805521,https://investmoscow.ru/tenders/tender/18805521,2024-08-23,2024-09,2024-10,2024-10-31,69,"Юго-Западный административный округ, Южное Бутово, Чечёрский проезд, дом 120, Этаж № 1",чечерский проезд 120,1,high,Даровит-Агро,Товары / услуги для животных -> Сельхозкорма,Даровит-Агро,Товары / услуги для животных -> Сельхозкорма
18809702,https://investmoscow.ru/tenders/tender/18809702,2022-12-21,2023-12,2024-05,2024-05-31,527,"Северо-Восточный административный округ, Марьина роща, Российская Федерация, город Москва, внутригородская территория муниципальный округ Марьина Роща, 1-я Ямская улица, дом 3/7, Подвал № 0",1 я ямская улица 3/7,7,low,"FLOS, магазин цветов | Адвокатская палата Московской области | Flemingo, салон штор","Спецмагазины, Тара / Упаковка -> Доставка цветов, Подарочная упаковка, Сувениры, Товары для праздничного оформления / организации праздников, Цветы | Юридические услуги -> Ведение дел в судах, Коллекторские услуги, Лицензирование, Услуги адвоката, Юридические услуги | Архитектура / Проектирование / Дизайн, Предметы интерьера / экстерьера, Текстиль -> Дизайн интерьеров, Жалюзи, Портьерные ткани / Шторы, Постельные принадлежности / Текстиль для дома, Текстиль для ресторанов / гостиниц / санаториев","FLOS, магазин цветов | Адвокатская палата Московской области | Flemingo, салон штор | Optima certification, сертификационная компания | Ozon","Спецмагазины, Тара / Упаковка -> Доставка цветов, Подарочная упаковка, Сувениры, Товары для праздничного оформления / организации праздников, Цветы | Юридические услуги -> Ведение дел в судах, Коллекторские услуги, Лицензирование, Услуги адвоката, Юридические услуги | Архитектура / Проектирование / Дизайн, Предметы интерьера / экстерьера, Текстиль -> Дизайн интерьеров, Жалюзи, Портьерные ткани / Шторы, Постельные принадлежности / Текстиль для дома, Текстиль для ресторанов / гостиниц / санаториев | Юридические услуги -> Сертификация | Грузоперевозки / Транспортные услуги -> Пункты выдачи интернет-заказов"
18809811,https://investmoscow.ru/tenders/tender/18809811,2022-12-22,2022-12,2023-12,2023-12-31,374,"Южный административный округ, Орехово-Борисово Южное, Российская Федерация, город Москва, внутригородская территория муниципальный округ Орехово-Борисово Южное, Домодедовская улица, дом 27, Этаж № 1",домодедовская улица 27,1,medium,"Ozon, Пункт выдачи товара",Грузоперевозки / Транспортные услуги -> Пункты выдачи интернет-заказов,"Ozon, Пункт выдачи товара",Грузоперевозки / Транспортные услуги -> Пункты выдачи интернет-заказов
18810032,https://investmoscow.ru/tenders/tender/18810032,2022-12-21,2023-12,2024-05,2024-05-31,527,"Северо-Восточный административный округ, Бабушкинский, Российская Федерация, город Москва, внутригородская территория муниципальный округ Бабушкинский, Верхоянская улица, дом 10, Этаж № 1",верхоянская улица 10,1,medium,"Магнит, супермаркет",Торговые комплексы -> Супермаркеты,"Магнит, супермаркет",Торговые комплексы -> Супермаркеты
18813911,https://investmoscow.ru/tenders/tender/18813911,2022-12-20,2022-12,2023-12,2023-12-31,376,"Северный административный округ, Савеловский, Российская Федерация, город Москва, внутригородская территория муниципальный округ Савеловский, Петровско-Разумовский проезд, дом 16, Подвал № 0",петровско разумовский проезд 16,9,low,"Яндекс.Маркет, пункт выдачи товара | Agata Karobka, avant-garde designer | Zonelbeauty",Грузоперевозки / Транспортные услуги -> Пункты выдачи интернет-заказов | Красота / Здоровье -> Услуги имидж-консультанта | Красота / Здоровье -> Услуги по оформлению ресниц / бровей,"Яндекс.Маркет, пункт выдачи товара | Agata Karobka, avant-garde designer | Zonelbeauty | Tea bombs | Check and Fix",Грузоперевозки / Транспортные услуги -> Пункты выдачи интернет-заказов | Красота / Здоровье -> Услуги имидж-консультанта | Красота / Здоровье -> Услуги по оформлению ресниц / бровей | Напитки -> Продажа чая | Аудио / Видео / Бытовая техника -> Ремонт / установка бытовой техники
18814084,https://investmoscow.ru/tenders/tender/18814084,2022-12-20,2022-12,2023-12,2023-12-31,376,"Центральный административный округ, Басманный, Российская Федерация, город Москва, внутригородская территория муниципальный округ Басманный, улица Машкова, дом 21, Подвал № 0",улица машкова 21,1,medium,Волна,Туризм / Отдых -> Хостелы,Волна,Туризм / Отдых -> Хостелы
18814387,https://investmoscow.ru/tenders/tender/18814387,2022-12-20,2022-12,2023-12,2023-12-31,376,"Западный административный округ, Дорогомилово, Российская Федерация, город Москва, внутригородская территория муниципальный округ Дорогомилово, Бережковская набережная, дом 14, Подвал № 0",бережковская набережная 14,1,medium,Smt Health,"Медицинские услуги -> Услуги мануального терапевта, Услуги невролога, Услуги травматолога-ортопеда",Smt Health,"Медицинские услуги -> Услуги мануального терапевта, Услуги невролога, Услуги травматолога-ортопеда"
18815577,https://investmoscow.ru/tenders/tender/18815577,2022-12-20,2022-12,2023-12,2023-12-31,376,"Северо-Восточный административный округ, Бутырский, Российская Федерация, город Москва, внутригородская территория муниципальный округ Бутырский, улица Руставели, дом 19, Подвал № 0",улица руставели 19,4,low,Химмаш аппарат | ИК вариант | Магазин фруктов и овощей,Промышленное оборудование -> Нефтегазовое оборудование | Банковские / финансовые услуги -> Инвестиционные компании | Продукты питания -> Овощи / Фрукты,"Химмаш аппарат | ИК вариант | Магазин фруктов и овощей | Букет Бюро, студия флористики","Промышленное оборудование -> Нефтегазовое оборудование | Банковские / финансовые услуги -> Инвестиционные компании | Продукты питания -> Овощи / Фрукты | Спецмагазины, Тара / Упаковка, Услуги по организации праздников / досуга -> Доставка цветов, Подарочная упаковка, Товары для праздничного оформления / организации праздников, Услуги праздничного оформления, Цветы"
18816523,https://investmoscow.ru/tenders/tender/18816523,2022-12-23,2023-12,2024-05,2024-05-31,525,"9-я Парковая улица, дом 43/26, Этаж № 1",9 я парковая улица 43/26,3,medium,"Manki Manik, салон красоты | Образ, изостудия | Centr-Estet, стоматологическая клиника","Красота / Здоровье -> Ногтевые студии, Услуги по оформлению ресниц / бровей | Дополнительное образование / Развивающие курсы -> Курсы творчества и рукоделия для взрослых | Медицинские услуги -> Частные стоматологии","Manki Manik, салон красоты | Образ, изостудия | Centr-Estet, стоматологическая клиника","Красота / Здоровье -> Ногтевые студии, Услуги по оформлению ресниц / бровей | Дополнительное образование / Развивающие курсы -> Курсы творчества и рукоделия для взрослых | Медицинские услуги -> Частные стоматологии"
18818241,https://investmoscow.ru/tenders/tender/18818241,2022-12-23,2022-12,2023-12,2023-12-31,373,"Северо-Западный административный округ, Хорошево-Мневники, город Москва, Живописная улица, дом 24, Этаж № 1",живописная улица 24,4,low,"Магнолия, супермаркет | Агентство по продаже воздушных шаров | Дэнди, зоосалон","Спецмагазины, Торговые комплексы -> Доставка продуктов / хозтоваров, Супермаркеты | Спецмагазины -> Товары для праздничного оформления / организации праздников | Товары / услуги для животных -> Услуги по уходу за животными","Магнолия, супермаркет | Агентство по продаже воздушных шаров | Дэнди, зоосалон | Магнолия, магазин продуктов","Спецмагазины, Торговые комплексы -> Доставка продуктов / хозтоваров, Супермаркеты | Спецмагазины -> Товары для праздничного оформления / организации праздников | Товары / услуги для животных -> Услуги по уходу за животными | Продукты питания -> Продуктовые магазины"
18818446,https://investmoscow.ru/tenders/tender/18818446,2022-12-23,2024-05,2024-09,2024-09-30,647,"Восточный административный округ, Измайлово, Российская Федерация, город Москва, внутригородская территория муниципальный округ Измайлово, 4-я Парковая улица, дом 24А, Подвал № 0",4 я парковая улица 24а,1,medium,"Klim, ателье",Ателье -> Швейные ателье,"Klim, ателье",Ателье -> Швейные ателье
18819479,https://investmoscow.ru/tenders/tender/18819479,2022-12-23,2023-12,2024-05,2024-05-31,525,"Центральный административный округ, Таганский, Российская Федерация, город Москва, внутригородская территория муниципальный округ Таганский, Новорогожская улица, дом 42, Этаж № 1",новорогожская улица 42,2,medium,"Нэни, детский сад | Ozon",Общее образование / Центры раннего развития детей -> Частные детские сады | Грузоперевозки / Транспортные услуги -> Пункты выдачи интернет-заказов,"Нэни, детский сад | Ozon",Общее образование / Центры раннего развития детей -> Частные детские сады | Грузоперевозки / Транспортные услуги -> Пункты выдачи интернет-заказов
18819717,https://investmoscow.ru/tenders/tender/18819717,2022-12-23,2022-12,2023-12,2023-12-31,373,"Северо-Западный административный округ, Щукино, Российская Федерация, город Москва, внутригородская территория муниципальный округ Щукино, улица Маршала Новикова, дом 7, Антресоль № 1, Этаж № 1",улица маршала новикова 7,4,low,Pique Nique Express | Ozon | Институт остеопатии и метавитоники профессора Э.М. Нейматова,Общественное питание -> Точки кофе | Грузоперевозки / Транспортные услуги -> Пункты выдачи интернет-заказов | Медицинские услуги -> Услуги альтернативной медицины,"Pique Nique Express | Ozon | Институт остеопатии и метавитоники профессора Э.М. Нейматова | Винлаб, супермаркет напитков","Общественное питание -> Точки кофе | Грузоперевозки / Транспортные услуги -> Пункты выдачи интернет-заказов | Медицинские услуги -> Услуги альтернативной медицины | Напитки, Продукты питания -> Алкогольные напитки, Продуктовые магазины"
18819857,https://investmoscow.ru/tenders/tender/18819857,2022-12-23,2023-12,2024-05,2024-05-31,525,"Северо-Восточный административный округ, Северное Медведково, Российская Федерация, город Москва, внутригородская территория муниципальный округ Северное Медведково, проезд Шокальского, дом 21, Этаж № 1",проезд шокальского 21,2,medium,"Miss o nails, центр подологии | Ozon","Красота / Здоровье, Медицинские услуги -> Ногтевые студии, Парикмахерские, Услуги перманентного макияжа, Услуги по оформлению ресниц / бровей, Услуги подолога, Эпиляция | Грузоперевозки / Транспортные услуги -> Пункты выдачи интернет-заказов","Miss o nails, центр подологии | Ozon","Красота / Здоровье, Медицинские услуги -> Ногтевые студии, Парикмахерские, Услуги перманентного макияжа, Услуги по оформлению ресниц / бровей, Услуги подолога, Эпиляция | Грузоперевозки / Транспортные услуги -> Пункты выдачи интернет-заказов"
18821762,https://investmoscow.ru/tenders/tender/18821762,2022-12-23,2022-12,2023-12,2023-12-31,373,"Центральный административный округ, Мещанский, Российская Федерация, город Москва, внутригородская территория муниципальный округ Мещанский, Трифоновская улица, дом 55, Этаж № 1",трифоновская улица 55,2,medium,"Госфарм, аптека | СДЭК, служба доставки и логистики","Медицинские товары -> Аптеки | Грузоперевозки / Транспортные услуги -> Авиагрузоперевозки, Междугородные автогрузоперевозки, Международные грузоперевозки, Экспресс-почта","Госфарм, аптека | СДЭК, служба доставки и логистики","Медицинские товары -> Аптеки | Грузоперевозки / Транспортные услуги -> Авиагрузоперевозки, Междугородные автогрузоперевозки, Международные грузоперевозки, Экспресс-почта"
18828364,https://investmoscow.ru/tenders/tender/18828364,2023-01-23,2022-12,2023-12,2023-12-31,342,"Центральный административный округ, Красносельский, Российская Федерация, город Москва, внутригородская территория муниципальный округ Красносельский, Луков переулок, дом 8, антресоль № 1, этаж № 1, подвал № 0",луков переулок 8,2,medium,"Dolls, мужской клуб | Пятёрочка, супермаркет","Места отдыха / Развлекательные заведения, Общественное питание -> Бары, Ночные клубы, Стриптиз-клубы | Спецмагазины, Торговые комплексы -> Доставка продуктов / хозтоваров, Супермаркеты","Dolls, мужской клуб | Пятёрочка, супермаркет","Места отдыха / Развлекательные заведения, Общественное питание -> Бары, Ночные клубы, Стриптиз-клубы | Спецмагазины, Торговые комплексы -> Доставка продуктов / хозтоваров, Супермаркеты"
18829611,https://investmoscow.ru/tenders/tender/18829611,2023-01-20,2023-12,2024-05,2024-05-31,497,"Центральный административный округ, Хамовники, Российская Федерация, город Москва, внутригородская территория муниципальный округ Хамовники, Курсовой переулок, дом 15, Подвал № 0",курсовой переулок 15,3,medium,"Цыпа Donner, магазин фастфудной продукции | Ваш магазинчик, продуктовый магазин | Экспресс-кофейня","Общественное питание -> Быстрое питание, Кулинарии | Продукты питания -> Продуктовые магазины | Общественное питание -> Быстрое питание, Точки кофе","Цыпа Donner, магазин фастфудной продукции | Ваш магазинчик, продуктовый магазин | Экспресс-кофейня","Общественное питание -> Быстрое питание, Кулинарии | Продукты питания -> Продуктовые магазины | Общественное питание -> Быстрое питание, Точки кофе"
18830509,https://investmoscow.ru/tenders/tender/18830509,2023-01-27,2022-12,2023-12,2023-12-31,338,"Центральный административный округ, Замоскворечье, Российская Федерация, город Москва, внутригородская территория муниципальный округ Замоскворечье, Космодамианская набережная, дом 36, Этаж № 1",космодамианская набережная 36,1,low,"Artefacto.ru, мебельный салон","Мебель, Отделочные материалы, Предметы интерьера / экстерьера -> Кованые изделия, Мебель для ванных комнат, Мебель для кухни, Мягкая мебель, Стекло / Зеркала","Artefacto.ru, мебельный салон","Мебель, Отделочные материалы, Предметы интерьера / экстерьера -> Кованые изделия, Мебель для ванных комнат, Мебель для кухни, Мягкая мебель, Стекло / Зеркала"
18830746,https://investmoscow.ru/tenders/tender/18830746,2023-01-27,2022-12,2023-12,2023-12-31,338,"Центральный административный округ, Красносельский, Российская Федерация, город Москва, внутригородская территория муниципальный округ Красносельский, Красносельский тупик, дом 5, Этаж № 1",красносельский тупик 5,1,high,"Патриот групп, кадровое агентство",Работа / Карьера -> Кадровые / рекрутинговые агентства,"Патриот групп, кадровое агентство",Работа / Карьера -> Кадровые / рекрутинговые агентства
18833006,https://investmoscow.ru/tenders/tender/18833006,2023-01-20,2022-12,2023-12,2023-12-31,345,"Центральный административный округ, Хамовники, Российская Федерация, город Москва, внутригородская территория муниципальный округ Хамовники, 1-й Неопалимовский переулок, дом 11/22, Подвал № 0",1 й неопалимовский переулок 11/22,1,high,"Qlean, клининговая компания","Бытовые услуги -> Мастерские по ремонту одежды, Химчистки обуви, Химчистки одежды / текстиля","Qlean, клининговая компания","Бытовые услуги -> Мастерские по ремонту одежды, Химчистки обуви, Химчистки одежды / текстиля"
18835084,https://investmoscow.ru/tenders/tender/18835084,2023-01-20,2022-12,2023-12,2023-12-31,345,"Юго-Западный административный округ, Гагаринский, Российская Федерация, город Москва, внутригородская территория муниципальный округ Гагаринский, Ленинский проспект, дом 44, подвал № 0, этаж № 1",ленинский проспект 44,7,low,"Mintexpo, компания | Московское долголетие, центр социального обслуживания | Exmail, служба доставки и логистики",Торговое оборудование -> Торгово-выставочное оборудование | Центры творчества и досуга -> Культурно-досуговые центры для взрослых | Грузоперевозки / Транспортные услуги -> Экспресс-почта,"Mintexpo, компания | Московское долголетие, центр социального обслуживания | Exmail, служба доставки и логистики | Avito, пункт выдачи заказов | Ozon, Пункт выдачи товара",Торговое оборудование -> Торгово-выставочное оборудование | Центры творчества и досуга -> Культурно-досуговые центры для взрослых | Грузоперевозки / Транспортные услуги -> Экспресс-почта | Грузоперевозки / Транспортные услуги -> Пункты выдачи интернет-заказов
18835558,https://investmoscow.ru/tenders/tender/18835558,2023-01-23,2022-12,2023-12,2023-12-31,342,"Северо-Восточный административный округ, Ростокино, Российская Федерация, город Москва, внутригородская территория муниципальный округ Ростокино, проспект Мира, дом 194, Подвал № 0",проспект мира 194,1,high,БухгалтерПрофи,Бизнес-услуги -> Бухгалтерские услуги,БухгалтерПрофи,Бизнес-услуги -> Бухгалтерские услуги
18837633,https://investmoscow.ru/tenders/tender/18837633,2023-01-23,2022-12,2023-12,2023-12-31,342,"Центральный административный округ, Тверской, Российская Федерация, город Москва, внутригородская территория муниципальный округ Тверской, Долгоруковская улица, дом 29, Подвал № 0",долгоруковская улица 29,3,low,"Lnur nails, студия красоты | zimina.lab, салон наращивания ресниц | Barbershop","Красота / Здоровье -> Ногтевые студии, Услуги по оформлению ресниц / бровей, Эпиляция | Дополнительное образование / Развивающие курсы, Красота / Здоровье -> Обучение мастеров для салонов красоты, Услуги косметолога, Услуги по оформлению ресниц / бровей | Красота / Здоровье -> Барбершопы","Lnur nails, студия красоты | zimina.lab, салон наращивания ресниц | Barbershop","Красота / Здоровье -> Ногтевые студии, Услуги по оформлению ресниц / бровей, Эпиляция | Дополнительное образование / Развивающие курсы, Красота / Здоровье -> Обучение мастеров для салонов красоты, Услуги косметолога, Услуги по оформлению ресниц / бровей | Красота / Здоровье -> Барбершопы"
18844606,https://investmoscow.ru/tenders/tender/18844606,2023-02-03,2022-12,2023-12,2023-12-31,331,"Юго-Восточный административный округ, Марьино, Российская Федерация, город Москва, внутригородская территория муниципальный округ Марьино, Люблинская улица, дом 130, этаж № 1",люблинская улица 130,1,high,"Винлаб, супермаркет напитков","Напитки, Продукты питания -> Алкогольные напитки, Продуктовые магазины","Винлаб, супермаркет напитков","Напитки, Продукты питания -> Алкогольные напитки, Продуктовые магазины"
18844764,https://investmoscow.ru/tenders/tender/18844764,2023-02-06,2022-12,2023-12,2023-12-31,328,"Российская Федерация, город Москва, внутригородская территория муниципальный округ Хамовники, Комсомольский проспект, дом 3, Подвал № 0",комсомольский проспект 3,1,low,Дельта икс,Недвижимость -> Аренда помещений,Дельта икс,Недвижимость -> Аренда помещений
18845451,https://investmoscow.ru/tenders/tender/18845451,2023-02-02,2022-12,2023-12,2023-12-31,332,"Южный административный округ, Донской, Российская Федерация, город Москва, внутригородская территория муниципальный округ Донской, улица Шаболовка, дом 52, Этаж №1",улица шаболовка 52,1,high,"Лотос, пункт приема",Бытовые услуги -> Химчистки одежды / текстиля,"Лотос, пункт приема",Бытовые услуги -> Химчистки одежды / текстиля
18845742,https://investmoscow.ru/tenders/tender/18845742,2023-02-06,2022-12,2023-12,2023-12-31,328,"Российская Федерация, город Москва, внутригородская территория муниципальный округ Хамовники, Комсомольский проспект, дом 3, Подвал № 0",комсомольский проспект 3,1,low,Дельта икс,Недвижимость -> Аренда помещений,Дельта икс,Недвижимость -> Аренда помещений
18847167,https://investmoscow.ru/tenders/tender/18847167,2023-02-03,2023-12,2024-05,2024-05-31,483,"Южный административный округ, Даниловский, Российская Федерация, город Москва, внутригородская территория муниципальный округ Даниловский, Дербеневская набережная, дом 1/2, Этаж № 1",дербеневская набережная 1/2,12,low,"БиоФункциональная стоматология Артура Макарова, стоматологический центр | Майер, группа компаний | НатилиРус, торговая компания","Медицинские услуги -> Частные стоматологии | Издательское дело / Полиграфия -> Оперативная полиграфия, Полиграфические услуги | Красота / Здоровье -> Косметика / Парфюмерия","БиоФункциональная стоматология Артура Макарова, стоматологический центр | Майер, группа компаний | НатилиРус, торговая компания | Медуспех, компания | Новтэк","Медицинские услуги -> Частные стоматологии | Издательское дело / Полиграфия -> Оперативная полиграфия, Полиграфические услуги | Красота / Здоровье -> Косметика / Парфюмерия | Дополнительное образование / Развивающие курсы, Красота / Здоровье -> Косметика / Парфюмерия, Обучение мастеров для салонов красоты, Услуги косметолога, Эпиляция | Отделочные материалы -> Герметики / Клеи"
18847281,https://investmoscow.ru/tenders/tender/18847281,2023-02-03,2023-12,2024-05,2024-05-31,483,"Центральный административный округ, Мещанский, Российская Федерация, город Москва, внутригородская территория муниципальный округ Мещанский, Астраханский переулок, дом 1/15, Подвал № 0",астраханский переулок 1/15,14,low,"Пальчики, ногтевая студия | Табак&vape by smoke bar, магазин электронных сигарет | Черная Кость, сеть мужских парикмахерских","Красота / Здоровье -> Ногтевые студии, Услуги по оформлению ресниц / бровей | Продукты питания -> Табачные изделия / Товары для курения, Электронные сигареты | Красота / Здоровье -> Барбершопы","Пальчики, ногтевая студия | Табак&vape by smoke bar, магазин электронных сигарет | Черная Кость, сеть мужских парикмахерских | EnerGo, автомат аренды аккумуляторов для гаджетов | Ароматный мир, винный супермаркет","Красота / Здоровье -> Ногтевые студии, Услуги по оформлению ресниц / бровей | Продукты питания -> Табачные изделия / Товары для курения, Электронные сигареты | Красота / Здоровье -> Барбершопы | Средства связи -> Станции зарядки мобильных телефонов | Напитки, Торговые комплексы -> Алкогольные напитки, Супермаркеты"
18847482,https://investmoscow.ru/tenders/tender/18847482,2023-02-08,2022-12,2023-12,2023-12-31,326,"Восточный административный округ, Косино-Ухтомский, город Москва, Святоозерская улица, дом 5, Этаж № 1",святоозерская улица 5,2,medium,"Каскад, салон красоты | СтройПлит, компания","Красота / Здоровье -> Парикмахерские, Услуги визажиста | Строительные материалы / конструкции -> ДСП / ДВП / Фанера, Строительные материалы, Сухие строительные смеси, Теплоизоляционные материалы","Каскад, салон красоты | СтройПлит, компания","Красота / Здоровье -> Парикмахерские, Услуги визажиста | Строительные материалы / конструкции -> ДСП / ДВП / Фанера, Строительные материалы, Сухие строительные смеси, Теплоизоляционные материалы"
18849466,https://investmoscow.ru/tenders/tender/18849466,2023-02-09,2022-12,2023-12,2023-12-31,325,"Южный административный округ, Даниловский, Российская Федерация, город Москва, внутригородская территория муниципальный округ Даниловский, улица Лобанова, дом 5, Подвал № 0",улица лобанова 5,2,medium,"АТМОквест, агентство по организации праздников и квестов | Qwestern, компания по организации квестов","Спецмагазины, Услуги по организации праздников / досуга -> Организация и проведение квестов, Организация и проведение праздников, Товары для праздничного оформления / организации праздников, Услуги праздничного оформления | Услуги по организации праздников / досуга -> Организация и проведение квестов","АТМОквест, агентство по организации праздников и квестов | Qwestern, компания по организации квестов","Спецмагазины, Услуги по организации праздников / досуга -> Организация и проведение квестов, Организация и проведение праздников, Товары для праздничного оформления / организации праздников, Услуги праздничного оформления | Услуги по организации праздников / досуга -> Организация и проведение квестов"
18851996,https://investmoscow.ru/tenders/tender/18851996,2023-02-14,2023-12,2024-05,2024-05-31,472,"Юго-Западный административный округ, Зюзино, Российская Федерация, город Москва, внутригородская территория муниципальный округ Зюзино, Большая Юшуньская улица, дом 7, Этаж №2",большая юшуньская улица 7,5,low,"Арс, автосервис | Гаражно-строительный кооператив №28 | Московский печной центр","Автосервис -> Автомойки, Авторемонт и техобслуживание (СТО), Детейлинг, Кузовной ремонт, Ремонт рулевых реек, Услуги по замене масла, Шиномонтаж | Автотранспорт -> Гаражные кооперативы | Предметы интерьера / экстерьера -> Мангалы / Коптильни / Тандыры, Печи / камины для помещений","Арс, автосервис | Гаражно-строительный кооператив №28 | Московский печной центр | Kaledo, компания по продаже чугунных печей | Ай грядки!, интернет-магазин","Автосервис -> Автомойки, Авторемонт и техобслуживание (СТО), Детейлинг, Кузовной ремонт, Ремонт рулевых реек, Услуги по замене масла, Шиномонтаж | Автотранспорт -> Гаражные кооперативы | Предметы интерьера / экстерьера -> Мангалы / Коптильни / Тандыры, Печи / камины для помещений | Предметы интерьера / экстерьера -> Печи / камины для помещений | Садово-хозяйственные товары -> Садово-огородный инвентарь / техника"
18854477,https://investmoscow.ru/tenders/tender/18854477,2023-02-03,2022-12,2023-12,2023-12-31,331,"Российская Федерация, город Москва, внутригородская территория муниципальный округ Хамовники, Комсомольский проспект, дом 3, Подвал № 0",комсомольский проспект 3,1,low,Дельта икс,Недвижимость -> Аренда помещений,Дельта икс,Недвижимость -> Аренда помещений
18855549,https://investmoscow.ru/tenders/tender/18855549,2023-02-01,2022-12,2023-12,2023-12-31,333,"Центральный административный округ, Таганский, Российская Федерация, город Москва, внутригородская территория муниципальный округ Таганский, Яузская улица, дом 5, Мансарда № 0",яузская улица 5,4,low,"Fhub Showroom, офис | Fossbeauty, салон красоты | Бери заряд!, станция зарядки телефонов","Детские товары, Одежда / Аксессуары -> Бижутерия, Детская обувь, Детская одежда, Женская одежда, Мужская одежда | Красота / Здоровье -> Ногтевые студии, Услуги визажиста, Услуги по оформлению ресниц / бровей | Средства связи -> Станции зарядки мобильных телефонов","Fhub Showroom, офис | Fossbeauty, салон красоты | Бери заряд!, станция зарядки телефонов | Школа ногтевого сервиса","Детские товары, Одежда / Аксессуары -> Бижутерия, Детская обувь, Детская одежда, Женская одежда, Мужская одежда | Красота / Здоровье -> Ногтевые студии, Услуги визажиста, Услуги по оформлению ресниц / бровей | Средства связи -> Станции зарядки мобильных телефонов | Дополнительное образование / Развивающие курсы -> Обучение мастеров для салонов красоты"
18855607,https://investmoscow.ru/tenders/tender/18855607,2023-02-14,2022-12,2023-12,2023-12-31,320,"Москва, проезд. Русанова, д. 17, Подвал №0",проезд русанова 17,3,medium,"Авокадо, магазин у дома | Massimo Pizzeri, пиццерия | Киоск фастфудной продукции","Продукты питания -> Продуктовые магазины | Общественное питание -> Кафе, Пиццерии | Общественное питание -> Быстрое питание","Авокадо, магазин у дома | Massimo Pizzeri, пиццерия | Киоск фастфудной продукции","Продукты питания -> Продуктовые магазины | Общественное питание -> Кафе, Пиццерии | Общественное питание -> Быстрое питание"
18856198,https://investmoscow.ru/tenders/tender/18856198,2023-02-09,2023-12,2024-05,2024-05-31,477,"Российская Федерация, город Москва, внутригородская территория муниципальный округ Хамовники, улица Хамовнический Вал, дом 4, Этаж № 1, Подвал № 0, Антресоль № 1",улица хамовнический вал 4,2,medium,"Виктория-2000, средняя общеобразовательная школа | Альфа Код, студия робототехники","Общее образование / Центры раннего развития детей -> Школы | Дополнительное образование / Развивающие курсы, Центры творчества и досуга -> Детские / подростковые клубы, Компьютерные курсы, Курсы робототехники","Виктория-2000, средняя общеобразовательная школа | Альфа Код, студия робототехники","Общее образование / Центры раннего развития детей -> Школы | Дополнительное образование / Развивающие курсы, Центры творчества и досуга -> Детские / подростковые клубы, Компьютерные курсы, Курсы робототехники"
18857407,https://investmoscow.ru/tenders/tender/18857407,2023-02-13,2022-12,2023-12,2023-12-31,321,"Северный административный округ, Левобережный, Российская Федерация, город Москва, внутригородская территория муниципальный округ Левобережный, Валдайский проезд, дом 8, Подвал №0",валдайский проезд 8,1,low,Чайхана №7,Общественное питание -> Кафе,Чайхана №7,Общественное питание -> Кафе
18871067,https://investmoscow.ru/tenders/tender/18871067,2023-02-21,2023-12,2024-05,2024-05-31,465,"Российская Федерация, город Москва, внутригородская территория муниципальный округ Лефортово, 1-й Краснокурсантский проезд, дом 5/7, Подвал №0",1 й краснокурсантский проезд 5/7,1,medium,"Новая Надежда, Московская церковь Евангельских Христиан",Религия -> Религиозные организации,"Новая Надежда, Московская церковь Евангельских Христиан",Религия -> Религиозные организации
18873937,https://investmoscow.ru/tenders/tender/18873937,2023-03-02,2023-12,2024-05,2024-05-31,456,"Центральный административный округ, Басманный, Российская Федерация, город Москва, внутригородская территория муниципальный округ Басманный, улица Машкова, дом 17, Подвал №0",улица машкова 17,5,low,"Ozon | Парафарм, офис | Praktika, центр подологии","Грузоперевозки / Транспортные услуги -> Пункты выдачи интернет-заказов | Медицинские товары -> Биологически активные добавки (БАД) | Красота / Здоровье, Медицинские услуги, Оборудование для сферы услуг -> Косметика / расходные материалы для салонов красоты, Ногтевые студии, Оборудование для салонов красоты, Услуги подолога","Ozon | Парафарм, офис | Praktika, центр подологии | Lulu Beauty Store, магазин косметики | LabelUp, компания","Грузоперевозки / Транспортные услуги -> Пункты выдачи интернет-заказов | Медицинские товары -> Биологически активные добавки (БАД) | Красота / Здоровье, Медицинские услуги, Оборудование для сферы услуг -> Косметика / расходные материалы для салонов красоты, Ногтевые студии, Оборудование для салонов красоты, Услуги подолога | Красота / Здоровье -> Косметика / Парфюмерия | Рекламные услуги -> Размещение рекламы в интернете"
18880230,https://investmoscow.ru/tenders/tender/18880230,2023-02-21,2023-12,2024-05,2024-05-31,465,"Российская Федерация, город Москва, внутригородская территория муниципальный округ Очаково-Матвеевское, Веерная улица, дом 26А, Этаж 1, пом. 2Н",веерная улица 26а,2,low,"Бристоль, магазин | Lamoda, интернет-магазин","Напитки, Торговые комплексы -> Алкогольные напитки, Супермаркеты | Грузоперевозки / Транспортные услуги -> Пункты выдачи интернет-заказов","Бристоль, магазин | Lamoda, интернет-магазин","Напитки, Торговые комплексы -> Алкогольные напитки, Супермаркеты | Грузоперевозки / Транспортные услуги -> Пункты выдачи интернет-заказов"
18880231,https://investmoscow.ru/tenders/tender/18880231,2023-02-21,2023-12,2024-05,2024-05-31,465,"Российская Федерация, город Москва, внутригородская территория муниципальный округ Очаково-Матвеевское, Веерная улица, дом 26А, Этаж 1, пом. 3Н",веерная улица 26а,2,low,"Бристоль, магазин | Lamoda, интернет-магазин","Напитки, Торговые комплексы -> Алкогольные напитки, Супермаркеты | Грузоперевозки / Транспортные услуги -> Пункты выдачи интернет-заказов","Бристоль, магазин | Lamoda, интернет-магазин","Напитки, Торговые комплексы -> Алкогольные напитки, Супермаркеты | Грузоперевозки / Транспортные услуги -> Пункты выдачи интернет-заказов"
18880298,https://investmoscow.ru/tenders/tender/18880298,2023-02-21,2022-12,2023-12,2023-12-31,313,"Кантемировская улица, дом 27А, Этаж 1, пом. 4Н",кантемировская улица 27а,3,low,"Красное&Белое, магазин | Ecokupi, магазин | Britva, барбершоп","Напитки -> Алкогольные напитки | Красота / Здоровье, Медицинские товары, Садово-хозяйственные товары -> Бытовая химия, Косметика / Парфюмерия, Средства гигиены | Красота / Здоровье -> Барбершопы","Красное&Белое, магазин | Ecokupi, магазин | Britva, барбершоп","Напитки -> Алкогольные напитки | Красота / Здоровье, Медицинские товары, Садово-хозяйственные товары -> Бытовая химия, Косметика / Парфюмерия, Средства гигиены | Красота / Здоровье -> Барбершопы"
18884030,https://investmoscow.ru/tenders/tender/18884030,2023-02-21,2022-12,2023-12,2023-12-31,313,"Восточный административный округ, Новогиреево, Российская Федерация, город Москва, внутригородская территория муниципальный округ Новогиреево, Зелёный проспект, дом 20, Подвал № подвал",зеленый проспект 20,3,medium,"Авто-механика, автошкола | Золотая корона, пункт платежных сервисов | Деловое право, юридическая компания","Дополнительное образование / Развивающие курсы -> Автошколы, Мотошколы | Банковские / финансовые услуги -> Пункты денежных переводов | Юридические услуги -> Регистрация / ликвидация предприятий, Юридические услуги","Авто-механика, автошкола | Золотая корона, пункт платежных сервисов | Деловое право, юридическая компания","Дополнительное образование / Развивающие курсы -> Автошколы, Мотошколы | Банковские / финансовые услуги -> Пункты денежных переводов | Юридические услуги -> Регистрация / ликвидация предприятий, Юридические услуги"
18884886,https://investmoscow.ru/tenders/tender/18884886,2023-02-21,2022-12,2023-12,2023-12-31,313,"Юго-Восточный административный округ, Люблино, Российская Федерация, город Москва, внутригородская территория муниципальный округ Люблино, улица Судакова, дом 14, Подвал № 0",улица судакова 14,1,high,"Фармленд, аптека",Медицинские товары -> Аптеки,"Фармленд, аптека",Медицинские товары -> Аптеки
18884953,https://investmoscow.ru/tenders/tender/18884953,2023-02-21,2023-12,2024-05,2024-05-31,465,"Центральный административный округ, Арбат, Российская Федерация, город Москва, внутригородская территория муниципальный округ Арбат, Карманицкий переулок, дом 2/5, Подвал № 0",карманицкий переулок 2/5,2,low,"Bronzeglow, салон красоты | Нотариусы Потемкина В.Д. и Потемкина Ю.А.",Красота / Здоровье -> Студии загара | Юридические услуги -> Нотариальные услуги,"Bronzeglow, салон красоты | Нотариусы Потемкина В.Д. и Потемкина Ю.А.",Красота / Здоровье -> Студии загара | Юридические услуги -> Нотариальные услуги
18885167,https://investmoscow.ru/tenders/tender/18885167,2023-02-21,2023-12,2024-05,2024-05-31,465,"Юго-Западный административный округ, Зюзино, Российская Федерация, город Москва, внутригородская территория муниципальный округ Зюзино, Балаклавский проспект, дом 54, Подвал № 0",балаклавский проспект 54,1,medium,"Дикси, супермаркет","Спецмагазины, Торговые комплексы -> Доставка продуктов / хозтоваров, Супермаркеты","Дикси, супермаркет","Спецмагазины, Торговые комплексы -> Доставка продуктов / хозтоваров, Супермаркеты"
18885206,https://investmoscow.ru/tenders/tender/18885206,2023-02-21,2023-12,2024-05,2024-05-31,465,"Российская Федерация, город Москва, внутригородская территория муниципальный округ Ломоносовский, проспект Вернадского, дом 13, Подвал № 0",проспект вернадского 13,7,low,"Ozon | Бери заряд!, станция зарядки телефонов | Омцентр","Грузоперевозки / Транспортные услуги -> Пункты выдачи интернет-заказов | Средства связи -> Станции зарядки мобильных телефонов | Красота / Здоровье, Медицинские услуги -> SPA-процедуры, Услуги косметолога, Услуги массажиста, Услуги остеопата","Ozon | Бери заряд!, станция зарядки телефонов | Омцентр | Мастерская здоровья | Лотос, пункт приёма","Грузоперевозки / Транспортные услуги -> Пункты выдачи интернет-заказов | Средства связи -> Станции зарядки мобильных телефонов | Красота / Здоровье, Медицинские услуги -> SPA-процедуры, Услуги косметолога, Услуги массажиста, Услуги остеопата | Красота / Здоровье -> Услуги массажиста | Бытовые услуги -> Химчистки одежды / текстиля"
18885556,https://investmoscow.ru/tenders/tender/18885556,2023-02-21,2022-12,2023-12,2023-12-31,313,"Восточный административный округ, Сокольники, Российская Федерация, город Москва, внутригородская территория муниципальный округ Сокольники, улица Жебрунова, дом 2, Подвал № 0",улица жебрунова 2,1,low,Титул XXI век,Недвижимость -> Аренда помещений,Титул XXI век,Недвижимость -> Аренда помещений
18886098,https://investmoscow.ru/tenders/tender/18886098,2023-03-03,2022-12,2023-12,2023-12-31,303,"Центральный административный округ, Таганский, Российская Федерация, город Москва, внутригородская территория муниципальный округ Таганский, Верхняя Радищевская улица, дом 13-15, Подвал № 0",верхняя радищевская улица 13 15,3,low,"Green Vault, лаундж-бар | Кабинет маникюра | Propaints, магазин",Места отдыха / Развлекательные заведения -> Центры паровых коктейлей | Красота / Здоровье -> Ногтевые студии | Отделочные материалы -> Лакокрасочные материалы,"Green Vault, лаундж-бар | Кабинет маникюра | Propaints, магазин",Места отдыха / Развлекательные заведения -> Центры паровых коктейлей | Красота / Здоровье -> Ногтевые студии | Отделочные материалы -> Лакокрасочные материалы
18886356,https://investmoscow.ru/tenders/tender/18886356,2023-03-03,2022-12,2023-12,2023-12-31,303,"Западный административный округ, Дорогомилово, Российская Федерация, город Москва, внутригородская территория муниципальный округ Дорогомилово, улица 1812 Года, дом 2, Этаж № 1",улица 1812 года 2,1,medium,Квартира 595,"Красота / Здоровье -> Ногтевые студии, Услуги по оформлению ресниц / бровей",Квартира 595,"Красота / Здоровье -> Ногтевые студии, Услуги по оформлению ресниц / бровей"
18886461,https://investmoscow.ru/tenders/tender/18886461,2023-03-03,2022-12,2023-12,2023-12-31,303,"Центральный административный округ, Таганский, Российская Федерация, город Москва, внутригородская территория муниципальный округ Таганский, Таганская улица, дом 31/22, Этаж № 1, Антресоль № 1",таганская улица 31/22,9,low,"Веритас, консалтинговый центр | Ozon, Пункт выдачи товара | Яндекс.Маркет, Пункт выдачи товара",Бизнес-услуги -> Финансовый консалтинг | Грузоперевозки / Транспортные услуги -> Пункты выдачи интернет-заказов | Издательское дело / Полиграфия -> Копировальные услуги,"Веритас, консалтинговый центр | Ozon, Пункт выдачи товара | Яндекс.Маркет, Пункт выдачи товара | Сбер | Кошелек, пункт приема пластиковых карт","Бизнес-услуги -> Финансовый консалтинг | Грузоперевозки / Транспортные услуги -> Пункты выдачи интернет-заказов | Издательское дело / Полиграфия -> Копировальные услуги | Бытовые услуги -> Пункты приёма | Банковские / финансовые услуги, Юридические услуги -> Банки, Регистрация / ликвидация предприятий"
18887029,https://investmoscow.ru/tenders/tender/18887029,2023-03-03,2023-12,2024-05,2024-05-31,455,"Восточный административный округ, Новогиреево, Российская Федерация, город Москва, внутригородская территория муниципальный округ Новогиреево, Свободный проспект, дом 28, Подвал № 0",свободный проспект 28,6,low,"Alif dent, стоматологическая клиника | Комфорт оптика, салон | Лотос, пункт приема","Медицинские услуги -> Частные стоматологии | Медицинские товары, Медицинские услуги, Одежда / Аксессуары -> Контактные линзы, Оптика, Солнцезащитные очки, Услуги офтальмолога | Бытовые услуги -> Химчистки одежды / текстиля","Alif dent, стоматологическая клиника | Комфорт оптика, салон | Лотос, пункт приема | Ozon | Boxberry, отделение службы доставки","Медицинские услуги -> Частные стоматологии | Медицинские товары, Медицинские услуги, Одежда / Аксессуары -> Контактные линзы, Оптика, Солнцезащитные очки, Услуги офтальмолога | Бытовые услуги -> Химчистки одежды / текстиля | Грузоперевозки / Транспортные услуги -> Пункты выдачи интернет-заказов | Грузоперевозки / Транспортные услуги -> Экспресс-почта"
18888120,https://investmoscow.ru/tenders/tender/18888120,2023-02-28,2022-12,2023-12,2023-12-31,306,"Новомосковский административный округ, Десеновское, город Москва, поселение Десеновское, 1-я Нововатутинская улица, дом 3, Этаж № подвал, кл. 132",1 я нововатутинская улица 3,18,low,"Модные Детки, магазин детской одежды | Шоза суши, суши-бар | Канц Парк, магазин канцелярских товаров","Детские товары -> Детская обувь, Детская одежда, Школьная форма | Общественное питание -> Доставка готовых блюд | Издательское дело / Полиграфия, Книги / Канцелярия, Спецмагазины, Услуги по организации праздников / досуга -> Канцелярские товары / Учебные принадлежности, Копировальные услуги, Послепечатная обработка, Товары для праздничного оформления / организации праздников, Услуги праздничного оформления","Модные Детки, магазин детской одежды | Шоза суши, суши-бар | Канц Парк, магазин канцелярских товаров | Лучший друг, ветеринарная клиника | True Barbers","Детские товары -> Детская обувь, Детская одежда, Школьная форма | Общественное питание -> Доставка готовых блюд | Издательское дело / Полиграфия, Книги / Канцелярия, Спецмагазины, Услуги по организации праздников / досуга -> Канцелярские товары / Учебные принадлежности, Копировальные услуги, Послепечатная обработка, Товары для праздничного оформления / организации праздников, Услуги праздничного оформления | Ветеринария, Товары / услуги для животных -> Ветеринарные аптеки, Ветеринарные клиники, Зоотовары | Красота / Здоровье -> Барбершопы"
18888131,https://investmoscow.ru/tenders/tender/18888131,2023-02-28,2022-12,2023-12,2023-12-31,306,"Новомосковский административный округ, Десеновское, город Москва, поселение Десеновское, 1-я Нововатутинская улица, дом 3, Этаж № подвал (кл. 544)",1 я нововатутинская улица 3,18,low,"Модные Детки, магазин детской одежды | Шоза суши, суши-бар | Канц Парк, магазин канцелярских товаров","Детские товары -> Детская обувь, Детская одежда, Школьная форма | Общественное питание -> Доставка готовых блюд | Издательское дело / Полиграфия, Книги / Канцелярия, Спецмагазины, Услуги по организации праздников / досуга -> Канцелярские товары / Учебные принадлежности, Копировальные услуги, Послепечатная обработка, Товары для праздничного оформления / организации праздников, Услуги праздничного оформления","Модные Детки, магазин детской одежды | Шоза суши, суши-бар | Канц Парк, магазин канцелярских товаров | Лучший друг, ветеринарная клиника | True Barbers","Детские товары -> Детская обувь, Детская одежда, Школьная форма | Общественное питание -> Доставка готовых блюд | Издательское дело / Полиграфия, Книги / Канцелярия, Спецмагазины, Услуги по организации праздников / досуга -> Канцелярские товары / Учебные принадлежности, Копировальные услуги, Послепечатная обработка, Товары для праздничного оформления / организации праздников, Услуги праздничного оформления | Ветеринария, Товары / услуги для животных -> Ветеринарные аптеки, Ветеринарные клиники, Зоотовары | Красота / Здоровье -> Барбершопы"
18888236,https://investmoscow.ru/tenders/tender/18888236,2023-02-28,2022-12,2023-12,2023-12-31,306,"Новомосковский административный округ, Десеновское, город Москва, поселение Десеновское, 1-я Нововатутинская улица, дом 3, этаж № подвал, кл. 519",1 я нововатутинская улица 3,18,low,"Модные Детки, магазин детской одежды | Шоза суши, суши-бар | Канц Парк, магазин канцелярских товаров","Детские товары -> Детская обувь, Детская одежда, Школьная форма | Общественное питание -> Доставка готовых блюд | Издательское дело / Полиграфия, Книги / Канцелярия, Спецмагазины, Услуги по организации праздников / досуга -> Канцелярские товары / Учебные принадлежности, Копировальные услуги, Послепечатная обработка, Товары для праздничного оформления / организации праздников, Услуги праздничного оформления","Модные Детки, магазин детской одежды | Шоза суши, суши-бар | Канц Парк, магазин канцелярских товаров | Лучший друг, ветеринарная клиника | True Barbers","Детские товары -> Детская обувь, Детская одежда, Школьная форма | Общественное питание -> Доставка готовых блюд | Издательское дело / Полиграфия, Книги / Канцелярия, Спецмагазины, Услуги по организации праздников / досуга -> Канцелярские товары / Учебные принадлежности, Копировальные услуги, Послепечатная обработка, Товары для праздничного оформления / организации праздников, Услуги праздничного оформления | Ветеринария, Товары / услуги для животных -> Ветеринарные аптеки, Ветеринарные клиники, Зоотовары | Красота / Здоровье -> Барбершопы"
18888247,https://investmoscow.ru/tenders/tender/18888247,2023-02-28,2022-12,2023-12,2023-12-31,306,"Западный административный округ, Дорогомилово, Российская Федерация, город Москва, внутригородская территория муниципальный округ Дорогомилово, Кутузовский проспект, дом 30, Подвал № 0",кутузовский проспект 30,13,low,"El_brow | Консалтинг ПС, центр дополнительного образования | Реструктуризация.рф, компания","Красота / Здоровье -> Услуги по оформлению ресниц / бровей | Дополнительное образование / Развивающие курсы, Промышленный аудит / оценка, Работа / Карьера -> Кадровые / рекрутинговые агентства, Обучение по охране труда, Обучение рабочим профессиям, Охрана труда, Профессиональная переподготовка / Повышение квалификации | Юридические услуги -> Помощь в банкротстве физических лиц, Услуги медиаторов","El_brow | Консалтинг ПС, центр дополнительного образования | Реструктуризация.рф, компания | Energo, автомат аренды аккумуляторов для гаджетов | Сбер","Красота / Здоровье -> Услуги по оформлению ресниц / бровей | Дополнительное образование / Развивающие курсы, Промышленный аудит / оценка, Работа / Карьера -> Кадровые / рекрутинговые агентства, Обучение по охране труда, Обучение рабочим профессиям, Охрана труда, Профессиональная переподготовка / Повышение квалификации | Юридические услуги -> Помощь в банкротстве физических лиц, Услуги медиаторов | Средства связи -> Станции зарядки мобильных телефонов | Издательское дело / Полиграфия -> Копировальные услуги"
18888266,https://investmoscow.ru/tenders/tender/18888266,2023-02-28,2022-12,2023-12,2023-12-31,306,"Центральный административный округ, Пресненский, Российская Федерация, город Москва, внутригородская территория муниципальный округ Пресненский, улица Климашкина, дом 21, Подвал № 0",улица климашкина 21,1,high,"Золотая корона, пункт платежных сервисов",Банковские / финансовые услуги -> Пункты денежных переводов,"Золотая корона, пункт платежных сервисов",Банковские / финансовые услуги -> Пункты денежных переводов
18890063,https://investmoscow.ru/tenders/tender/18890063,2023-02-28,2022-12,2023-12,2023-12-31,306,"Северный административный округ, Беговой, г. Москва, ул. Беговая, д. 13, Подвал № 0",улица беговая 13,4,low,"Piazza Roma, магазин | Магазин цветов, шаров и подарков | Белый конь, шахматный клуб","Одежда / Аксессуары -> Верхняя одежда, Женская одежда, Сумки / Кожгалантерея | Спецмагазины, Услуги по организации праздников / досуга -> Услуги праздничного оформления, Цветы | Спортивные клубы / школы -> Спортивно-интеллектуальные клубы","Piazza Roma, магазин | Магазин цветов, шаров и подарков | Белый конь, шахматный клуб | Арт салон","Одежда / Аксессуары -> Верхняя одежда, Женская одежда, Сумки / Кожгалантерея | Спецмагазины, Услуги по организации праздников / досуга -> Услуги праздничного оформления, Цветы | Спортивные клубы / школы -> Спортивно-интеллектуальные клубы | Культура / Искусство -> Художественные выставки / Галереи"
18890564,https://investmoscow.ru/tenders/tender/18890564,2023-03-13,2023-12,2024-05,2024-05-31,445,"Южный административный округ, Даниловский, Российская Федерация, город Москва, внутригородская территория муниципальный округ Даниловский, 1-й Кожуховский проезд, дом 11, Подвал № 0, Этаж № 1, Этаж № 2",1 й кожуховский проезд 11,6,low,"Инспекция по контролю за благоустройством городских территорий | Лёгкая стоматология | Алексей Степанов и партнеры, юридическая консультация","Органы государственного управления / надзора -> Инспекции | Медицинские услуги -> Частные стоматологии | Юридические услуги -> Услуги адвоката, Юридические услуги","Инспекция по контролю за благоустройством городских территорий | Лёгкая стоматология | Алексей Степанов и партнеры, юридическая консультация | Адвокат по уголовным делам Гареев А.Р. | Kova, учебный центр  в сфере бизнеса и красоты","Органы государственного управления / надзора -> Инспекции | Медицинские услуги -> Частные стоматологии | Юридические услуги -> Услуги адвоката, Юридические услуги | Юридические услуги -> Ведение дел в судах, Услуги адвоката, Юридические услуги | Дополнительное образование / Развивающие курсы -> Обучение бизнес-профессиям"
18890828,https://investmoscow.ru/tenders/tender/18890828,2023-03-13,2023-12,2024-05,2024-05-31,445,"Восточный административный округ, Преображенское, Российская Федерация, город Москва, внутригородская территория муниципальный округ Преображенское, 1-й Зборовский переулок, дом 11, Этаж № 1",1 й зборовский переулок 11,3,medium,"Ozon | Лотос, пункт приема | Столичный центр поддержки бизнеса и права","Грузоперевозки / Транспортные услуги -> Пункты выдачи интернет-заказов | Бытовые услуги -> Химчистки одежды / текстиля | Бизнес-услуги, Юридические услуги -> Аудиторские услуги, Юридические услуги","Ozon | Лотос, пункт приема | Столичный центр поддержки бизнеса и права","Грузоперевозки / Транспортные услуги -> Пункты выдачи интернет-заказов | Бытовые услуги -> Химчистки одежды / текстиля | Бизнес-услуги, Юридические услуги -> Аудиторские услуги, Юридические услуги"
18907551,https://investmoscow.ru/tenders/tender/18907551,2023-04-04,2023-12,2024-05,2024-05-31,423,"Юго-Западный административный округ, Гагаринский, Российская Федерация, город Москва, внутригородская территория муниципальный округ Гагаринский, Ломоносовский проспект, дом 15, Подвал № 0",ломоносовский проспект 15,12,low,"Диана, салон химчистки | Мастеф, фотоцентр | Flama, магазин профессионального фото и видео аксессуаров","Бытовые услуги, Обувь, Уборка / Обработка помещений -> Мастерские по ремонту одежды, Прачечные, Ремонт обуви / кожгалантереи, Химчистки одежды / текстиля, Чистка ковров | Бытовые услуги, Издательское дело / Полиграфия -> Оперативная полиграфия, Плоттерная резка, Услуги оцифровки, Фото на документы, Фотоцентры | Аудио / Видео / Бытовая техника -> Ремонт аудио / видео / цифровой техники, Фототовары","Диана, салон химчистки | Мастеф, фотоцентр | Flama, магазин профессионального фото и видео аксессуаров | Престиж, магазин одежды и обуви для танцев | Престиж, ателье","Бытовые услуги, Обувь, Уборка / Обработка помещений -> Мастерские по ремонту одежды, Прачечные, Ремонт обуви / кожгалантереи, Химчистки одежды / текстиля, Чистка ковров | Бытовые услуги, Издательское дело / Полиграфия -> Оперативная полиграфия, Плоттерная резка, Услуги оцифровки, Фото на документы, Фотоцентры | Аудио / Видео / Бытовая техника -> Ремонт аудио / видео / цифровой техники, Фототовары | Одежда / Аксессуары -> Бижутерия, Одежда / обувь для танцев | Ателье -> Ателье швейные"
18907645,https://investmoscow.ru/tenders/tender/18907645,2023-03-07,2023-12,2024-05,2024-05-31,451,"Южный административный округ, Братеево, Российская Федерация, город Москва, внутригородская территория муниципальный округ Братеево, Ключевая улица, дом 16/29, Подвал № 0",ключевая улица 16/29,1,medium,"Аптечество, аптечный пункт",Медицинские товары -> Аптеки,"Аптечество, аптечный пункт",Медицинские товары -> Аптеки
18907838,https://investmoscow.ru/tenders/tender/18907838,2023-03-13,2022-12,2023-12,2023-12-31,293,"Северный административный округ, Беговой, Российская Федерация, город Москва, внутригородская территория муниципальный округ Беговой, улица Правды, дом 4, подвал № 0",улица правды 4,2,medium,"Диагностический центр лабораторных исследований | Школа №1570, отделение дополнительного образования","Медицинские услуги -> Медицинские анализы | Общее образование / Центры раннего развития детей, Центры творчества и досуга -> Детские / подростковые клубы, Центры раннего развития детей, Школы","Диагностический центр лабораторных исследований | Школа №1570, отделение дополнительного образования","Медицинские услуги -> Медицинские анализы | Общее образование / Центры раннего развития детей, Центры творчества и досуга -> Детские / подростковые клубы, Центры раннего развития детей, Школы"
18908557,https://investmoscow.ru/tenders/tender/18908557,2023-03-15,2023-12,2024-05,2024-05-31,443,"Северо-Восточный административный округ, Останкинский, Российская Федерация, город Москва, внутригородская территория муниципальный округ Останкинский, проспект Мира, дом 101Б, Подвал № 0",проспект мира 101б,7,low,"Fern, компания по изготовлению стекла и зеркал | Лотос, пункт приема | Iris Studio","Архитектура / Проектирование / Дизайн, Отделочные материалы, Строительные / монтажные работы -> Архитектурно-строительное проектирование, Остекление / отделка балконов и лоджий, Стекло / Зеркала | Бытовые услуги -> Химчистки одежды / текстиля | Красота / Здоровье -> Эпиляция","Fern, компания по изготовлению стекла и зеркал | Лотос, пункт приема | Iris Studio | Ozon | Kotya, ногтевая студия","Архитектура / Проектирование / Дизайн, Отделочные материалы, Строительные / монтажные работы -> Архитектурно-строительное проектирование, Остекление / отделка балконов и лоджий, Стекло / Зеркала | Бытовые услуги -> Химчистки одежды / текстиля | Красота / Здоровье -> Эпиляция | Грузоперевозки / Транспортные услуги -> Пункты выдачи интернет-заказов | Красота / Здоровье -> Ногтевые студии"
18908605,https://investmoscow.ru/tenders/tender/18908605,2023-03-15,2022-12,2023-12,2023-12-31,291,"Северо-Восточный административный округ, Останкинский, Российская Федерация, город Москва, внутригородская территория муниципальный округ Останкинский, проспект Мира, дом 101А, Подвал № 0",проспект мира 101а,1,high,Friends For Flowers,"Спецмагазины -> Доставка цветов, Цветы",Friends For Flowers,"Спецмагазины -> Доставка цветов, Цветы"
18908616,https://investmoscow.ru/tenders/tender/18908616,2023-03-15,2022-12,2023-12,2023-12-31,291,"Юго-Восточный административный округ, Рязанский, Российская Федерация, город Москва, внутригородская территория муниципальный округ Рязанский, улица Михайлова, дом 8, Подвал № 0",улица михайлова 8,2,medium,"ColorHouse | Chiken King, киоск быстрого питания","Бытовые услуги, Издательское дело / Полиграфия, Услуги связи, Художественные изделия / материалы -> Багетные мастерские, Изготовление ключей, Копировальные услуги, Полиграфические услуги, Помощь в подключении услуг связи, Ремонт часов, Фото на документы, Фотоцентры | Общественное питание -> Быстрое питание, Доставка готовых блюд","ColorHouse | Chiken King, киоск быстрого питания","Бытовые услуги, Издательское дело / Полиграфия, Услуги связи, Художественные изделия / материалы -> Багетные мастерские, Изготовление ключей, Копировальные услуги, Полиграфические услуги, Помощь в подключении услуг связи, Ремонт часов, Фото на документы, Фотоцентры | Общественное питание -> Быстрое питание, Доставка готовых блюд"
18908729,https://investmoscow.ru/tenders/tender/18908729,2023-03-15,2022-12,2023-12,2023-12-31,291,"Западный административный округ, Дорогомилово, Российская Федерация, город Москва, внутригородская территория муниципальный округ Дорогомилово, Можайский переулок, дом 5, Подвал № 0",можайский переулок 5,3,low,"English Time | Медикал Клаб, стоматологическая клиника | СДЭК, служба доставки и логистики","Дополнительное образование / Развивающие курсы -> Языковые школы | Медицинские услуги -> Частные стоматологии | Грузоперевозки / Транспортные услуги -> Авиагрузоперевозки, Городские автогрузоперевозки, Междугородные автогрузоперевозки, Международные грузоперевозки, Экспресс-почта","English Time | Медикал Клаб, стоматологическая клиника | СДЭК, служба доставки и логистики","Дополнительное образование / Развивающие курсы -> Языковые школы | Медицинские услуги -> Частные стоматологии | Грузоперевозки / Транспортные услуги -> Авиагрузоперевозки, Городские автогрузоперевозки, Междугородные автогрузоперевозки, Международные грузоперевозки, Экспресс-почта"
18908865,https://investmoscow.ru/tenders/tender/18908865,2023-03-15,2023-12,2024-05,2024-05-31,443,"Северный административный округ, Коптево, город Москва, проезд Черепановых, дом 56, Подвал № 0",проезд черепановых 56,1,low,"Ozon, пункт выдачи товара",Грузоперевозки / Транспортные услуги -> Пункты выдачи интернет-заказов,"Ozon, пункт выдачи товара",Грузоперевозки / Транспортные услуги -> Пункты выдачи интернет-заказов
18908874,https://investmoscow.ru/tenders/tender/18908874,2023-03-22,2022-12,2023-12,2023-12-31,284,"Северный административный округ, Левобережный, Российская Федерация, город Москва, внутригородская территория муниципальный округ Левобережный, Валдайский проезд, дом 8, Этаж № 2",валдайский проезд 8,1,low,Чайхана №7,Общественное питание -> Кафе,Чайхана №7,Общественное питание -> Кафе
18908928,https://investmoscow.ru/tenders/tender/18908928,2023-03-15,2022-12,2023-12,2023-12-31,291,"Южный административный округ, Нагорный, Российская Федерация, город Москва, внутригородская территория муниципальный округ Нагорный, Ялтинская улица, дом 6, Этаж № 1",ялтинская улица 6,1,high,"Русоль, соляная пещера","Красота / Здоровье, Места отдыха / Развлекательные заведения -> Детские игровые залы / Игротеки, Соляные комнаты","Русоль, соляная пещера","Красота / Здоровье, Места отдыха / Развлекательные заведения -> Детские игровые залы / Игротеки, Соляные комнаты"
18909226,https://investmoscow.ru/tenders/tender/18909226,2023-03-15,2023-12,2024-05,2024-05-31,443,"Западный административный округ, Филевский парк, Российская Федерация, город Москва, внутригородская территория муниципальный округ Филевский Парк, Большая Филёвская улица, дом 12, Этаж № 1",большая филевская улица 12,3,medium,"Ателье | Риджоли, салон красоты | Продуктово-хозяйственный магазин","Ателье, Бытовые услуги -> Ателье швейные, Мастерские по ремонту одежды | Красота / Здоровье -> Ногтевые студии, Парикмахерские, Услуги по оформлению ресниц / бровей | Продукты питания, Садово-хозяйственные товары -> Продуктовые магазины, Хозяйственные товары","Ателье | Риджоли, салон красоты | Продуктово-хозяйственный магазин","Ателье, Бытовые услуги -> Ателье швейные, Мастерские по ремонту одежды | Красота / Здоровье -> Ногтевые студии, Парикмахерские, Услуги по оформлению ресниц / бровей | Продукты питания, Садово-хозяйственные товары -> Продуктовые магазины, Хозяйственные товары"
18909333,https://investmoscow.ru/tenders/tender/18909333,2023-03-15,2022-12,2023-12,2023-12-31,291,"Юго-Восточный административный округ, Нижегородский, Российская Федерация, город Москва, внутригородская территория муниципальный округ Нижегородский, Бронницкий переулок, дом 2, Подвал № 0",бронницкий переулок 2,3,medium,"Макс-М, медицинская страховая компания | Zaryadka77, магазин мобильных аксессуаров | Анализы Тут",Страхование -> Страхование | Средства связи -> Аксессуары к мобильным телефонам | Медицинские услуги -> Медицинские анализы,"Макс-М, медицинская страховая компания | Zaryadka77, магазин мобильных аксессуаров | Анализы Тут",Страхование -> Страхование | Средства связи -> Аксессуары к мобильным телефонам | Медицинские услуги -> Медицинские анализы
18909405,https://investmoscow.ru/tenders/tender/18909405,2023-03-16,2023-12,2024-05,2024-05-31,442,"Юго-Восточный административный округ, Лефортово, Российская Федерация, город Москва, внутригородская территория муниципальный округ Лефортово, Волочаевская улица, дом 18, этаж № 1",волочаевская улица 18,2,medium,"Красное&Белое, магазин алкогольных напитков | Сиртекс-дизайн, оптовая компания","Напитки, Торговые комплексы -> Алкогольные напитки, Супермаркеты | Текстиль -> Портьерные ткани / Шторы, Швейная фурнитура","Красное&Белое, магазин алкогольных напитков | Сиртекс-дизайн, оптовая компания","Напитки, Торговые комплексы -> Алкогольные напитки, Супермаркеты | Текстиль -> Портьерные ткани / Шторы, Швейная фурнитура"
18911268,https://investmoscow.ru/tenders/tender/18911268,2023-03-16,2022-12,2023-12,2023-12-31,290,"Российская Федерация, город Москва, внутригородская территория муниципальный округ Донской, Ленинский проспект, дом 35, Этаж № 1, Подвал № 0",ленинский проспект 35,1,low,Артанн,Юридические услуги -> Сертификация,Артанн,Юридические услуги -> Сертификация
18911448,https://investmoscow.ru/tenders/tender/18911448,2023-03-20,2024-05,2024-09,2024-09-30,560,"Центральный административный округ, Пресненский, Российская Федерация, город Москва, внутригородская территория муниципальный округ Пресненский, Шмитовский проезд, дом 11А, Подвал № 0",шмитовский проезд 11а,1,low,"Party Dog, студия груминга","Товары / услуги для животных -> Зоогостиницы, Зоотовары, Уход за животными","Party Dog, студия груминга","Товары / услуги для животных -> Зоогостиницы, Зоотовары, Уход за животными"
18911645,https://investmoscow.ru/tenders/tender/18911645,2023-03-20,2022-12,2023-12,2023-12-31,286,"Северо-Восточный административный округ, Отрадное, Российская Федерация, город Москва, внутригородская территория муниципальный округ Отрадное, Алтуфьевское шоссе, дом 14, Подвал № 0",алтуфьевское шоссе 14,1,low,"Ozon, Пункт выдачи товара",Грузоперевозки / Транспортные услуги -> Пункты выдачи интернет-заказов,"Ozon, Пункт выдачи товара",Грузоперевозки / Транспортные услуги -> Пункты выдачи интернет-заказов
18912335,https://investmoscow.ru/tenders/tender/18912335,2023-03-20,2022-12,2023-12,2023-12-31,286,"Северо-Западный административный округ, Южное Тушино, Российская Федерация, город Москва, внутригородская территория муниципальный округ Южное Тушино, Сходненская улица, дом 16, Этаж № 1",сходненская улица 16,1,high,"Кабинет психолога, г. Москва","Дополнительное образование / Развивающие курсы, Медицинские услуги -> Личностные тренинги / семинары, Услуги психолога","Кабинет психолога, г. Москва","Дополнительное образование / Развивающие курсы, Медицинские услуги -> Личностные тренинги / семинары, Услуги психолога"
18912642,https://investmoscow.ru/tenders/tender/18912642,2023-03-20,2023-12,2024-05,2024-05-31,438,"Юго-Восточный административный округ, Лефортово, Российская Федерация, город Москва, внутригородская территория муниципальный округ Лефортово, 2-я Кабельная улица, дом 10, Подвал № 0",2 я кабельная улица 10,3,low,"Черметком, торговый дом | Авиамоторная, мини-гостиница | Медклассика, стоматологический центр","Металлы, Промышленное оборудование, Сантехническое оборудование -> Металлообработка, Нержавеющий металлопрокат, Промышленные трубы / элементы трубопровода, Системы отопления / водоснабжения / канализации, Чёрный металлопрокат | Туризм / Отдых -> Гостиницы | Медицинские услуги -> Частные стоматологии","Черметком, торговый дом | Авиамоторная, мини-гостиница | Медклассика, стоматологический центр","Металлы, Промышленное оборудование, Сантехническое оборудование -> Металлообработка, Нержавеющий металлопрокат, Промышленные трубы / элементы трубопровода, Системы отопления / водоснабжения / канализации, Чёрный металлопрокат | Туризм / Отдых -> Гостиницы | Медицинские услуги -> Частные стоматологии"
18912673,https://investmoscow.ru/tenders/tender/18912673,2023-03-20,2022-12,2023-12,2023-12-31,286,"Западный административный округ, Кунцево, Российская Федерация, город Москва, внутригородская территория муниципальный округ Кунцево, Кунцевская улица, дом 11, Подвал № 0",кунцевская улица 11,2,medium,Дом быта,"Ателье, Бытовые услуги, Обувь, Спецмагазины -> Ателье швейные, Изготовление ключей, Ремонт / изготовление ювелирных изделий, Ремонт обуви / кожгалантереи, Фото на документы | Ателье, Бытовые услуги, Обувь, Спецмагазины -> Ателье швейные, Изготовление ключей, Ремонт / изготовление ювелирных изделий, Ремонт обуви / кожгалантереи, Ремонт часов",Дом быта,"Ателье, Бытовые услуги, Обувь, Спецмагазины -> Ателье швейные, Изготовление ключей, Ремонт / изготовление ювелирных изделий, Ремонт обуви / кожгалантереи, Фото на документы | Ателье, Бытовые услуги, Обувь, Спецмагазины -> Ателье швейные, Изготовление ключей, Ремонт / изготовление ювелирных изделий, Ремонт обуви / кожгалантереи, Ремонт часов"
18912746,https://investmoscow.ru/tenders/tender/18912746,2023-03-20,2023-12,2024-05,2024-05-31,438,"Северный административный округ, Беговой, Российская Федерация, город Москва, внутригородская территория муниципальный округ Беговой, Ленинградский проспект, дом 24, Подвал № 0",ленинградский проспект 24,7,low,"Хлеб&co, булочная-кондитерская | Галерея Юсупов Арт | Газпромбанк, дополнительный офис №099/1028","Общественное питание, Продукты питания -> Доставка готовых блюд, Кондитерские изделия, Кофейни, Пекарни | Культура / Искусство -> Художественные выставки / Галереи | Банковские / финансовые услуги, Страхование -> Банки, Ипотечные кредиты, Обмен валюты, Страхование","Хлеб&co, булочная-кондитерская | Галерея Юсупов Арт | Газпромбанк, дополнительный офис №099/1028 | Газпромбанк, банкомат | Газпромбанк Мобайл","Общественное питание, Продукты питания -> Доставка готовых блюд, Кондитерские изделия, Кофейни, Пекарни | Культура / Искусство -> Художественные выставки / Галереи | Банковские / финансовые услуги, Страхование -> Банки, Ипотечные кредиты, Обмен валюты, Страхование | Банковские / финансовые услуги -> Банкоматы | Услуги связи -> Операторы сотовой связи"
18912801,https://investmoscow.ru/tenders/tender/18912801,2023-03-20,2024-05,2024-09,2024-09-30,560,"Восточный административный округ, Измайлово, Российская Федерация, город Москва, внутригородская территория муниципальный округ Измайлово, 5-я Парковая улица, дом 30Б, Подвал № 0",5 я парковая улица 30б,4,low,"Лотос, сеть срочных химчисток | Дружба, частный детский сад | Wildberries","Бытовые услуги -> Химчистки одежды / текстиля | Медицинские услуги, Общее образование / Центры раннего развития детей -> Логопед, Центры раннего развития детей, Частные детские сады | Грузоперевозки / Транспортные услуги -> Пункты выдачи интернет-заказов","Лотос, сеть срочных химчисток | Дружба, частный детский сад | Wildberries | Мозаика, частный детский сад","Бытовые услуги -> Химчистки одежды / текстиля | Медицинские услуги, Общее образование / Центры раннего развития детей -> Логопед, Центры раннего развития детей, Частные детские сады | Грузоперевозки / Транспортные услуги -> Пункты выдачи интернет-заказов"
18912856,https://investmoscow.ru/tenders/tender/18912856,2023-03-20,2023-12,2024-05,2024-05-31,438,"Северо-Западный административный округ, Южное Тушино, Российская Федерация, город Москва, внутригородская территория муниципальный округ Южное Тушино, улица Василия Петушкова, дом 17, этаж № 1",улица василия петушкова 17,4,low,"Ozon | OnProekt | Авторский сад, ландшафтная мастерская","Грузоперевозки / Транспортные услуги -> Пункты выдачи интернет-заказов | Отделочные материалы, Электротехника -> Натяжные потолки, Светотехника | Архитектура / Проектирование / Дизайн -> Ландшафтная архитектура","Ozon | OnProekt | Авторский сад, ландшафтная мастерская | Planter, Офис","Грузоперевозки / Транспортные услуги -> Пункты выдачи интернет-заказов | Отделочные материалы, Электротехника -> Натяжные потолки, Светотехника | Архитектура / Проектирование / Дизайн -> Ландшафтная архитектура | Мебель -> Садово-парковая мебель / Аксессуары"
18912891,https://investmoscow.ru/tenders/tender/18912891,2023-03-20,2022-12,2023-12,2023-12-31,286,"Юго-Западный административный округ, Ломоносовский, Российская Федерация, город Москва, внутригородская территория муниципальный округ Ломоносовский, Ленинский проспект, дом 90, Подвал № 0",ленинский проспект 90,4,low,"Горздрав, аптека | Анастасия, маникюрная студия | НьюСвет, сервисный центр по ремонту бытовой техники",Медицинские товары -> Аптеки | Красота / Здоровье -> Ногтевые студии | Аудио / Видео / Бытовая техника -> Ремонт / установка бытовой техники,"Горздрав, аптека | Анастасия, маникюрная студия | НьюСвет, сервисный центр по ремонту бытовой техники | La Roche Posay, пункт приема упаковки из под косметики",Медицинские товары -> Аптеки | Красота / Здоровье -> Ногтевые студии | Аудио / Видео / Бытовая техника -> Ремонт / установка бытовой техники | Бытовые услуги -> Пункты приёма
18913716,https://investmoscow.ru/tenders/tender/18913716,2023-03-22,2022-12,2023-12,2023-12-31,284,"Центральный административный округ, Пресненский, Российская Федерация, город Москва, внутригородская территория муниципальный округ Пресненский, Никитский бульвар, дом 12, Этаж № 7",никитский бульвар 12,9,low,"Mescalito | Бери заряд!, станция зарядки телефонов | ВетЛаска, ветеринарная клиника","Общественное питание -> Бары, Кафе | Средства связи -> Станции зарядки мобильных телефонов | Ветеринария -> Ветеринарные клиники","Mescalito | Бери заряд!, станция зарядки телефонов | ВетЛаска, ветеринарная клиника | Prolive, рюмочная | Центр по пересадке волос","Общественное питание -> Бары, Кафе | Средства связи -> Станции зарядки мобильных телефонов | Ветеринария -> Ветеринарные клиники | Общественное питание -> Доставка готовых блюд, Кафе, Рюмочные | Медицинские услуги -> Услуги трихолога, Центры трансплантации волос"
18914913,https://investmoscow.ru/tenders/tender/18914913,2023-03-22,2022-12,2023-12,2023-12-31,284,"Юго-Западный административный округ, Южное Бутово, Российская Федерация, город Москва, внутригородская территория муниципальный округ Южное Бутово, улица Брусилова, дом 31, этаж 1",улица брусилова 31,1,high,"Green №1, пункт выдачи товаров","Садово-хозяйственные товары -> Семена / Посадочный материал, Средства защиты растений / Удобрения","Green №1, пункт выдачи товаров","Садово-хозяйственные товары -> Семена / Посадочный материал, Средства защиты растений / Удобрения"
18915057,https://investmoscow.ru/tenders/tender/18915057,2023-03-22,2022-12,2023-12,2023-12-31,284,"Центральный административный округ, Замоскворечье, Российская Федерация, город Москва, внутригородская территория муниципальный округ Замоскворечье, Валовая улица, дом 6, Этаж № 1",валовая улица 6,1,high,"Energo, автомат аренды аккумуляторов для гаджетов",Средства связи -> Станции зарядки мобильных телефонов,"Energo, автомат аренды аккумуляторов для гаджетов",Средства связи -> Станции зарядки мобильных телефонов
18915160,https://investmoscow.ru/tenders/tender/18915160,2023-03-22,2022-12,2023-12,2023-12-31,284,"Северо-Восточный административный округ, Алексеевский, Российская Федерация, город Москва, внутригородская территория муниципальный округ Алексеевский, проспект Мира, дом 146, Подвал № 0",проспект мира 146,5,low,"Золотая корона, пункт платежных сервисов | Московский кредитный банк, платежный терминал | Магазин нижнего белья","Банковские / финансовые услуги -> Пункты денежных переводов | Бытовые услуги -> Платёжные терминалы | Бытовые услуги, Издательское дело / Полиграфия, Одежда / Аксессуары -> Копировальные услуги, Нижнее бельё, Фотоцентры, Чулочно-носочные изделия","Золотая корона, пункт платежных сервисов | Московский кредитный банк, платежный терминал | Магазин нижнего белья | Powerapp, сервис аренды зарядных устройств | Тахографы №1","Банковские / финансовые услуги -> Пункты денежных переводов | Бытовые услуги -> Платёжные терминалы | Бытовые услуги, Издательское дело / Полиграфия, Одежда / Аксессуары -> Копировальные услуги, Нижнее бельё, Фотоцентры, Чулочно-носочные изделия | Средства связи -> Станции зарядки мобильных телефонов | Автосервис -> Тахографы"
18915441,https://investmoscow.ru/tenders/tender/18915441,2023-03-22,2022-12,2023-12,2023-12-31,284,"Юго-Западный административный округ, Гагаринский, Российская Федерация, город Москва, внутригородская территория муниципальный округ Гагаринский, Молодёжная улица, дом 6, подвал № 0",молодежная улица 6,1,medium,"Бери заряд!, станция зарядки телефонов",Средства связи -> Станции зарядки мобильных телефонов,"Бери заряд!, станция зарядки телефонов",Средства связи -> Станции зарядки мобильных телефонов
18918433,https://investmoscow.ru/tenders/tender/18918433,2023-03-23,2022-12,2023-12,2023-12-31,283,"Северо-Восточный административный округ, Ростокино, Российская Федерация, город Москва, внутригородская территория муниципальный округ Ростокино, Сельскохозяйственная улица, дом 9, Подвал № 0",сельскохозяйственная улица 9,4,low,"Boxberry, отделение службы доставки | СберБизнес | Лотос, пункт приема","Грузоперевозки / Транспортные услуги -> Пункты выдачи интернет-заказов, Экспресс-почта | Банковские / финансовые услуги, Юридические услуги -> Банки, Регистрация / ликвидация предприятий | Бытовые услуги, Грузоперевозки / Транспортные услуги -> Пункты выдачи интернет-заказов, Пункты приёма, Химчистки одежды / текстиля","Boxberry, отделение службы доставки | СберБизнес | Лотос, пункт приема | Сбер","Грузоперевозки / Транспортные услуги -> Пункты выдачи интернет-заказов, Экспресс-почта | Банковские / финансовые услуги, Юридические услуги -> Банки, Регистрация / ликвидация предприятий | Бытовые услуги, Грузоперевозки / Транспортные услуги -> Пункты выдачи интернет-заказов, Пункты приёма, Химчистки одежды / текстиля | Издательское дело / Полиграфия -> Копировальные услуги"
18918539,https://investmoscow.ru/tenders/tender/18918539,2023-03-23,2022-12,2023-12,2023-12-31,283,"Северо-Восточный административный округ, Ростокино, Российская Федерация, город Москва, внутригородская территория муниципальный округ Ростокино, Сельскохозяйственная улица, дом 9, Подвал № 0",сельскохозяйственная улица 9,4,low,"Boxberry, отделение службы доставки | СберБизнес | Лотос, пункт приема","Грузоперевозки / Транспортные услуги -> Пункты выдачи интернет-заказов, Экспресс-почта | Банковские / финансовые услуги, Юридические услуги -> Банки, Регистрация / ликвидация предприятий | Бытовые услуги, Грузоперевозки / Транспортные услуги -> Пункты выдачи интернет-заказов, Пункты приёма, Химчистки одежды / текстиля","Boxberry, отделение службы доставки | СберБизнес | Лотос, пункт приема | Сбер","Грузоперевозки / Транспортные услуги -> Пункты выдачи интернет-заказов, Экспресс-почта | Банковские / финансовые услуги, Юридические услуги -> Банки, Регистрация / ликвидация предприятий | Бытовые услуги, Грузоперевозки / Транспортные услуги -> Пункты выдачи интернет-заказов, Пункты приёма, Химчистки одежды / текстиля | Издательское дело / Полиграфия -> Копировальные услуги"
18919235,https://investmoscow.ru/tenders/tender/18919235,2023-03-24,2022-12,2023-12,2023-12-31,282,"Центральный административный округ, Хамовники, Российская Федерация, город Москва, внутригородская территория муниципальный округ Хамовники, улица Доватора, дом 3, Подвал № 0",улица доватора 3,1,high,"Florish, магазин цветов и подарков","Спецмагазины, Услуги по организации праздников / досуга -> Доставка цветов, Сувенирные композиции, Услуги праздничного оформления, Цветы","Florish, магазин цветов и подарков","Спецмагазины, Услуги по организации праздников / досуга -> Доставка цветов, Сувенирные композиции, Услуги праздничного оформления, Цветы"
18923345,https://investmoscow.ru/tenders/tender/18923345,2023-03-22,2023-12,2024-05,2024-05-31,436,"город Москва, шоссе Энтузиастов, д. 15/16, этаж № 1, антресоль № 1",шоссе энтузиастов 15/16,6,low,"Факел, точка быстрого питания | Москино Факел, кинотеатр | Бери заряд!, станция зарядки телефонов",Общественное питание -> Быстрое питание | Места отдыха / Развлекательные заведения -> Кинотеатры | Средства связи -> Станции зарядки мобильных телефонов,"Факел, точка быстрого питания | Москино Факел, кинотеатр | Бери заряд!, станция зарядки телефонов | Факел, кафе | 8-я оптика, оптический салон","Общественное питание -> Быстрое питание | Места отдыха / Развлекательные заведения -> Кинотеатры | Средства связи -> Станции зарядки мобильных телефонов | Общественное питание -> Быстрое питание, Кафе | Медицинские товары, Одежда / Аксессуары -> Контактные линзы, Оптика, Солнцезащитные очки"
18933619,https://investmoscow.ru/tenders/tender/18933619,2023-03-31,2023-12,2024-05,2024-05-31,427,"Южный административный округ, Даниловский, Российская Федерация, город Москва, внутригородская территория муниципальный округ Даниловский, Дербеневская набережная, дом 1/2, Этаж № 1",дербеневская набережная 1/2,12,low,"БиоФункциональная стоматология Артура Макарова, стоматологический центр | Майер, группа компаний | НатилиРус, торговая компания","Медицинские услуги -> Частные стоматологии | Издательское дело / Полиграфия -> Оперативная полиграфия, Полиграфические услуги | Красота / Здоровье -> Косметика / Парфюмерия","БиоФункциональная стоматология Артура Макарова, стоматологический центр | Майер, группа компаний | НатилиРус, торговая компания | Медуспех, компания | Новтэк","Медицинские услуги -> Частные стоматологии | Издательское дело / Полиграфия -> Оперативная полиграфия, Полиграфические услуги | Красота / Здоровье -> Косметика / Парфюмерия | Дополнительное образование / Развивающие курсы, Красота / Здоровье -> Косметика / Парфюмерия, Обучение мастеров для салонов красоты, Услуги косметолога, Эпиляция | Отделочные материалы -> Герметики / Клеи"
18933650,https://investmoscow.ru/tenders/tender/18933650,2023-04-10,2024-05,2024-09,2024-09-30,539,"Центральный административный округ, Таганский, Российская Федерация, город Москва, внутригородская территория муниципальный округ Таганский, Стройковская улица, дом 17/1, Подвал № 0",стройковская улица 17/1,1,medium,"PureSpa, СПА-салон","Красота / Здоровье, Спортивные клубы / школы -> SPA-процедуры, Велнес-залы, Визажисты, Массажист, Ногтевые студии, Парикмахерские, Услуги по оформлению ресниц / бровей, Эпиляция","PureSpa, СПА-салон","Красота / Здоровье, Спортивные клубы / школы -> SPA-процедуры, Велнес-залы, Визажисты, Массажист, Ногтевые студии, Парикмахерские, Услуги по оформлению ресниц / бровей, Эпиляция"
18937907,https://investmoscow.ru/tenders/tender/18937907,2023-04-26,2023-12,2024-05,2024-05-31,401,"Северо-Восточный административный округ, Бабушкинский, город Москва, улица Коминтерна, дом 12, помещение 3н, этаж 1",улица коминтерна 12,2,medium,"Wildberries, пункт выдачи товара | Ozon",Грузоперевозки / Транспортные услуги -> Пункты выдачи интернет-заказов,"Wildberries, пункт выдачи товара | Ozon",Грузоперевозки / Транспортные услуги -> Пункты выдачи интернет-заказов
18938382,https://investmoscow.ru/tenders/tender/18938382,2023-10-25,2023-12,2024-05,2024-05-31,219,"Юго-Восточный административный округ, Кузьминки, Российская Федерация, город Москва, внутригородская территория муниципальный округ Кузьминки, улица Шумилова, дом 24А, помещение 12н, этаж 1",улица шумилова 24а,3,medium,"Ozon | Wildberries, пункт выдачи товара | Магнит, супермаркет",Грузоперевозки / Транспортные услуги -> Пункты выдачи интернет-заказов | Торговые комплексы -> Супермаркеты,"Ozon | Wildberries, пункт выдачи товара | Магнит, супермаркет",Грузоперевозки / Транспортные услуги -> Пункты выдачи интернет-заказов | Торговые комплексы -> Супермаркеты
18947003,https://investmoscow.ru/tenders/tender/18947003,2023-04-14,2022-12,2023-12,2023-12-31,261,"Центральный административный округ, Замоскворечье, Российская Федерация, город Москва, внутригородская территория муниципальный округ Замоскворечье, Космодамианская набережная, дом 36, Подвал № 0",космодамианская набережная 36,1,low,"Artefacto.ru, мебельный салон","Мебель, Отделочные материалы, Предметы интерьера / экстерьера -> Кованые изделия, Мебель для ванных комнат, Мебель для кухни, Мягкая мебель, Стекло / Зеркала","Artefacto.ru, мебельный салон","Мебель, Отделочные материалы, Предметы интерьера / экстерьера -> Кованые изделия, Мебель для ванных комнат, Мебель для кухни, Мягкая мебель, Стекло / Зеркала"
18947744,https://investmoscow.ru/tenders/tender/18947744,2023-04-14,2023-12,2024-05,2024-05-31,413,"Центральный административный округ, Басманный, Российская Федерация, город Москва, внутригородская территория муниципальный округ Басманный, улица Земляной Вал, дом 24/32, Подвал № 0",улица земляной вал 24/32,14,low,"Находка, магазин хозтоваров | Коллин Руж, стоматология | Leal beauty club, студия красоты","Инструмент, Отделочные материалы, Садово-хозяйственные товары, Сантехническое оборудование, Строительные материалы / конструкции, Электротехника -> Герметики / Клеи, Кабель / Провод, Сантехника / Санфаянс, Системы отопления / водоснабжения / канализации, Слесарно-монтажный инструмент, Строительные материалы, Хозяйственные товары, Электроинструмент, Электротехническая продукция, Электроустановочная продукция | Медицинские услуги -> Услуги терапевта, Частные стоматологии | Дополнительное образование / Развивающие курсы, Красота / Здоровье, Одежда / Аксессуары -> Бижутерия, Ногтевые студии, Обучение мастеров для салонов красоты, Парикмахерские, Услуги косметолога, Услуги по оформлению ресниц / бровей, Эпиляция","Находка, магазин хозтоваров | Коллин Руж, стоматология | Leal beauty club, студия красоты | Likezagar, студия моментального загара | Katrin, студия красоты","Инструмент, Отделочные материалы, Садово-хозяйственные товары, Сантехническое оборудование, Строительные материалы / конструкции, Электротехника -> Герметики / Клеи, Кабель / Провод, Сантехника / Санфаянс, Системы отопления / водоснабжения / канализации, Слесарно-монтажный инструмент, Строительные материалы, Хозяйственные товары, Электроинструмент, Электротехническая продукция, Электроустановочная продукция | Медицинские услуги -> Услуги терапевта, Частные стоматологии | Дополнительное образование / Развивающие курсы, Красота / Здоровье, Одежда / Аксессуары -> Бижутерия, Ногтевые студии, Обучение мастеров для салонов красоты, Парикмахерские, Услуги косметолога, Услуги по оформлению ресниц / бровей, Эпиляция | Красота / Здоровье -> Студии загара | Красота / Здоровье -> Ногтевые студии, Услуги по оформлению ресниц / бровей"
18947884,https://investmoscow.ru/tenders/tender/18947884,2023-04-14,2024-05,2024-09,2024-09-30,535,"Центральный административный округ, Красносельский, город Москва, Краснопрудная улица, дом 7-9, Подвал № 0",краснопрудная улица 7 9,16,low,"Почта России, отделение №107140 | Кафе быстрого питания | Eic farm, аптека","Услуги связи -> Почта | Общественное питание -> Быстрое питание | Медицинские товары -> Аптеки, БАДы, Медицинские приборы, Средства гигиены, Товары для реабилитации","Почта России, отделение №107140 | Кафе быстрого питания | Eic farm, аптека | Триначетыре, студия фото на документы | Top beauty studio, салон красоты","Услуги связи -> Почта | Общественное питание -> Быстрое питание | Медицинские товары -> Аптеки, БАДы, Медицинские приборы, Средства гигиены, Товары для реабилитации | Бытовые услуги -> Фото на документы | Красота / Здоровье -> Визажисты, Ногтевые студии, Парикмахерские, Услуги по оформлению ресниц / бровей, Эпиляция"
18950831,https://investmoscow.ru/tenders/tender/18950831,2023-04-14,2023-12,2024-05,2024-05-31,413,"г. Москва, ул. Климашкина, Дом 20, Подвал № 0",улица климашкина 20,4,low,"Daniel Ferrando, салон красоты | Peter Kryuchkov Studio, студия красоты | Поток, центр йоги","Красота / Здоровье -> Ногтевые студии, Парикмахерские, Услуги визажиста, Услуги косметолога, Услуги перманентного макияжа, Услуги по оформлению ресниц / бровей, Эпиляция | Красота / Здоровье -> Ногтевые студии, Парикмахерские | Спортивные клубы / школы -> Центры йоги","Daniel Ferrando, салон красоты | Peter Kryuchkov Studio, студия красоты | Поток, центр йоги | МКА Центр правовой помощи, коллегия адвокатов","Красота / Здоровье -> Ногтевые студии, Парикмахерские, Услуги визажиста, Услуги косметолога, Услуги перманентного макияжа, Услуги по оформлению ресниц / бровей, Эпиляция | Красота / Здоровье -> Ногтевые студии, Парикмахерские | Спортивные клубы / школы -> Центры йоги | Юридические услуги -> Ведение дел в судах, Услуги адвоката, Юридические услуги"
18964913,https://investmoscow.ru/tenders/tender/18964913,2023-04-24,2023-12,2024-05,2024-05-31,403,"Юго-Восточный административный округ, Южнопортовый, Российская Федерация, город Москва, внутригородская территория муниципальный округ Южнопортовый, 6-я Кожуховская улица, дом 17, Этаж 1, Подвал № 0",6 я кожуховская улица 17,4,low,"Пятёрочка, супермаркет | Зоозавр, зоомагазин | Магазин табачной продукции","Торговые комплексы -> Супермаркеты | Ветеринария, Товары / услуги для животных -> Ветеринарные аптеки, Зоотовары | Продукты питания -> Табачные изделия / Товары для курения, Электронные сигареты","Пятёрочка, супермаркет | Зоозавр, зоомагазин | Магазин табачной продукции | Яндекс Лавка, служба доставки продуктов","Торговые комплексы -> Супермаркеты | Ветеринария, Товары / услуги для животных -> Ветеринарные аптеки, Зоотовары | Продукты питания -> Табачные изделия / Товары для курения, Электронные сигареты | Общественное питание, Спецмагазины -> Дарксторы, Доставка готовых блюд, Доставка продуктов / хозтоваров"
18965006,https://investmoscow.ru/tenders/tender/18965006,2023-04-24,2023-12,2024-05,2024-05-31,403,"Центральный административный округ, Басманный, Российская Федерация, город Москва, внутригородская территория муниципальный округ Басманный, Новорязанская улица, дом 30, Подвал № 0",новорязанская улица 30,1,medium,"Wildberries, пункт выдачи товара",Грузоперевозки / Транспортные услуги -> Пункты выдачи интернет-заказов,"Wildberries, пункт выдачи товара",Грузоперевозки / Транспортные услуги -> Пункты выдачи интернет-заказов
18971875,https://investmoscow.ru/tenders/tender/18971875,2023-04-28,2023-12,2024-05,2024-05-31,399,"Юго-Западный административный округ, Обручевский, Российская Федерация, город Москва, внутригородская территория муниципальный округ Обручевский, улица Обручева, дом 24, этаж 1",улица обручева 24,2,medium,"Библиотека №188 | Сценка, театр-студия",Культура / Искусство -> Библиотеки | Услуги по организации праздников / досуга -> Творческие коллективы,"Библиотека №188 | Сценка, театр-студия",Культура / Искусство -> Библиотеки | Услуги по организации праздников / досуга -> Творческие коллективы
18973179,https://investmoscow.ru/tenders/tender/18973179,2023-04-28,2023-12,2024-05,2024-05-31,399,"Северный административный округ, Савеловский, Российская Федерация, город Москва, внутригородская территория муниципальный округ Савеловский, улица Верхняя Масловка, дом 24, Подвал № 0",улица верхняя масловка 24,6,low,"Мв-холод, офис | AdWise Medical, стоматология | Студия наращивания волос","Оборудование для сферы услуг, Торговое оборудование -> Оборудование для предприятий общественного питания, Холодильное оборудование | Медицинские услуги -> Частные стоматологии | Красота / Здоровье -> Парикмахерские","Мв-холод, офис | AdWise Medical, стоматология | Студия наращивания волос | Tosking, интернет-магазин | Диалог-конверсия, компания","Оборудование для сферы услуг, Торговое оборудование -> Оборудование для предприятий общественного питания, Холодильное оборудование | Медицинские услуги -> Частные стоматологии | Красота / Здоровье -> Парикмахерские | Грузоперевозки / Транспортные услуги -> Пункты выдачи интернет-заказов | Рекламные услуги, Спецмагазины, Спортивные товары -> Гравировка, Нанесение изображений на сувениры, Спортивная одежда / обувь, Спортивно-наградная продукция, Сувениры"
18976418,https://investmoscow.ru/tenders/tender/18976418,2023-05-11,2022-12,2023-12,2023-12-31,234,"Российская Федерация, город Москва, внутригородская территория муниципальный округ Царицыно, Каспийская улица, дом 28/4, Этаж 1, пом. 6Н",каспийская улица 28/4,1,medium,"Красное&Белое, магазин",Напитки -> Алкогольные напитки,"Красное&Белое, магазин",Напитки -> Алкогольные напитки
18976653,https://investmoscow.ru/tenders/tender/18976653,2023-05-12,2022-12,2023-12,2023-12-31,233,"Российская Федерация, город Москва, внутригородская территория муниципальный округ Перово, улица Плеханова, дом 22, Этаж 1, пом. 4Н",улица плеханова 22,2,medium,"Wildberries, пункт выдачи товара | Красное&Белое, магазин, магазин","Грузоперевозки / Транспортные услуги -> Пункты выдачи интернет-заказов | Напитки, Торговые комплексы -> Алкогольные напитки, Супермаркеты","Wildberries, пункт выдачи товара | Красное&Белое, магазин, магазин","Грузоперевозки / Транспортные услуги -> Пункты выдачи интернет-заказов | Напитки, Торговые комплексы -> Алкогольные напитки, Супермаркеты"
18977911,https://investmoscow.ru/tenders/tender/18977911,2023-04-28,2024-09,2024-10,2024-10-31,552,"Центральный административный округ, Пресненский, Российская Федерация, город Москва, внутригородская территория муниципальный округ Пресненский, Большой Предтеченский переулок, дом 21, Этаж № 1",большой предтеченский переулок 21,1,low,"Est.Epil White, студия красоты","Красота / Здоровье -> Массажист, Эпиляция","Est.Epil White, студия красоты","Красота / Здоровье -> Массажист, Эпиляция"
18979896,https://investmoscow.ru/tenders/tender/18979896,2023-05-02,2022-12,2023-12,2023-12-31,243,"Центральный административный округ, Пресненский, Российская Федерация, город Москва, внутригородская территория муниципальный округ Пресненский, Васильевская улица, дом 3, Подвал № 0",васильевская улица 3,1,high,Pc logistic,Грузоперевозки / Транспортные услуги -> Междугородные автогрузоперевозки,Pc logistic,Грузоперевозки / Транспортные услуги -> Междугородные автогрузоперевозки
18992100,https://investmoscow.ru/tenders/tender/18992100,2023-05-25,2022-12,2023-12,2023-12-31,220,"Западный административный округ, Кунцево, Российская Федерация, город Москва, внутригородская территория муниципальный округ Кунцево, улица Академика Павлова, дом 28, Этаж № 1, пом. 5Н",улица академика павлова 28,5,low,"Zemnaya flowers, служба доставки цветов | ВкусВилл, магазин с доставкой полезных продуктов | Винлаб, супермаркет напитков","Спецмагазины -> Доставка цветов | Торговые комплексы -> Супермаркеты | Напитки, Продукты питания -> Алкогольные напитки, Продуктовые магазины","Zemnaya flowers, служба доставки цветов | ВкусВилл, магазин с доставкой полезных продуктов | Винлаб, супермаркет напитков | Luna Project | Ozon, Пункт выдачи товара","Спецмагазины -> Доставка цветов | Торговые комплексы -> Супермаркеты | Напитки, Продукты питания -> Алкогольные напитки, Продуктовые магазины | Красота / Здоровье -> Услуги по оформлению ресниц / бровей | Грузоперевозки / Транспортные услуги -> Пункты выдачи интернет-заказов"
18992992,https://investmoscow.ru/tenders/tender/18992992,2023-05-25,2022-12,2023-12,2023-12-31,220,"Западный административный округ, Кунцево, Российская Федерация, город Москва, внутригородская территория муниципальный округ Кунцево, улица Академика Павлова, дом 28, этаж № 1, пом. 4Н",улица академика павлова 28,5,low,"Zemnaya flowers, служба доставки цветов | ВкусВилл, магазин с доставкой полезных продуктов | Винлаб, супермаркет напитков","Спецмагазины -> Доставка цветов | Торговые комплексы -> Супермаркеты | Напитки, Продукты питания -> Алкогольные напитки, Продуктовые магазины","Zemnaya flowers, служба доставки цветов | ВкусВилл, магазин с доставкой полезных продуктов | Винлаб, супермаркет напитков | Luna Project | Ozon, Пункт выдачи товара","Спецмагазины -> Доставка цветов | Торговые комплексы -> Супермаркеты | Напитки, Продукты питания -> Алкогольные напитки, Продуктовые магазины | Красота / Здоровье -> Услуги по оформлению ресниц / бровей | Грузоперевозки / Транспортные услуги -> Пункты выдачи интернет-заказов"
18993020,https://investmoscow.ru/tenders/tender/18993020,2023-05-25,2022-12,2023-12,2023-12-31,220,"Западный административный округ, Кунцево, Российская Федерация, город Москва, внутригородская территория муниципальный округ Кунцево, улица Академика Павлова, дом 28, Этаж № 1, пом. 27Н",улица академика павлова 28,5,low,"Zemnaya flowers, служба доставки цветов | ВкусВилл, магазин с доставкой полезных продуктов | Винлаб, супермаркет напитков","Спецмагазины -> Доставка цветов | Торговые комплексы -> Супермаркеты | Напитки, Продукты питания -> Алкогольные напитки, Продуктовые магазины","Zemnaya flowers, служба доставки цветов | ВкусВилл, магазин с доставкой полезных продуктов | Винлаб, супермаркет напитков | Luna Project | Ozon, Пункт выдачи товара","Спецмагазины -> Доставка цветов | Торговые комплексы -> Супермаркеты | Напитки, Продукты питания -> Алкогольные напитки, Продуктовые магазины | Красота / Здоровье -> Услуги по оформлению ресниц / бровей | Грузоперевозки / Транспортные услуги -> Пункты выдачи интернет-заказов"
18993045,https://investmoscow.ru/tenders/tender/18993045,2023-05-25,2022-12,2023-12,2023-12-31,220,"Западный административный округ, Кунцево, Российская Федерация, город Москва, внутригородская территория муниципальный округ Кунцево, улица Академика Павлова, дом 28, этаж № 1, пом. 28Н",улица академика павлова 28,5,low,"Zemnaya flowers, служба доставки цветов | ВкусВилл, магазин с доставкой полезных продуктов | Винлаб, супермаркет напитков","Спецмагазины -> Доставка цветов | Торговые комплексы -> Супермаркеты | Напитки, Продукты питания -> Алкогольные напитки, Продуктовые магазины","Zemnaya flowers, служба доставки цветов | ВкусВилл, магазин с доставкой полезных продуктов | Винлаб, супермаркет напитков | Luna Project | Ozon, Пункт выдачи товара","Спецмагазины -> Доставка цветов | Торговые комплексы -> Супермаркеты | Напитки, Продукты питания -> Алкогольные напитки, Продуктовые магазины | Красота / Здоровье -> Услуги по оформлению ресниц / бровей | Грузоперевозки / Транспортные услуги -> Пункты выдачи интернет-заказов"
18993111,https://investmoscow.ru/tenders/tender/18993111,2023-05-25,2022-12,2023-12,2023-12-31,220,"Западный административный округ, Кунцево, Российская Федерация, город Москва, внутригородская территория муниципальный округ Кунцево, улица Академика Павлова, дом 40, Этаж № 1, пом. 4Н",улица академика павлова 40,2,low,"CofeFest, кофейня | Soda, студия маникюра и красоты","Общественное питание -> Точки кофе | Красота / Здоровье -> Ногтевые студии, Парикмахерские, Услуги по оформлению ресниц / бровей","CofeFest, кофейня | Soda, студия маникюра и красоты","Общественное питание -> Точки кофе | Красота / Здоровье -> Ногтевые студии, Парикмахерские, Услуги по оформлению ресниц / бровей"
18993116,https://investmoscow.ru/tenders/tender/18993116,2023-05-25,2022-12,2023-12,2023-12-31,220,"Западный административный округ, Кунцево, Российская Федерация, город Москва, внутригородская территория муниципальный округ Кунцево, улица Академика Павлова, дом 28, этаж № 1, пом. 20Н",улица академика павлова 28,5,low,"Zemnaya flowers, служба доставки цветов | ВкусВилл, магазин с доставкой полезных продуктов | Винлаб, супермаркет напитков","Спецмагазины -> Доставка цветов | Торговые комплексы -> Супермаркеты | Напитки, Продукты питания -> Алкогольные напитки, Продуктовые магазины","Zemnaya flowers, служба доставки цветов | ВкусВилл, магазин с доставкой полезных продуктов | Винлаб, супермаркет напитков | Luna Project | Ozon, Пункт выдачи товара","Спецмагазины -> Доставка цветов | Торговые комплексы -> Супермаркеты | Напитки, Продукты питания -> Алкогольные напитки, Продуктовые магазины | Красота / Здоровье -> Услуги по оформлению ресниц / бровей | Грузоперевозки / Транспортные услуги -> Пункты выдачи интернет-заказов"
18993173,https://investmoscow.ru/tenders/tender/18993173,2023-05-25,2022-12,2023-12,2023-12-31,220,"Западный административный округ, Кунцево, Российская Федерация, город Москва, внутригородская территория муниципальный округ Кунцево, улица Академика Павлова, дом 28, этаж № 1, пом. 26Н",улица академика павлова 28,5,low,"Zemnaya flowers, служба доставки цветов | ВкусВилл, магазин с доставкой полезных продуктов | Винлаб, супермаркет напитков","Спецмагазины -> Доставка цветов | Торговые комплексы -> Супермаркеты | Напитки, Продукты питания -> Алкогольные напитки, Продуктовые магазины","Zemnaya flowers, служба доставки цветов | ВкусВилл, магазин с доставкой полезных продуктов | Винлаб, супермаркет напитков | Luna Project | Ozon, Пункт выдачи товара","Спецмагазины -> Доставка цветов | Торговые комплексы -> Супермаркеты | Напитки, Продукты питания -> Алкогольные напитки, Продуктовые магазины | Красота / Здоровье -> Услуги по оформлению ресниц / бровей | Грузоперевозки / Транспортные услуги -> Пункты выдачи интернет-заказов"
18993183,https://investmoscow.ru/tenders/tender/18993183,2023-05-25,2022-12,2023-12,2023-12-31,220,"Западный административный округ, Кунцево, Российская Федерация, город Москва, внутригородская территория муниципальный округ Кунцево, улица Академика Павлова, дом 40, Этаж № 1, пом. 5Н",улица академика павлова 40,2,low,"CofeFest, кофейня | Soda, студия маникюра и красоты","Общественное питание -> Точки кофе | Красота / Здоровье -> Ногтевые студии, Парикмахерские, Услуги по оформлению ресниц / бровей","CofeFest, кофейня | Soda, студия маникюра и красоты","Общественное питание -> Точки кофе | Красота / Здоровье -> Ногтевые студии, Парикмахерские, Услуги по оформлению ресниц / бровей"
18993216,https://investmoscow.ru/tenders/tender/18993216,2023-05-25,2022-12,2023-12,2023-12-31,220,"Западный административный округ, Кунцево, Российская Федерация, город Москва, внутригородская территория муниципальный округ Кунцево, улица Академика Павлова, дом 28, этаж № 1, пом. 23Н",улица академика павлова 28,5,low,"Zemnaya flowers, служба доставки цветов | ВкусВилл, магазин с доставкой полезных продуктов | Винлаб, супермаркет напитков","Спецмагазины -> Доставка цветов | Торговые комплексы -> Супермаркеты | Напитки, Продукты питания -> Алкогольные напитки, Продуктовые магазины","Zemnaya flowers, служба доставки цветов | ВкусВилл, магазин с доставкой полезных продуктов | Винлаб, супермаркет напитков | Luna Project | Ozon, Пункт выдачи товара","Спецмагазины -> Доставка цветов | Торговые комплексы -> Супермаркеты | Напитки, Продукты питания -> Алкогольные напитки, Продуктовые магазины | Красота / Здоровье -> Услуги по оформлению ресниц / бровей | Грузоперевозки / Транспортные услуги -> Пункты выдачи интернет-заказов"
18993219,https://investmoscow.ru/tenders/tender/18993219,2023-05-25,2022-12,2023-12,2023-12-31,220,"Западный административный округ, Кунцево, Российская Федерация, город Москва, внутригородская территория муниципальный округ Кунцево, улица Академика Павлова, дом 40, Этаж № 1, пом. 1Н",улица академика павлова 40,2,low,"CofeFest, кофейня | Soda, студия маникюра и красоты","Общественное питание -> Точки кофе | Красота / Здоровье -> Ногтевые студии, Парикмахерские, Услуги по оформлению ресниц / бровей","CofeFest, кофейня | Soda, студия маникюра и красоты","Общественное питание -> Точки кофе | Красота / Здоровье -> Ногтевые студии, Парикмахерские, Услуги по оформлению ресниц / бровей"
18993270,https://investmoscow.ru/tenders/tender/18993270,2023-05-25,2022-12,2023-12,2023-12-31,220,"Западный административный округ, Кунцево, Российская Федерация, город Москва, внутригородская территория муниципальный округ Кунцево, улица Академика Павлова, дом 28, Этаж № 1, пом. 5Н",улица академика павлова 28,5,low,"Zemnaya flowers, служба доставки цветов | ВкусВилл, магазин с доставкой полезных продуктов | Винлаб, супермаркет напитков","Спецмагазины -> Доставка цветов | Торговые комплексы -> Супермаркеты | Напитки, Продукты питания -> Алкогольные напитки, Продуктовые магазины","Zemnaya flowers, служба доставки цветов | ВкусВилл, магазин с доставкой полезных продуктов | Винлаб, супермаркет напитков | Luna Project | Ozon, Пункт выдачи товара","Спецмагазины -> Доставка цветов | Торговые комплексы -> Супермаркеты | Напитки, Продукты питания -> Алкогольные напитки, Продуктовые магазины | Красота / Здоровье -> Услуги по оформлению ресниц / бровей | Грузоперевозки / Транспортные услуги -> Пункты выдачи интернет-заказов"
18993294,https://investmoscow.ru/tenders/tender/18993294,2023-05-25,2022-12,2023-12,2023-12-31,220,"Западный административный округ, Кунцево, Российская Федерация, город Москва, внутригородская территория муниципальный округ Кунцево, улица Академика Павлова, дом 28, Этаж № 1, пом. 12Н",улица академика павлова 28,5,low,"Zemnaya flowers, служба доставки цветов | ВкусВилл, магазин с доставкой полезных продуктов | Винлаб, супермаркет напитков","Спецмагазины -> Доставка цветов | Торговые комплексы -> Супермаркеты | Напитки, Продукты питания -> Алкогольные напитки, Продуктовые магазины","Zemnaya flowers, служба доставки цветов | ВкусВилл, магазин с доставкой полезных продуктов | Винлаб, супермаркет напитков | Luna Project | Ozon, Пункт выдачи товара","Спецмагазины -> Доставка цветов | Торговые комплексы -> Супермаркеты | Напитки, Продукты питания -> Алкогольные напитки, Продуктовые магазины | Красота / Здоровье -> Услуги по оформлению ресниц / бровей | Грузоперевозки / Транспортные услуги -> Пункты выдачи интернет-заказов"
18995320,https://investmoscow.ru/tenders/tender/18995320,2023-05-26,2023-12,2024-05,2024-05-31,371,"Западный административный округ, Дорогомилово, Российская Федерация, город Москва, внутригородская территория муниципальный округ Дорогомилово, Большая Дорогомиловская улица, дом 16, Этаж № 1",большая дорогомиловская улица 16,6,low,"Азбука вкуса, супермаркет | Контраст, химчистка премиум-класса | МКБ, банкомат","Спецмагазины, Торговые комплексы -> Доставка продуктов / хозтоваров, Супермаркеты | Бытовые услуги, Обувь -> Мастерские по ремонту одежды, Прачечные, Ремонт обуви / кожгалантереи, Химчистки одежды / текстиля, Чистка / реставрация пухо-перьевых изделий | Банковские / финансовые услуги -> Банкоматы","Азбука вкуса, супермаркет | Контраст, химчистка премиум-класса | МКБ, банкомат | Доктор Столетов, Аптечный пункт №3445 | Тинькофф, терминал","Спецмагазины, Торговые комплексы -> Доставка продуктов / хозтоваров, Супермаркеты | Бытовые услуги, Обувь -> Мастерские по ремонту одежды, Прачечные, Ремонт обуви / кожгалантереи, Химчистки одежды / текстиля, Чистка / реставрация пухо-перьевых изделий | Банковские / финансовые услуги -> Банкоматы | Медицинские товары -> Аптеки, Доставка лекарств | Бытовые услуги -> Платёжные терминалы"
18995676,https://investmoscow.ru/tenders/tender/18995676,2023-05-26,2023-12,2024-05,2024-05-31,371,"Центральный административный округ, Мещанский, Российская Федерация, город Москва, внутригородская территория муниципальный округ Мещанский, проспект Мира, дом 68, Подвал № 0",проспект мира 68,17,low,"Bogner, бутик одежды | Лотос, пункт приема | SimpleWine, винотека","Обувь, Одежда / Аксессуары -> Верхняя одежда, Головные / шейные уборы, Женская одежда, Мужская одежда, Обувные магазины | Бытовые услуги -> Химчистки одежды / текстиля | Напитки, Садово-хозяйственные товары -> Алкогольные напитки, Безалкогольные напитки, Посуда","Bogner, бутик одежды | Лотос, пункт приема | SimpleWine, винотека | Детский центр им. Х.К. Андерсена | Три ступени, театральная студия","Обувь, Одежда / Аксессуары -> Верхняя одежда, Головные / шейные уборы, Женская одежда, Мужская одежда, Обувные магазины | Бытовые услуги -> Химчистки одежды / текстиля | Напитки, Садово-хозяйственные товары -> Алкогольные напитки, Безалкогольные напитки, Посуда | Культура / Искусство -> Библиотеки | Дополнительное образование / Развивающие курсы -> Театральные курсы"
18997572,https://investmoscow.ru/tenders/tender/18997572,2023-05-29,2022-12,2023-12,2023-12-31,216,"Центральный административный округ, Красносельский, Российская Федерация, город Москва, внутригородская территория муниципальный округ Красносельский, Каланчёвская улица, дом 47, Этаж № 1",каланчевская улица 47,2,low,"Wildberries, пункт выдачи товара | Copix, автомат копировальных услуг","Грузоперевозки / Транспортные услуги -> Пункты выдачи интернет-заказов | Издательское дело / Полиграфия -> Копировальные услуги, Оперативная полиграфия","Wildberries, пункт выдачи товара | Copix, автомат копировальных услуг","Грузоперевозки / Транспортные услуги -> Пункты выдачи интернет-заказов | Издательское дело / Полиграфия -> Копировальные услуги, Оперативная полиграфия"
19002729,https://investmoscow.ru/tenders/tender/19002729,2023-05-18,2023-12,2024-05,2024-05-31,379,"г. Москва, ул. Щербаковская, Дом 58А, Этаж № 1, Подвал № 0",улица щербаковская 58а,9,low,"Почта России, Отделение №105187 | Почта Банк, банкомат | Почта банк",Услуги связи -> Почтовые отделения | Банковские / финансовые услуги -> Банкоматы | Банковские / финансовые услуги -> Банки,"Почта России, Отделение №105187 | Почта Банк, банкомат | Почта банк | Borodach, барбершоп | Wildberries, пункт выдачи товара",Услуги связи -> Почтовые отделения | Банковские / финансовые услуги -> Банкоматы | Банковские / финансовые услуги -> Банки | Красота / Здоровье -> Барбершопы | Грузоперевозки / Транспортные услуги -> Пункты выдачи интернет-заказов
19002807,https://investmoscow.ru/tenders/tender/19002807,2023-05-18,2023-12,2024-05,2024-05-31,379,"Восточный административный округ, Измайлово, Российская Федерация, город Москва, внутригородская территория муниципальный округ Измайлово, Измайловский бульвар, дом 3, Подвал №0",измайловский бульвар 3,3,low,"Авто-мотокласс, автошкола | Hi5 english, студия английского языка | Эв-комстрой","Дополнительное образование / Развивающие курсы -> Автошколы, Мотошколы | Дополнительное образование / Развивающие курсы -> Помощь в обучении, Языковые школы | Строительство зданий / сооружений -> Промышленное строительство","Авто-мотокласс, автошкола | Hi5 english, студия английского языка | Эв-комстрой","Дополнительное образование / Развивающие курсы -> Автошколы, Мотошколы | Дополнительное образование / Развивающие курсы -> Помощь в обучении, Языковые школы | Строительство зданий / сооружений -> Промышленное строительство"
19004932,https://investmoscow.ru/tenders/tender/19004932,2023-05-31,2022-12,2023-12,2023-12-31,214,"Южный административный округ, Донской, Российская Федерация, город Москва, внутригородская территория муниципальный округ Донской, Ленинский проспект, дом 30, Этаж № 12",ленинский проспект 30,7,low,"Скульптура тела | Dance Planet, танцевально-спортивный клуб | Life v.2.0, студия","Дополнительное образование / Развивающие курсы, Красота / Здоровье -> Обучение массажистов, Услуги косметолога, Услуги массажиста | Спортивные клубы / школы, Услуги по организации праздников / досуга -> Обучение танцам, Творческие коллективы | Спецмагазины -> Эзотерические товары","Скульптура тела | Dance Planet, танцевально-спортивный клуб | Life v.2.0, студия | Motoleon, мотошкола | Clockservice, мастерская по ремонту часов","Дополнительное образование / Развивающие курсы, Красота / Здоровье -> Обучение массажистов, Услуги косметолога, Услуги массажиста | Спортивные клубы / школы, Услуги по организации праздников / досуга -> Обучение танцам, Творческие коллективы | Спецмагазины -> Эзотерические товары | Дополнительное образование / Развивающие курсы -> Мотошколы | Бытовые услуги -> Ремонт часов"
19005050,https://investmoscow.ru/tenders/tender/19005050,2023-05-31,2023-12,2024-05,2024-05-31,366,"Восточный административный округ, Косино-Ухтомский, Российская Федерация, город Москва, внутригородская территория муниципальный округ Косино-Ухтомский, Лухмановская улица, дом 26, Этаж № 1",лухмановская улица 26,4,low,"CDEK, служба экспресс-доставки | Триумф, спортивно-досуговый центр | Ритмы танца, хореографическая студия","Грузоперевозки / Транспортные услуги -> Авиагрузоперевозки, Городские автогрузоперевозки, Железнодорожные грузоперевозки, Пункты выдачи интернет-заказов, Экспресс-почта | Спортивные клубы / школы, Центры творчества и досуга -> Детские / подростковые клубы, Спортивные секции | Спортивные клубы / школы -> Обучение танцам","CDEK, служба экспресс-доставки | Триумф, спортивно-досуговый центр | Ритмы танца, хореографическая студия | Старт, киношкола","Грузоперевозки / Транспортные услуги -> Авиагрузоперевозки, Городские автогрузоперевозки, Железнодорожные грузоперевозки, Пункты выдачи интернет-заказов, Экспресс-почта | Спортивные клубы / школы, Центры творчества и досуга -> Детские / подростковые клубы, Спортивные секции | Спортивные клубы / школы -> Обучение танцам | Дополнительное образование / Развивающие курсы -> Театральные курсы"
19005626,https://investmoscow.ru/tenders/tender/19005626,2023-05-12,2022-12,2023-12,2023-12-31,233,"Центральный административный округ, Таганский, Российская Федерация, город Москва, внутригородская территория муниципальный округ Таганский, Верхняя Радищевская улица, дом 13-15, Подвал № 0",верхняя радищевская улица 13 15,3,low,"Green Vault, лаундж-бар | Кабинет маникюра | Propaints, магазин",Места отдыха / Развлекательные заведения -> Центры паровых коктейлей | Красота / Здоровье -> Ногтевые студии | Отделочные материалы -> Лакокрасочные материалы,"Green Vault, лаундж-бар | Кабинет маникюра | Propaints, магазин",Места отдыха / Развлекательные заведения -> Центры паровых коктейлей | Красота / Здоровье -> Ногтевые студии | Отделочные материалы -> Лакокрасочные материалы
19005714,https://investmoscow.ru/tenders/tender/19005714,2023-05-12,2022-12,2023-12,2023-12-31,233,"Южный административный округ, Донской, Российская Федерация, город Москва, внутригородская территория муниципальный округ Донской, Ленинский проспект, дом 30, Этаж № 11",ленинский проспект 30,7,low,"Скульптура тела | Dance Planet, танцевально-спортивный клуб | Life v.2.0, студия","Дополнительное образование / Развивающие курсы, Красота / Здоровье -> Обучение массажистов, Услуги косметолога, Услуги массажиста | Спортивные клубы / школы, Услуги по организации праздников / досуга -> Обучение танцам, Творческие коллективы | Спецмагазины -> Эзотерические товары","Скульптура тела | Dance Planet, танцевально-спортивный клуб | Life v.2.0, студия | Motoleon, мотошкола | Clockservice, мастерская по ремонту часов","Дополнительное образование / Развивающие курсы, Красота / Здоровье -> Обучение массажистов, Услуги косметолога, Услуги массажиста | Спортивные клубы / школы, Услуги по организации праздников / досуга -> Обучение танцам, Творческие коллективы | Спецмагазины -> Эзотерические товары | Дополнительное образование / Развивающие курсы -> Мотошколы | Бытовые услуги -> Ремонт часов"
19005732,https://investmoscow.ru/tenders/tender/19005732,2023-05-12,2022-12,2023-12,2023-12-31,233,"Западный административный округ, Ново-Переделкино, Российская Федерация, город Москва, внутригородская территория муниципальный округ Ново-Переделкино, Лукинская улица, дом 9, Этаж № 1",лукинская улица 9,1,low,IT-Easy,"Компьютеры -> Монтаж компьютерных сетей, Услуги системного администрирования",IT-Easy,"Компьютеры -> Монтаж компьютерных сетей, Услуги системного администрирования"
19005908,https://investmoscow.ru/tenders/tender/19005908,2023-05-12,2022-12,2023-12,2023-12-31,233,"Западный административный округ, Фили-Давыдково, Российская Федерация, город Москва, внутригородская территория муниципальный округ Фили-Давыдково, Кременчугская улица, дом 9, Подвал № 0",кременчугская улица 9,4,low,"СДЭК, служба доставки и логистики | Boxberry, отделение службы доставки | Бюро Леэт","Грузоперевозки / Транспортные услуги -> Авиагрузоперевозки, Городские автогрузоперевозки, Междугородные автогрузоперевозки, Международные грузоперевозки, Экспресс-почта | Грузоперевозки / Транспортные услуги -> Пункты выдачи интернет-заказов, Экспресс-почта | Бытовые услуги, Издательское дело / Полиграфия, Книги / Канцелярия, Спецмагазины -> Канцелярские товары / Учебные принадлежности, Копировальные услуги, Сувениры, Фото на документы","СДЭК, служба доставки и логистики | Boxberry, отделение службы доставки | Бюро Леэт | Energo, автомат аренды аккумуляторов для гаджетов","Грузоперевозки / Транспортные услуги -> Авиагрузоперевозки, Городские автогрузоперевозки, Междугородные автогрузоперевозки, Международные грузоперевозки, Экспресс-почта | Грузоперевозки / Транспортные услуги -> Пункты выдачи интернет-заказов, Экспресс-почта | Бытовые услуги, Издательское дело / Полиграфия, Книги / Канцелярия, Спецмагазины -> Канцелярские товары / Учебные принадлежности, Копировальные услуги, Сувениры, Фото на документы | Средства связи -> Станции зарядки мобильных телефонов"
19006842,https://investmoscow.ru/tenders/tender/19006842,2023-05-12,2022-12,2023-12,2023-12-31,233,"Западный административный округ, Дорогомилово, город Москва, Бережковская набережная, дом 12, Подвал № 0",бережковская набережная 12,2,low,"Mbulak, микрокредитная компания | Бережки, кафе",Банковские / финансовые услуги -> Микрофинансирование | Общественное питание -> Кафе,"Mbulak, микрокредитная компания | Бережки, кафе",Банковские / финансовые услуги -> Микрофинансирование | Общественное питание -> Кафе
19007038,https://investmoscow.ru/tenders/tender/19007038,2023-05-12,2022-12,2023-12,2023-12-31,233,"Западный административный округ, Дорогомилово, город Москва, Бережковская набережная, дом 12, Подвал № 0",бережковская набережная 12,2,low,"Mbulak, микрокредитная компания | Бережки, кафе",Банковские / финансовые услуги -> Микрофинансирование | Общественное питание -> Кафе,"Mbulak, микрокредитная компания | Бережки, кафе",Банковские / финансовые услуги -> Микрофинансирование | Общественное питание -> Кафе
19007577,https://investmoscow.ru/tenders/tender/19007577,2023-05-23,2023-12,2024-05,2024-05-31,374,"Центральный административный округ, Мещанский, Российская Федерация, город Москва, внутригородская территория муниципальный округ Мещанский, проспект Мира, дом 70А, Подвал № 0, пом. 2/П",проспект мира 70а,2,medium,"Yat, салон красоты | Мила-дент, стоматологическая клиника","Красота / Здоровье -> Ногтевые студии, Услуги массажиста, Услуги по оформлению ресниц / бровей | Медицинские услуги -> Частные стоматологии","Yat, салон красоты | Мила-дент, стоматологическая клиника","Красота / Здоровье -> Ногтевые студии, Услуги массажиста, Услуги по оформлению ресниц / бровей | Медицинские услуги -> Частные стоматологии"
19007825,https://investmoscow.ru/tenders/tender/19007825,2023-05-12,2022-12,2023-12,2023-12-31,233,"Юго-Восточный административный округ, Лефортово, Российская Федерация, город Москва, внутригородская территория муниципальный округ Лефортово, 2-я Кабельная улица, дом 15, Подвал № 0",2 я кабельная улица 15,1,medium,Стадинг,Строительные / монтажные работы -> Ремонт / отделка помещений,Стадинг,Строительные / монтажные работы -> Ремонт / отделка помещений
19007893,https://investmoscow.ru/tenders/tender/19007893,2023-05-12,2022-12,2023-12,2023-12-31,233,"Юго-Восточный административный округ, Некрасовка, Российская Федерация, город Москва, внутригородская территория муниципальный округ Некрасовка, проспект Защитников Москвы, дом 13, Этаж № 1",проспект защитников москвы 13,2,medium,"Бери Кофе | Нуха, продуктовый магазин",Общественное питание -> Точки кофе | Продукты питания -> Продуктовые магазины,"Бери Кофе | Нуха, продуктовый магазин",Общественное питание -> Точки кофе | Продукты питания -> Продуктовые магазины
19009605,https://investmoscow.ru/tenders/tender/19009605,2023-05-22,2022-12,2023-12,2023-12-31,223,"Западный административный округ, Кунцево, Российская Федерация, город Москва, внутригородская территория муниципальный округ Кунцево, улица Академика Павлова, дом 40, Этаж № 1, помещение 14Н",улица академика павлова 40,2,low,"CofeFest, кофейня | Soda, студия маникюра и красоты","Общественное питание -> Точки кофе | Красота / Здоровье -> Ногтевые студии, Парикмахерские, Услуги по оформлению ресниц / бровей","CofeFest, кофейня | Soda, студия маникюра и красоты","Общественное питание -> Точки кофе | Красота / Здоровье -> Ногтевые студии, Парикмахерские, Услуги по оформлению ресниц / бровей"
19009937,https://investmoscow.ru/tenders/tender/19009937,2023-05-22,2024-05,2024-09,2024-09-30,497,"Южный административный округ, Нагатино-Садовники, Российская Федерация, город Москва, внутригородская территория муниципальный округ Нагатино-Садовники, Нагатинская набережная, дом 12, Этаж № 1",нагатинская набережная 12,1,medium,"ХуаХун-Русь, торговая компания","Автотранспорт, Промышленное оборудование, Химия / Вторсырьё -> Металлообрабатывающее оборудование, Спецтехника, Утилизация отходов / Переработка вторсырья","ХуаХун-Русь, торговая компания","Автотранспорт, Промышленное оборудование, Химия / Вторсырьё -> Металлообрабатывающее оборудование, Спецтехника, Утилизация отходов / Переработка вторсырья"
19011070,https://investmoscow.ru/tenders/tender/19011070,2023-05-22,2022-12,2023-12,2023-12-31,223,"г. Москва, ул. Палехская, Дом 21, Этаж № 1 (помещение IX - комнаты с 1 по 3, с 5 по 10; помещение VIII - комнаты 1, 2, 6)",улица палехская 21,1,high,Объединённые Поставки,"Отделочные материалы, Строительные материалы / конструкции, Строительство зданий / сооружений -> Лакокрасочные материалы, Строительные материалы, Строительство дач / коттеджей, Сухие строительные смеси",Объединённые Поставки,"Отделочные материалы, Строительные материалы / конструкции, Строительство зданий / сооружений -> Лакокрасочные материалы, Строительные материалы, Строительство дач / коттеджей, Сухие строительные смеси"
19011385,https://investmoscow.ru/tenders/tender/19011385,2023-05-19,2022-12,2023-12,2023-12-31,226,"Центральный административный округ, Тверской, Российская Федерация, город Москва, внутригородская территория муниципальный округ Тверской, Новослободская улица, дом 71, Этаж № 1",новослободская улица 71,2,medium,"Родной, пивной бар | Цветочный магазин","Общественное питание -> Бары | Спецмагазины, Тара / Упаковка -> Доставка цветов, Подарочная упаковка, Товары для праздничного оформления / организации праздников, Услуги по упаковке подарков, Цветы","Родной, пивной бар | Цветочный магазин","Общественное питание -> Бары | Спецмагазины, Тара / Упаковка -> Доставка цветов, Подарочная упаковка, Товары для праздничного оформления / организации праздников, Услуги по упаковке подарков, Цветы"
19019970,https://investmoscow.ru/tenders/tender/19019970,2023-05-24,2024-05,2024-09,2024-09-30,495,"Российская Федерация, город Москва, внутригородская территория муниципальный округ Марфино, улица Академика Комарова, дом 11Г, Этаж 1, пом. 17Н",улица академика комарова 11г,1,low,"Свой на районе, ​магазин алкогольных напитков",Напитки -> Алкогольные напитки,"Свой на районе, ​магазин алкогольных напитков",Напитки -> Алкогольные напитки
19020197,https://investmoscow.ru/tenders/tender/19020197,2023-05-24,2023-12,2024-05,2024-05-31,373,"Юго-Восточный административный округ, Кузьминки, Российская Федерация, город Москва, внутригородская территория муниципальный округ Кузьминки, улица Юных Ленинцев, дом 73, Этаж 1, пом. 4Н",улица юных ленинцев 73,3,low,"Авито, пункт выдачи заказов | Wildberries, пункт выдачи товара | Ozon, пункт выдачи товара",Грузоперевозки / Транспортные услуги -> Пункты выдачи интернет-заказов,"Авито, пункт выдачи заказов | Wildberries, пункт выдачи товара | Ozon, пункт выдачи товара",Грузоперевозки / Транспортные услуги -> Пункты выдачи интернет-заказов
19023704,https://investmoscow.ru/tenders/tender/19023704,2023-06-01,2022-12,2023-12,2023-12-31,213,"Западный административный округ, Кунцево, Российская Федерация, город Москва, внутригородская территория муниципальный округ Кунцево, улица Академика Павлова, дом 40, Этаж № 1",улица академика павлова 40,2,low,"CofeFest, кофейня | Soda, студия маникюра и красоты","Общественное питание -> Точки кофе | Красота / Здоровье -> Ногтевые студии, Парикмахерские, Услуги по оформлению ресниц / бровей","CofeFest, кофейня | Soda, студия маникюра и красоты","Общественное питание -> Точки кофе | Красота / Здоровье -> Ногтевые студии, Парикмахерские, Услуги по оформлению ресниц / бровей"
19028043,https://investmoscow.ru/tenders/tender/19028043,2023-05-25,2022-12,2023-12,2023-12-31,220,"Центральный административный округ, Тверской, Российская Федерация, город Москва, внутригородская территория муниципальный округ Тверской, 4-я Тверская-Ямская улица, дом 6/12, Подвал № 0",4 я тверская ямская улица 6/12,1,high,"Апрель, кофейно-винный бар","Общественное питание -> Бары, Кафе","Апрель, кофейно-винный бар","Общественное питание -> Бары, Кафе"
19028303,https://investmoscow.ru/tenders/tender/19028303,2023-05-25,2023-12,2024-05,2024-05-31,372,"Центральный административный округ, Таганский, Российская Федерация, город Москва, внутригородская территория муниципальный округ Таганский, Гончарный проезд, дом 8/40, Подвал № 0",гончарный проезд 8/40,12,low,"Ароматный мир, винный супермаркет | Нео, ломбард | Лофт-Стил, производственная компания","Напитки, Торговые комплексы -> Алкогольные напитки, Супермаркеты | Банковские / финансовые услуги -> Ломбарды | Отделочные материалы -> Входные двери, Межкомнатные двери, Системы перегородок","Ароматный мир, винный супермаркет | Нео, ломбард | Лофт-Стил, производственная компания | Runlab, магазин спортивной обуви и одежды | MyOptika, салон оптики","Напитки, Торговые комплексы -> Алкогольные напитки, Супермаркеты | Банковские / финансовые услуги -> Ломбарды | Отделочные материалы -> Входные двери, Межкомнатные двери, Системы перегородок | Спортивные товары -> Спортивная одежда / обувь, Спортивное оборудование, Спортивный инвентарь | Бытовые услуги, Медицинские товары, Медицинские услуги, Одежда / Аксессуары -> Оптика, Ремонт очков, Солнцезащитные очки, Услуги офтальмолога"
19039400,https://investmoscow.ru/tenders/tender/19039400,2023-06-05,2022-12,2023-12,2023-12-31,209,"Западный административный округ, Кунцево, Российская Федерация, город Москва, внутригородская территория муниципальный округ Кунцево, улица Академика Павлова, дом 28, Этаж № 1",улица академика павлова 28,5,low,"Zemnaya flowers, служба доставки цветов | ВкусВилл, магазин с доставкой полезных продуктов | Винлаб, супермаркет напитков","Спецмагазины -> Доставка цветов | Торговые комплексы -> Супермаркеты | Напитки, Продукты питания -> Алкогольные напитки, Продуктовые магазины","Zemnaya flowers, служба доставки цветов | ВкусВилл, магазин с доставкой полезных продуктов | Винлаб, супермаркет напитков | Luna Project | Ozon, Пункт выдачи товара","Спецмагазины -> Доставка цветов | Торговые комплексы -> Супермаркеты | Напитки, Продукты питания -> Алкогольные напитки, Продуктовые магазины | Красота / Здоровье -> Услуги по оформлению ресниц / бровей | Грузоперевозки / Транспортные услуги -> Пункты выдачи интернет-заказов"
19041366,https://investmoscow.ru/tenders/tender/19041366,2023-06-05,2022-12,2023-12,2023-12-31,209,"Северо-Восточный административный округ, Отрадное, Российская Федерация, город Москва, внутригородская территория муниципальный округ Отрадное, Алтуфьевское шоссе, дом 14, Этаж № 1",алтуфьевское шоссе 14,1,low,"Ozon, Пункт выдачи товара",Грузоперевозки / Транспортные услуги -> Пункты выдачи интернет-заказов,"Ozon, Пункт выдачи товара",Грузоперевозки / Транспортные услуги -> Пункты выдачи интернет-заказов
19041485,https://investmoscow.ru/tenders/tender/19041485,2023-06-05,2022-12,2023-12,2023-12-31,209,"Западный административный округ, Кунцево, Российская Федерация, город Москва, внутригородская территория муниципальный округ Кунцево, улица Академика Павлова, дом 28, Этаж № 1",улица академика павлова 28,5,low,"Zemnaya flowers, служба доставки цветов | ВкусВилл, магазин с доставкой полезных продуктов | Винлаб, супермаркет напитков","Спецмагазины -> Доставка цветов | Торговые комплексы -> Супермаркеты | Напитки, Продукты питания -> Алкогольные напитки, Продуктовые магазины","Zemnaya flowers, служба доставки цветов | ВкусВилл, магазин с доставкой полезных продуктов | Винлаб, супермаркет напитков | Luna Project | Ozon, Пункт выдачи товара","Спецмагазины -> Доставка цветов | Торговые комплексы -> Супермаркеты | Напитки, Продукты питания -> Алкогольные напитки, Продуктовые магазины | Красота / Здоровье -> Услуги по оформлению ресниц / бровей | Грузоперевозки / Транспортные услуги -> Пункты выдачи интернет-заказов"
19041687,https://investmoscow.ru/tenders/tender/19041687,2023-06-05,2022-12,2023-12,2023-12-31,209,"Западный административный округ, Кунцево, Российская Федерация, город Москва, внутригородская территория муниципальный округ Кунцево, улица Академика Павлова, дом 40, Этаж № 1",улица академика павлова 40,2,low,"CofeFest, кофейня | Soda, студия маникюра и красоты","Общественное питание -> Точки кофе | Красота / Здоровье -> Ногтевые студии, Парикмахерские, Услуги по оформлению ресниц / бровей","CofeFest, кофейня | Soda, студия маникюра и красоты","Общественное питание -> Точки кофе | Красота / Здоровье -> Ногтевые студии, Парикмахерские, Услуги по оформлению ресниц / бровей"
19062780,https://investmoscow.ru/tenders/tender/19062780,2023-06-16,2022-12,2023-12,2023-12-31,198,"Северный административный округ, Савеловский, Российская Федерация, город Москва, внутригородская территория муниципальный округ Савеловский, Башиловская улица, дом 21, Этаж № 1",башиловская улица 21,1,high,ООО Неле консалтинг,Бизнес-услуги -> Финансовый консалтинг,ООО Неле консалтинг,Бизнес-услуги -> Финансовый консалтинг
19064080,https://investmoscow.ru/tenders/tender/19064080,2023-06-16,2022-12,2023-12,2023-12-31,198,"Российская Федерация, город Москва, внутригородская территория муниципальный округ Даниловский, Мытная улица, дом 27, Подвал № 0",мытная улица 27,1,medium,Чик-Чирик,"Красота / Здоровье, Недвижимость -> Коворкинг, Ногтевые студии, Парикмахерские",Чик-Чирик,"Красота / Здоровье, Недвижимость -> Коворкинг, Ногтевые студии, Парикмахерские"
19067541,https://investmoscow.ru/tenders/tender/19067541,2023-06-16,2023-12,2024-05,2024-05-31,350,"Центральный административный округ, Таганский, Российская Федерация, город Москва, внутригородская территория муниципальный округ Таганский, улица Земляной Вал, дом 48Б, Этаж № 6",улица земляной вал 48б,1,high,Работа-это просто,Работа / Карьера -> Кадровые / рекрутинговые агентства,Работа-это просто,Работа / Карьера -> Кадровые / рекрутинговые агентства
19068200,https://investmoscow.ru/tenders/tender/19068200,2023-06-16,2023-12,2024-05,2024-05-31,350,"Юго-Западный административный округ, Ломоносовский, Российская Федерация, город Москва, внутригородская территория муниципальный округ Ломоносовский, улица Академика Пилюгина, дом 12А, Этаж № 1",улица академика пилюгина 12а,4,low,"Вивафарма, аптека | Ювелирная мастерская | Сербская мясара, кафе","Медицинские товары -> Аптеки, Биологически активные добавки (БАД), Оптика, Ортопедические товары, Средства гигиены | Бытовые услуги, Издательское дело / Полиграфия, Спецмагазины -> Копировальные услуги, Ремонт / изготовление ювелирных изделий, Ремонт очков, Ремонт часов | Общественное питание -> Кафе","Вивафарма, аптека | Ювелирная мастерская | Сербская мясара, кафе | Белка, пекарня","Медицинские товары -> Аптеки, Биологически активные добавки (БАД), Оптика, Ортопедические товары, Средства гигиены | Бытовые услуги, Издательское дело / Полиграфия, Спецмагазины -> Копировальные услуги, Ремонт / изготовление ювелирных изделий, Ремонт очков, Ремонт часов | Общественное питание -> Кафе | Общественное питание -> Пекарни, Точки безалкогольных напитков"
19068435,https://investmoscow.ru/tenders/tender/19068435,2023-06-16,2023-12,2024-05,2024-05-31,350,"Российская Федерация, город Москва, внутригородская территория муниципальный округ Донской, Донская улица, дом 35, Подвал № 0",донская улица 35,1,high,Delivery play,"Компьютеры, Мультимедийное / презентационное оборудование, Спортивные товары -> Кинооборудование – аренда, продажа, Прокат компьютеров / ноутбуков, Прокат мультимедийного / презентационного оборудования, Прокат спортивного инвентаря / техники",Delivery play,"Компьютеры, Мультимедийное / презентационное оборудование, Спортивные товары -> Кинооборудование – аренда, продажа, Прокат компьютеров / ноутбуков, Прокат мультимедийного / презентационного оборудования, Прокат спортивного инвентаря / техники"
19073147,https://investmoscow.ru/tenders/tender/19073147,2023-06-22,2022-12,2023-12,2023-12-31,192,"Юго-Восточный административный округ, Южнопортовый, Российская Федерация, город Москва, внутригородская территория муниципальный округ Южнопортовый, 3-й Крутицкий переулок, дом 11, Этаж № 3",3 й крутицкий переулок 11,6,low,"Экспресс-вендинг, торговый автомат | Robocopy, копировальный автомат | Бюро переводов","Напитки, Продукты питания -> Безалкогольные напитки, Снековая продукция | Издательское дело / Полиграфия -> Копировальные услуги | Дополнительное образование / Развивающие курсы -> Перевод с иностранных языков","Экспресс-вендинг, торговый автомат | Robocopy, копировальный автомат | Бюро переводов | Sunmar, туристическое агентство | Asnails","Напитки, Продукты питания -> Безалкогольные напитки, Снековая продукция | Издательское дело / Полиграфия -> Копировальные услуги | Дополнительное образование / Развивающие курсы -> Перевод с иностранных языков | Продажа билетов, Туризм / Отдых -> Авиабилеты, Железнодорожные билеты, Туристические агентства | Красота / Здоровье -> Ногтевые студии"
19073740,https://investmoscow.ru/tenders/tender/19073740,2023-06-23,2022-12,2023-12,2023-12-31,191,"Северо-Восточный административный округ, Марьина роща, Российская Федерация, город Москва, внутригородская территория муниципальный округ Марьина Роща, улица Советской Армии, дом 15, Подвал №0",улица советской армии 15,1,high,Дарим квест,Услуги по организации праздников / досуга -> Организация и проведение квестов,Дарим квест,Услуги по организации праздников / досуга -> Организация и проведение квестов
19075311,https://investmoscow.ru/tenders/tender/19075311,2023-06-21,2023-12,2024-05,2024-05-31,345,"Юго-Западный административный округ, Зюзино, Российская Федерация, город Москва, внутригородская территория муниципальный округ Зюзино, Болотниковская улица, дом 13, Подвал № 0",болотниковская улица 13,1,high,"Красное&Белое, магазин алкогольных напитков","Напитки, Торговые комплексы -> Алкогольные напитки, Супермаркеты","Красное&Белое, магазин алкогольных напитков","Напитки, Торговые комплексы -> Алкогольные напитки, Супермаркеты"
19075324,https://investmoscow.ru/tenders/tender/19075324,2023-06-21,2024-05,2024-09,2024-09-30,467,"Центральный административный округ, Басманный, Российская Федерация, город Москва, внутригородская территория муниципальный округ Басманный, Денисовский переулок, дом 3/5, Подвал № 0",денисовский переулок 3/5,4,low,"Кабинет массажиста-реабилитолога | Звезда Профи, школа вокала | Проффинансбизнес, холдинговая группа",Красота / Здоровье -> Массажист | Дополнительное образование / Развивающие курсы -> Курсы вокала | Бизнес-услуги -> Бухгалтерские услуги,"Кабинет массажиста-реабилитолога | Звезда Профи, школа вокала | Проффинансбизнес, холдинговая группа | Студия реставрации одежды и диванов","Красота / Здоровье -> Массажист | Дополнительное образование / Развивающие курсы -> Курсы вокала | Бизнес-услуги -> Бухгалтерские услуги | Бытовые услуги, Мебель, Обувь -> Мастерские по ремонту одежды, Ремонт мебели, Ремонт обуви / кожгалантереи"
19075361,https://investmoscow.ru/tenders/tender/19075361,2023-06-21,2022-12,2023-12,2023-12-31,193,"Западный административный округ, Дорогомилово, Российская Федерация, город Москва, внутригородская территория муниципальный округ Дорогомилово, Можайский переулок, дом 5, Подвал № 0",можайский переулок 5,3,low,"English Time | Медикал Клаб, стоматологическая клиника | СДЭК, служба доставки и логистики","Дополнительное образование / Развивающие курсы -> Языковые школы | Медицинские услуги -> Частные стоматологии | Грузоперевозки / Транспортные услуги -> Авиагрузоперевозки, Городские автогрузоперевозки, Междугородные автогрузоперевозки, Международные грузоперевозки, Экспресс-почта","English Time | Медикал Клаб, стоматологическая клиника | СДЭК, служба доставки и логистики","Дополнительное образование / Развивающие курсы -> Языковые школы | Медицинские услуги -> Частные стоматологии | Грузоперевозки / Транспортные услуги -> Авиагрузоперевозки, Городские автогрузоперевозки, Междугородные автогрузоперевозки, Международные грузоперевозки, Экспресс-почта"
19075371,https://investmoscow.ru/tenders/tender/19075371,2023-06-21,2022-12,2023-12,2023-12-31,193,"Российская Федерация, город Москва, внутригородская территория муниципальный округ Донской, Ленинский проспект, дом 35, Этаж № 1, Подвал № 0",ленинский проспект 35,1,low,Артанн,Юридические услуги -> Сертификация,Артанн,Юридические услуги -> Сертификация
19075375,https://investmoscow.ru/tenders/tender/19075375,2023-06-21,2022-12,2023-12,2023-12-31,193,"Южный административный округ, Даниловский, Российская Федерация, город Москва, внутригородская территория муниципальный округ Даниловский, улица Мастеркова, дом 3, Подвал № 0",улица мастеркова 3,9,low,"Алёнка, фирменный магазин кондитерских изделий | Бери заряд!, станция зарядки телефонов | Cofix, кофейня фиксированной цены","Продукты питания -> Кондитерские изделия | Средства связи -> Станции зарядки мобильных телефонов | Напитки, Общественное питание -> Кофейни, Продажа кофе","Алёнка, фирменный магазин кондитерских изделий | Бери заряд!, станция зарядки телефонов | Cofix, кофейня фиксированной цены | Lila, салон красоты | Beauty Lab, салон красоты","Продукты питания -> Кондитерские изделия | Средства связи -> Станции зарядки мобильных телефонов | Напитки, Общественное питание -> Кофейни, Продажа кофе | Красота / Здоровье -> Ногтевые студии, Парикмахерские, Услуги визажиста, Услуги косметолога, Услуги по оформлению ресниц / бровей | Красота / Здоровье -> Ногтевые студии, Парикмахерские, Услуги по оформлению ресниц / бровей"
19076806,https://investmoscow.ru/tenders/tender/19076806,2023-06-27,2023-12,2024-05,2024-05-31,339,"Западный административный округ, Солнцево, Российская Федерация, город Москва, внутригородская территория муниципальный округ Солнцево, улица Матросова, дом 3А, этаж № 1",улица матросова 3а,2,medium,Востряковская баня | Сауна,Места отдыха / Развлекательные заведения -> Бани / Сауны,Востряковская баня | Сауна,Места отдыха / Развлекательные заведения -> Бани / Сауны
19080038,https://investmoscow.ru/tenders/tender/19080038,2023-06-27,2023-12,2024-05,2024-05-31,339,"Центральный административный округ, Таганский, Российская Федерация, город Москва, внутригородская территория муниципальный округ Таганский, 1-я Дубровская улица, дом 5А, Подвал № 0",1 я дубровская улица 5а,2,medium,"Интеграл, центр образования | Белый Воробей, музей",Общее образование / Центры раннего развития детей -> Частные детские сады | Культура / Искусство -> Музеи,"Интеграл, центр образования | Белый Воробей, музей",Общее образование / Центры раннего развития детей -> Частные детские сады | Культура / Искусство -> Музеи
19085667,https://investmoscow.ru/tenders/tender/19085667,2023-06-28,2023-12,2024-05,2024-05-31,338,"Северо-Восточный административный округ, Алексеевский, Российская Федерация, город Москва, внутригородская территория муниципальный округ Алексеевский, улица Бориса Галушкина, дом 26, Подвал № 0",улица бориса галушкина 26,5,low,"Турмалин, реабилитационный центр | Дом быта | Foto Copy, полиграфическая компания","Медицинские учреждения -> Реабилитационные центры | Бытовые услуги, Обувь, Средства связи -> Аксессуары к мобильным телефонам, Изготовление ключей, Обувная косметика / Аксессуары, Ремонт обуви / кожгалантереи, Ремонт часов | Бытовые услуги, Издательское дело / Полиграфия, Рекламные услуги, Юридические услуги -> Дизайн рекламы, Изготовление печатей / штампов, Копировальные услуги, Полиграфические услуги, Послепечатная обработка, Термотрансфер, Фото на документы, Фотоцентры, Широкоформатная печать","Турмалин, реабилитационный центр | Дом быта | Foto Copy, полиграфическая компания | Северянин, кафе | Земляничка, магазин фермерских продуктов","Медицинские учреждения -> Реабилитационные центры | Бытовые услуги, Обувь, Средства связи -> Аксессуары к мобильным телефонам, Изготовление ключей, Обувная косметика / Аксессуары, Ремонт обуви / кожгалантереи, Ремонт часов | Бытовые услуги, Издательское дело / Полиграфия, Рекламные услуги, Юридические услуги -> Дизайн рекламы, Изготовление печатей / штампов, Копировальные услуги, Полиграфические услуги, Послепечатная обработка, Термотрансфер, Фото на документы, Фотоцентры, Широкоформатная печать | Места отдыха / Развлекательные заведения, Общественное питание -> Банкетные залы, Доставка готовых блюд, Кафе | Продукты питания -> Продуктовые магазины"
19090768,https://investmoscow.ru/tenders/tender/19090768,2023-07-03,2023-12,2024-05,2024-05-31,333,"Центральный административный округ, Пресненский, Российская Федерация, город Москва, внутригородская территория муниципальный округ Пресненский, Васильевская улица, дом 9, Подвал № 0",васильевская улица 9,3,medium,"Njoy, салон красоты | Lazer epilaz, студия лазерной эпиляции | Ozon","Красота / Здоровье -> Ногтевые студии, Парикмахерские, Услуги по оформлению ресниц / бровей | Красота / Здоровье -> Эпиляция | Грузоперевозки / Транспортные услуги -> Пункты выдачи интернет-заказов","Njoy, салон красоты | Lazer epilaz, студия лазерной эпиляции | Ozon","Красота / Здоровье -> Ногтевые студии, Парикмахерские, Услуги по оформлению ресниц / бровей | Красота / Здоровье -> Эпиляция | Грузоперевозки / Транспортные услуги -> Пункты выдачи интернет-заказов"
19093697,https://investmoscow.ru/tenders/tender/19093697,2023-06-28,2023-12,2024-05,2024-05-31,338,"Юго-Восточный административный округ, Лефортово, Российская Федерация, город Москва, внутригородская территория муниципальный округ Лефортово, 2-я Кабельная улица, дом 10, Подвал № 0",2 я кабельная улица 10,3,low,"Черметком, торговый дом | Авиамоторная, мини-гостиница | Медклассика, стоматологический центр","Металлы, Промышленное оборудование, Сантехническое оборудование -> Металлообработка, Нержавеющий металлопрокат, Промышленные трубы / элементы трубопровода, Системы отопления / водоснабжения / канализации, Чёрный металлопрокат | Туризм / Отдых -> Гостиницы | Медицинские услуги -> Частные стоматологии","Черметком, торговый дом | Авиамоторная, мини-гостиница | Медклассика, стоматологический центр","Металлы, Промышленное оборудование, Сантехническое оборудование -> Металлообработка, Нержавеющий металлопрокат, Промышленные трубы / элементы трубопровода, Системы отопления / водоснабжения / канализации, Чёрный металлопрокат | Туризм / Отдых -> Гостиницы | Медицинские услуги -> Частные стоматологии"
19093912,https://investmoscow.ru/tenders/tender/19093912,2023-06-28,2022-12,2023-12,2023-12-31,186,"Юго-Западный административный округ, Ломоносовский, Российская Федерация, город Москва, внутригородская территория муниципальный округ Ломоносовский, Ленинский проспект, дом 82/2, Подвал № 0",ленинский проспект 82/2,1,high,СберБизнес,"Банковские / финансовые услуги, Юридические услуги -> Банки, Регистрация / ликвидация предприятий",СберБизнес,"Банковские / финансовые услуги, Юридические услуги -> Банки, Регистрация / ликвидация предприятий"
19094128,https://investmoscow.ru/tenders/tender/19094128,2023-06-28,2023-12,2024-05,2024-05-31,338,"Северо-Западный административный округ, Покровское-Стрешнево, Российская Федерация, город Москва, внутригородская территория муниципальный округ Покровское-Стрешнево, улица Свободы, дом 12/8, подвал № 0",улица свободы 12/8,4,low,"Багетная мастерская | My med, магазин медицинской одежды | ВкусВилл, магазин с доставкой полезных продуктов","Художественные изделия / материалы -> Багетные мастерские | Одежда / Аксессуары -> Спецодежда / Средства индивидуальной защиты | Общественное питание, Спецмагазины, Торговые комплексы -> Доставка готовых блюд, Доставка продуктов / хозтоваров, Кулинарии, Супермаркеты","Багетная мастерская | My med, магазин медицинской одежды | ВкусВилл, магазин с доставкой полезных продуктов | Тату Вайб","Художественные изделия / материалы -> Багетные мастерские | Одежда / Аксессуары -> Спецодежда / Средства индивидуальной защиты | Общественное питание, Спецмагазины, Торговые комплексы -> Доставка готовых блюд, Доставка продуктов / хозтоваров, Кулинарии, Супермаркеты | Красота / Здоровье -> Тату-салоны, Услуги перманентного макияжа, Услуги пирсинга"
19094220,https://investmoscow.ru/tenders/tender/19094220,2023-06-28,2023-12,2024-05,2024-05-31,338,"Восточный административный округ, Гольяново, Российская Федерация, город Москва, внутригородская территория муниципальный округ Гольяново, Щёлковское шоссе, дом 21А, Этаж № 2, Этаж № 1, Подвал № 0",щелковское шоссе 21а,4,low,"Приятное свидание, салон красоты | Artbanda, центр | Магнит Косметик, магазин косметики и бытовой химии","Дополнительное образование / Развивающие курсы, Красота / Здоровье -> Ногтевые студии, Обучение мастеров для салонов красоты, Парикмахерские, Студии загара, Услуги визажиста, Услуги косметолога, Услуги массажиста, Услуги перманентного макияжа, Услуги пирсинга, Услуги росписи по телу, Эпиляция | Дополнительное образование / Развивающие курсы, Красота / Здоровье -> Обучение мастеров для салонов красоты, Услуги визажиста, Услуги росписи по телу | Книги / Канцелярия, Красота / Здоровье, Садово-хозяйственные товары -> Бытовая химия, Канцелярские товары / Учебные принадлежности, Косметика / Парфюмерия, Посуда, Хозяйственные товары","Приятное свидание, салон красоты | Artbanda, центр | Магнит Косметик, магазин косметики и бытовой химии | Яндекс Лавка, служба доставки продуктов","Дополнительное образование / Развивающие курсы, Красота / Здоровье -> Ногтевые студии, Обучение мастеров для салонов красоты, Парикмахерские, Студии загара, Услуги визажиста, Услуги косметолога, Услуги массажиста, Услуги перманентного макияжа, Услуги пирсинга, Услуги росписи по телу, Эпиляция | Дополнительное образование / Развивающие курсы, Красота / Здоровье -> Обучение мастеров для салонов красоты, Услуги визажиста, Услуги росписи по телу | Книги / Канцелярия, Красота / Здоровье, Садово-хозяйственные товары -> Бытовая химия, Канцелярские товары / Учебные принадлежности, Косметика / Парфюмерия, Посуда, Хозяйственные товары | Общественное питание, Спецмагазины -> Дарксторы, Доставка готовых блюд, Доставка продуктов / хозтоваров"
19094848,https://investmoscow.ru/tenders/tender/19094848,2023-07-05,2022-12,2023-12,2023-12-31,179,"Центральный административный округ, Хамовники, Российская Федерация, город Москва, внутригородская территория муниципальный округ Хамовники, Фрунзенская набережная, дом 2/1, Подвал № 0",фрунзенская набережная 2/1,3,medium,"Адвокатский кабинет, Адвокатский кабинет | Московское агентство недвижимости | Авего, бюро переводов","Юридические услуги -> Услуги адвоката, Юридические услуги | Недвижимость, Юридические услуги -> Агентства недвижимости, Оформление недвижимости / земли | Дополнительное образование / Развивающие курсы -> Перевод с иностранных языков","Адвокатский кабинет, Адвокатский кабинет | Московское агентство недвижимости | Авего, бюро переводов","Юридические услуги -> Услуги адвоката, Юридические услуги | Недвижимость, Юридические услуги -> Агентства недвижимости, Оформление недвижимости / земли | Дополнительное образование / Развивающие курсы -> Перевод с иностранных языков"
19095030,https://investmoscow.ru/tenders/tender/19095030,2023-07-05,2022-12,2023-12,2023-12-31,179,"Новомосковский административный округ, Десеновское, Российская Федерация, город Москва, внутригородская территория поселение Десеновское, 3-я Нововатутинская улица, дом 9, Этаж № 1",3 я нововатутинская улица 9,2,medium,"Ветер Перемен, салон красоты | Lifenjoy","Красота / Здоровье -> Ногтевые студии, Парикмахерские | Дополнительное образование / Развивающие курсы, Спортивные клубы / школы, Центры творчества и досуга -> Культурно-досуговые центры для взрослых, Курсы творчества и рукоделия для взрослых, Спортивные секции, Фитнес-клубы, Языковые школы","Ветер Перемен, салон красоты | Lifenjoy","Красота / Здоровье -> Ногтевые студии, Парикмахерские | Дополнительное образование / Развивающие курсы, Спортивные клубы / школы, Центры творчества и досуга -> Культурно-досуговые центры для взрослых, Курсы творчества и рукоделия для взрослых, Спортивные секции, Фитнес-клубы, Языковые школы"
19095242,https://investmoscow.ru/tenders/tender/19095242,2023-07-05,2022-12,2023-12,2023-12-31,179,"Восточный административный округ, Измайлово, Российская Федерация, город Москва, внутригородская территория муниципальный округ Измайлово, 3-я Парковая улица, дом 6, Подвал № 0",3 я парковая улица 6,2,medium,"Е.В.А., территория красоты | Топ Табак, магазин","Красота / Здоровье -> Ногтевые студии, Парикмахерские, Услуги визажиста, Услуги косметолога, Услуги перманентного макияжа, Услуги по оформлению ресниц / бровей, Эпиляция | Продукты питания -> Табачные изделия / Товары для курения, Электронные сигареты","Е.В.А., территория красоты | Топ Табак, магазин","Красота / Здоровье -> Ногтевые студии, Парикмахерские, Услуги визажиста, Услуги косметолога, Услуги перманентного макияжа, Услуги по оформлению ресниц / бровей, Эпиляция | Продукты питания -> Табачные изделия / Товары для курения, Электронные сигареты"
19096189,https://investmoscow.ru/tenders/tender/19096189,2023-07-05,2023-12,2024-05,2024-05-31,331,"Восточный административный округ, Преображенское, Российская Федерация, город Москва, внутригородская территория муниципальный округ Преображенское, Суворовская улица, дом 33, Этаж № 1",суворовская улица 33,1,high,Ozon,Грузоперевозки / Транспортные услуги -> Пункты выдачи интернет-заказов,Ozon,Грузоперевозки / Транспортные услуги -> Пункты выдачи интернет-заказов
19098683,https://investmoscow.ru/tenders/tender/19098683,2023-07-05,2023-12,2024-05,2024-05-31,331,"Восточный административный округ, Восточное Измайлово, Российская Федерация, город Москва, внутригородская территория муниципальный округ Восточное Измайлово, Первомайская улица, дом 121, Подвал № 0",первомайская улица 121,4,low,"Fix Price, магазин | Магазин белорусских продуктов | Лана фарм, аптека","Книги / Канцелярия, Садово-хозяйственные товары, Спецмагазины -> Бытовая химия, Канцелярские товары / Учебные принадлежности, Посуда, Сувениры, Хозяйственные товары | Продукты питания -> Продуктовые магазины | Медицинские товары -> Аптеки, Биологически активные добавки (БАД), Медицинские приборы, Средства гигиены, Фитопродукция","Fix Price, магазин | Магазин белорусских продуктов | Лана фарм, аптека | 16 Парковая, конечная автобусная станция","Книги / Канцелярия, Садово-хозяйственные товары, Спецмагазины -> Бытовая химия, Канцелярские товары / Учебные принадлежности, Посуда, Сувениры, Хозяйственные товары | Продукты питания -> Продуктовые магазины | Медицинские товары -> Аптеки, Биологически активные добавки (БАД), Медицинские приборы, Средства гигиены, Фитопродукция | Городской транспорт -> Пассажирские транспортные предприятия"
19099998,https://investmoscow.ru/tenders/tender/19099998,2023-07-05,2023-12,2024-05,2024-05-31,331,"Южный административный округ, Даниловский, Российская Федерация, город Москва, внутригородская территория муниципальный округ Даниловский, улица Трофимова, дом 5, Подвал № 0",улица трофимова 5,4,low,"DanaNail | Школа №1272, детский сад | Дом быта","Красота / Здоровье -> Ногтевые студии | Общее образование / Центры раннего развития детей -> Детские сады | Бытовые услуги, Инструмент, Обувь -> Заточка / шлифовка режущих инструментов, Изготовление ключей, Мастерские по ремонту одежды, Ремонт обуви / кожгалантереи, Химчистки одежды / текстиля","DanaNail | Школа №1272, детский сад | Дом быта | Айкон, фотосалон","Красота / Здоровье -> Ногтевые студии | Общее образование / Центры раннего развития детей -> Детские сады | Бытовые услуги, Инструмент, Обувь -> Заточка / шлифовка режущих инструментов, Изготовление ключей, Мастерские по ремонту одежды, Ремонт обуви / кожгалантереи, Химчистки одежды / текстиля | Бытовые услуги, Издательское дело / Полиграфия, Рекламные услуги -> Копировальные услуги, Нанесение изображений на сувениры, Услуги оцифровки, Фото на документы, Фотоцентры"
19102309,https://investmoscow.ru/tenders/tender/19102309,2023-07-10,2022-12,2023-12,2023-12-31,174,"Центральный административный округ, Таганский, Российская Федерация, город Москва, внутригородская территория муниципальный округ Таганский, Яузская улица, дом 5, Подвал № 0",яузская улица 5,4,low,"Fhub Showroom, офис | Fossbeauty, салон красоты | Бери заряд!, станция зарядки телефонов","Детские товары, Одежда / Аксессуары -> Бижутерия, Детская обувь, Детская одежда, Женская одежда, Мужская одежда | Красота / Здоровье -> Ногтевые студии, Услуги визажиста, Услуги по оформлению ресниц / бровей | Средства связи -> Станции зарядки мобильных телефонов","Fhub Showroom, офис | Fossbeauty, салон красоты | Бери заряд!, станция зарядки телефонов | Школа ногтевого сервиса","Детские товары, Одежда / Аксессуары -> Бижутерия, Детская обувь, Детская одежда, Женская одежда, Мужская одежда | Красота / Здоровье -> Ногтевые студии, Услуги визажиста, Услуги по оформлению ресниц / бровей | Средства связи -> Станции зарядки мобильных телефонов | Дополнительное образование / Развивающие курсы -> Обучение мастеров для салонов красоты"
19104245,https://investmoscow.ru/tenders/tender/19104245,2023-07-10,2022-12,2023-12,2023-12-31,174,"Юго-Западный административный округ, Гагаринский, Российская Федерация, город Москва, внутригородская территория муниципальный округ Гагаринский, Молодёжная улица, дом 3, Этаж № 1",молодежная улица 3,2,medium,"Бенефит логистик | BeautyStudioBaya, салон красоты","Грузоперевозки / Транспортные услуги, Юридические услуги -> Сертификация, Таможенное оформление, Услуги складского хранения, Экспедирование грузов | Красота / Здоровье -> Ногтевые студии, Услуги по оформлению ресниц / бровей, Эпиляция","Бенефит логистик | BeautyStudioBaya, салон красоты","Грузоперевозки / Транспортные услуги, Юридические услуги -> Сертификация, Таможенное оформление, Услуги складского хранения, Экспедирование грузов | Красота / Здоровье -> Ногтевые студии, Услуги по оформлению ресниц / бровей, Эпиляция"
19104674,https://investmoscow.ru/tenders/tender/19104674,2023-07-10,2022-12,2023-12,2023-12-31,174,"Восточный административный округ, Вешняки, Российская Федерация, город Москва, внутригородская территория муниципальный округ Вешняки, улица Старый Гай, дом 8Ж, Этаж № 1",улица старый гай 8ж,1,high,"Арабеск, ансамбль классического танца",Спортивные клубы / школы -> Обучение танцам,"Арабеск, ансамбль классического танца",Спортивные клубы / школы -> Обучение танцам
19105909,https://investmoscow.ru/tenders/tender/19105909,2023-07-12,2022-12,2023-12,2023-12-31,172,"Юго-Западный административный округ, Гагаринский, Российская Федерация, город Москва, внутригородская территория муниципальный округ Гагаринский, Ленинский проспект, дом 68/10, Этаж № 1",ленинский проспект 68/10,1,low,Космедэль,Красота / Здоровье -> Косметика / Парфюмерия,Космедэль,Красота / Здоровье -> Косметика / Парфюмерия
19110958,https://investmoscow.ru/tenders/tender/19110958,2023-07-17,2023-12,2024-05,2024-05-31,319,"Восточный административный округ, Перово, Российская Федерация, город Москва, внутригородская территория муниципальный округ Перово, шоссе Энтузиастов, дом 76/1, Антресоль № 1",шоссе энтузиастов 76/1,4,low,"Кухни Зов, магазин мебели | Марс, подразделение дошкольного образования | Роман с цветами, магазин","Материалы для производства мебели, Мебель -> Изготовление мебели под заказ, Изделия из камня для помещений, Корпусная мебель, Мебель для ванных комнат, Мебель для кухни, Мебельная фурнитура, Мебельные магазины, Мебельные фасады | Общее образование / Центры раннего развития детей -> Детские сады | Спецмагазины -> Доставка цветов, Цветы","Кухни Зов, магазин мебели | Марс, подразделение дошкольного образования | Роман с цветами, магазин | Центр ремонта и пошива обуви","Материалы для производства мебели, Мебель -> Изготовление мебели под заказ, Изделия из камня для помещений, Корпусная мебель, Мебель для ванных комнат, Мебель для кухни, Мебельная фурнитура, Мебельные магазины, Мебельные фасады | Общее образование / Центры раннего развития детей -> Детские сады | Спецмагазины -> Доставка цветов, Цветы | Бытовые услуги, Инструмент, Обувь -> Заточка / шлифовка режущих инструментов, Изготовление ключей, Ремонт обуви / кожгалантереи, Ремонт чемоданов"
19111202,https://investmoscow.ru/tenders/tender/19111202,2023-07-12,2023-12,2024-05,2024-05-31,324,"Западный административный округ, Кунцево, Российская Федерация, город Москва, внутригородская территория муниципальный округ Кунцево, улица Академика Павлова, дом 24, Этаж № 1",улица академика павлова 24,1,low,Русская ювелирная мастерская,"Дополнительное образование / Развивающие курсы, Спецмагазины -> Обучение рабочим профессиям, Ремонт / изготовление ювелирных изделий",Русская ювелирная мастерская,"Дополнительное образование / Развивающие курсы, Спецмагазины -> Обучение рабочим профессиям, Ремонт / изготовление ювелирных изделий"
19118634,https://investmoscow.ru/tenders/tender/19118634,2023-07-18,2023-12,2024-05,2024-05-31,318,"Северный административный округ, Савеловский, Российская Федерация, город Москва, внутригородская территория муниципальный округ Савеловский, улица Верхняя Масловка, дом 2, Подвал № 0",улица верхняя масловка 2,2,medium,"Rss, сервисный центр | Garden Kitchen Bistro, кафе","Компьютеры, Оргтехника / Офисная техника -> Ремонт компьютеров, Ремонт оргтехники | Общественное питание -> Бары, Доставка готовых блюд, Кафе","Rss, сервисный центр | Garden Kitchen Bistro, кафе","Компьютеры, Оргтехника / Офисная техника -> Ремонт компьютеров, Ремонт оргтехники | Общественное питание -> Бары, Доставка готовых блюд, Кафе"
19119207,https://investmoscow.ru/tenders/tender/19119207,2023-07-17,2024-05,2024-09,2024-09-30,441,"Юго-Западный административный округ, Ясенево, Российская Федерация, город Москва, внутригородская территория муниципальный округ Ясенево, улица Инессы Арманд, дом 7, Этаж № 1",улица инессы арманд 7,1,medium,"1С:Бухобслуживание, ассоциация независимых специалистов","Бизнес-услуги, Средства автоматизации и информационные технологии -> Автоматизация бизнес-процессов, Автоматизация торговли, Бухгалтерские программы, Бухгалтерские услуги","1С:Бухобслуживание, ассоциация независимых специалистов","Бизнес-услуги, Средства автоматизации и информационные технологии -> Автоматизация бизнес-процессов, Автоматизация торговли, Бухгалтерские программы, Бухгалтерские услуги"
19120331,https://investmoscow.ru/tenders/tender/19120331,2023-07-17,2022-12,2023-12,2023-12-31,167,"Западный административный округ, Кунцево, Российская Федерация, город Москва, внутригородская территория муниципальный округ Кунцево, улица Академика Павлова, дом 28, этаж № 1",улица академика павлова 28,5,low,"Zemnaya flowers, служба доставки цветов | ВкусВилл, магазин с доставкой полезных продуктов | Винлаб, супермаркет напитков","Спецмагазины -> Доставка цветов | Торговые комплексы -> Супермаркеты | Напитки, Продукты питания -> Алкогольные напитки, Продуктовые магазины","Zemnaya flowers, служба доставки цветов | ВкусВилл, магазин с доставкой полезных продуктов | Винлаб, супермаркет напитков | Luna Project | Ozon, Пункт выдачи товара","Спецмагазины -> Доставка цветов | Торговые комплексы -> Супермаркеты | Напитки, Продукты питания -> Алкогольные напитки, Продуктовые магазины | Красота / Здоровье -> Услуги по оформлению ресниц / бровей | Грузоперевозки / Транспортные услуги -> Пункты выдачи интернет-заказов"
19120969,https://investmoscow.ru/tenders/tender/19120969,2023-07-17,2022-12,2023-12,2023-12-31,167,"Западный административный округ, Кунцево, Российская Федерация, город Москва, внутригородская территория муниципальный округ Кунцево, улица Академика Павлова, дом 28, Этаж № 1",улица академика павлова 28,5,low,"Zemnaya flowers, служба доставки цветов | ВкусВилл, магазин с доставкой полезных продуктов | Винлаб, супермаркет напитков","Спецмагазины -> Доставка цветов | Торговые комплексы -> Супермаркеты | Напитки, Продукты питания -> Алкогольные напитки, Продуктовые магазины","Zemnaya flowers, служба доставки цветов | ВкусВилл, магазин с доставкой полезных продуктов | Винлаб, супермаркет напитков | Luna Project | Ozon, Пункт выдачи товара","Спецмагазины -> Доставка цветов | Торговые комплексы -> Супермаркеты | Напитки, Продукты питания -> Алкогольные напитки, Продуктовые магазины | Красота / Здоровье -> Услуги по оформлению ресниц / бровей | Грузоперевозки / Транспортные услуги -> Пункты выдачи интернет-заказов"
19120972,https://investmoscow.ru/tenders/tender/19120972,2023-07-18,2023-12,2024-05,2024-05-31,318,"Центральный административный округ, Хамовники, Российская Федерация, город Москва, внутригородская территория муниципальный округ Хамовники, улица Ефремова, дом 22, Подвал № 0",улица ефремова 22,2,medium,"Женевское время, часовой центр | Октава, агентство недвижимости","Спецмагазины -> Комиссионные магазины, Часы / Аксессуары | Недвижимость -> Агентства недвижимости","Женевское время, часовой центр | Октава, агентство недвижимости","Спецмагазины -> Комиссионные магазины, Часы / Аксессуары | Недвижимость -> Агентства недвижимости"
19121018,https://investmoscow.ru/tenders/tender/19121018,2023-07-18,2023-12,2024-05,2024-05-31,318,"Северный административный округ, Коптево, Российская Федерация, город Москва, внутригородская территория муниципальный округ Коптево, проезд Черепановых, дом 56, Подвал № 0",проезд черепановых 56,1,low,"Ozon, пункт выдачи товара",Грузоперевозки / Транспортные услуги -> Пункты выдачи интернет-заказов,"Ozon, пункт выдачи товара",Грузоперевозки / Транспортные услуги -> Пункты выдачи интернет-заказов
19121189,https://investmoscow.ru/tenders/tender/19121189,2023-07-18,2022-12,2023-12,2023-12-31,166,"Центральный административный округ, Тверской, Российская Федерация, город Москва, внутригородская территория муниципальный округ Тверской, Долгоруковская улица, дом 29, Этаж № 1, Подвал № 0",долгоруковская улица 29,3,low,"Lnur nails, студия красоты | zimina.lab, салон наращивания ресниц | Barbershop","Красота / Здоровье -> Ногтевые студии, Услуги по оформлению ресниц / бровей, Эпиляция | Дополнительное образование / Развивающие курсы, Красота / Здоровье -> Обучение мастеров для салонов красоты, Услуги косметолога, Услуги по оформлению ресниц / бровей | Красота / Здоровье -> Барбершопы","Lnur nails, студия красоты | zimina.lab, салон наращивания ресниц | Barbershop","Красота / Здоровье -> Ногтевые студии, Услуги по оформлению ресниц / бровей, Эпиляция | Дополнительное образование / Развивающие курсы, Красота / Здоровье -> Обучение мастеров для салонов красоты, Услуги косметолога, Услуги по оформлению ресниц / бровей | Красота / Здоровье -> Барбершопы"
19121289,https://investmoscow.ru/tenders/tender/19121289,2023-07-18,2022-12,2023-12,2023-12-31,166,"Западный административный округ, Дорогомилово, Российская Федерация, город Москва, внутригородская территория муниципальный округ Дорогомилово, Кутузовский проспект, дом 35, Подвал № 0",кутузовский проспект 35,8,low,"Центр копировальных услуг, Центр копировальных услуг | Правовые решения Леонов групп, юридическая компания | Flowerella, цветочный бутик","Бытовые услуги, Издательское дело / Полиграфия -> Копировальные услуги, Фото на документы | Юридические услуги -> Юридические услуги | Спецмагазины -> Доставка цветов, Цветы","Центр копировальных услуг, Центр копировальных услуг | Правовые решения Леонов групп, юридическая компания | Flowerella, цветочный бутик | Апельсин, официальная сеть мини-отелей | WineDrinker.ru, магазин","Бытовые услуги, Издательское дело / Полиграфия -> Копировальные услуги, Фото на документы | Юридические услуги -> Юридические услуги | Спецмагазины -> Доставка цветов, Цветы | Туризм / Отдых -> Гостиницы | Напитки -> Алкогольные напитки"
19129051,https://investmoscow.ru/tenders/tender/19129051,2023-07-19,2023-12,2024-05,2024-05-31,317,"Центральный административный округ, Хамовники, Российская Федерация, город Москва, внутригородская территория муниципальный округ Хамовники, Пожарский переулок, дом 8, Подвал № 0",пожарский переулок 8,1,high,"Амоз, стоматологический центр",Медицинские услуги -> Частные стоматологии,"Амоз, стоматологический центр",Медицинские услуги -> Частные стоматологии
19129168,https://investmoscow.ru/tenders/tender/19129168,2023-07-19,2022-12,2023-12,2023-12-31,165,"Центральный административный округ, Пресненский, Российская Федерация, город Москва, внутригородская территория муниципальный округ Пресненский, Шмитовский проезд, дом 14, Подвал № 0",шмитовский проезд 14,1,low,"Вокализ, студия вокала и творчества","Дополнительное образование / Развивающие курсы, Спортивные клубы / школы -> Курсы вокала, Обучение танцам, Театральные курсы","Вокализ, студия вокала и творчества","Дополнительное образование / Развивающие курсы, Спортивные клубы / школы -> Курсы вокала, Обучение танцам, Театральные курсы"
19137130,https://investmoscow.ru/tenders/tender/19137130,2023-07-26,2023-12,2024-05,2024-05-31,310,"Северный административный округ, Беговой, Российская Федерация, город Москва, внутригородская территория муниципальный округ Беговой, Ленинградский проспект, дом 24, Подвал № 0",ленинградский проспект 24,7,low,"Хлеб&co, булочная-кондитерская | Галерея Юсупов Арт | Газпромбанк, дополнительный офис №099/1028","Общественное питание, Продукты питания -> Доставка готовых блюд, Кондитерские изделия, Кофейни, Пекарни | Культура / Искусство -> Художественные выставки / Галереи | Банковские / финансовые услуги, Страхование -> Банки, Ипотечные кредиты, Обмен валюты, Страхование","Хлеб&co, булочная-кондитерская | Галерея Юсупов Арт | Газпромбанк, дополнительный офис №099/1028 | Газпромбанк, банкомат | Газпромбанк Мобайл","Общественное питание, Продукты питания -> Доставка готовых блюд, Кондитерские изделия, Кофейни, Пекарни | Культура / Искусство -> Художественные выставки / Галереи | Банковские / финансовые услуги, Страхование -> Банки, Ипотечные кредиты, Обмен валюты, Страхование | Банковские / финансовые услуги -> Банкоматы | Услуги связи -> Операторы сотовой связи"
19137400,https://investmoscow.ru/tenders/tender/19137400,2023-07-26,2023-12,2024-05,2024-05-31,310,"Юго-Западный административный округ, Академический, Российская Федерация, город Москва, внутригородская территория муниципальный округ Академический, улица Кржижановского, дом 2/21, Подвал № 0",улица кржижановского 2/21,2,low,"Южный, медицинский центр | Moko. Med","Медицинские услуги -> Медицинские комиссии, Многопрофильные медицинские центры, Услуги андролога, Услуги артролога, Услуги гастроэнтеролога, Услуги гинеколога, Услуги дерматолога, Услуги кардиолога, Услуги ЛОРа (отоларинголога), Услуги мануального терапевта, Услуги медицинской диагностики, Услуги невролога, Услуги онколога, Услуги офтальмолога, Услуги проктолога, Услуги психотерапевта, Услуги пульмонолога, Услуги терапевта, Услуги травматолога-ортопеда, Услуги уролога, Услуги физиотерапевта, Услуги флеболога, Услуги хирурга, Услуги эндокринолога | Красота / Здоровье -> Услуги косметолога","Южный, медицинский центр | Moko. Med","Медицинские услуги -> Медицинские комиссии, Многопрофильные медицинские центры, Услуги андролога, Услуги артролога, Услуги гастроэнтеролога, Услуги гинеколога, Услуги дерматолога, Услуги кардиолога, Услуги ЛОРа (отоларинголога), Услуги мануального терапевта, Услуги медицинской диагностики, Услуги невролога, Услуги онколога, Услуги офтальмолога, Услуги проктолога, Услуги психотерапевта, Услуги пульмонолога, Услуги терапевта, Услуги травматолога-ортопеда, Услуги уролога, Услуги физиотерапевта, Услуги флеболога, Услуги хирурга, Услуги эндокринолога | Красота / Здоровье -> Услуги косметолога"
19139201,https://investmoscow.ru/tenders/tender/19139201,2023-07-26,2023-12,2024-05,2024-05-31,310,"Западный административный округ, Дорогомилово, Российская Федерация, город Москва, внутригородская территория муниципальный округ Дорогомилово, Кутузовский проспект, дом 8, Этаж № 1",кутузовский проспект 8,9,low,"36,6, аптека №516 | Ozon, Пункт выдачи товара | Элекснет, платежный терминал","Медицинские товары -> Аптеки, Биологически активные добавки (БАД), Медицинские приборы, Средства гигиены | Грузоперевозки / Транспортные услуги -> Пункты выдачи интернет-заказов | Бытовые услуги -> Платёжные терминалы","36,6, аптека №516 | Ozon, Пункт выдачи товара | Элекснет, платежный терминал | DPD, пункт выдачи заказов | Красное&Белое, магазин алкогольных напитков","Медицинские товары -> Аптеки, Биологически активные добавки (БАД), Медицинские приборы, Средства гигиены | Грузоперевозки / Транспортные услуги -> Пункты выдачи интернет-заказов | Бытовые услуги -> Платёжные терминалы | Грузоперевозки / Транспортные услуги -> Экспресс-почта | Напитки, Продукты питания -> Алкогольные напитки, Продукты быстрого приготовления"
19140808,https://investmoscow.ru/tenders/tender/19140808,2023-07-26,2022-12,2023-12,2023-12-31,158,"Западный административный округ, Кунцево, Российская Федерация, город Москва, внутригородская территория муниципальный округ Кунцево, улица Академика Павлова, дом 28, этаж № 1",улица академика павлова 28,5,low,"Zemnaya flowers, служба доставки цветов | ВкусВилл, магазин с доставкой полезных продуктов | Винлаб, супермаркет напитков","Спецмагазины -> Доставка цветов | Торговые комплексы -> Супермаркеты | Напитки, Продукты питания -> Алкогольные напитки, Продуктовые магазины","Zemnaya flowers, служба доставки цветов | ВкусВилл, магазин с доставкой полезных продуктов | Винлаб, супермаркет напитков | Luna Project | Ozon, Пункт выдачи товара","Спецмагазины -> Доставка цветов | Торговые комплексы -> Супермаркеты | Напитки, Продукты питания -> Алкогольные напитки, Продуктовые магазины | Красота / Здоровье -> Услуги по оформлению ресниц / бровей | Грузоперевозки / Транспортные услуги -> Пункты выдачи интернет-заказов"
19140876,https://investmoscow.ru/tenders/tender/19140876,2023-08-08,2022-12,2023-12,2023-12-31,145,"Российская Федерация, город Москва, внутригородская территория муниципальный округ Западное Дегунино, Базовская улица, дом 17, Этаж 1, пом. 7Н",базовская улица 17,2,low,"Улыбка радуги, магазин косметики и товаров для дома | Красное&Белое, магазин алкогольных напитков","Красота / Здоровье, Садово-хозяйственные товары, Текстиль -> Бытовая химия, Косметика / Парфюмерия, Постельные принадлежности / Текстиль для дома, Хозяйственные товары | Напитки, Торговые комплексы -> Алкогольные напитки, Супермаркеты","Улыбка радуги, магазин косметики и товаров для дома | Красное&Белое, магазин алкогольных напитков","Красота / Здоровье, Садово-хозяйственные товары, Текстиль -> Бытовая химия, Косметика / Парфюмерия, Постельные принадлежности / Текстиль для дома, Хозяйственные товары | Напитки, Торговые комплексы -> Алкогольные напитки, Супермаркеты"
19140999,https://investmoscow.ru/tenders/tender/19140999,2023-08-08,2022-12,2023-12,2023-12-31,145,"Российская Федерация, город Москва, внутригородская территория муниципальный округ Басманный, Бауманская улица, дом 47, Этаж 1, пом. 5Н",бауманская улица 47,3,low,"Доктор Столетов, сеть аптек | Винлаб, супермаркет напитков | SimpleWine, винотека","Медицинские товары -> Аптеки | Напитки, Продукты питания -> Алкогольные напитки, Продуктовые магазины | Дополнительное образование / Развивающие курсы, Напитки -> Алкогольные напитки, Курсы сомелье","Доктор Столетов, сеть аптек | Винлаб, супермаркет напитков | SimpleWine, винотека","Медицинские товары -> Аптеки | Напитки, Продукты питания -> Алкогольные напитки, Продуктовые магазины | Дополнительное образование / Развивающие курсы, Напитки -> Алкогольные напитки, Курсы сомелье"
19145351,https://investmoscow.ru/tenders/tender/19145351,2023-08-04,2024-05,2024-09,2024-09-30,423,"Южный административный округ, Даниловский, Российская Федерация, город Москва, внутригородская территория муниципальный округ Даниловский, Городская улица, дом 4, Подвал № 0",городская улица 4,2,medium,"Art Lab, компания | Студия реконструкции и эстетики волос","Отделочные материалы, Художественные изделия / материалы -> Декоративные отделочные элементы и материалы, Лаки / Краски, Художественные товары | Дополнительное образование / Развивающие курсы, Красота / Здоровье -> Обучение мастеров для салонов красоты, Парикмахерские","Art Lab, компания | Студия реконструкции и эстетики волос","Отделочные материалы, Художественные изделия / материалы -> Декоративные отделочные элементы и материалы, Лаки / Краски, Художественные товары | Дополнительное образование / Развивающие курсы, Красота / Здоровье -> Обучение мастеров для салонов красоты, Парикмахерские"
19147845,https://investmoscow.ru/tenders/tender/19147845,2023-08-02,2022-12,2023-12,2023-12-31,151,"Западный административный округ, Дорогомилово, Российская Федерация, город Москва, внутригородская территория муниципальный округ Дорогомилово, Кутузовский проспект, дом 21, Подвал № 0",кутузовский проспект 21,1,high,Студия красоты,"Красота / Здоровье, Медицинские услуги -> Услуги гемостазиолога, Услуги косметолога",Студия красоты,"Красота / Здоровье, Медицинские услуги -> Услуги гемостазиолога, Услуги косметолога"
19148181,https://investmoscow.ru/tenders/tender/19148181,2023-08-02,2022-12,2023-12,2023-12-31,151,"Восточный административный округ, Сокольники, Российская Федерация, город Москва, внутригородская территория муниципальный округ Сокольники, Егерская улица, дом 3, Этаж № 1",егерская улица 3,1,high,"Life, компания","Автосервис -> Авторемонт и техобслуживание (СТО), Ремонт ходовой части автомобиля","Life, компания","Автосервис -> Авторемонт и техобслуживание (СТО), Ремонт ходовой части автомобиля"
19148242,https://investmoscow.ru/tenders/tender/19148242,2023-08-09,2022-12,2023-12,2023-12-31,144,"Российская Федерация, город Москва, внутригородская территория муниципальный округ Перово, 2-я Владимирская улица, дом 30, этаж 1, пом. 3Н",2 я владимирская улица 30,1,high,Госавтознак,Автотранспорт -> Номерные знаки на транспортные средства,Госавтознак,Автотранспорт -> Номерные знаки на транспортные средства
19148248,https://investmoscow.ru/tenders/tender/19148248,2023-08-09,2023-12,2024-05,2024-05-31,296,"Российская Федерация, город Москва, внутригородская территория муниципальный округ Кузьминки, Волгоградский проспект, дом 161А, этаж 1, пом. 1Н",волгоградский проспект 161а,1,high,"Бристоль, магазин","Напитки, Торговые комплексы -> Алкогольные напитки, Супермаркеты","Бристоль, магазин","Напитки, Торговые комплексы -> Алкогольные напитки, Супермаркеты"
19148257,https://investmoscow.ru/tenders/tender/19148257,2023-08-09,2022-12,2023-12,2023-12-31,144,"Центральный административный округ, Красносельский, Российская Федерация, город Москва, внутригородская территория муниципальный округ Красносельский, улица Малая Лубянка, дом 16, Этаж № 1",улица малая лубянка 16,1,medium,"Студия Тишины, центр гонг-медитации и релаксации","Дополнительное образование / Развивающие курсы, Спортивные клубы / школы, Центры творчества и досуга -> Культурно-досуговые центры для взрослых, Профессиональная переподготовка / Повышение квалификации, Центры йоги","Студия Тишины, центр гонг-медитации и релаксации","Дополнительное образование / Развивающие курсы, Спортивные клубы / школы, Центры творчества и досуга -> Культурно-досуговые центры для взрослых, Профессиональная переподготовка / Повышение квалификации, Центры йоги"
19148304,https://investmoscow.ru/tenders/tender/19148304,2023-08-09,2022-12,2023-12,2023-12-31,144,"Российская Федерация, город Москва, внутригородская территория муниципальный округ Царицыно, Кантемировская улица, дом 27А, этаж 1, пом. 6Н",кантемировская улица 27а,3,low,"Красное&Белое, магазин | Ecokupi, магазин | Britva, барбершоп","Напитки -> Алкогольные напитки | Красота / Здоровье, Медицинские товары, Садово-хозяйственные товары -> Бытовая химия, Косметика / Парфюмерия, Средства гигиены | Красота / Здоровье -> Барбершопы","Красное&Белое, магазин | Ecokupi, магазин | Britva, барбершоп","Напитки -> Алкогольные напитки | Красота / Здоровье, Медицинские товары, Садово-хозяйственные товары -> Бытовая химия, Косметика / Парфюмерия, Средства гигиены | Красота / Здоровье -> Барбершопы"
19148325,https://investmoscow.ru/tenders/tender/19148325,2023-08-09,2022-12,2023-12,2023-12-31,144,"Российская Федерация, город Москва, внутригородская территория муниципальный округ Царицыно, Кантемировская улица, дом 27А, этаж 1, пом. 7Н",кантемировская улица 27а,3,low,"Красное&Белое, магазин | Ecokupi, магазин | Britva, барбершоп","Напитки -> Алкогольные напитки | Красота / Здоровье, Медицинские товары, Садово-хозяйственные товары -> Бытовая химия, Косметика / Парфюмерия, Средства гигиены | Красота / Здоровье -> Барбершопы","Красное&Белое, магазин | Ecokupi, магазин | Britva, барбершоп","Напитки -> Алкогольные напитки | Красота / Здоровье, Медицинские товары, Садово-хозяйственные товары -> Бытовая химия, Косметика / Парфюмерия, Средства гигиены | Красота / Здоровье -> Барбершопы"
19148329,https://investmoscow.ru/tenders/tender/19148329,2023-08-09,2023-12,2024-05,2024-05-31,296,"Северо-Западный административный округ, Хорошево-Мневники, Российская Федерация, город Москва, внутригородская территория муниципальный округ Хорошево-Мневники, Карамышевская набережная, дом 22А, этаж 1, пом. 3Н",карамышевская набережная 22а,3,low,"Ozon, пункт выдачи товара | Твой салон, парикмахерская","Грузоперевозки / Транспортные услуги -> Пункты выдачи интернет-заказов | Красота / Здоровье -> Ногтевые студии, Парикмахерские, Услуги по оформлению ресниц / бровей","Ozon, пункт выдачи товара | Твой салон, парикмахерская","Грузоперевозки / Транспортные услуги -> Пункты выдачи интернет-заказов | Красота / Здоровье -> Ногтевые студии, Парикмахерские, Услуги по оформлению ресниц / бровей"
19148336,https://investmoscow.ru/tenders/tender/19148336,2023-08-09,2023-12,2024-05,2024-05-31,296,"Российская Федерация, город Москва, внутригородская территория муниципальный округ Хорошево-Мневники, Карамышевская набережная, дом 22А, этаж 1, пом. 4Н",карамышевская набережная 22а,3,low,"Ozon, пункт выдачи товара | Твой салон, парикмахерская","Грузоперевозки / Транспортные услуги -> Пункты выдачи интернет-заказов | Красота / Здоровье -> Ногтевые студии, Парикмахерские, Услуги по оформлению ресниц / бровей","Ozon, пункт выдачи товара | Твой салон, парикмахерская","Грузоперевозки / Транспортные услуги -> Пункты выдачи интернет-заказов | Красота / Здоровье -> Ногтевые студии, Парикмахерские, Услуги по оформлению ресниц / бровей"
19148341,https://investmoscow.ru/tenders/tender/19148341,2023-08-09,2022-12,2023-12,2023-12-31,144,"Российская Федерация, город Москва, внутригородская территория муниципальный округ Люблино, Краснодонская улица, дом 48, этаж 1, пом. 3Н",краснодонская улица 48,3,medium,"Яндекс. Маркет, пункт выдачи товара | Copix, автомат копировальных услуг | Продуктовый магазин","Грузоперевозки / Транспортные услуги -> Пункты выдачи интернет-заказов | Издательское дело / Полиграфия -> Копировальные услуги, Оперативная полиграфия | Продукты питания -> Продуктовые магазины","Яндекс. Маркет, пункт выдачи товара | Copix, автомат копировальных услуг | Продуктовый магазин","Грузоперевозки / Транспортные услуги -> Пункты выдачи интернет-заказов | Издательское дело / Полиграфия -> Копировальные услуги, Оперативная полиграфия | Продукты питания -> Продуктовые магазины"
19148372,https://investmoscow.ru/tenders/tender/19148372,2023-08-09,2022-12,2023-12,2023-12-31,144,"Российская Федерация, город Москва, внутригородская территория муниципальный округ Люблино, Люблинская улица, дом 113, этаж 1, пом. 5Н",люблинская улица 113,3,low,"Персона Люблинская, имидж-лаборатория | Вай тай, салон тайского массажа и спа | Красное&Белое","Красота / Здоровье -> Ногтевые студии, Парикмахерские, Услуги визажиста, Услуги по оформлению ресниц / бровей | Красота / Здоровье -> SPA-процедуры, Услуги массажиста | Напитки, Торговые комплексы -> Алкогольные напитки, Супермаркеты","Персона Люблинская, имидж-лаборатория | Вай тай, салон тайского массажа и спа | Красное&Белое","Красота / Здоровье -> Ногтевые студии, Парикмахерские, Услуги визажиста, Услуги по оформлению ресниц / бровей | Красота / Здоровье -> SPA-процедуры, Услуги массажиста | Напитки, Торговые комплексы -> Алкогольные напитки, Супермаркеты"
19148395,https://investmoscow.ru/tenders/tender/19148395,2023-08-09,2023-12,2024-05,2024-05-31,296,"Западный административный округ, Кунцево, Российская Федерация, город Москва, внутригородская территория муниципальный округ Кунцево, Молодогвардейская улица, дом 44, этаж 1, пом. 8Н",молодогвардейская улица 44,1,high,"Буханка, пекарня",Общественное питание -> Пекарни,"Буханка, пекарня",Общественное питание -> Пекарни
19148816,https://investmoscow.ru/tenders/tender/19148816,2023-08-09,2022-12,2023-12,2023-12-31,144,"Российская Федерация, город Москва, внутригородская территория муниципальный округ Щукино, Новощукинская улица, дом 8, этаж 1, пом. 38Н",новощукинская улица 8,1,high,Bambini Loft,Места отдыха / Развлекательные заведения -> Аренда детских пространств для праздников,Bambini Loft,Места отдыха / Развлекательные заведения -> Аренда детских пространств для праздников
19148895,https://investmoscow.ru/tenders/tender/19148895,2023-08-09,2022-12,2023-12,2023-12-31,144,"Российская Федерация, город Москва, внутригородская территория муниципальный округ Косино-Ухтомский, Оренбургская улица, дом 3, этаж 1, пом. 10Н",оренбургская улица 3,1,high,Тн-Логистика,Торговые комплексы -> Гипермаркеты,Тн-Логистика,Торговые комплексы -> Гипермаркеты
19148981,https://investmoscow.ru/tenders/tender/19148981,2023-08-09,2023-12,2024-05,2024-05-31,296,"Российская Федерация, город Москва, внутригородская территория муниципальный округ Северное Измайлово, 15-я Парковая улица, дом 27/1, этаж 1, пом. 4Н",15 я парковая улица 27/1,1,high,"Wildberries, пункт выдачи товара",Грузоперевозки / Транспортные услуги -> Пункты выдачи интернет-заказов,"Wildberries, пункт выдачи товара",Грузоперевозки / Транспортные услуги -> Пункты выдачи интернет-заказов
19151137,https://investmoscow.ru/tenders/tender/19151137,2023-08-04,2022-12,2023-12,2023-12-31,149,"Восточный административный округ, Сокольники, Российская Федерация, город Москва, внутригородская территория муниципальный округ Сокольники, улица Жебрунова, дом 2, Подвал № 0",улица жебрунова 2,1,low,Титул XXI век,Недвижимость -> Аренда помещений,Титул XXI век,Недвижимость -> Аренда помещений
19151788,https://investmoscow.ru/tenders/tender/19151788,2023-08-04,2023-12,2024-05,2024-05-31,301,"Северо-Западный административный округ, Покровское-Стрешнево, Российская Федерация, город Москва, внутригородская территория муниципальный округ Покровское-Стрешнево, Сосновая аллея, дом 2, Подвал № 0",сосновая аллея 2,1,high,"Ozon, пункт выдачи товара",Грузоперевозки / Транспортные услуги -> Пункты выдачи интернет-заказов,"Ozon, пункт выдачи товара",Грузоперевозки / Транспортные услуги -> Пункты выдачи интернет-заказов
19151813,https://investmoscow.ru/tenders/tender/19151813,2023-08-04,2022-12,2023-12,2023-12-31,149,"Северо-Восточный административный округ, Лосиноостровский, Российская Федерация, город Москва, внутригородская территория муниципальный округ Лосиноостровский, Анадырский проезд, дом 21, Подвал № 0",анадырский проезд 21,5,low,"Дитровский завод металлоконструкций, торговая компания | KirilloffBrand | tool-box.one, компания","Строительные материалы / конструкции, Топливо -> Металлоконструкции для строительства зданий / сооружений, Нефтяные резервуары | Архитектура / Проектирование / Дизайн -> Дизайн интерьеров | Прокат оборудования / инструментов -> Прокат оборудования / инструментов","Дитровский завод металлоконструкций, торговая компания | KirilloffBrand | tool-box.one, компания | Битнэт | VirAqua, буровая компания","Строительные материалы / конструкции, Топливо -> Металлоконструкции для строительства зданий / сооружений, Нефтяные резервуары | Архитектура / Проектирование / Дизайн -> Дизайн интерьеров | Прокат оборудования / инструментов -> Прокат оборудования / инструментов | Садово-хозяйственные товары -> Бытовая химия, Хозяйственные товары | Строительные / монтажные работы -> Буровые работы"
19151814,https://investmoscow.ru/tenders/tender/19151814,2023-08-09,2022-12,2023-12,2023-12-31,144,"Северный административный округ, Беговой, город Москва, Беговая аллея, дом 3, Подвал № 0",беговая аллея 3,3,low,"Fstok | Daily Wines, склад | Готовим Правильно","Грузоперевозки / Транспортные услуги -> Пункты выдачи интернет-заказов | Напитки, Спецмагазины -> Алкогольные напитки, Безалкогольные напитки, Доставка продуктов / хозтоваров | Продукты питания -> Мясо / Полуфабрикаты, Продукты быстрого приготовления","Fstok | Daily Wines, склад | Готовим Правильно","Грузоперевозки / Транспортные услуги -> Пункты выдачи интернет-заказов | Напитки, Спецмагазины -> Алкогольные напитки, Безалкогольные напитки, Доставка продуктов / хозтоваров | Продукты питания -> Мясо / Полуфабрикаты, Продукты быстрого приготовления"
19152861,https://investmoscow.ru/tenders/tender/19152861,2023-08-09,2023-12,2024-05,2024-05-31,296,"Западный административный округ, Раменки, Российская Федерация, город Москва, внутригородская территория муниципальный округ Раменки, Мосфильмовская улица, дом 55, Этаж № 2",мосфильмовская улица 55,5,low,"Роза ветров, спортивно-туристский клуб | Салон цветов | Пятёрочка, супермаркет","Спортивные клубы / школы -> Спортивные секции | Спецмагазины, Тара / Упаковка -> Услуги по упаковке подарков, Цветы | Спецмагазины, Торговые комплексы -> Доставка продуктов / хозтоваров, Супермаркеты","Роза ветров, спортивно-туристский клуб | Салон цветов | Пятёрочка, супермаркет | 5post, пункт выдачи заказов | Skyada hotel, отель","Спортивные клубы / школы -> Спортивные секции | Спецмагазины, Тара / Упаковка -> Услуги по упаковке подарков, Цветы | Спецмагазины, Торговые комплексы -> Доставка продуктов / хозтоваров, Супермаркеты | Грузоперевозки / Транспортные услуги -> Пункты выдачи интернет-заказов | Туризм / Отдых -> Гостиницы"
19161994,https://investmoscow.ru/tenders/tender/19161994,2023-08-16,2022-12,2023-12,2023-12-31,137,"Центральный административный округ, Таганский, Российская Федерация, город Москва, внутригородская территория муниципальный округ Таганский, Николоямский переулок, дом 2, Этаж № 1",николоямский переулок 2,2,medium,"Tidi club, организация по прокату детских игрушек | 36,6, аптека №2727",Детские товары -> Прокат детских товаров | Медицинские товары -> Аптеки,"Tidi club, организация по прокату детских игрушек | 36,6, аптека №2727",Детские товары -> Прокат детских товаров | Медицинские товары -> Аптеки
19162144,https://investmoscow.ru/tenders/tender/19162144,2023-08-16,2022-12,2023-12,2023-12-31,137,"Центральный административный округ, Красносельский, Российская Федерация, город Москва, внутригородская территория муниципальный округ Красносельский, Каланчёвская улица, дом 47, этаж № 1",каланчевская улица 47,2,low,"Wildberries, пункт выдачи товара | Copix, автомат копировальных услуг","Грузоперевозки / Транспортные услуги -> Пункты выдачи интернет-заказов | Издательское дело / Полиграфия -> Копировальные услуги, Оперативная полиграфия","Wildberries, пункт выдачи товара | Copix, автомат копировальных услуг","Грузоперевозки / Транспортные услуги -> Пункты выдачи интернет-заказов | Издательское дело / Полиграфия -> Копировальные услуги, Оперативная полиграфия"
19165767,https://investmoscow.ru/tenders/tender/19165767,2023-08-16,2023-12,2024-05,2024-05-31,289,"Северо-Восточный административный округ, Южное Медведково, г. Москва, ул. Молодцова, д. 21, Антресоль № 2, Этаж № 1, Подвал № 0",улица молодцова 21,9,low,"Обжора, кулинария | Магазин овощей и фруктов | Магазин кондитерской продукции","Общественное питание -> Доставка готовых блюд, Кулинарии, Столовые | Напитки, Продукты питания -> Безалкогольные напитки, Овощи / Фрукты | Продукты питания -> Кондитерские изделия","Обжора, кулинария | Магазин овощей и фруктов | Магазин кондитерской продукции | Дикси, супермаркет | Столото, точка продажи лотерейных билетов","Общественное питание -> Доставка готовых блюд, Кулинарии, Столовые | Напитки, Продукты питания -> Безалкогольные напитки, Овощи / Фрукты | Продукты питания -> Кондитерские изделия | Торговые комплексы -> Супермаркеты | Услуги по организации праздников / досуга -> Лотерейные билеты"
19170014,https://investmoscow.ru/tenders/tender/19170014,2023-08-23,2023-12,2024-05,2024-05-31,282,"Восточный административный округ, Восточное Измайлово, Российская Федерация, город Москва, внутригородская территория муниципальный округ Восточное Измайлово, Нижняя Первомайская улица, дом 47, Этаж № 2; Этаж № 3; Этаж № 4",нижняя первомайская улица 47,9,low,"Отофон, центр реабилитации неслышащих | Проектно-инжиниринговое бюро | Гелиосервис, компания","Медицинские товары -> Медицинские приборы | Архитектура / Проектирование / Дизайн, Строительные / монтажные работы, Строительство зданий / сооружений -> Инжиниринговые услуги, Обслуживание внутренних систем отопления / водоснабжения / канализации, Проектирование инженерных систем, Строительство / обслуживание наружных систем газоснабжения | Промышленное оборудование, Сантехническое оборудование -> Альтернативные источники энергии, Системы отопления / водоснабжения / канализации","Отофон, центр реабилитации неслышащих | Проектно-инжиниринговое бюро | Гелиосервис, компания | Priceloff, интернет-магазин | ПК СтройПрокат, завод по покраске рулонной стали","Медицинские товары -> Медицинские приборы | Архитектура / Проектирование / Дизайн, Строительные / монтажные работы, Строительство зданий / сооружений -> Инжиниринговые услуги, Обслуживание внутренних систем отопления / водоснабжения / канализации, Проектирование инженерных систем, Строительство / обслуживание наружных систем газоснабжения | Промышленное оборудование, Сантехническое оборудование -> Альтернативные источники энергии, Системы отопления / водоснабжения / канализации | Спортивные товары, Электроника -> Оптические приборы, Товары для охоты | Металлы -> Металлообработка"
19184480,https://investmoscow.ru/tenders/tender/19184480,2023-08-28,2022-12,2023-12,2023-12-31,125,"Западный административный округ, Ново-Переделкино, Российская Федерация, город Москва, внутригородская территория муниципальный округ Ново-Переделкино, Лукинская улица, дом 9, Этаж № 1",лукинская улица 9,1,low,IT-Easy,"Компьютеры -> Монтаж компьютерных сетей, Услуги системного администрирования",IT-Easy,"Компьютеры -> Монтаж компьютерных сетей, Услуги системного администрирования"
19184966,https://investmoscow.ru/tenders/tender/19184966,2023-08-28,2023-12,2024-05,2024-05-31,277,"Центральный административный округ, Пресненский, Российская Федерация, город Москва, внутригородская территория муниципальный округ Пресненский, улица Анатолия Живова, дом 4, Подвал № 0",улица анатолия живова 4,2,medium,"Beauty boss, салон красоты | Мур, бьюти коворкинг","Красота / Здоровье -> Ногтевые студии, Услуги визажиста, Услуги по оформлению ресниц / бровей | Недвижимость -> Коворкинг","Beauty boss, салон красоты | Мур, бьюти коворкинг","Красота / Здоровье -> Ногтевые студии, Услуги визажиста, Услуги по оформлению ресниц / бровей | Недвижимость -> Коворкинг"
19187393,https://investmoscow.ru/tenders/tender/19187393,2023-09-26,2022-12,2023-12,2023-12-31,96,"Восточный административный округ, Косино-Ухтомский, г. Москва, ул. Рудневка, дом 12, этаж 1",улица рудневка 12,1,high,Страховая компания,Страхование -> Страхование,Страховая компания,Страхование -> Страхование
19193346,https://investmoscow.ru/tenders/tender/19193346,2023-08-28,2023-12,2024-05,2024-05-31,277,"Северный административный округ, Бескудниковский, Российская Федерация, город Москва, внутригородская территория муниципальный округ Бескудниковский, улица 800-летия Москвы, дом 10, Этаж № 1",улица 800 летия москвы 10,2,medium,"ПрофПакет.рф, интернет-магазин | Сансет+, салон-парикмахерская","Грузоперевозки / Транспортные услуги -> Пункты выдачи интернет-заказов | Красота / Здоровье -> Ногтевые студии, Парикмахерские","ПрофПакет.рф, интернет-магазин | Сансет+, салон-парикмахерская","Грузоперевозки / Транспортные услуги -> Пункты выдачи интернет-заказов | Красота / Здоровье -> Ногтевые студии, Парикмахерские"
19193475,https://investmoscow.ru/tenders/tender/19193475,2023-09-04,2023-12,2024-05,2024-05-31,270,"Южный административный округ, Донской, Российская Федерация, город Москва, внутригородская территория муниципальный округ Донской, Большая Тульская улица, дом 54, этаж № 1",большая тульская улица 54,4,low,"Char, мини-отель | InMoscow, стоматологическая клиника | Bs-Tyres, интернет-магазин шин и дисков","Туризм / Отдых -> Гостиницы | Медицинские услуги -> Частные стоматологии | Автосервис, Автотовары, Грузоперевозки / Транспортные услуги -> Пункты выдачи интернет-заказов, Шиномонтаж, Шины / Диски","Char, мини-отель | InMoscow, стоматологическая клиника | Bs-Tyres, интернет-магазин шин и дисков | Автобам, техцентр","Туризм / Отдых -> Гостиницы | Медицинские услуги -> Частные стоматологии | Автосервис, Автотовары, Грузоперевозки / Транспортные услуги -> Пункты выдачи интернет-заказов, Шиномонтаж, Шины / Диски | Автосервис, Автотранспорт -> Авторемонт и техобслуживание (СТО), Автоэкспертиза, Ремонт / обслуживание автомобильных климатических систем"
19193510,https://investmoscow.ru/tenders/tender/19193510,2023-09-01,2022-12,2023-12,2023-12-31,121,"Центральный административный округ, Красносельский, Российская Федерация, город Москва, внутригородская территория муниципальный округ Красносельский, Новорязанская улица, дом 2/7, Этаж № 1",новорязанская улица 2/7,2,medium,"Million, сауна | BBA Expert, водопонижение","Места отдыха / Развлекательные заведения, Спортивные комплексы -> Бани / Сауны, Бассейны | Строительные / монтажные работы -> Буровые работы, Геодезические работы, Геологические работы","Million, сауна | BBA Expert, водопонижение","Места отдыха / Развлекательные заведения, Спортивные комплексы -> Бани / Сауны, Бассейны | Строительные / монтажные работы -> Буровые работы, Геодезические работы, Геологические работы"
19193533,https://investmoscow.ru/tenders/tender/19193533,2023-09-05,2023-12,2024-05,2024-05-31,269,"Северо-Западный административный округ, Хорошево-Мневники, Российская Федерация, город Москва, внутригородская территория муниципальный округ Хорошево-Мневники, улица Демьяна Бедного, дом 7, Подвал",улица демьяна бедного 7,4,low,"Лотос, пункт приема | Ozon | Студия пилатеса",Бытовые услуги -> Химчистки одежды / текстиля | Грузоперевозки / Транспортные услуги -> Пункты выдачи интернет-заказов | Спортивные клубы / школы -> Фитнес-клубы,"Лотос, пункт приема | Ozon | Студия пилатеса | Джага-Джага, сеть магазинов интимных товаров",Бытовые услуги -> Химчистки одежды / текстиля | Грузоперевозки / Транспортные услуги -> Пункты выдачи интернет-заказов | Спортивные клубы / школы -> Фитнес-клубы | Спецмагазины -> Эротические товары
19193743,https://investmoscow.ru/tenders/tender/19193743,2023-09-01,2023-12,2024-05,2024-05-31,273,"Северный административный округ, Левобережный, Российская Федерация, город Москва, внутригородская территория муниципальный округ Левобережный, Ленинградское шоссе, дом 92/1, Этаж № 1, Подвал № 0",ленинградское шоссе 92/1,3,medium,"Ригла, аптека | Красное&Белое, магазин алкогольных напитков | Ак Барс, банк","Медицинские товары -> Аптеки, Биологически активные добавки (БАД), Доставка лекарств, Средства гигиены | Напитки, Торговые комплексы -> Алкогольные напитки, Супермаркеты | Банковские / финансовые услуги -> Банки, Ипотечные кредиты, Обмен валюты","Ригла, аптека | Красное&Белое, магазин алкогольных напитков | Ак Барс, банк","Медицинские товары -> Аптеки, Биологически активные добавки (БАД), Доставка лекарств, Средства гигиены | Напитки, Торговые комплексы -> Алкогольные напитки, Супермаркеты | Банковские / финансовые услуги -> Банки, Ипотечные кредиты, Обмен валюты"
19195240,https://investmoscow.ru/tenders/tender/19195240,2023-09-05,2023-12,2024-05,2024-05-31,269,"Северо-Западный административный округ, Щукино, Российская Федерация, город Москва, внутригородская территория муниципальный округ Щукино, Живописная улица, дом 52, этаж 1",живописная улица 52,3,medium,"Домбровицкий и партнеры, коллегия адвокатов | Анвс, компания | Штурм, экипировочный центр","Юридические услуги -> Ведение дел в судах, Услуги адвоката, Юридические услуги | Охрана / Безопасность, Строительные / монтажные работы -> Огнезащитная обработка, Противопожарное оборудование / инвентарь, Системы безопасности и охраны, Техническая экспертиза зданий и сооружений | Одежда / Аксессуары, Охрана / Безопасность, Строительные / монтажные работы -> Высотные работы, Спасательное оборудование, Спецодежда / Средства индивидуальной защиты","Домбровицкий и партнеры, коллегия адвокатов | Анвс, компания | Штурм, экипировочный центр","Юридические услуги -> Ведение дел в судах, Услуги адвоката, Юридические услуги | Охрана / Безопасность, Строительные / монтажные работы -> Огнезащитная обработка, Противопожарное оборудование / инвентарь, Системы безопасности и охраны, Техническая экспертиза зданий и сооружений | Одежда / Аксессуары, Охрана / Безопасность, Строительные / монтажные работы -> Высотные работы, Спасательное оборудование, Спецодежда / Средства индивидуальной защиты"
19196804,https://investmoscow.ru/tenders/tender/19196804,2023-08-25,2023-12,2024-05,2024-05-31,280,"Южный административный округ, Даниловский, Российская Федерация, город Москва, внутригородская территория муниципальный округ Даниловский, улица Трофимова, дом 2/1, Подвал № 0",улица трофимова 2/1,6,low,"Автодети, магазин детских автокресел | Складно, компания по складским услугам | Massage Torres, студия массажа","Автотовары, Детские товары -> Автоаксессуары, Товары для новорождённых | Грузоперевозки / Транспортные услуги -> Склады индивидуального хранения | Красота / Здоровье -> SPA-процедуры, Тонизирующие салоны, Услуги косметолога, Услуги массажиста","Автодети, магазин детских автокресел | Складно, компания по складским услугам | Massage Torres, студия массажа | ПР-Б. Противопожарная безопасность, магазин | Quest-art, компания","Автотовары, Детские товары -> Автоаксессуары, Товары для новорождённых | Грузоперевозки / Транспортные услуги -> Склады индивидуального хранения | Красота / Здоровье -> SPA-процедуры, Тонизирующие салоны, Услуги косметолога, Услуги массажиста | Охрана / Безопасность -> Противопожарное оборудование / инвентарь | Услуги по организации праздников / досуга -> Организация и проведение квестов"
19198013,https://investmoscow.ru/tenders/tender/19198013,2023-09-04,2023-12,2024-05,2024-05-31,270,"Юго-Западный административный округ, Ломоносовский, Российская Федерация, город Москва, внутригородская территория муниципальный округ Ломоносовский, улица Кравченко, дом 12, подвал № 0",улица кравченко 12,14,low,"Арвен | Вечная живопись. Ван Эйк | Пункт выдачи товара, Интернет-магазин искусственных цветов","Красота / Здоровье -> Ногтевые студии | Дополнительное образование / Развивающие курсы, Художественные изделия / материалы -> Курсы творчества и рукоделия для взрослых, Художественные мастерские, Художественные товары | Грузоперевозки / Транспортные услуги -> Пункты выдачи интернет-заказов","Арвен | Вечная живопись. Ван Эйк | Пункт выдачи товара, Интернет-магазин искусственных цветов | Школа №7 | Эко-дезинфектор","Красота / Здоровье -> Ногтевые студии | Дополнительное образование / Развивающие курсы, Художественные изделия / материалы -> Курсы творчества и рукоделия для взрослых, Художественные мастерские, Художественные товары | Грузоперевозки / Транспортные услуги -> Пункты выдачи интернет-заказов | Общее образование / Центры раннего развития детей -> Детские сады | Бытовые услуги, Уборка / Обработка помещений -> Дезинфекция / Дератизация / Дезинсекция, Профессиональная уборка, Устранение запахов сухим туманом / озонированием, Химчистки одежды / текстиля"
19198369,https://investmoscow.ru/tenders/tender/19198369,2023-09-04,2022-12,2023-12,2023-12-31,118,"Западный административный округ, Очаково-Матвеевское, Российская Федерация, город Москва, внутригородская территория муниципальный округ Очаково-Матвеевское, 1-й Очаковский переулок, дом 10, подвал № 0",1 й очаковский переулок 10,1,low,Магазин орехов,"Продукты питания -> Орехи / Семечки / Сухофрукты, Специи / Пряности",Магазин орехов,"Продукты питания -> Орехи / Семечки / Сухофрукты, Специи / Пряности"
19198508,https://investmoscow.ru/tenders/tender/19198508,2023-09-01,2023-12,2024-05,2024-05-31,273,"Центральный административный округ, Тверской, Российская Федерация, город Москва, внутригородская территория муниципальный округ Тверской, улица Бутырский Вал, дом 52, Подвал № 0",улица бутырский вал 52,8,low,"Гормедтехника, молочно-раздаточный пункт | Musicbase, музыкальный магазин | Ya.D, центр здоровья и красоты","Социальные учреждения -> Молочные кухни | Аудио / Видео / Бытовая техника, Мультимедийное / презентационное оборудование -> Звуковое / световое / видеооборудование, Музыкальные инструменты / Аксессуары | Дополнительное образование / Развивающие курсы, Красота / Здоровье -> SPA-процедуры, Обучение мастеров для салонов красоты, Студии загара, Услуги косметолога, Услуги массажиста, Услуги перманентного макияжа, Услуги по оформлению ресниц / бровей, Эпиляция","Гормедтехника, молочно-раздаточный пункт | Musicbase, музыкальный магазин | Ya.D, центр здоровья и красоты | Красное&Белое, магазин алкогольных напитков | Ozon","Социальные учреждения -> Молочные кухни | Аудио / Видео / Бытовая техника, Мультимедийное / презентационное оборудование -> Звуковое / световое / видеооборудование, Музыкальные инструменты / Аксессуары | Дополнительное образование / Развивающие курсы, Красота / Здоровье -> SPA-процедуры, Обучение мастеров для салонов красоты, Студии загара, Услуги косметолога, Услуги массажиста, Услуги перманентного макияжа, Услуги по оформлению ресниц / бровей, Эпиляция | Напитки, Торговые комплексы -> Алкогольные напитки, Супермаркеты | Грузоперевозки / Транспортные услуги -> Пункты выдачи интернет-заказов"
19198608,https://investmoscow.ru/tenders/tender/19198608,2023-09-01,2023-12,2024-05,2024-05-31,273,"Северный административный округ, Войковский, Российская Федерация, город Москва, внутригородская территория муниципальный округ Войковский, Старопетровский проезд, дом 10Б, этаж № 1",старопетровский проезд 10б,3,medium,"Вкусвилл | Столица, инжиниринговая компания | Клиника головной боли и вегетативных расстройств им. академика А. Вейна","Торговые комплексы -> Супермаркеты | Строительные / монтажные работы -> Инжиниринговые услуги | Медицинские услуги -> Услуги гирудотерапевта, Услуги мануального терапевта, Услуги медицинской диагностики, Услуги невролога, Услуги психолога","Вкусвилл | Столица, инжиниринговая компания | Клиника головной боли и вегетативных расстройств им. академика А. Вейна","Торговые комплексы -> Супермаркеты | Строительные / монтажные работы -> Инжиниринговые услуги | Медицинские услуги -> Услуги гирудотерапевта, Услуги мануального терапевта, Услуги медицинской диагностики, Услуги невролога, Услуги психолога"
19199131,https://investmoscow.ru/tenders/tender/19199131,2023-09-04,2023-12,2024-05,2024-05-31,270,"Центральный административный округ, Пресненский, Российская Федерация, город Москва, внутригородская территория муниципальный округ Пресненский, улица Литвина-Седого, дом 7, Подвал № 0",улица литвина седого 7,1,high,"Креатиff, парикмахерская","Красота / Здоровье -> Ногтевые студии, Парикмахерские, Услуги массажиста, Услуги по оформлению ресниц / бровей, Эпиляция","Креатиff, парикмахерская","Красота / Здоровье -> Ногтевые студии, Парикмахерские, Услуги массажиста, Услуги по оформлению ресниц / бровей, Эпиляция"
19199211,https://investmoscow.ru/tenders/tender/19199211,2023-09-04,2022-12,2023-12,2023-12-31,118,"Северо-Восточный административный округ, Свиблово, Российская Федерация, город Москва, внутригородская территория муниципальный округ Свиблово, Снежная улица, дом 25, Подвал № 0",снежная улица 25,2,medium,"Магазин выпечки | Tea-party, магазин чая и кофе","Продукты питания -> Хлебобулочные изделия | Напитки, Продукты питания -> Кондитерские изделия, Продажа кофе, Продажа чая","Магазин выпечки | Tea-party, магазин чая и кофе","Продукты питания -> Хлебобулочные изделия | Напитки, Продукты питания -> Кондитерские изделия, Продажа кофе, Продажа чая"
19199739,https://investmoscow.ru/tenders/tender/19199739,2023-09-04,2023-12,2024-05,2024-05-31,270,"Центральный административный округ, Пресненский, Российская Федерация, город Москва, внутригородская территория муниципальный округ Пресненский, Ермолаевский переулок, дом 4, Подвал № 0",ермолаевский переулок 4,3,medium,"Ruban, шоурум | Pfg studio, интернет-магазин | Arch 1908, бар и кафе","Одежда / Аксессуары -> Женская одежда | Общественное питание -> Бары, Кафе","Ruban, шоурум | Pfg studio, интернет-магазин | Arch 1908, бар и кафе","Одежда / Аксессуары -> Женская одежда | Общественное питание -> Бары, Кафе"
19199969,https://investmoscow.ru/tenders/tender/19199969,2023-09-04,2023-12,2024-05,2024-05-31,270,"Центральный административный округ, Пресненский, Российская Федерация, город Москва, внутригородская территория муниципальный округ Пресненский, улица Гашека, дом 11, Подвал № 0",улица гашека 11,3,medium,"Just relax, студия массажа | Vibe Lashes, студия красоты | Центр подологии","Красота / Здоровье -> SPA-процедуры | Дополнительное образование / Развивающие курсы, Красота / Здоровье -> Обучение мастеров для салонов красоты, Услуги по оформлению ресниц / бровей | Медицинские услуги -> Услуги подолога","Just relax, студия массажа | Vibe Lashes, студия красоты | Центр подологии","Красота / Здоровье -> SPA-процедуры | Дополнительное образование / Развивающие курсы, Красота / Здоровье -> Обучение мастеров для салонов красоты, Услуги по оформлению ресниц / бровей | Медицинские услуги -> Услуги подолога"
19201503,https://investmoscow.ru/tenders/tender/19201503,2023-11-14,2023-12,2024-05,2024-05-31,199,"Российская Федерация, город Москва, внутригородская территория муниципальный округ Хамовники, Комсомольский проспект, дом 44, Подвал № 0",комсомольский проспект 44,11,low,"Культ, барбершоп | ТД Элит, салон дверей | Wine Room, сеть винных магазинов","Красота / Здоровье -> Барбершопы | Отделочные материалы -> Входные двери, Комплектующие для дверей, Межкомнатные двери, Системы перегородок | Напитки, Садово-хозяйственные товары -> Алкогольные напитки, Посуда","Культ, барбершоп | ТД Элит, салон дверей | Wine Room, сеть винных магазинов | Krasnostop.ru, пункт выдачи | Винлаб, супермаркет","Красота / Здоровье -> Барбершопы | Отделочные материалы -> Входные двери, Комплектующие для дверей, Межкомнатные двери, Системы перегородок | Напитки, Садово-хозяйственные товары -> Алкогольные напитки, Посуда | Напитки -> Алкогольные напитки | Отделочные материалы -> Декоративные отделочные элементы и материалы, Лакокрасочные материалы"
19202129,https://investmoscow.ru/tenders/tender/19202129,2023-09-04,2023-12,2024-05,2024-05-31,270,"Центральный административный округ, Якиманка, Российская Федерация, город Москва, внутригородская территория муниципальный округ Якиманка, улица Большая Полянка, дом 4/10, Этаж № 1, Подвал № 0",улица большая полянка 4/10,7,low,"Recaro clean | Rooma, магазин мебели | Ригла, аптека","Бытовые услуги -> Мастерские по ремонту одежды, Химчистки одежды / текстиля | Мебель -> Корпусная мебель, Мебельные магазины, Мягкая мебель | Медицинские товары -> Аптеки, Биологически активные добавки (БАД), Доставка лекарств, Медицинские приборы","Recaro clean | Rooma, магазин мебели | Ригла, аптека | Артпаркет, торговая компания | Фламинго, салон света","Бытовые услуги -> Мастерские по ремонту одежды, Химчистки одежды / текстиля | Мебель -> Корпусная мебель, Мебельные магазины, Мягкая мебель | Медицинские товары -> Аптеки, Биологически активные добавки (БАД), Доставка лекарств, Медицинские приборы | Отделочные материалы, Строительные / монтажные работы, Электротехника -> Межкомнатные двери, Напольные покрытия / Комплектующие, Ремонт / укладка напольных покрытий, Светотехника | Электротехника -> Светотехника"
19223381,https://investmoscow.ru/tenders/tender/19223381,2023-09-13,2022-12,2023-12,2023-12-31,109,"Юго-Западный административный округ, Южное Бутово, улица Брусилова, дом 21, Этаж № 1",улица брусилова 21,2,medium,"Чемпион, семейно-досуговый центр | МедСемья дент, стоматологический центр",Общее образование / Центры раннего развития детей -> Центры раннего развития детей | Медицинские услуги -> Частные стоматологии,"Чемпион, семейно-досуговый центр | МедСемья дент, стоматологический центр",Общее образование / Центры раннего развития детей -> Центры раннего развития детей | Медицинские услуги -> Частные стоматологии
19223440,https://investmoscow.ru/tenders/tender/19223440,2023-09-18,2022-12,2023-12,2023-12-31,104,"Западный административный округ, Раменки, улица Раменки, дом 20, Этаж № 1",улица раменки 20,1,high,"Drevogorsk, компания",Строительные / монтажные работы -> Деревообработка,"Drevogorsk, компания",Строительные / монтажные работы -> Деревообработка
19223608,https://investmoscow.ru/tenders/tender/19223608,2023-09-13,2022-12,2023-12,2023-12-31,109,"Юго-Восточный административный округ, Марьино, Марьинский бульвар, дом 11, Этаж № 1",марьинский бульвар 11,1,medium,Огулов центр,"Дополнительное образование / Развивающие курсы, Медицинские услуги -> Обучение массажистов, Услуги альтернативной медицины",Огулов центр,"Дополнительное образование / Развивающие курсы, Медицинские услуги -> Обучение массажистов, Услуги альтернативной медицины"
19224729,https://investmoscow.ru/tenders/tender/19224729,2023-09-14,2023-12,2024-05,2024-05-31,260,"Центральный административный округ, Басманный, Садовая-Черногрязская улица, дом 11/2, Этаж № 1",садовая черногрязская улица 11/2,2,medium,"Красное&Белое, магазин алкогольных напитков | Вирсавия, клиника современной ортопедии","Напитки, Торговые комплексы -> Алкогольные напитки, Супермаркеты | Медицинские услуги -> Услуги травматолога-ортопеда","Красное&Белое, магазин алкогольных напитков | Вирсавия, клиника современной ортопедии","Напитки, Торговые комплексы -> Алкогольные напитки, Супермаркеты | Медицинские услуги -> Услуги травматолога-ортопеда"
19225763,https://investmoscow.ru/tenders/tender/19225763,2023-09-13,2022-12,2023-12,2023-12-31,109,"Восточный административный округ, Соколиная гора, Большая Семёновская улица, дом 23А, Этаж № 1",большая семеновская улица 23а,4,low,"Energo, автомат аренды аккумуляторов для гаджетов | Экспресс-вендинг, торговый автомат | Пункт обмена книг","Средства связи -> Станции зарядки мобильных телефонов | Напитки, Продукты питания -> Безалкогольные напитки, Снековая продукция | Книги / Канцелярия -> Буккроссинг","Energo, автомат аренды аккумуляторов для гаджетов | Экспресс-вендинг, торговый автомат | Пункт обмена книг | Бесплатный туалет","Средства связи -> Станции зарядки мобильных телефонов | Напитки, Продукты питания -> Безалкогольные напитки, Снековая продукция | Книги / Канцелярия -> Буккроссинг | Бытовые услуги -> Туалеты"
19225959,https://investmoscow.ru/tenders/tender/19225959,2023-09-13,2023-12,2024-05,2024-05-31,261,"Юго-Западный административный округ, Южное Бутово, Венёвская улица, дом 1, Этаж № 1",веневская улица 1,2,medium,"G.Point , студия красоты | Цветы&букеты, оптово-цветочный магазин","Красота / Здоровье -> Услуги косметолога, Услуги по оформлению ресниц / бровей, Эпиляция | Спецмагазины, Тара / Упаковка -> Доставка цветов, Подарочная упаковка, Услуги по упаковке подарков, Цветы","G.Point , студия красоты | Цветы&букеты, оптово-цветочный магазин","Красота / Здоровье -> Услуги косметолога, Услуги по оформлению ресниц / бровей, Эпиляция | Спецмагазины, Тара / Упаковка -> Доставка цветов, Подарочная упаковка, Услуги по упаковке подарков, Цветы"
19226045,https://investmoscow.ru/tenders/tender/19226045,2023-09-13,2022-12,2023-12,2023-12-31,109,"город Москва, Шарикоподшипниковская улица, дом 18, Этаж № 1",шарикоподшипниковская улица 18,3,medium,"Фармленд, аптека | Xsize, студия упругого тела | Бери заряд!, станция зарядки телефонов","Красота / Здоровье, Медицинские товары -> Аптеки, Биологически активные добавки (БАД), Косметика / Парфюмерия, Ортопедические товары, Средства гигиены | Красота / Здоровье -> Услуги массажиста | Средства связи -> Станции зарядки мобильных телефонов","Фармленд, аптека | Xsize, студия упругого тела | Бери заряд!, станция зарядки телефонов","Красота / Здоровье, Медицинские товары -> Аптеки, Биологически активные добавки (БАД), Косметика / Парфюмерия, Ортопедические товары, Средства гигиены | Красота / Здоровье -> Услуги массажиста | Средства связи -> Станции зарядки мобильных телефонов"
19227173,https://investmoscow.ru/tenders/tender/19227173,2023-09-13,2022-12,2023-12,2023-12-31,109,"Российская Федерация, город Москва, внутригородская территория муниципальный округ Косино-Ухтомский, улица Руднёвка, дом 14, Этаж № 1",улица рудневка 14,1,high,"Wildberries, пункт выдачи товара",Грузоперевозки / Транспортные услуги -> Пункты выдачи интернет-заказов,"Wildberries, пункт выдачи товара",Грузоперевозки / Транспортные услуги -> Пункты выдачи интернет-заказов
19227468,https://investmoscow.ru/tenders/tender/19227468,2023-09-18,2023-12,2024-05,2024-05-31,256,"Российская Федерация, город Москва, внутригородская территория муниципальный округ Раменки, Мосфильмовская улица, дом 55, Этаж № 1",мосфильмовская улица 55,5,low,"Роза ветров, спортивно-туристский клуб | Салон цветов | Пятёрочка, супермаркет","Спортивные клубы / школы -> Спортивные секции | Спецмагазины, Тара / Упаковка -> Услуги по упаковке подарков, Цветы | Спецмагазины, Торговые комплексы -> Доставка продуктов / хозтоваров, Супермаркеты","Роза ветров, спортивно-туристский клуб | Салон цветов | Пятёрочка, супермаркет | 5post, пункт выдачи заказов | Skyada hotel, отель","Спортивные клубы / школы -> Спортивные секции | Спецмагазины, Тара / Упаковка -> Услуги по упаковке подарков, Цветы | Спецмагазины, Торговые комплексы -> Доставка продуктов / хозтоваров, Супермаркеты | Грузоперевозки / Транспортные услуги -> Пункты выдачи интернет-заказов | Туризм / Отдых -> Гостиницы"
19227646,https://investmoscow.ru/tenders/tender/19227646,2023-09-13,2024-09,2024-10,2024-10-31,414,"Восточный административный округ, Восточное Измайлово, Нижняя Первомайская улица, дом 45, Этаж № 1",нижняя первомайская улица 45,1,medium,"Am Stretching, студия растяжки",Спортивные клубы / школы -> Фитнес-клубы,"Am Stretching, студия растяжки",Спортивные клубы / школы -> Фитнес-клубы
19228468,https://investmoscow.ru/tenders/tender/19228468,2023-09-13,2022-12,2023-12,2023-12-31,109,"Западный административный округ, Солнцево, Солнцевский проспект, дом 19, этаж № 1",солнцевский проспект 19,1,high,"Happyпёс, ветеринарная клиника","Ветеринария -> Ветеринарные клиники, Ветеринарные лаборатории, Выездные ветеринарные службы","Happyпёс, ветеринарная клиника","Ветеринария -> Ветеринарные клиники, Ветеринарные лаборатории, Выездные ветеринарные службы"
19228520,https://investmoscow.ru/tenders/tender/19228520,2023-09-13,2023-12,2024-05,2024-05-31,261,"Западный административный округ, Раменки, Мосфильмовская улица, дом 26, Подвал № 0",мосфильмовская улица 26,3,medium,"Домашний, мини-маркет | Фирма по ремонту сотовых телефонов | Домашний, магазин различного пива","Торговые комплексы -> Супермаркеты | Средства связи -> Аксессуары к мобильным телефонам, Ремонт мобильных телефонов | Напитки, Продукты питания -> Магазины разливного пива, Снековая продукция","Домашний, мини-маркет | Фирма по ремонту сотовых телефонов | Домашний, магазин различного пива","Торговые комплексы -> Супермаркеты | Средства связи -> Аксессуары к мобильным телефонам, Ремонт мобильных телефонов | Напитки, Продукты питания -> Магазины разливного пива, Снековая продукция"
19235591,https://investmoscow.ru/tenders/tender/19235591,2023-09-22,2023-12,2024-05,2024-05-31,252,"Северо-Восточный административный округ, Бутырский, Российская Федерация, город Москва, внутригородская территория муниципальный округ Бутырский, улица Гончарова, дом 6, Этаж № 1",улица гончарова 6,2,medium,"Магнит, супермаркет | Магнит Косметик, магазин косметики и бытовой химии","Торговые комплексы -> Супермаркеты | Книги / Канцелярия, Красота / Здоровье, Садово-хозяйственные товары -> Бытовая химия, Канцелярские товары / Учебные принадлежности, Косметика / Парфюмерия, Посуда, Хозяйственные товары","Магнит, супермаркет | Магнит Косметик, магазин косметики и бытовой химии","Торговые комплексы -> Супермаркеты | Книги / Канцелярия, Красота / Здоровье, Садово-хозяйственные товары -> Бытовая химия, Канцелярские товары / Учебные принадлежности, Косметика / Парфюмерия, Посуда, Хозяйственные товары"
19237127,https://investmoscow.ru/tenders/tender/19237127,2023-09-22,2022-12,2023-12,2023-12-31,100,"г. Москва, ул. Коминтерна, Дом 8, Подвал № 0, помещение I - комнаты с 1 по 11, 13",улица коминтерна 8,1,high,"Галерея вымпел, кофейня",Общественное питание -> Кафе,"Галерея вымпел, кофейня",Общественное питание -> Кафе
19237151,https://investmoscow.ru/tenders/tender/19237151,2023-09-22,2023-12,2024-05,2024-05-31,252,"г. Москва, ул. Молодцова, Дом 21, Этаж №1, Этаж №2",улица молодцова 21,9,low,"Обжора, кулинария | Магазин овощей и фруктов | Магазин кондитерской продукции","Общественное питание -> Доставка готовых блюд, Кулинарии, Столовые | Напитки, Продукты питания -> Безалкогольные напитки, Овощи / Фрукты | Продукты питания -> Кондитерские изделия","Обжора, кулинария | Магазин овощей и фруктов | Магазин кондитерской продукции | Дикси, супермаркет | Столото, точка продажи лотерейных билетов","Общественное питание -> Доставка готовых блюд, Кулинарии, Столовые | Напитки, Продукты питания -> Безалкогольные напитки, Овощи / Фрукты | Продукты питания -> Кондитерские изделия | Торговые комплексы -> Супермаркеты | Услуги по организации праздников / досуга -> Лотерейные билеты"
19238382,https://investmoscow.ru/tenders/tender/19238382,2023-10-03,2022-12,2023-12,2023-12-31,89,"Западный административный округ, Солнцево, Солнцевский проспект, дом 9, этаж 1",солнцевский проспект 9,5,low,"Мясницкий Ряд, магазин мясной продукции | Ozon, Пункт выдачи товара | Магазин овощей и фруктов",Продукты питания -> Мясо / Полуфабрикаты | Грузоперевозки / Транспортные услуги -> Пункты выдачи интернет-заказов | Продукты питания -> Овощи / Фрукты,"Мясницкий Ряд, магазин мясной продукции | Ozon, Пункт выдачи товара | Магазин овощей и фруктов | Магазин мяса и специй | Пекарня","Продукты питания -> Мясо / Полуфабрикаты | Грузоперевозки / Транспортные услуги -> Пункты выдачи интернет-заказов | Продукты питания -> Овощи / Фрукты | Продукты питания -> Мясо / Полуфабрикаты, Специи / Пряности, Яйцо | Общественное питание -> Доставка готовых блюд, Пекарни"
19243677,https://investmoscow.ru/tenders/tender/19243677,2023-09-25,2022-12,2023-12,2023-12-31,97,"Центральный административный округ, Хамовники, Фрунзенская набережная, дом 54, Подвал № 0",фрунзенская набережная 54,1,medium,"Велоспорт, профессиональный велосипедный салон","Спортивные товары -> Велосипеды, Ремонт спортивного инвентаря, Ремонт спортивного оборудования","Велоспорт, профессиональный велосипедный салон","Спортивные товары -> Велосипеды, Ремонт спортивного инвентаря, Ремонт спортивного оборудования"
19243835,https://investmoscow.ru/tenders/tender/19243835,2023-09-25,2022-12,2023-12,2023-12-31,97,"Северо-Западный административный округ, Куркино, Новокуркинское шоссе, дом 23/15, Этаж № 1",новокуркинское шоссе 23/15,1,low,"Атака, спортивный клуб","Спортивные клубы / школы -> Спортивные секции, Фитнес-клубы","Атака, спортивный клуб","Спортивные клубы / школы -> Спортивные секции, Фитнес-клубы"
19245376,https://investmoscow.ru/tenders/tender/19245376,2023-09-25,2023-12,2024-05,2024-05-31,249,"Северный административный округ, Хорошевский, Ходынский бульвар, дом 9, этаж № 1",ходынский бульвар 9,11,low,"Est-a-tet, агентство недвижимости | Бэби-клуб, сеть детских садов и центров развития | Школа-студия живописи","Недвижимость, Юридические услуги -> Агентства недвижимости, Помощь в оформлении ипотеки | Общее образование / Центры раннего развития детей -> Центры раннего развития детей | Дополнительное образование / Развивающие курсы -> Школы искусств","Est-a-tet, агентство недвижимости | Бэби-клуб, сеть детских садов и центров развития | Школа-студия живописи | Localspace | Астрадент, стоматологический центр","Недвижимость, Юридические услуги -> Агентства недвижимости, Помощь в оформлении ипотеки | Общее образование / Центры раннего развития детей -> Центры раннего развития детей | Дополнительное образование / Развивающие курсы -> Школы искусств | Недвижимость -> Аренда лофтов, Коворкинг | Медицинские услуги -> Частные стоматологии"
19245397,https://investmoscow.ru/tenders/tender/19245397,2023-10-02,2022-12,2023-12,2023-12-31,90,"Центральный административный округ, Тверской, Весковский переулок, дом 7, Этаж № 2",весковский переулок 7,5,low,"Bezenkova nail bar, студия ногтевого сервиса и оформления бровей | Get energy, станция зарядки телефонов | Lashpro, студия","Красота / Здоровье -> Ногтевые студии, Услуги по оформлению ресниц / бровей | Средства связи -> Станции зарядки мобильных телефонов | Бытовые услуги -> Туалеты","Bezenkova nail bar, студия ногтевого сервиса и оформления бровей | Get energy, станция зарядки телефонов | Lashpro, студия | Beauty bar, студия красоты | Туалет","Красота / Здоровье -> Ногтевые студии, Услуги по оформлению ресниц / бровей | Средства связи -> Станции зарядки мобильных телефонов | Бытовые услуги -> Туалеты"
19252643,https://investmoscow.ru/tenders/tender/19252643,2023-09-27,2022-12,2023-12,2023-12-31,95,"Западный административный округ, Очаково-Матвеевское, 1-й Очаковский переулок, дом 10, Подвал № 0",1 й очаковский переулок 10,1,low,Магазин орехов,"Продукты питания -> Орехи / Семечки / Сухофрукты, Специи / Пряности",Магазин орехов,"Продукты питания -> Орехи / Семечки / Сухофрукты, Специи / Пряности"
19253439,https://investmoscow.ru/tenders/tender/19253439,2023-09-27,2022-12,2023-12,2023-12-31,95,"Центральный административный округ, Мещанский, проспект Мира, дом 76, Подвал № 0",проспект мира 76,4,low,"Скайавто, автошкола | RozaToday | Autotest, автошкола","Дополнительное образование / Развивающие курсы -> Автошколы, Мотошколы | Спецмагазины, Услуги по организации праздников / досуга -> Доставка цветов, Услуги праздничного оформления, Цветы | Напитки, Продукты питания -> Алкогольные напитки, Продуктовые магазины","Скайавто, автошкола | RozaToday | Autotest, автошкола | Винлаб, супермаркет напитков","Дополнительное образование / Развивающие курсы -> Автошколы, Мотошколы | Спецмагазины, Услуги по организации праздников / досуга -> Доставка цветов, Услуги праздничного оформления, Цветы | Напитки, Продукты питания -> Алкогольные напитки, Продуктовые магазины"
19254688,https://investmoscow.ru/tenders/tender/19254688,2023-09-27,2022-12,2023-12,2023-12-31,95,"Западный административный округ, Очаково-Матвеевское, 1-й Очаковский переулок, дом 10, подвал № 0",1 й очаковский переулок 10,1,low,Магазин орехов,"Продукты питания -> Орехи / Семечки / Сухофрукты, Специи / Пряности",Магазин орехов,"Продукты питания -> Орехи / Семечки / Сухофрукты, Специи / Пряности"
19255592,https://investmoscow.ru/tenders/tender/19255592,2023-09-27,2023-12,2024-05,2024-05-31,247,"Центральный административный округ, Арбат, Кривоарбатский переулок, дом 19, Подвал № 0",кривоарбатский переулок 19,1,high,"Laguna VIP, клиника косметологии",Красота / Здоровье -> Услуги косметолога,"Laguna VIP, клиника косметологии",Красота / Здоровье -> Услуги косметолога
19255777,https://investmoscow.ru/tenders/tender/19255777,2023-09-27,2023-12,2024-05,2024-05-31,247,"Юго-Западный административный округ, Южное Бутово, Южнобутовская улица, дом 143, Этаж № 1",южнобутовская улица 143,2,medium,"Wildberries, пункт выдачи товара | Viva, салон красоты","Грузоперевозки / Транспортные услуги -> Пункты выдачи интернет-заказов | Красота / Здоровье -> Ногтевые студии, Парикмахерские, Услуги перманентного макияжа, Услуги по оформлению ресниц / бровей, Услуги росписи по телу, Эпиляция","Wildberries, пункт выдачи товара | Viva, салон красоты","Грузоперевозки / Транспортные услуги -> Пункты выдачи интернет-заказов | Красота / Здоровье -> Ногтевые студии, Парикмахерские, Услуги перманентного макияжа, Услуги по оформлению ресниц / бровей, Услуги росписи по телу, Эпиляция"
19256196,https://investmoscow.ru/tenders/tender/19256196,2023-09-27,2023-12,2024-05,2024-05-31,247,"Центральный административный округ, Хамовники, 2-я Фрунзенская улица, дом 7, Этаж № 1",2 я фрунзенская улица 7,2,medium,"Научно-практический центр детской психоневрологии , дневной стационар №1 | Ф7, студия красоты","Медицинские учреждения -> Больницы | Красота / Здоровье -> Ногтевые студии, Парикмахерские, Услуги визажиста, Услуги косметолога, Услуги массажиста, Услуги пирсинга, Эпиляция","Научно-практический центр детской психоневрологии , дневной стационар №1 | Ф7, студия красоты","Медицинские учреждения -> Больницы | Красота / Здоровье -> Ногтевые студии, Парикмахерские, Услуги визажиста, Услуги косметолога, Услуги массажиста, Услуги пирсинга, Эпиляция"
19256390,https://investmoscow.ru/tenders/tender/19256390,2023-09-27,2023-12,2024-05,2024-05-31,247,"Центральный административный округ, Хамовники, улица Плющиха, дом 11, Подвал № 0",улица плющиха 11,1,high,"Хёгфорс-Москва, компания",Металлы -> Металлоизделия,"Хёгфорс-Москва, компания",Металлы -> Металлоизделия
19256893,https://investmoscow.ru/tenders/tender/19256893,2023-09-29,2023-12,2024-05,2024-05-31,245,"129164, г.Москва, ул.Маломосковская, д.19, Подвал № 0",улица маломосковская 19,1,high,"Радуга стрижек, салон красоты","Красота / Здоровье -> Ногтевые студии, Парикмахерские, Услуги косметолога, Услуги по оформлению ресниц / бровей, Эпиляция","Радуга стрижек, салон красоты","Красота / Здоровье -> Ногтевые студии, Парикмахерские, Услуги косметолога, Услуги по оформлению ресниц / бровей, Эпиляция"
19261920,https://investmoscow.ru/tenders/tender/19261920,2023-10-04,2022-12,2023-12,2023-12-31,88,"Северо-Западный административный округ, Щукино, улица Академика Бочвара, дом 15, Этаж № 2",улица академика бочвара 15,6,low,"Свет, SPA-центр | Ozon, пункт выдачи товара | Никаком, г. Москва","Красота / Здоровье -> SPA-процедуры, Услуги массажиста | Грузоперевозки / Транспортные услуги -> Пункты выдачи интернет-заказов | Детские товары, Одежда / Аксессуары, Спецмагазины -> Детская одежда, Женская одежда, Комиссионные магазины, Мужская одежда","Свет, SPA-центр | Ozon, пункт выдачи товара | Никаком, г. Москва | La Roche Posay, пункт приема упаковки из под косметики | Boxberry, отделение службы доставки","Красота / Здоровье -> SPA-процедуры, Услуги массажиста | Грузоперевозки / Транспортные услуги -> Пункты выдачи интернет-заказов | Детские товары, Одежда / Аксессуары, Спецмагазины -> Детская одежда, Женская одежда, Комиссионные магазины, Мужская одежда | Бытовые услуги -> Пункты приёма | Художественные изделия / материалы -> Художественные мастерские"
19261987,https://investmoscow.ru/tenders/tender/19261987,2023-10-04,2022-12,2023-12,2023-12-31,88,"Западный административный округ, Кунцево, улица Академика Павлова, дом 28, Этаж № 1",улица академика павлова 28,5,low,"Zemnaya flowers, служба доставки цветов | ВкусВилл, магазин с доставкой полезных продуктов | Винлаб, супермаркет напитков","Спецмагазины -> Доставка цветов | Торговые комплексы -> Супермаркеты | Напитки, Продукты питания -> Алкогольные напитки, Продуктовые магазины","Zemnaya flowers, служба доставки цветов | ВкусВилл, магазин с доставкой полезных продуктов | Винлаб, супермаркет напитков | Luna Project | Ozon, Пункт выдачи товара","Спецмагазины -> Доставка цветов | Торговые комплексы -> Супермаркеты | Напитки, Продукты питания -> Алкогольные напитки, Продуктовые магазины | Красота / Здоровье -> Услуги по оформлению ресниц / бровей | Грузоперевозки / Транспортные услуги -> Пункты выдачи интернет-заказов"
19266266,https://investmoscow.ru/tenders/tender/19266266,2023-10-04,2022-12,2023-12,2023-12-31,88,"Российская Федерация, город Москва, внутригородская территория муниципальный округ Гагаринский, Ленинский проспект, дом 52, Этаж № 1",ленинский проспект 52,2,medium,"Пятёрочка, супермаркет | Цветы и кафе","Спецмагазины, Торговые комплексы -> Доставка продуктов / хозтоваров, Супермаркеты | Общественное питание, Спецмагазины -> Кофейни, Цветы","Пятёрочка, супермаркет | Цветы и кафе","Спецмагазины, Торговые комплексы -> Доставка продуктов / хозтоваров, Супермаркеты | Общественное питание, Спецмагазины -> Кофейни, Цветы"
19266735,https://investmoscow.ru/tenders/tender/19266735,2023-10-04,2022-12,2023-12,2023-12-31,88,"Российская Федерация, город Москва, внутригородская территория муниципальный округ Хорошевский, улица Гризодубовой, дом 2, Этаж № 2",улица гризодубовой 2,1,low,ПроБезопасность,"Архитектура / Проектирование / Дизайн, Промышленный аудит / оценка, Строительные / монтажные работы -> Архитектурно-строительное проектирование, Инжиниринговые услуги, Пожарная безопасность",ПроБезопасность,"Архитектура / Проектирование / Дизайн, Промышленный аудит / оценка, Строительные / монтажные работы -> Архитектурно-строительное проектирование, Инжиниринговые услуги, Пожарная безопасность"
19270724,https://investmoscow.ru/tenders/tender/19270724,2023-10-04,2022-12,2023-12,2023-12-31,88,"Северный административный округ, Беговой, Беговая аллея, дом 3, Подвал № 0",беговая аллея 3,3,low,"Fstok | Daily Wines, склад | Готовим Правильно","Грузоперевозки / Транспортные услуги -> Пункты выдачи интернет-заказов | Напитки, Спецмагазины -> Алкогольные напитки, Безалкогольные напитки, Доставка продуктов / хозтоваров | Продукты питания -> Мясо / Полуфабрикаты, Продукты быстрого приготовления","Fstok | Daily Wines, склад | Готовим Правильно","Грузоперевозки / Транспортные услуги -> Пункты выдачи интернет-заказов | Напитки, Спецмагазины -> Алкогольные напитки, Безалкогольные напитки, Доставка продуктов / хозтоваров | Продукты питания -> Мясо / Полуфабрикаты, Продукты быстрого приготовления"
19270961,https://investmoscow.ru/tenders/tender/19270961,2023-10-09,2023-12,2024-05,2024-05-31,235,"Центральный административный округ, Басманный, Потаповский переулок, дом 12, Этаж № 1",потаповский переулок 12,4,low,"Ва-банк, хостел | Volya school, школа вокала и музыки | Lighthouse film lab, центр по проявке и сканированию фотопленки","Туризм / Отдых -> Хостелы | Дополнительное образование / Развивающие курсы -> Курсы вокала, Музыкальные курсы | Бытовые услуги -> Фотоцентры","Ва-банк, хостел | Volya school, школа вокала и музыки | Lighthouse film lab, центр по проявке и сканированию фотопленки | Канишевская и партнеры, адвокатское бюро","Туризм / Отдых -> Хостелы | Дополнительное образование / Развивающие курсы -> Курсы вокала, Музыкальные курсы | Бытовые услуги -> Фотоцентры | Юридические услуги -> Ведение дел в судах, Оформление недвижимости / земли, Помощь в банкротстве физических лиц, Услуги адвоката, Юридические услуги"
19274929,https://investmoscow.ru/tenders/tender/19274929,2023-10-11,2023-12,2024-05,2024-05-31,233,"Южный административный округ, Нагатино-Садовники, улица Академика Миллионщикова, дом 27, Этаж № 1",улица академика миллионщикова 27,2,medium,"Dиамант, студия красоты | LazerLPG, студия эпиляции","Красота / Здоровье -> SPA-процедуры, Косметика / расходные материалы для салонов красоты, Ногтевые студии, Парикмахерские, Услуги визажиста, Услуги косметолога, Услуги массажиста, Услуги по оформлению ресниц / бровей, Эпиляция | Красота / Здоровье -> SPA-процедуры, Услуги массажиста, Эпиляция","Dиамант, студия красоты | LazerLPG, студия эпиляции","Красота / Здоровье -> SPA-процедуры, Косметика / расходные материалы для салонов красоты, Ногтевые студии, Парикмахерские, Услуги визажиста, Услуги косметолога, Услуги массажиста, Услуги по оформлению ресниц / бровей, Эпиляция | Красота / Здоровье -> SPA-процедуры, Услуги массажиста, Эпиляция"
19275137,https://investmoscow.ru/tenders/tender/19275137,2023-10-11,2023-12,2024-05,2024-05-31,233,"Юго-Западный административный округ, Южное Бутово, Южнобутовская улица, дом 71, Этаж № 1",южнобутовская улица 71,3,medium,"АвтоDрайв.Мск | Точка спорта, фитнес-клуб | Katarsiss_studio, студия маникюра","Дополнительное образование / Развивающие курсы -> Автошколы | Красота / Здоровье, Спортивные клубы / школы -> Студии загара, Фитнес-клубы | Красота / Здоровье -> Ногтевые студии","АвтоDрайв.Мск | Точка спорта, фитнес-клуб | Katarsiss_studio, студия маникюра","Дополнительное образование / Развивающие курсы -> Автошколы | Красота / Здоровье, Спортивные клубы / школы -> Студии загара, Фитнес-клубы | Красота / Здоровье -> Ногтевые студии"
19276559,https://investmoscow.ru/tenders/tender/19276559,2023-10-11,2023-12,2024-05,2024-05-31,233,"Российская Федерация, город Москва, внутригородская территория муниципальный округ Хамовники, Пожарский переулок, дом 10, Подвал № 0",пожарский переулок 10,3,medium,"Дом Души, оздоровительный центр | Markin Fine jewellery, художественная мастерская | Народный архитектор, архитектурная компания","Красота / Здоровье, Спортивные клубы / школы -> Студии медитации, Центры йоги | Спецмагазины -> Ювелирные изделия | Архитектура / Проектирование / Дизайн -> Архитектурно-строительное проектирование","Дом Души, оздоровительный центр | Markin Fine jewellery, художественная мастерская | Народный архитектор, архитектурная компания","Красота / Здоровье, Спортивные клубы / школы -> Студии медитации, Центры йоги | Спецмагазины -> Ювелирные изделия | Архитектура / Проектирование / Дизайн -> Архитектурно-строительное проектирование"
19278407,https://investmoscow.ru/tenders/tender/19278407,2023-10-17,2023-12,2024-05,2024-05-31,227,"Восточный административный округ, Восточное Измайлово, Нижняя Первомайская улица, дом 47, этаж № 4, пом. 3/1",нижняя первомайская улица 47,9,low,"Отофон, центр реабилитации неслышащих | Проектно-инжиниринговое бюро | Гелиосервис, компания","Медицинские товары -> Медицинские приборы | Архитектура / Проектирование / Дизайн, Строительные / монтажные работы, Строительство зданий / сооружений -> Инжиниринговые услуги, Обслуживание внутренних систем отопления / водоснабжения / канализации, Проектирование инженерных систем, Строительство / обслуживание наружных систем газоснабжения | Промышленное оборудование, Сантехническое оборудование -> Альтернативные источники энергии, Системы отопления / водоснабжения / канализации","Отофон, центр реабилитации неслышащих | Проектно-инжиниринговое бюро | Гелиосервис, компания | Priceloff, интернет-магазин | ПК СтройПрокат, завод по покраске рулонной стали","Медицинские товары -> Медицинские приборы | Архитектура / Проектирование / Дизайн, Строительные / монтажные работы, Строительство зданий / сооружений -> Инжиниринговые услуги, Обслуживание внутренних систем отопления / водоснабжения / канализации, Проектирование инженерных систем, Строительство / обслуживание наружных систем газоснабжения | Промышленное оборудование, Сантехническое оборудование -> Альтернативные источники энергии, Системы отопления / водоснабжения / канализации | Спортивные товары, Электроника -> Оптические приборы, Товары для охоты | Металлы -> Металлообработка"
19281282,https://investmoscow.ru/tenders/tender/19281282,2023-10-18,2022-12,2023-12,2023-12-31,74,"Северный административный округ, Дмитровский, улица Софьи Ковалевской, дом 8, Этаж № 1",улица софьи ковалевской 8,3,medium,"Магазин овощей и фруктов | Ригла, аптека | Магазин табачной продукции","Продукты питания -> Молочные продукты, Овощи / Фрукты | Красота / Здоровье, Медицинские товары -> Аптеки, Биологически активные добавки (БАД), Косметика / Парфюмерия, Медицинские приборы | Продукты питания -> Табачные изделия / Товары для курения, Электронные сигареты","Магазин овощей и фруктов | Ригла, аптека | Магазин табачной продукции","Продукты питания -> Молочные продукты, Овощи / Фрукты | Красота / Здоровье, Медицинские товары -> Аптеки, Биологически активные добавки (БАД), Косметика / Парфюмерия, Медицинские приборы | Продукты питания -> Табачные изделия / Товары для курения, Электронные сигареты"
19282014,https://investmoscow.ru/tenders/tender/19282014,2023-10-16,2022-12,2023-12,2023-12-31,76,"Северный административный округ, Хорошевский, Ходынский бульвар, дом 13, Этаж № 1",ходынский бульвар 13,1,low,Beauty lashes,"Красота / Здоровье -> Услуги косметолога, Услуги по оформлению ресниц / бровей",Beauty lashes,"Красота / Здоровье -> Услуги косметолога, Услуги по оформлению ресниц / бровей"
19282511,https://investmoscow.ru/tenders/tender/19282511,2023-10-16,2022-12,2023-12,2023-12-31,76,"Северный административный округ, Хорошевский, Ходынский бульвар, дом 13, Этаж № 1",ходынский бульвар 13,1,low,Beauty lashes,"Красота / Здоровье -> Услуги косметолога, Услуги по оформлению ресниц / бровей",Beauty lashes,"Красота / Здоровье -> Услуги косметолога, Услуги по оформлению ресниц / бровей"
19282639,https://investmoscow.ru/tenders/tender/19282639,2023-10-16,2022-12,2023-12,2023-12-31,76,"Западный административный округ, Очаково-Матвеевское, 1-й Очаковский переулок, дом 10, Подвал № 0",1 й очаковский переулок 10,1,low,Магазин орехов,"Продукты питания -> Орехи / Семечки / Сухофрукты, Специи / Пряности",Магазин орехов,"Продукты питания -> Орехи / Семечки / Сухофрукты, Специи / Пряности"
19283004,https://investmoscow.ru/tenders/tender/19283004,2023-10-16,2022-12,2023-12,2023-12-31,76,"Центральный административный округ, Мещанский, Олимпийский проспект, дом 22, Этаж № 1",олимпийский проспект 22,5,low,"Bisou, цветочная лавка | Asflor, цветочный магазин | Styles Flowers, цветочный магазин","Спецмагазины -> Доставка цветов, Цветы | Спецмагазины, Тара / Упаковка -> Товары для праздничного оформления / организации праздников, Услуги по упаковке подарков, Цветы | Одежда / Аксессуары -> Женская одежда","Bisou, цветочная лавка | Asflor, цветочный магазин | Styles Flowers, цветочный магазин | Zarina Azul, бутик | Зоомагия, магазин зоотоваров","Спецмагазины -> Доставка цветов, Цветы | Спецмагазины, Тара / Упаковка -> Товары для праздничного оформления / организации праздников, Услуги по упаковке подарков, Цветы | Одежда / Аксессуары -> Женская одежда | Грузоперевозки / Транспортные услуги, Товары / услуги для животных -> Зоотовары, Пункты выдачи интернет-заказов"
19283159,https://investmoscow.ru/tenders/tender/19283159,2023-10-16,2022-12,2023-12,2023-12-31,76,"Северный административный округ, Хорошевский, Ходынский бульвар, дом 13, этаж № 1",ходынский бульвар 13,1,low,Beauty lashes,"Красота / Здоровье -> Услуги косметолога, Услуги по оформлению ресниц / бровей",Beauty lashes,"Красота / Здоровье -> Услуги косметолога, Услуги по оформлению ресниц / бровей"
19283408,https://investmoscow.ru/tenders/tender/19283408,2023-10-16,2022-12,2023-12,2023-12-31,76,"Северный административный округ, Хорошевский, Ходынский бульвар, дом 13, этаж № 1",ходынский бульвар 13,1,low,Beauty lashes,"Красота / Здоровье -> Услуги косметолога, Услуги по оформлению ресниц / бровей",Beauty lashes,"Красота / Здоровье -> Услуги косметолога, Услуги по оформлению ресниц / бровей"
19286201,https://investmoscow.ru/tenders/tender/19286201,2023-10-18,2022-12,2023-12,2023-12-31,74,"Новомосковский административный округ, Десеновское, поселение Десеновское, 3-я Нововатутинская улица, дом 2, Этаж № 1",3 я нововатутинская улица 2,4,low,"1000 мелочей, хозяйственный магазин | Пиво у дома, магазин разливных напитков | CatCoffee, кофейня","Отделочные материалы, Садово-хозяйственные товары, Сантехническое оборудование, Строительные материалы / конструкции -> Крепёжные изделия, Посуда, Сантехника / Санфаянс, Строительные материалы, Хозяйственные товары | Напитки, Продукты питания -> Магазины разливного пива, Снековая продукция | Общественное питание -> Кофейни","1000 мелочей, хозяйственный магазин | Пиво у дома, магазин разливных напитков | CatCoffee, кофейня | Новые люди, студия красоты","Отделочные материалы, Садово-хозяйственные товары, Сантехническое оборудование, Строительные материалы / конструкции -> Крепёжные изделия, Посуда, Сантехника / Санфаянс, Строительные материалы, Хозяйственные товары | Напитки, Продукты питания -> Магазины разливного пива, Снековая продукция | Общественное питание -> Кофейни | Красота / Здоровье -> Ногтевые студии, Парикмахерские, Студии загара, Услуги косметолога, Услуги массажиста, Услуги по оформлению ресниц / бровей, Эпиляция"
19287221,https://investmoscow.ru/tenders/tender/19287221,2023-10-23,2023-12,2024-05,2024-05-31,221,"Центральный административный округ, Пресненский, Звенигородское шоссе, дом 7, Подвал № 0",звенигородское шоссе 7,3,medium,"Флорист-мед, медицинский центр | Вино&vino, магазин алкогольной продукции | Мини-маркет","Медицинские услуги -> Услуги ангиохирурга, Услуги гинеколога, Услуги медицинской диагностики, Услуги терапевта | Напитки -> Алкогольные напитки | Торговые комплексы -> Супермаркеты","Флорист-мед, медицинский центр | Вино&vino, магазин алкогольной продукции | Мини-маркет","Медицинские услуги -> Услуги ангиохирурга, Услуги гинеколога, Услуги медицинской диагностики, Услуги терапевта | Напитки -> Алкогольные напитки | Торговые комплексы -> Супермаркеты"
19287789,https://investmoscow.ru/tenders/tender/19287789,2023-10-18,2023-12,2024-05,2024-05-31,226,"Западный административный округ, Фили-Давыдково, Малая Филёвская улица, дом 50, Этаж № 1",малая филевская улица 50,1,high,"Огонек, центр досуга и творчества","Дополнительное образование / Развивающие курсы, Медицинские услуги, Общее образование / Центры раннего развития детей, Центры творчества и досуга -> Детские / подростковые клубы, Культурно-досуговые центры для взрослых, Услуги логопеда, Центры раннего развития детей, Языковые школы","Огонек, центр досуга и творчества","Дополнительное образование / Развивающие курсы, Медицинские услуги, Общее образование / Центры раннего развития детей, Центры творчества и досуга -> Детские / подростковые клубы, Культурно-досуговые центры для взрослых, Услуги логопеда, Центры раннего развития детей, Языковые школы"
19288992,https://investmoscow.ru/tenders/tender/19288992,2023-10-23,2023-12,2024-05,2024-05-31,221,"Центральный административный округ, Хамовники, Гоголевский бульвар, дом 8, подвал № 0",гоголевский бульвар 8,1,high,"Музосфера, арт-холл","Рекламные услуги, Центры творчества и досуга -> Культурно-досуговые центры для взрослых, Студии звукозаписи, Услуги видеосъёмки, Услуги продюсирования","Музосфера, арт-холл","Рекламные услуги, Центры творчества и досуга -> Культурно-досуговые центры для взрослых, Студии звукозаписи, Услуги видеосъёмки, Услуги продюсирования"
19289116,https://investmoscow.ru/tenders/tender/19289116,2023-10-16,2022-12,2023-12,2023-12-31,76,"Западный административный округ, Дорогомилово, площадь Победы, дом 1, корпус Д, Подвал № 0",площадь победы 1 корп дом,1,high,Служба аварийного вскрытия замков,"Бытовые услуги -> Вскрытие / обслуживание замков, дверей",Служба аварийного вскрытия замков,"Бытовые услуги -> Вскрытие / обслуживание замков, дверей"
19292894,https://investmoscow.ru/tenders/tender/19292894,2023-10-25,2022-12,2023-12,2023-12-31,67,"Западный административный округ, Солнцево, улица 50 лет Октября, дом 6, Этаж № 1",улица 50 лет октября 6,7,low,"ПрофГрупп, юридическая компания | Фотоцентр, Фотоцентр | Happy Manicure, ногтевая студия","Юридические услуги -> Ведение дел в судах, Помощь в банкротстве физических лиц, Услуги адвоката, Услуги медиаторов, Юридические услуги | Бытовые услуги, Места отдыха / Развлекательные заведения -> Фото на документы, Фотокабины / Автоматы фотопечати | Красота / Здоровье -> Ногтевые студии","ПрофГрупп, юридическая компания | Фотоцентр, Фотоцентр | Happy Manicure, ногтевая студия | Вендинговый автомат | Мастерская по изготовлению памятников","Юридические услуги -> Ведение дел в судах, Помощь в банкротстве физических лиц, Услуги адвоката, Услуги медиаторов, Юридические услуги | Бытовые услуги, Места отдыха / Развлекательные заведения -> Фото на документы, Фотокабины / Автоматы фотопечати | Красота / Здоровье -> Ногтевые студии | Напитки, Продукты питания -> Безалкогольные напитки, Снековая продукция | Рекламные услуги, Ритуальные услуги -> Памятники / Надгробия, Помощь в организации похорон, Услуги гравировки"
19293154,https://investmoscow.ru/tenders/tender/19293154,2023-10-23,2023-12,2024-05,2024-05-31,221,"Центральный административный округ, Таганский, Большой Дровяной переулок, дом 9, Этаж № 1",большой дровяной переулок 9,1,high,"Хорошие девчата, тату-студия",Красота / Здоровье -> Тату-салоны,"Хорошие девчата, тату-студия",Красота / Здоровье -> Тату-салоны
19293461,https://investmoscow.ru/tenders/tender/19293461,2023-10-25,2022-12,2023-12,2023-12-31,67,"Северный административный округ, Хорошевский, Хорошёвское шоссе, дом 66, Этаж № 1",хорошевское шоссе 66,2,medium,"Другая клиника | Хеликс, лабораторная служба","Медицинские услуги -> Медицинские анализы, Услуги гинеколога, Услуги медицинской диагностики | Медицинские услуги -> Услуги медицинской диагностики","Другая клиника | Хеликс, лабораторная служба","Медицинские услуги -> Медицинские анализы, Услуги гинеколога, Услуги медицинской диагностики | Медицинские услуги -> Услуги медицинской диагностики"
19295830,https://investmoscow.ru/tenders/tender/19295830,2023-10-25,2023-12,2024-05,2024-05-31,219,"Юго-Западный административный округ, Ломоносовский, улица Кравченко, дом 12, Подвал № 0",улица кравченко 12,14,low,"Арвен | Вечная живопись. Ван Эйк | Пункт выдачи товара, Интернет-магазин искусственных цветов","Красота / Здоровье -> Ногтевые студии | Дополнительное образование / Развивающие курсы, Художественные изделия / материалы -> Курсы творчества и рукоделия для взрослых, Художественные мастерские, Художественные товары | Грузоперевозки / Транспортные услуги -> Пункты выдачи интернет-заказов","Арвен | Вечная живопись. Ван Эйк | Пункт выдачи товара, Интернет-магазин искусственных цветов | Школа №7 | Эко-дезинфектор","Красота / Здоровье -> Ногтевые студии | Дополнительное образование / Развивающие курсы, Художественные изделия / материалы -> Курсы творчества и рукоделия для взрослых, Художественные мастерские, Художественные товары | Грузоперевозки / Транспортные услуги -> Пункты выдачи интернет-заказов | Общее образование / Центры раннего развития детей -> Детские сады | Бытовые услуги, Уборка / Обработка помещений -> Дезинфекция / Дератизация / Дезинсекция, Профессиональная уборка, Устранение запахов сухим туманом / озонированием, Химчистки одежды / текстиля"
19300436,https://investmoscow.ru/tenders/tender/19300436,2023-10-30,2023-12,2024-05,2024-05-31,214,"Западный административный округ, Кунцево, Новорублёвская улица, дом 3, Подвал № 0",новорублевская улица 3,3,medium,"Магнит, супермаркет | Красный, продовольственный магазин | Снежана, продуктовый магазин","Торговые комплексы -> Супермаркеты | Продукты питания, Спецмагазины -> Доставка продуктов / хозтоваров, Продуктовые магазины | Продукты питания -> Колбасные изделия","Магнит, супермаркет | Красный, продовольственный магазин | Снежана, продуктовый магазин","Торговые комплексы -> Супермаркеты | Продукты питания, Спецмагазины -> Доставка продуктов / хозтоваров, Продуктовые магазины | Продукты питания -> Колбасные изделия"
19300513,https://investmoscow.ru/tenders/tender/19300513,2023-10-30,2023-12,2024-05,2024-05-31,214,"Южный административный округ, Чертаново Северное, Кировоградская улица, дом 7, Этаж № 1",кировоградская улица 7,7,low,"4b.ru, экспресс-химчистка | Кабинет логопеда | Агентство инвестиционного планирования и маркетинга","Бытовые услуги -> Химчистки одежды / текстиля | Медицинские услуги -> Услуги логопеда | Бизнес-услуги, Рекламные услуги -> Маркетинговые / социологические исследования, Управленческий консалтинг, Финансовый консалтинг","4b.ru, экспресс-химчистка | Кабинет логопеда | Агентство инвестиционного планирования и маркетинга | Адвокатская контора №15, Московская городская коллегия адвокатов | Ипотека от А до Я, агентство недвижимости","Бытовые услуги -> Химчистки одежды / текстиля | Медицинские услуги -> Услуги логопеда | Бизнес-услуги, Рекламные услуги -> Маркетинговые / социологические исследования, Управленческий консалтинг, Финансовый консалтинг | Юридические услуги -> Ведение дел в судах, Услуги адвоката, Юридические услуги | Недвижимость, Юридические услуги -> Агентства недвижимости, Оформление недвижимости / земли, Помощь в оформлении ипотеки"
19300903,https://investmoscow.ru/tenders/tender/19300903,2023-10-30,2023-12,2024-05,2024-05-31,214,"Юго-Западный административный округ, Обручевский, улица Академика Волгина, дом 8А, Этаж № 1",улица академика волгина 8а,21,low,"Wildberries, Пункт выдачи товара | Не просто вещь, пункт приема одежды | Самарканд, чайхана","Грузоперевозки / Транспортные услуги -> Пункты выдачи интернет-заказов | Бытовые услуги -> Пункты приёма | Общественное питание -> Доставка готовых блюд, Кафе","Wildberries, Пункт выдачи товара | Не просто вещь, пункт приема одежды | Самарканд, чайхана | Точка быстрого питания | Мо няньцзы, компания","Грузоперевозки / Транспортные услуги -> Пункты выдачи интернет-заказов | Бытовые услуги -> Пункты приёма | Общественное питание -> Доставка готовых блюд, Кафе | Общественное питание -> Быстрое питание | Спецмагазины, Текстиль, Услуги по организации праздников / досуга -> Аренда мебели / посуды для мероприятий, Доставка продуктов / хозтоваров, Текстиль для ресторанов / гостиниц / санаториев"
19301026,https://investmoscow.ru/tenders/tender/19301026,2023-10-30,2023-12,2024-05,2024-05-31,214,"Северо-Восточный административный округ, Свиблово, Лазоревый проезд, дом 22, Подвал № 0",лазоревый проезд 22,1,high,"Дикси, супермаркет","Спецмагазины, Торговые комплексы -> Доставка продуктов / хозтоваров, Супермаркеты","Дикси, супермаркет","Спецмагазины, Торговые комплексы -> Доставка продуктов / хозтоваров, Супермаркеты"
19301461,https://investmoscow.ru/tenders/tender/19301461,2023-10-30,2023-12,2024-05,2024-05-31,214,"Северный административный округ, Аэропорт, 4-я улица 8 Марта, дом 5, Подвал № 0",4 я улица 8 марта 5,1,low,"Инженерно-техническая школа им. дважды Героя Советского Союза П.Р. Поповича, дошкольное отделение",Общее образование / Центры раннего развития детей -> Детские сады,"Инженерно-техническая школа им. дважды Героя Советского Союза П.Р. Поповича, дошкольное отделение",Общее образование / Центры раннего развития детей -> Детские сады
19301564,https://investmoscow.ru/tenders/tender/19301564,2023-10-30,2023-12,2024-05,2024-05-31,214,"Северо-Западный административный округ, Южное Тушино, улица Василия Петушкова, дом 19, Этаж № 1",улица василия петушкова 19,1,high,Продуктовый магазин,Продукты питания -> Продуктовые магазины,Продуктовый магазин,Продукты питания -> Продуктовые магазины
19303058,https://investmoscow.ru/tenders/tender/19303058,2023-10-30,2022-12,2023-12,2023-12-31,62,"Западный административный округ, Очаково-Матвеевское, Большая Очаковская улица, дом 23/8, этаж № 1, подвал № 0",большая очаковская улица 23/8,1,high,"Бери заряд!, станция зарядки телефонов",Средства связи -> Станции зарядки мобильных телефонов,"Бери заряд!, станция зарядки телефонов",Средства связи -> Станции зарядки мобильных телефонов
19304192,https://investmoscow.ru/tenders/tender/19304192,2023-10-30,2023-12,2024-05,2024-05-31,214,"Западный административный округ, Кунцево, улица Екатерины Будановой, дом 5, Этаж № 1",улица екатерины будановой 5,3,medium,"Пятёрочка, супермаркет | ВкусВилл, магазин с доставкой полезных продуктов | Добрые крышечки, пункт приема мелких партий крышек","Спецмагазины, Торговые комплексы -> Доставка продуктов / хозтоваров, Супермаркеты | Общественное питание, Спецмагазины, Торговые комплексы -> Доставка готовых блюд, Доставка продуктов / хозтоваров, Кулинарии, Супермаркеты | Бытовые услуги -> Пункты приёма","Пятёрочка, супермаркет | ВкусВилл, магазин с доставкой полезных продуктов | Добрые крышечки, пункт приема мелких партий крышек","Спецмагазины, Торговые комплексы -> Доставка продуктов / хозтоваров, Супермаркеты | Общественное питание, Спецмагазины, Торговые комплексы -> Доставка готовых блюд, Доставка продуктов / хозтоваров, Кулинарии, Супермаркеты | Бытовые услуги -> Пункты приёма"
19307000,https://investmoscow.ru/tenders/tender/19307000,2023-11-01,2023-12,2024-05,2024-05-31,212,"Юго-Западный административный округ, Ломоносовский, улица Кравченко, дом 12, Подвал № 0",улица кравченко 12,14,low,"Арвен | Вечная живопись. Ван Эйк | Пункт выдачи товара, Интернет-магазин искусственных цветов","Красота / Здоровье -> Ногтевые студии | Дополнительное образование / Развивающие курсы, Художественные изделия / материалы -> Курсы творчества и рукоделия для взрослых, Художественные мастерские, Художественные товары | Грузоперевозки / Транспортные услуги -> Пункты выдачи интернет-заказов","Арвен | Вечная живопись. Ван Эйк | Пункт выдачи товара, Интернет-магазин искусственных цветов | Школа №7 | Эко-дезинфектор","Красота / Здоровье -> Ногтевые студии | Дополнительное образование / Развивающие курсы, Художественные изделия / материалы -> Курсы творчества и рукоделия для взрослых, Художественные мастерские, Художественные товары | Грузоперевозки / Транспортные услуги -> Пункты выдачи интернет-заказов | Общее образование / Центры раннего развития детей -> Детские сады | Бытовые услуги, Уборка / Обработка помещений -> Дезинфекция / Дератизация / Дезинсекция, Профессиональная уборка, Устранение запахов сухим туманом / озонированием, Химчистки одежды / текстиля"
19330450,https://investmoscow.ru/tenders/tender/19330450,2023-11-20,2023-12,2024-05,2024-05-31,193,"Юго-Западный административный округ, Южное Бутово, Скобелевская улица, дом 20, Подвал № 0",скобелевская улица 20,49,low,"Ремонтная мастерская | Fnd master, сервисный центр | Lamoda, пункт выдачи товара","Бытовые услуги, Инструмент, Обувь -> Заточка / шлифовка режущих инструментов, Изготовление ключей, Ремонт обуви / кожгалантереи, Ремонт часов | Бытовые услуги, Издательское дело / Полиграфия, Книги / Канцелярия, Художественные изделия / материалы -> Багетные мастерские, Канцелярские товары / Учебные принадлежности, Копировальные услуги, Фото на документы | Грузоперевозки / Транспортные услуги -> Пункты выдачи интернет-заказов","Ремонтная мастерская | Fnd master, сервисный центр | Lamoda, пункт выдачи товара | Лабиринт, интернет-магазин | Магазин инструментов","Бытовые услуги, Инструмент, Обувь -> Заточка / шлифовка режущих инструментов, Изготовление ключей, Ремонт обуви / кожгалантереи, Ремонт часов | Бытовые услуги, Издательское дело / Полиграфия, Книги / Канцелярия, Художественные изделия / материалы -> Багетные мастерские, Канцелярские товары / Учебные принадлежности, Копировальные услуги, Фото на документы | Грузоперевозки / Транспортные услуги -> Пункты выдачи интернет-заказов | Инструмент, Садово-хозяйственные товары, Сантехническое оборудование, Электротехника -> Измерительный инструмент, Сантехника / Санфаянс, Хозяйственные товары, Электроинструмент, Электротехническая продукция | Красота / Здоровье -> Барбершопы"
19332408,https://investmoscow.ru/tenders/tender/19332408,2023-11-16,2023-12,2024-05,2024-05-31,197,"Западный административный округ, Ново-Переделкино, улица Скульптора Мухиной, дом 12, Этаж № 1",улица скульптора мухиной 12,11,low,"Перекрёсток, супермаркет | Альфа-Банк, банкомат | Линзы-тут, линзомат","Спецмагазины, Торговые комплексы -> Доставка продуктов / хозтоваров, Супермаркеты | Банковские / финансовые услуги -> Банкоматы | Медицинские товары -> Контактные линзы","Перекрёсток, супермаркет | Альфа-Банк, банкомат | Линзы-тут, линзомат | 5post, пункт выдачи заказов | Добрые крышечки, пункт приема","Спецмагазины, Торговые комплексы -> Доставка продуктов / хозтоваров, Супермаркеты | Банковские / финансовые услуги -> Банкоматы | Медицинские товары -> Контактные линзы | Грузоперевозки / Транспортные услуги -> Пункты выдачи интернет-заказов | Бытовые услуги -> Пункты приёма"
19332942,https://investmoscow.ru/tenders/tender/19332942,2023-11-17,2023-12,2024-05,2024-05-31,196,"Центральный административный округ, Арбат, Карманицкий переулок, дом 2/5, Этаж № 1",карманицкий переулок 2/5,2,low,"Bronzeglow, салон красоты | Нотариусы Потемкина В.Д. и Потемкина Ю.А.",Красота / Здоровье -> Студии загара | Юридические услуги -> Нотариальные услуги,"Bronzeglow, салон красоты | Нотариусы Потемкина В.Д. и Потемкина Ю.А.",Красота / Здоровье -> Студии загара | Юридические услуги -> Нотариальные услуги
19352510,https://investmoscow.ru/tenders/tender/19352510,2023-11-22,2023-12,2024-05,2024-05-31,191,"Северо-Восточный административный округ, Алексеевский, улица Павла Корчагина, дом 8, Этаж № 1",улица павла корчагина 8,3,medium,"Хмель&Солод, магазин разливных напитков | Везендорф, отель | Развитие, реабилитационный центр","Напитки, Продукты питания -> Магазины разливного пива, Снековая продукция | Туризм / Отдых -> Гостиницы | Медицинские учреждения -> Реабилитационные центры","Хмель&Солод, магазин разливных напитков | Везендорф, отель | Развитие, реабилитационный центр","Напитки, Продукты питания -> Магазины разливного пива, Снековая продукция | Туризм / Отдых -> Гостиницы | Медицинские учреждения -> Реабилитационные центры"
19359234,https://investmoscow.ru/tenders/tender/19359234,2023-12-05,2023-12,2024-05,2024-05-31,178,"Центральный административный округ, Басманный, Рубцов переулок, дом 4, Подвал № 0",рубцов переулок 4,1,high,"Кладовкин, центр хранения вещей","Автосервис, Грузоперевозки / Транспортные услуги -> Склады индивидуального хранения, Услуги складского хранения, Хранение шин","Кладовкин, центр хранения вещей","Автосервис, Грузоперевозки / Транспортные услуги -> Склады индивидуального хранения, Услуги складского хранения, Хранение шин"
19363937,https://investmoscow.ru/tenders/tender/19363937,2023-11-24,2023-12,2024-05,2024-05-31,189,"Западный административный округ, Кунцево, улица Академика Павлова, дом 24, Этаж № 1",улица академика павлова 24,1,low,Русская ювелирная мастерская,"Дополнительное образование / Развивающие курсы, Спецмагазины -> Обучение рабочим профессиям, Ремонт / изготовление ювелирных изделий",Русская ювелирная мастерская,"Дополнительное образование / Развивающие курсы, Спецмагазины -> Обучение рабочим профессиям, Ремонт / изготовление ювелирных изделий"
19364246,https://investmoscow.ru/tenders/tender/19364246,2023-11-27,2023-12,2024-05,2024-05-31,186,"Центральный административный округ, Мещанский, улица Гиляровского, дом 48, Этаж № 1",улица гиляровского 48,1,high,"Borodach, барбершоп",Красота / Здоровье -> Барбершопы,"Borodach, барбершоп",Красота / Здоровье -> Барбершопы
19379328,https://investmoscow.ru/tenders/tender/19379328,2023-12-06,2024-05,2024-09,2024-09-30,299,"Восточный административный округ, Соколиная гора, Борисовская улица, дом 7, Подвал № 0",борисовская улица 7,3,medium,"Youth shop, магазин одежды | Nail Land, студия маникюра | Nërd, мастерская крафтовой парфюмерии","Обувь, Одежда / Аксессуары -> Женская одежда, Мужская одежда, Обувные магазины | Красота / Здоровье -> Ногтевые студии | Красота / Здоровье -> Косметика / Парфюмерия","Youth shop, магазин одежды | Nail Land, студия маникюра | Nërd, мастерская крафтовой парфюмерии","Обувь, Одежда / Аксессуары -> Женская одежда, Мужская одежда, Обувные магазины | Красота / Здоровье -> Ногтевые студии | Красота / Здоровье -> Косметика / Парфюмерия"
19379353,https://investmoscow.ru/tenders/tender/19379353,2023-12-06,2023-12,2024-05,2024-05-31,177,"Северо-Западный административный округ, Хорошево-Мневники, Новохорошёвский проезд, дом 20, Этаж № 1",новохорошевский проезд 20,6,low,"Красное&Белое, магазин алкогольных напитков | Мэджик ринг excellent | Box69.ru, склад","Напитки -> Алкогольные напитки | Автосервис -> Автосигнализации | Аудио / Видео / Бытовая техника, Компьютеры, Мультимедийное / презентационное оборудование, Электротехника -> Аудиотехника / Видеотехника, Компьютеры / Комплектующие, Проекционное оборудование, Сетевое оборудование, Электротехническая продукция","Красное&Белое, магазин алкогольных напитков | Мэджик ринг excellent | Box69.ru, склад | Яндекс Лавка, служба доставки продуктов | Wildberries, пункт выдачи товара","Напитки -> Алкогольные напитки | Автосервис -> Автосигнализации | Аудио / Видео / Бытовая техника, Компьютеры, Мультимедийное / презентационное оборудование, Электротехника -> Аудиотехника / Видеотехника, Компьютеры / Комплектующие, Проекционное оборудование, Сетевое оборудование, Электротехническая продукция | Спецмагазины -> Дарксторы, Доставка продуктов / хозтоваров | Грузоперевозки / Транспортные услуги -> Пункты выдачи интернет-заказов"
19379811,https://investmoscow.ru/tenders/tender/19379811,2023-12-06,2023-12,2024-05,2024-05-31,177,"Юго-Западный административный округ, Коньково, улица Бутлерова, дом 24, Подвал № 0",улица бутлерова 24,27,low,"Самокат, служба доставки | Фармленд, аптека | Пивкарь, магазин разливного пива","Общественное питание, Спецмагазины -> Дарксторы, Доставка готовых блюд, Доставка продуктов / хозтоваров | Медицинские товары -> Аптеки | Напитки, Продукты питания -> Магазины разливного пива, Снековая продукция, Электронные сигареты","Самокат, служба доставки | Фармленд, аптека | Пивкарь, магазин разливного пива | Зоозавр, зоомагазин | Я-Актер!, театральная студия","Общественное питание, Спецмагазины -> Дарксторы, Доставка готовых блюд, Доставка продуктов / хозтоваров | Медицинские товары -> Аптеки | Напитки, Продукты питания -> Магазины разливного пива, Снековая продукция, Электронные сигареты | Ветеринария, Товары / услуги для животных -> Ветеринарные аптеки, Зоотовары | Дополнительное образование / Развивающие курсы -> Театральные курсы"
19380046,https://investmoscow.ru/tenders/tender/19380046,2023-12-06,2023-12,2024-05,2024-05-31,177,"Восточный административный округ, Богородское, 3-я Богатырская улица, дом 3, Этаж № 1",3 я богатырская улица 3,3,medium,"Учебно-консультационный пункт по ГО и ЧС района Богородского | Петнишко, зоосалон | Профи-маркет групп, торговая компания","Аварийные / справочные / экстренные службы -> Управление ГО и ЧС | Товары / услуги для животных -> Услуги по уходу за животными | Красота / Здоровье, Медицинские товары, Оборудование для сферы услуг, Химия / Вторсырьё -> Дезинфицирующие средства, Косметика / расходные материалы для салонов красоты, Медицинские расходные материалы, Оборудование для салонов красоты","Учебно-консультационный пункт по ГО и ЧС района Богородского | Петнишко, зоосалон | Профи-маркет групп, торговая компания","Аварийные / справочные / экстренные службы -> Управление ГО и ЧС | Товары / услуги для животных -> Услуги по уходу за животными | Красота / Здоровье, Медицинские товары, Оборудование для сферы услуг, Химия / Вторсырьё -> Дезинфицирующие средства, Косметика / расходные материалы для салонов красоты, Медицинские расходные материалы, Оборудование для салонов красоты"
19380736,https://investmoscow.ru/tenders/tender/19380736,2023-12-06,2023-12,2024-05,2024-05-31,177,"Северный административный округ, Хорошевский, Ходынский бульвар, дом 15, Этаж № 1",ходынский бульвар 15,5,low,"Уют, салон карнизов и штор | Svetilo, компания по изготовлению свеч и эфирных масел на заказ | Администрация муниципального округа Хорошёвский","Предметы интерьера / экстерьера, Текстиль -> Жалюзи, Карнизы, Портьерные ткани / Шторы | Спецмагазины -> Ароматовары, Товары для праздничного оформления / организации праздников | Администрации / Правительства -> Администрации районов / округов городской власти","Уют, салон карнизов и штор | Svetilo, компания по изготовлению свеч и эфирных масел на заказ | Администрация муниципального округа Хорошёвский | Совет депутатов муниципального округа Хорошевский | Aquarium, автомойка","Предметы интерьера / экстерьера, Текстиль -> Жалюзи, Карнизы, Портьерные ткани / Шторы | Спецмагазины -> Ароматовары, Товары для праздничного оформления / организации праздников | Администрации / Правительства -> Администрации районов / округов городской власти | Законодательная власть -> Представительная власть | Автосервис -> Автомойки, Детейлинг, Хранение шин, Шиномонтаж"
19381559,https://investmoscow.ru/tenders/tender/19381559,2023-12-06,2023-12,2024-05,2024-05-31,177,"Северо-Западный административный округ, Щукино, Новощукинская улица, дом 1, Подвал № 0",новощукинская улица 1,2,medium,"Мастер колясок, сервисный центр | Брикс, ремонтная мастерская","Детские товары -> Ремонт детских товаров | Бытовые услуги, Детские товары, Обувь -> Изготовление ключей, Ремонт детских товаров, Ремонт зонтов, Ремонт обуви / кожгалантереи","Мастер колясок, сервисный центр | Брикс, ремонтная мастерская","Детские товары -> Ремонт детских товаров | Бытовые услуги, Детские товары, Обувь -> Изготовление ключей, Ремонт детских товаров, Ремонт зонтов, Ремонт обуви / кожгалантереи"
19385303,https://investmoscow.ru/tenders/tender/19385303,2023-12-11,2023-12,2024-05,2024-05-31,172,"Юго-Восточный административный округ, Нижегородский, Подъёмная улица, дом 1, Этаж № 8",подъемная улица 1,8,low,"Авокадо, продуктовый магазин | Самарканд, чайхана | Zaryadka77, магазин мобильных аксессуаров","Продукты питания -> Продуктовые магазины | Общественное питание -> Доставка готовых блюд, Кафе | Средства связи -> Аксессуары к мобильным телефонам","Авокадо, продуктовый магазин | Самарканд, чайхана | Zaryadka77, магазин мобильных аксессуаров | Магазин цветов | Аптека","Продукты питания -> Продуктовые магазины | Общественное питание -> Доставка готовых блюд, Кафе | Средства связи -> Аксессуары к мобильным телефонам | Спецмагазины -> Доставка цветов, Цветы | Медицинские товары -> Аптеки, Биологически активные добавки (БАД), Средства гигиены"
19385954,https://investmoscow.ru/tenders/tender/19385954,2023-12-11,2023-12,2024-05,2024-05-31,172,"Юго-Восточный административный округ, Нижегородский, Подъёмная улица, дом 1, Этаж № 3",подъемная улица 1,8,low,"Авокадо, продуктовый магазин | Самарканд, чайхана | Zaryadka77, магазин мобильных аксессуаров","Продукты питания -> Продуктовые магазины | Общественное питание -> Доставка готовых блюд, Кафе | Средства связи -> Аксессуары к мобильным телефонам","Авокадо, продуктовый магазин | Самарканд, чайхана | Zaryadka77, магазин мобильных аксессуаров | Магазин цветов | Аптека","Продукты питания -> Продуктовые магазины | Общественное питание -> Доставка готовых блюд, Кафе | Средства связи -> Аксессуары к мобильным телефонам | Спецмагазины -> Доставка цветов, Цветы | Медицинские товары -> Аптеки, Биологически активные добавки (БАД), Средства гигиены"
19394503,https://investmoscow.ru/tenders/tender/19394503,2023-12-19,2023-12,2024-05,2024-05-31,164,"Северо-Восточный административный округ, Марьина роща, улица Советской Армии, дом 3, Этаж № 1",улица советской армии 3,2,medium,"Iti, исследовательский центр международной торговли и интеграции | Chillout tattoo workshop, тату-салон","Бизнес-услуги, Рекламные услуги, Юридические услуги -> Маркетинговые / социологические исследования, Сертификация, Управленческий консалтинг | Красота / Здоровье -> Тату-салоны","Iti, исследовательский центр международной торговли и интеграции | Chillout tattoo workshop, тату-салон","Бизнес-услуги, Рекламные услуги, Юридические услуги -> Маркетинговые / социологические исследования, Сертификация, Управленческий консалтинг | Красота / Здоровье -> Тату-салоны"
19394527,https://investmoscow.ru/tenders/tender/19394527,2023-12-14,2023-12,2024-05,2024-05-31,169,"Северо-Восточный административный округ, Алексеевский, 3-я Мытищинская улица, дом 14А, Подвал № 0",3 я мытищинская улица 14а,2,medium,"Imma, медицинская клиника | Мини-маркет","Красота / Здоровье, Медицинские услуги, Страхование -> Медицинские анализы, Многопрофильные медицинские центры, Страхование, Услуги аллерголога / иммунолога, Услуги гастроэнтеролога, Услуги гинеколога, Услуги дерматолога, Услуги кардиолога, Услуги косметолога, Услуги ЛОРа (отоларинголога), Услуги мануального терапевта, Услуги массажиста, Услуги медицинской диагностики, Услуги невролога, Услуги онколога, Услуги офтальмолога, Услуги проктолога, Услуги процедурного кабинета, Услуги рефлексотерапевта, Услуги терапевта, Услуги травматолога-ортопеда, Услуги уролога, Услуги физиотерапевта, Услуги флеболога, | Напитки, Торговые комплексы -> Магазины разливного пива, Супермаркеты","Imma, медицинская клиника | Мини-маркет","Красота / Здоровье, Медицинские услуги, Страхование -> Медицинские анализы, Многопрофильные медицинские центры, Страхование, Услуги аллерголога / иммунолога, Услуги гастроэнтеролога, Услуги гинеколога, Услуги дерматолога, Услуги кардиолога, Услуги косметолога, Услуги ЛОРа (отоларинголога), Услуги мануального терапевта, Услуги массажиста, Услуги медицинской диагностики, Услуги невролога, Услуги онколога, Услуги офтальмолога, Услуги проктолога, Услуги процедурного кабинета, Услуги рефлексотерапевта, Услуги терапевта, Услуги травматолога-ортопеда, Услуги уролога, Услуги физиотерапевта, Услуги флеболога, | Напитки, Торговые комплексы -> Магазины разливного пива, Супермаркеты"
19404017,https://investmoscow.ru/tenders/tender/19404017,2023-12-20,2023-12,2024-05,2024-05-31,163,"Юго-Западный административный округ, Ломоносовский, улица Гарибальди, дом 11, Этаж № 1",улица гарибальди 11,8,low,"ЛабКвест, лаборатория | Q-Клиника | Бьюти студия, салон красоты","Медицинские услуги -> Медицинские анализы, Услуги медицинской диагностики | Медицинские услуги -> Медицинские анализы, Многопрофильные медицинские центры, Услуги аллерголога / иммунолога, Услуги генетика, Услуги гинеколога, Услуги детских врачей, Услуги кардиолога, Услуги медицинской диагностики, Услуги онколога, Услуги терапевта, Услуги физиотерапевта, Услуги эндокринолога | Красота / Здоровье -> Косметика / расходные материалы для салонов красоты, Ногтевые студии, Парикмахерские, Услуги косметолога, Услуги по оформлению ресниц / бровей","ЛабКвест, лаборатория | Q-Клиника | Бьюти студия, салон красоты | Навигатор-Т, торговая компания | Ингосстрах, страховая компания","Медицинские услуги -> Медицинские анализы, Услуги медицинской диагностики | Медицинские услуги -> Медицинские анализы, Многопрофильные медицинские центры, Услуги аллерголога / иммунолога, Услуги генетика, Услуги гинеколога, Услуги детских врачей, Услуги кардиолога, Услуги медицинской диагностики, Услуги онколога, Услуги терапевта, Услуги физиотерапевта, Услуги эндокринолога | Красота / Здоровье -> Косметика / расходные материалы для салонов красоты, Ногтевые студии, Парикмахерские, Услуги косметолога, Услуги по оформлению ресниц / бровей | Одежда / Аксессуары -> Спецодежда / Средства индивидуальной защиты | Страхование -> Страхование"
19404050,https://investmoscow.ru/tenders/tender/19404050,2023-12-21,2023-12,2024-05,2024-05-31,162,"Центральный административный округ, Арбат, Малый Каковинский переулок, дом 3, этаж 1",малый каковинский переулок 3,1,high,"Арбат, мини-отель",Туризм / Отдых -> Гостиницы,"Арбат, мини-отель",Туризм / Отдых -> Гостиницы
19405827,https://investmoscow.ru/tenders/tender/19405827,2023-12-22,2023-12,2024-05,2024-05-31,161,"Юго-Западный административный округ, Академический, Нахимовский проспект, дом 40, Подвал № 0",нахимовский проспект 40,19,low,"Магазин товаров для курения, ИП Мифтахов Ф.З. | Промсвязьбанк | Промсвязьбанк, банкомат","Продукты питания -> Табачные изделия / Товары для курения, Электронные сигареты | Банковские / финансовые услуги -> Банки, Обмен валюты | Банковские / финансовые услуги -> Банкоматы","Магазин товаров для курения, ИП Мифтахов Ф.З. | Промсвязьбанк | Промсвязьбанк, банкомат | Tele2, салон связи | Stay in touch, служба аренды портативных зарядных устройств","Продукты питания -> Табачные изделия / Товары для курения, Электронные сигареты | Банковские / финансовые услуги -> Банки, Обмен валюты | Банковские / финансовые услуги -> Банкоматы | Интернет, Средства связи, Услуги связи -> Аксессуары к мобильным телефонам, Интернет-провайдеры, Мобильные телефоны, Операторы сотовой связи | Средства связи -> Станции зарядки мобильных телефонов"
19405844,https://investmoscow.ru/tenders/tender/19405844,2023-12-22,2023-12,2024-05,2024-05-31,161,"Центральный административный округ, Замоскворечье, 3-й Монетчиковский переулок, дом 10/1, Этаж № 1",3 й монетчиковский переулок 10/1,3,medium,"Mango лавка, компания | Berry Present, служба доставки | Денто лидер, стоматологический центр","Общественное питание, Продукты питания, Спецмагазины -> Кейтеринг, Овощи / Фрукты, Сувениры | Спецмагазины -> Сувенирные композиции | Медицинские услуги -> Частные стоматологии","Mango лавка, компания | Berry Present, служба доставки | Денто лидер, стоматологический центр","Общественное питание, Продукты питания, Спецмагазины -> Кейтеринг, Овощи / Фрукты, Сувениры | Спецмагазины -> Сувенирные композиции | Медицинские услуги -> Частные стоматологии"
19429720,https://investmoscow.ru/tenders/tender/19429720,2024-01-31,2024-09,2024-10,2024-10-31,274,"Центральный административный округ, Пресненский, Большой Предтеченский переулок, дом 21, этаж 2",большой предтеченский переулок 21,1,low,"Est.Epil White, студия красоты","Красота / Здоровье -> Массажист, Эпиляция","Est.Epil White, студия красоты","Красота / Здоровье -> Массажист, Эпиляция"
19433642,https://investmoscow.ru/tenders/tender/19433642,2024-02-16,2023-12,2024-05,2024-05-31,105,"Южный административный округ, Донской, улица Вавилова, дом 6, Этаж № 1",улица вавилова 6,24,low,"Lasercare, студия эпиляции | Vavilov med, многопрофильная клиника | Epilation Studio","Красота / Здоровье -> Эпиляция | Красота / Здоровье, Медицинские услуги -> Вакцинация от COVID-19, Медицинские анализы, Многопрофильные медицинские центры, Услуги вертебролога, Услуги гастроэнтеролога, Услуги гинеколога, Услуги дерматолога, Услуги ЛОРа (отоларинголога), Услуги мануального терапевта, Услуги массажиста, Услуги невролога, Услуги онколога, Услуги остеопата, Услуги психиатра, Услуги психотерапевта, Услуги терапевта, Услуги уролога, Услуги флеболога, Услуги хирурга | Красота / Здоровье -> Услуги косметолога, Эпиляция","Lasercare, студия эпиляции | Vavilov med, многопрофильная клиника | Epilation Studio | Эспадент, центр хирургической стоматологии | Halil koc, клиника трансплантации волос","Красота / Здоровье -> Эпиляция | Красота / Здоровье, Медицинские услуги -> Вакцинация от COVID-19, Медицинские анализы, Многопрофильные медицинские центры, Услуги вертебролога, Услуги гастроэнтеролога, Услуги гинеколога, Услуги дерматолога, Услуги ЛОРа (отоларинголога), Услуги мануального терапевта, Услуги массажиста, Услуги невролога, Услуги онколога, Услуги остеопата, Услуги психиатра, Услуги психотерапевта, Услуги терапевта, Услуги уролога, Услуги флеболога, Услуги хирурга | Красота / Здоровье -> Услуги косметолога, Эпиляция | Медицинские услуги -> Частные стоматологии | Медицинские услуги -> Центры трансплантации волос"
19433801,https://investmoscow.ru/tenders/tender/19433801,2024-02-16,2023-12,2024-05,2024-05-31,105,"Южный административный округ, Орехово-Борисово Северное, Шипиловская улица, дом 1, Этаж № 1",шипиловская улица 1,12,low,"Омс, клиника | Пансионат для престарелых | Акватика, подводный клуб","Медицинские услуги -> Медицинские комиссии, Многопрофильные медицинские центры, Услуги гастроэнтеролога, Услуги гинеколога, Услуги кардиолога, Услуги медицинской диагностики, Услуги терапевта, Услуги уролога, Услуги эндокринолога | Социальные учреждения -> Дома престарелых | Места отдыха / Развлекательные заведения -> Дайвинг-центры","Омс, клиника | Пансионат для престарелых | Акватика, подводный клуб | Лекс Тайм, бухгалтерская фирма | Ozon","Медицинские услуги -> Медицинские комиссии, Многопрофильные медицинские центры, Услуги гастроэнтеролога, Услуги гинеколога, Услуги кардиолога, Услуги медицинской диагностики, Услуги терапевта, Услуги уролога, Услуги эндокринолога | Социальные учреждения -> Дома престарелых | Места отдыха / Развлекательные заведения -> Дайвинг-центры | Бизнес-услуги, Юридические услуги -> Бухгалтерские услуги, Регистрация / ликвидация предприятий, Юридические услуги | Грузоперевозки / Транспортные услуги -> Пункты выдачи интернет-заказов"
19434238,https://investmoscow.ru/tenders/tender/19434238,2024-02-16,2023-12,2024-05,2024-05-31,105,"Северный административный округ, Савеловский, Башиловская улица, дом 10, этаж № 1, помещение 1Н",башиловская улица 10,1,medium,Салон-парикмахерская,"Красота / Здоровье -> SPA-процедуры, Ногтевые студии, Парикмахерские, Студии загара, Услуги косметолога",Салон-парикмахерская,"Красота / Здоровье -> SPA-процедуры, Ногтевые студии, Парикмахерские, Студии загара, Услуги косметолога"
19435255,https://investmoscow.ru/tenders/tender/19435255,2024-02-16,2023-12,2024-05,2024-05-31,105,"Юго-Западный административный округ, Гагаринский, улица Косыгина, дом 5, Этаж 1",улица косыгина 5,17,low,"Кдп | Илларион, кафе | Powernow, станция зарядки мобильных телефонов","Мультимедийное / презентационное оборудование, Электроника -> Кинооборудование – аренда, продажа, Оптические приборы | Общественное питание -> Доставка готовых блюд, Кафе | Средства связи -> Станции зарядки мобильных телефонов","Кдп | Илларион, кафе | Powernow, станция зарядки мобильных телефонов | Sun&City, cолярий-клуб и лаборатория красоты | Get power, станция зарядки телефонов","Мультимедийное / презентационное оборудование, Электроника -> Кинооборудование – аренда, продажа, Оптические приборы | Общественное питание -> Доставка готовых блюд, Кафе | Средства связи -> Станции зарядки мобильных телефонов | Красота / Здоровье -> SPA-процедуры, Коллагенарий, Ногтевые студии, Парикмахерские, Студии загара, Услуги визажиста, Услуги косметолога, Услуги массажиста, Услуги перманентного макияжа, Услуги пирсинга, Услуги по оформлению ресниц / бровей, Эпиляция | Грузоперевозки / Транспортные услуги -> Пункты выдачи интернет-заказов"
19440698,https://investmoscow.ru/tenders/tender/19440698,2024-02-05,2023-12,2024-05,2024-05-31,116,"Западный административный округ, Кунцево, улица Маршала Сергеева, дом 3, Этаж № 1",улица маршала сергеева 3,14,low,"Wildberries, пункт выдачи товара | Britva Молодежная, барбершоп | Бери заряд!, станция зарядки телефонов",Грузоперевозки / Транспортные услуги -> Пункты выдачи интернет-заказов | Красота / Здоровье -> Барбершопы | Средства связи -> Станции зарядки мобильных телефонов,"Wildberries, пункт выдачи товара | Britva Молодежная, барбершоп | Бери заряд!, станция зарядки телефонов | BETONE, барбершоп | Superapteka, аптека","Грузоперевозки / Транспортные услуги -> Пункты выдачи интернет-заказов | Красота / Здоровье -> Барбершопы | Средства связи -> Станции зарядки мобильных телефонов | Медицинские товары -> Аптеки, Биологически активные добавки (БАД), Медицинские приборы, Медицинские расходные материалы, Средства гигиены | Напитки, Продукты питания -> Безалкогольные напитки, Колбасные изделия, Кондитерские изделия, Овощи / Фрукты, Сыры"
19441912,https://investmoscow.ru/tenders/tender/19441912,2024-02-05,2023-12,2024-05,2024-05-31,116,"Западный административный округ, Кунцево, улица Маршала Сергеева, дом 3, Этаж № 1",улица маршала сергеева 3,14,low,"Wildberries, пункт выдачи товара | Britva Молодежная, барбершоп | Бери заряд!, станция зарядки телефонов",Грузоперевозки / Транспортные услуги -> Пункты выдачи интернет-заказов | Красота / Здоровье -> Барбершопы | Средства связи -> Станции зарядки мобильных телефонов,"Wildberries, пункт выдачи товара | Britva Молодежная, барбершоп | Бери заряд!, станция зарядки телефонов | BETONE, барбершоп | Superapteka, аптека","Грузоперевозки / Транспортные услуги -> Пункты выдачи интернет-заказов | Красота / Здоровье -> Барбершопы | Средства связи -> Станции зарядки мобильных телефонов | Медицинские товары -> Аптеки, Биологически активные добавки (БАД), Медицинские приборы, Медицинские расходные материалы, Средства гигиены | Напитки, Продукты питания -> Безалкогольные напитки, Колбасные изделия, Кондитерские изделия, Овощи / Фрукты, Сыры"
19442804,https://investmoscow.ru/tenders/tender/19442804,2024-02-05,2023-12,2024-05,2024-05-31,116,"Западный административный округ, Кунцево, улица Маршала Сергеева, дом 3, Этаж № 1",улица маршала сергеева 3,14,low,"Wildberries, пункт выдачи товара | Britva Молодежная, барбершоп | Бери заряд!, станция зарядки телефонов",Грузоперевозки / Транспортные услуги -> Пункты выдачи интернет-заказов | Красота / Здоровье -> Барбершопы | Средства связи -> Станции зарядки мобильных телефонов,"Wildberries, пункт выдачи товара | Britva Молодежная, барбершоп | Бери заряд!, станция зарядки телефонов | BETONE, барбершоп | Superapteka, аптека","Грузоперевозки / Транспортные услуги -> Пункты выдачи интернет-заказов | Красота / Здоровье -> Барбершопы | Средства связи -> Станции зарядки мобильных телефонов | Медицинские товары -> Аптеки, Биологически активные добавки (БАД), Медицинские приборы, Медицинские расходные материалы, Средства гигиены | Напитки, Продукты питания -> Безалкогольные напитки, Колбасные изделия, Кондитерские изделия, Овощи / Фрукты, Сыры"
19444381,https://investmoscow.ru/tenders/tender/19444381,2024-02-02,2023-12,2024-05,2024-05-31,119,"Северный административный округ, Войковский, 2-й Новоподмосковный переулок, дом 4, этаж 1",2 й новоподмосковный переулок 4,1,high,Национальный центр стандартизации и сертификации гражданского и служебного оружия,Юридические услуги -> Сертификация,Национальный центр стандартизации и сертификации гражданского и служебного оружия,Юридические услуги -> Сертификация
19445054,https://investmoscow.ru/tenders/tender/19445054,2024-02-05,2023-12,2024-05,2024-05-31,116,"Западный административный округ, Кунцево, улица Маршала Сергеева, дом 3, этаж № 1",улица маршала сергеева 3,14,low,"Wildberries, пункт выдачи товара | Britva Молодежная, барбершоп | Бери заряд!, станция зарядки телефонов",Грузоперевозки / Транспортные услуги -> Пункты выдачи интернет-заказов | Красота / Здоровье -> Барбершопы | Средства связи -> Станции зарядки мобильных телефонов,"Wildberries, пункт выдачи товара | Britva Молодежная, барбершоп | Бери заряд!, станция зарядки телефонов | BETONE, барбершоп | Superapteka, аптека","Грузоперевозки / Транспортные услуги -> Пункты выдачи интернет-заказов | Красота / Здоровье -> Барбершопы | Средства связи -> Станции зарядки мобильных телефонов | Медицинские товары -> Аптеки, Биологически активные добавки (БАД), Медицинские приборы, Медицинские расходные материалы, Средства гигиены | Напитки, Продукты питания -> Безалкогольные напитки, Колбасные изделия, Кондитерские изделия, Овощи / Фрукты, Сыры"
19462267,https://investmoscow.ru/tenders/tender/19462267,2024-02-08,2023-12,2024-05,2024-05-31,113,"Центральный административный округ, Таганский, Большой Факельный переулок, дом 2/22, Подвал № 0",большой факельный переулок 2/22,6,low,"M&t voices, школа вокала | Amore-persempre | Департамент по делам ГО, ЧС и пожарной безопасности г. Москвы, торговая площадка","Дополнительное образование / Развивающие курсы -> Курсы вокала, Музыкальные курсы | Одежда / Аксессуары -> Свадебные товары | Администрации / Правительства -> Правительство","M&t voices, школа вокала | Amore-persempre | Департамент по делам ГО, ЧС и пожарной безопасности г. Москвы, торговая площадка | Магнолия, супермаркет | Добрынинский, продуктовый магазин","Дополнительное образование / Развивающие курсы -> Курсы вокала, Музыкальные курсы | Одежда / Аксессуары -> Свадебные товары | Администрации / Правительства -> Правительство | Спецмагазины, Торговые комплексы -> Доставка продуктов / хозтоваров, Супермаркеты | Продукты питания, Спецмагазины -> Доставка продуктов / хозтоваров, Кондитерские изделия, Молочные продукты, Продукты быстрого приготовления, Хлебобулочные изделия"
19464701,https://investmoscow.ru/tenders/tender/19464701,2024-02-12,2023-12,2024-05,2024-05-31,109,"Юго-Западный административный округ, Академический, улица Кржижановского, дом 3, Подвал № 0",улица кржижановского 3,12,low,"Тритон-импорт, магазин запчастей для американских автомобилей и материалов для шиномонтажа | To4ilka, студия заточки | Дом быта","Автотовары, Оборудование для сферы услуг -> Автозапчасти для иномарок, Оборудование для автосервиса | Инструмент -> Заточка / шлифовка режущих инструментов | Ателье, Бытовые услуги, Обувь -> Ателье швейные, Изготовление ключей, Мастерские по ремонту одежды, Ремонт обуви / кожгалантереи, Ремонт часов","Тритон-импорт, магазин запчастей для американских автомобилей и материалов для шиномонтажа | To4ilka, студия заточки | Дом быта | Sabina, салон красоты | Нуга бест, торговая компания","Автотовары, Оборудование для сферы услуг -> Автозапчасти для иномарок, Оборудование для автосервиса | Инструмент -> Заточка / шлифовка режущих инструментов | Ателье, Бытовые услуги, Обувь -> Ателье швейные, Изготовление ключей, Мастерские по ремонту одежды, Ремонт обуви / кожгалантереи, Ремонт часов | Красота / Здоровье -> Ногтевые студии, Парикмахерские, Услуги перманентного макияжа, Услуги по оформлению ресниц / бровей, Эпиляция | Медицинские товары -> Массажное оборудование / приборы, Медицинские приборы"
19466675,https://investmoscow.ru/tenders/tender/19466675,2024-02-14,2023-12,2024-05,2024-05-31,107,"Зеленоградский административный округ, Крюково, город Зеленоград, улица 1 Мая, дом 5, Этаж № 3",улица 1 мая 5,8,low,"Алекс-3, бюро ремонта | LaserMix, студия эпиляции | Aura, салон красоты","Аудио / Видео / Бытовая техника -> Ремонт / установка бытовой техники | Красота / Здоровье -> Эпиляция | Красота / Здоровье -> Тату-салоны, Услуги перманентного макияжа, Услуги пирсинга","Алекс-3, бюро ремонта | LaserMix, студия эпиляции | Aura, салон красоты | Бесплатный туалет | Ozon, пункт выдачи товара","Аудио / Видео / Бытовая техника -> Ремонт / установка бытовой техники | Красота / Здоровье -> Эпиляция | Красота / Здоровье -> Тату-салоны, Услуги перманентного макияжа, Услуги пирсинга | Бытовые услуги -> Туалеты | Грузоперевозки / Транспортные услуги -> Пункты выдачи интернет-заказов"
19466832,https://investmoscow.ru/tenders/tender/19466832,2024-03-05,2023-12,2024-05,2024-05-31,87,"Центральный административный округ, Тверской, Большая Грузинская улица, дом 76, Этаж № 5, Мансарда № 0",большая грузинская улица 76,9,low,"Adam, ресторан | Букеточная, цветочная студия | Агнец, ресторан","Общественное питание -> Доставка готовых блюд, Рестораны | Спецмагазины -> Цветы | Общественное питание -> Доставка готовых блюд, Кафе, Пиццерии","Adam, ресторан | Букеточная, цветочная студия | Агнец, ресторан | Pizza Maestrello, кафе-пиццерия | Винага, камерный винный бар","Общественное питание -> Доставка готовых блюд, Рестораны | Спецмагазины -> Цветы | Общественное питание -> Доставка готовых блюд, Кафе, Пиццерии | Общественное питание -> Бары, Кафе | Общественное питание -> Бары"
19468456,https://investmoscow.ru/tenders/tender/19468456,2024-02-15,2023-12,2024-05,2024-05-31,106,"Юго-Западный административный округ, Южное Бутово, Чечёрский проезд, дом 102А, подвал № 0",чечерский проезд 102а,2,medium,"Атлант, центр спорта и досуга | Малышок, студия раннего развития","Спортивные клубы / школы, Центры творчества и досуга -> Детские / подростковые клубы, Культурно-досуговые центры для взрослых, Спортивные секции | Общее образование / Центры раннего развития детей -> Центры раннего развития детей","Атлант, центр спорта и досуга | Малышок, студия раннего развития","Спортивные клубы / школы, Центры творчества и досуга -> Детские / подростковые клубы, Культурно-досуговые центры для взрослых, Спортивные секции | Общее образование / Центры раннего развития детей -> Центры раннего развития детей"
19468605,https://investmoscow.ru/tenders/tender/19468605,2024-02-14,2023-12,2024-05,2024-05-31,107,"Западный административный округ, Дорогомилово, Кутузовский проспект, дом 43, Подвал № 0",кутузовский проспект 43,48,low,"Xbody | Wildberries, Пункт выдачи товара | Ломбард-Сити","Оборудование для сферы услуг, Спортивные товары -> Оборудование для салонов красоты, Спортивный инвентарь | Грузоперевозки / Транспортные услуги -> Пункты выдачи интернет-заказов | Банковские / финансовые услуги -> Ломбарды","Xbody | Wildberries, Пункт выдачи товара | Ломбард-Сити | Газпромбанк, Дополнительный офис №099/1037 | Газпромбанк, банкомат","Оборудование для сферы услуг, Спортивные товары -> Оборудование для салонов красоты, Спортивный инвентарь | Грузоперевозки / Транспортные услуги -> Пункты выдачи интернет-заказов | Банковские / финансовые услуги -> Ломбарды | Банковские / финансовые услуги -> Банки, Ипотечные кредиты, Обмен валюты | Банковские / финансовые услуги -> Банкоматы"
19474567,https://investmoscow.ru/tenders/tender/19474567,2024-02-28,2023-12,2024-05,2024-05-31,93,"Северный административный округ, Хорошевский, Ходынский бульвар, дом 15, Этаж № 1",ходынский бульвар 15,5,low,"Уют, салон карнизов и штор | Svetilo, компания по изготовлению свеч и эфирных масел на заказ | Администрация муниципального округа Хорошёвский","Предметы интерьера / экстерьера, Текстиль -> Жалюзи, Карнизы, Портьерные ткани / Шторы | Спецмагазины -> Ароматовары, Товары для праздничного оформления / организации праздников | Администрации / Правительства -> Администрации районов / округов городской власти","Уют, салон карнизов и штор | Svetilo, компания по изготовлению свеч и эфирных масел на заказ | Администрация муниципального округа Хорошёвский | Совет депутатов муниципального округа Хорошевский | Aquarium, автомойка","Предметы интерьера / экстерьера, Текстиль -> Жалюзи, Карнизы, Портьерные ткани / Шторы | Спецмагазины -> Ароматовары, Товары для праздничного оформления / организации праздников | Администрации / Правительства -> Администрации районов / округов городской власти | Законодательная власть -> Представительная власть | Автосервис -> Автомойки, Детейлинг, Хранение шин, Шиномонтаж"
19474577,https://investmoscow.ru/tenders/tender/19474577,2024-02-28,2023-12,2024-05,2024-05-31,93,"Северный административный округ, Хорошевский, Хорошёвское шоссе, дом 43, корпус А, Подвал № 0, Этаж № 1",хорошевское шоссе 43 корп а,1,high,МиГез,"Аварийные / справочные / экстренные службы, Туризм / Отдых, Юридические услуги -> Аварийные службы, Туристические агентства, Юридические услуги",МиГез,"Аварийные / справочные / экстренные службы, Туризм / Отдых, Юридические услуги -> Аварийные службы, Туристические агентства, Юридические услуги"
19474628,https://investmoscow.ru/tenders/tender/19474628,2024-02-28,2023-12,2024-05,2024-05-31,93,"Юго-Восточный административный округ, Кузьминки, Волгоградский проспект, дом 173, Подвал № 0",волгоградский проспект 173,1,high,"Молодечномебель, торговый дом","Мебель -> Корпусная мебель, Мебель для кухни, Мягкая мебель","Молодечномебель, торговый дом","Мебель -> Корпусная мебель, Мебель для кухни, Мягкая мебель"
19475183,https://investmoscow.ru/tenders/tender/19475183,2024-03-01,2024-05,2024-09,2024-09-30,213,"г. Москва, ул. Архитектора Власова, дом 2, этаж 1, пом. 2Н",улица архитектора власова 2,4,low,"Wildberries | Ароматный мир, винный супермаркет | Винлаб, супермаркет напитков","Грузоперевозки / Транспортные услуги -> Пункты выдачи интернет-заказов | Напитки, Продукты питания -> Алкогольные напитки, Продуктовые магазины | Напитки, Продукты питания -> Алкогольные напитки, Безалкогольные напитки, Снеки","Wildberries | Ароматный мир, винный супермаркет | Винлаб, супермаркет напитков | Паркинг","Грузоперевозки / Транспортные услуги -> Пункты выдачи интернет-заказов | Напитки, Продукты питания -> Алкогольные напитки, Продуктовые магазины | Напитки, Продукты питания -> Алкогольные напитки, Безалкогольные напитки, Снеки | Автосервис -> Паркинги"
19475282,https://investmoscow.ru/tenders/tender/19475282,2024-03-01,2024-05,2024-09,2024-09-30,213,"г. Москва, ул. Архитектора Власова, дом 2, этаж 1, пом. 3Н",улица архитектора власова 2,4,low,"Wildberries | Ароматный мир, винный супермаркет | Винлаб, супермаркет напитков","Грузоперевозки / Транспортные услуги -> Пункты выдачи интернет-заказов | Напитки, Продукты питания -> Алкогольные напитки, Продуктовые магазины | Напитки, Продукты питания -> Алкогольные напитки, Безалкогольные напитки, Снеки","Wildberries | Ароматный мир, винный супермаркет | Винлаб, супермаркет напитков | Паркинг","Грузоперевозки / Транспортные услуги -> Пункты выдачи интернет-заказов | Напитки, Продукты питания -> Алкогольные напитки, Продуктовые магазины | Напитки, Продукты питания -> Алкогольные напитки, Безалкогольные напитки, Снеки | Автосервис -> Паркинги"
19476144,https://investmoscow.ru/tenders/tender/19476144,2024-02-29,2023-12,2024-05,2024-05-31,92,"Северный административный округ, Хорошевский, Ходынский бульвар, дом 15, Этаж № 1",ходынский бульвар 15,5,low,"Уют, салон карнизов и штор | Svetilo, компания по изготовлению свеч и эфирных масел на заказ | Администрация муниципального округа Хорошёвский","Предметы интерьера / экстерьера, Текстиль -> Жалюзи, Карнизы, Портьерные ткани / Шторы | Спецмагазины -> Ароматовары, Товары для праздничного оформления / организации праздников | Администрации / Правительства -> Администрации районов / округов городской власти","Уют, салон карнизов и штор | Svetilo, компания по изготовлению свеч и эфирных масел на заказ | Администрация муниципального округа Хорошёвский | Совет депутатов муниципального округа Хорошевский | Aquarium, автомойка","Предметы интерьера / экстерьера, Текстиль -> Жалюзи, Карнизы, Портьерные ткани / Шторы | Спецмагазины -> Ароматовары, Товары для праздничного оформления / организации праздников | Администрации / Правительства -> Администрации районов / округов городской власти | Законодательная власть -> Представительная власть | Автосервис -> Автомойки, Детейлинг, Хранение шин, Шиномонтаж"
19476170,https://investmoscow.ru/tenders/tender/19476170,2024-02-29,2023-12,2024-05,2024-05-31,92,"Северный административный округ, Хорошевский, Ходынский бульвар, дом 15, Этаж № 1",ходынский бульвар 15,5,low,"Уют, салон карнизов и штор | Svetilo, компания по изготовлению свеч и эфирных масел на заказ | Администрация муниципального округа Хорошёвский","Предметы интерьера / экстерьера, Текстиль -> Жалюзи, Карнизы, Портьерные ткани / Шторы | Спецмагазины -> Ароматовары, Товары для праздничного оформления / организации праздников | Администрации / Правительства -> Администрации районов / округов городской власти","Уют, салон карнизов и штор | Svetilo, компания по изготовлению свеч и эфирных масел на заказ | Администрация муниципального округа Хорошёвский | Совет депутатов муниципального округа Хорошевский | Aquarium, автомойка","Предметы интерьера / экстерьера, Текстиль -> Жалюзи, Карнизы, Портьерные ткани / Шторы | Спецмагазины -> Ароматовары, Товары для праздничного оформления / организации праздников | Администрации / Правительства -> Администрации районов / округов городской власти | Законодательная власть -> Представительная власть | Автосервис -> Автомойки, Детейлинг, Хранение шин, Шиномонтаж"
19476274,https://investmoscow.ru/tenders/tender/19476274,2024-03-05,2023-12,2024-05,2024-05-31,87,"Южный административный округ, Нагатинский затон, Нагатинская набережная, дом 56А, Этаж № 2",нагатинская набережная 56а,2,medium,"Sun School, частный английский детский сад | Iq007, международная школа развития интеллекта и скорочтения","Общее образование / Центры раннего развития детей -> Центры раннего развития детей, Частные детские сады | Дополнительное образование / Развивающие курсы, Медицинские услуги, Общее образование / Центры раннего развития детей, Центры творчества и досуга -> Детские / подростковые клубы, Помощь в обучении, Услуги логопеда, Центры раннего развития детей, Языковые школы","Sun School, частный английский детский сад | Iq007, международная школа развития интеллекта и скорочтения","Общее образование / Центры раннего развития детей -> Центры раннего развития детей, Частные детские сады | Дополнительное образование / Развивающие курсы, Медицинские услуги, Общее образование / Центры раннего развития детей, Центры творчества и досуга -> Детские / подростковые клубы, Помощь в обучении, Услуги логопеда, Центры раннего развития детей, Языковые школы"
19477772,https://investmoscow.ru/tenders/tender/19477772,2024-03-01,2023-12,2024-05,2024-05-31,91,"Северо-Восточный административный округ, Останкинский, улица Годовикова, дом 6, Подвал № 0",улица годовикова 6,3,medium,"Маникюрный кабинет | Второе дыхание, мастерская | Re:books, пункт приема книг",Красота / Здоровье -> Ногтевые студии | Дополнительное образование / Развивающие курсы -> Курсы творчества и рукоделия для взрослых | Бытовые услуги -> Пункты приёма,"Маникюрный кабинет | Второе дыхание, мастерская | Re:books, пункт приема книг",Красота / Здоровье -> Ногтевые студии | Дополнительное образование / Развивающие курсы -> Курсы творчества и рукоделия для взрослых | Бытовые услуги -> Пункты приёма
19478255,https://investmoscow.ru/tenders/tender/19478255,2024-03-04,2024-05,2024-09,2024-09-30,210,"г. Москва, ул. Речников, дом 22, этаж 1, пом. 2Н",улица речников 22,2,low,"Тридельфина.club, детский бассейн | Wildberries","Спортивные клубы / школы, Спортивные комплексы -> Аквааэробика, Бассейны, Спортивные секции | Грузоперевозки / Транспортные услуги -> Пункты выдачи интернет-заказов","Тридельфина.club, детский бассейн | Wildberries","Спортивные клубы / школы, Спортивные комплексы -> Аквааэробика, Бассейны, Спортивные секции | Грузоперевозки / Транспортные услуги -> Пункты выдачи интернет-заказов"
19478301,https://investmoscow.ru/tenders/tender/19478301,2024-03-04,2024-05,2024-09,2024-09-30,210,"г. Москва, ул. Речников, дом 22, этаж 1, пом. 3Н",улица речников 22,2,low,"Тридельфина.club, детский бассейн | Wildberries","Спортивные клубы / школы, Спортивные комплексы -> Аквааэробика, Бассейны, Спортивные секции | Грузоперевозки / Транспортные услуги -> Пункты выдачи интернет-заказов","Тридельфина.club, детский бассейн | Wildberries","Спортивные клубы / школы, Спортивные комплексы -> Аквааэробика, Бассейны, Спортивные секции | Грузоперевозки / Транспортные услуги -> Пункты выдачи интернет-заказов"
19478340,https://investmoscow.ru/tenders/tender/19478340,2024-03-04,2024-05,2024-09,2024-09-30,210,"г. Москва, ул. Речников, дом 22, этаж 1, пом. 4Н",улица речников 22,2,low,"Тридельфина.club, детский бассейн | Wildberries","Спортивные клубы / школы, Спортивные комплексы -> Аквааэробика, Бассейны, Спортивные секции | Грузоперевозки / Транспортные услуги -> Пункты выдачи интернет-заказов","Тридельфина.club, детский бассейн | Wildberries","Спортивные клубы / школы, Спортивные комплексы -> Аквааэробика, Бассейны, Спортивные секции | Грузоперевозки / Транспортные услуги -> Пункты выдачи интернет-заказов"
19478355,https://investmoscow.ru/tenders/tender/19478355,2024-02-29,2023-12,2024-05,2024-05-31,92,"Северо-Восточный административный округ, Ростокино, проезд Кадомцева, дом 15, Этаж № 1",проезд кадомцева 15,3,medium,"Tess technology, консалтинговая компания | Ангил-транс, транспортная компания | Zerno, компания","Бизнес-услуги, Рекламные услуги -> Маркетинговые / социологические исследования, Управленческий консалтинг, Финансовый консалтинг | Грузоперевозки / Транспортные услуги -> Городские автогрузоперевозки, Междугородные автогрузоперевозки, Международные грузоперевозки, Услуги грузчиков, Экспедирование грузов | Аудио / Видео / Бытовая техника -> Кофемашины, Ремонт / установка бытовой техники","Tess technology, консалтинговая компания | Ангил-транс, транспортная компания | Zerno, компания","Бизнес-услуги, Рекламные услуги -> Маркетинговые / социологические исследования, Управленческий консалтинг, Финансовый консалтинг | Грузоперевозки / Транспортные услуги -> Городские автогрузоперевозки, Междугородные автогрузоперевозки, Международные грузоперевозки, Услуги грузчиков, Экспедирование грузов | Аудио / Видео / Бытовая техника -> Кофемашины, Ремонт / установка бытовой техники"
19479416,https://investmoscow.ru/tenders/tender/19479416,2024-03-01,2023-12,2024-05,2024-05-31,91,"Центральный административный округ, Хамовники, Российская Федерация, город Москва, внутригородская территория муниципальный округ Хамовники, улица Хамовнический Вал, дом 14, подвал № 0, пом. 1/П",улица хамовнический вал 14,3,medium,"Авокадо, продуктовый магазин | Гемотест, медицинская лаборатория","Продукты питания -> Продуктовые магазины | Медицинские услуги -> Медицинские анализы, Услуги процедурного кабинета | Торговые комплексы -> Супермаркеты","Авокадо, продуктовый магазин | Гемотест, медицинская лаборатория","Продукты питания -> Продуктовые магазины | Медицинские услуги -> Медицинские анализы, Услуги процедурного кабинета | Торговые комплексы -> Супермаркеты"
19488866,https://investmoscow.ru/tenders/tender/19488866,2024-03-14,2023-12,2024-05,2024-05-31,78,"Южный административный округ, Даниловский, Восточная улица, дом 9, Этаж № 3",восточная улица 9,9,low,"Конструктор, кафе | Бери заряд!, станция зарядки телефонов | Зарядиум, станция зарядки телефонов","Общественное питание, Продукты питания -> Кафе, Кондитерские изделия | Средства связи -> Станции зарядки мобильных телефонов | Инструмент, Отделочные материалы, Садово-хозяйственные товары -> Бытовая химия, Герметики / Клеи, Малярный инструмент, Слесарно-монтажный инструмент, Хозяйственные товары","Конструктор, кафе | Бери заряд!, станция зарядки телефонов | Зарядиум, станция зарядки телефонов | 1000 мелочей, магазин бытовых товаров | Аэромир, турагентство","Общественное питание, Продукты питания -> Кафе, Кондитерские изделия | Средства связи -> Станции зарядки мобильных телефонов | Инструмент, Отделочные материалы, Садово-хозяйственные товары -> Бытовая химия, Герметики / Клеи, Малярный инструмент, Слесарно-монтажный инструмент, Хозяйственные товары | Продажа билетов, Туризм / Отдых -> Авиабилеты, Бронирование гостиниц, Железнодорожные билеты, Круизы / Морские, речные прогулки, Туристические агентства | Инструмент, Отделочные материалы -> Замки / Скобяные изделия, Крепёжные изделия, Малярный инструмент, Слесарно-монтажный инструмент, Электроинструмент"
19489329,https://investmoscow.ru/tenders/tender/19489329,2024-03-18,2023-12,2024-05,2024-05-31,74,"г. Москва, ул. Радужная, дом 18, этаж 1, пом. 2Н",улица радужная 18,1,low,Полиграфическая компания,"Издательское дело / Полиграфия -> Оперативная полиграфия, Полиграфические услуги",Полиграфическая компания,"Издательское дело / Полиграфия -> Оперативная полиграфия, Полиграфические услуги"
19489484,https://investmoscow.ru/tenders/tender/19489484,2024-03-18,2023-12,2024-05,2024-05-31,74,"г. Москва, ул. Радужная, дом 18, этаж 1, пом. 3Н",улица радужная 18,1,low,Полиграфическая компания,"Издательское дело / Полиграфия -> Оперативная полиграфия, Полиграфические услуги",Полиграфическая компания,"Издательское дело / Полиграфия -> Оперативная полиграфия, Полиграфические услуги"
19489636,https://investmoscow.ru/tenders/tender/19489636,2024-03-18,2023-12,2024-05,2024-05-31,74,"г. Москва, ул. Радужная, дом 18, этаж 1, пом. 4Н",улица радужная 18,1,low,Полиграфическая компания,"Издательское дело / Полиграфия -> Оперативная полиграфия, Полиграфические услуги",Полиграфическая компания,"Издательское дело / Полиграфия -> Оперативная полиграфия, Полиграфические услуги"
19489846,https://investmoscow.ru/tenders/tender/19489846,2024-03-18,2023-12,2024-05,2024-05-31,74,"г. Москва, ул. Радужная, дом 18, этаж 1, пом. 5Н",улица радужная 18,1,low,Полиграфическая компания,"Издательское дело / Полиграфия -> Оперативная полиграфия, Полиграфические услуги",Полиграфическая компания,"Издательское дело / Полиграфия -> Оперативная полиграфия, Полиграфические услуги"
19489913,https://investmoscow.ru/tenders/tender/19489913,2024-03-18,2023-12,2024-05,2024-05-31,74,"г. Москва, ул. Радужная, дом 18, этаж 1, пом. 6Н",улица радужная 18,1,low,Полиграфическая компания,"Издательское дело / Полиграфия -> Оперативная полиграфия, Полиграфические услуги",Полиграфическая компания,"Издательское дело / Полиграфия -> Оперативная полиграфия, Полиграфические услуги"
19490013,https://investmoscow.ru/tenders/tender/19490013,2024-03-18,2023-12,2024-05,2024-05-31,74,"г. Москва, ул. Радужная, дом 18, этаж 1, пом. 7Н",улица радужная 18,1,low,Полиграфическая компания,"Издательское дело / Полиграфия -> Оперативная полиграфия, Полиграфические услуги",Полиграфическая компания,"Издательское дело / Полиграфия -> Оперативная полиграфия, Полиграфические услуги"
19490115,https://investmoscow.ru/tenders/tender/19490115,2024-03-15,2024-05,2024-09,2024-09-30,199,"г. Москва, ул. Нижняя Хохловка, дом 8, этаж 1, пом. 3Н",улица нижняя хохловка 8,4,low,"Винлаб, супермаркет напитков | Wildberries | Акванота, интернет-магазин","Напитки, Продукты питания -> Алкогольные напитки, Продуктовые магазины | Грузоперевозки / Транспортные услуги -> Пункты выдачи интернет-заказов | Сантехническое оборудование -> Сантехника","Винлаб, супермаркет напитков | Wildberries | Акванота, интернет-магазин | Пятёрочка, супермаркет","Напитки, Продукты питания -> Алкогольные напитки, Продуктовые магазины | Грузоперевозки / Транспортные услуги -> Пункты выдачи интернет-заказов | Сантехническое оборудование -> Сантехника | Торговые комплексы -> Супермаркеты"
19490118,https://investmoscow.ru/tenders/tender/19490118,2024-03-18,2023-12,2024-05,2024-05-31,74,"г. Москва, ул. Радужная, дом 18, этаж 1, пом. 8Н",улица радужная 18,1,low,Полиграфическая компания,"Издательское дело / Полиграфия -> Оперативная полиграфия, Полиграфические услуги",Полиграфическая компания,"Издательское дело / Полиграфия -> Оперативная полиграфия, Полиграфические услуги"
19490170,https://investmoscow.ru/tenders/tender/19490170,2024-03-15,2024-05,2024-09,2024-09-30,199,"г. Москва, ул. Нижняя Хохловка, дом 8, этаж 1, пом. 4Н",улица нижняя хохловка 8,4,low,"Винлаб, супермаркет напитков | Wildberries | Акванота, интернет-магазин","Напитки, Продукты питания -> Алкогольные напитки, Продуктовые магазины | Грузоперевозки / Транспортные услуги -> Пункты выдачи интернет-заказов | Сантехническое оборудование -> Сантехника","Винлаб, супермаркет напитков | Wildberries | Акванота, интернет-магазин | Пятёрочка, супермаркет","Напитки, Продукты питания -> Алкогольные напитки, Продуктовые магазины | Грузоперевозки / Транспортные услуги -> Пункты выдачи интернет-заказов | Сантехническое оборудование -> Сантехника | Торговые комплексы -> Супермаркеты"
19490177,https://investmoscow.ru/tenders/tender/19490177,2024-03-18,2023-12,2024-05,2024-05-31,74,"г. Москва, ул. Радужная, дом 18, этаж 1, пом. 10Н",улица радужная 18,1,low,Полиграфическая компания,"Издательское дело / Полиграфия -> Оперативная полиграфия, Полиграфические услуги",Полиграфическая компания,"Издательское дело / Полиграфия -> Оперативная полиграфия, Полиграфические услуги"
19490228,https://investmoscow.ru/tenders/tender/19490228,2024-03-15,2024-05,2024-09,2024-09-30,199,"г. Москва, ул. Нижняя Хохловка, дом 8, этаж 1, пом. 7Н",улица нижняя хохловка 8,4,low,"Винлаб, супермаркет напитков | Wildberries | Акванота, интернет-магазин","Напитки, Продукты питания -> Алкогольные напитки, Продуктовые магазины | Грузоперевозки / Транспортные услуги -> Пункты выдачи интернет-заказов | Сантехническое оборудование -> Сантехника","Винлаб, супермаркет напитков | Wildberries | Акванота, интернет-магазин | Пятёрочка, супермаркет","Напитки, Продукты питания -> Алкогольные напитки, Продуктовые магазины | Грузоперевозки / Транспортные услуги -> Пункты выдачи интернет-заказов | Сантехническое оборудование -> Сантехника | Торговые комплексы -> Супермаркеты"
19490408,https://investmoscow.ru/tenders/tender/19490408,2024-03-15,2024-05,2024-09,2024-09-30,199,"г. Москва, ул. Нижняя Хохловка, дом 8, этаж 1, пом. 10Н",улица нижняя хохловка 8,4,low,"Винлаб, супермаркет напитков | Wildberries | Акванота, интернет-магазин","Напитки, Продукты питания -> Алкогольные напитки, Продуктовые магазины | Грузоперевозки / Транспортные услуги -> Пункты выдачи интернет-заказов | Сантехническое оборудование -> Сантехника","Винлаб, супермаркет напитков | Wildberries | Акванота, интернет-магазин | Пятёрочка, супермаркет","Напитки, Продукты питания -> Алкогольные напитки, Продуктовые магазины | Грузоперевозки / Транспортные услуги -> Пункты выдачи интернет-заказов | Сантехническое оборудование -> Сантехника | Торговые комплексы -> Супермаркеты"
19490458,https://investmoscow.ru/tenders/tender/19490458,2024-03-15,2024-05,2024-09,2024-09-30,199,"г. Москва, ул. Нижняя Хохловка, дом 8, этаж 1, пом. 11Н",улица нижняя хохловка 8,4,low,"Винлаб, супермаркет напитков | Wildberries | Акванота, интернет-магазин","Напитки, Продукты питания -> Алкогольные напитки, Продуктовые магазины | Грузоперевозки / Транспортные услуги -> Пункты выдачи интернет-заказов | Сантехническое оборудование -> Сантехника","Винлаб, супермаркет напитков | Wildberries | Акванота, интернет-магазин | Пятёрочка, супермаркет","Напитки, Продукты питания -> Алкогольные напитки, Продуктовые магазины | Грузоперевозки / Транспортные услуги -> Пункты выдачи интернет-заказов | Сантехническое оборудование -> Сантехника | Торговые комплексы -> Супермаркеты"
19490526,https://investmoscow.ru/tenders/tender/19490526,2024-03-15,2024-05,2024-09,2024-09-30,199,"г. Москва, ул. Нижняя Хохловка, дом 8, этаж 1, пом. 12Н",улица нижняя хохловка 8,4,low,"Винлаб, супермаркет напитков | Wildberries | Акванота, интернет-магазин","Напитки, Продукты питания -> Алкогольные напитки, Продуктовые магазины | Грузоперевозки / Транспортные услуги -> Пункты выдачи интернет-заказов | Сантехническое оборудование -> Сантехника","Винлаб, супермаркет напитков | Wildberries | Акванота, интернет-магазин | Пятёрочка, супермаркет","Напитки, Продукты питания -> Алкогольные напитки, Продуктовые магазины | Грузоперевозки / Транспортные услуги -> Пункты выдачи интернет-заказов | Сантехническое оборудование -> Сантехника | Торговые комплексы -> Супермаркеты"
19490575,https://investmoscow.ru/tenders/tender/19490575,2024-03-15,2023-12,2024-05,2024-05-31,77,"г. Москва, ул. Радужная, дом 18, этаж 1, пом. 1Н",улица радужная 18,1,low,Полиграфическая компания,"Издательское дело / Полиграфия -> Оперативная полиграфия, Полиграфические услуги",Полиграфическая компания,"Издательское дело / Полиграфия -> Оперативная полиграфия, Полиграфические услуги"
19491302,https://investmoscow.ru/tenders/tender/19491302,2024-03-15,2024-05,2024-09,2024-09-30,199,"г. Москва, ул. Краснолиманская, дом 21, этаж 1, пом. 1Н",улица краснолиманская 21,1,low,Сальдо,Бизнес-услуги -> Аудиторские услуги,Сальдо,Бизнес-услуги -> Аудиторские услуги
19491419,https://investmoscow.ru/tenders/tender/19491419,2024-03-15,2024-05,2024-09,2024-09-30,199,"г. Москва, ул. Краснолиманская, дом 21, этаж 1, пом. 5Н",улица краснолиманская 21,1,low,Сальдо,Бизнес-услуги -> Аудиторские услуги,Сальдо,Бизнес-услуги -> Аудиторские услуги
19491545,https://investmoscow.ru/tenders/tender/19491545,2024-03-15,2024-05,2024-09,2024-09-30,199,"г. Москва, ул. Краснолиманская, дом 21, этаж 1, пом. 10Н",улица краснолиманская 21,1,low,Сальдо,Бизнес-услуги -> Аудиторские услуги,Сальдо,Бизнес-услуги -> Аудиторские услуги
19491598,https://investmoscow.ru/tenders/tender/19491598,2024-03-15,2024-05,2024-09,2024-09-30,199,"г. Москва, ул. Краснолиманская, дом 21, этаж 1, пом. 17Н",улица краснолиманская 21,1,low,Сальдо,Бизнес-услуги -> Аудиторские услуги,Сальдо,Бизнес-услуги -> Аудиторские услуги
19491881,https://investmoscow.ru/tenders/tender/19491881,2024-03-13,2023-12,2024-05,2024-05-31,79,"Юго-Восточный административный округ, Южнопортовый, 3-й Крутицкий переулок, дом 11, Этаж № 2",3 й крутицкий переулок 11,29,low,"Бюро переводов | МакарОфф, учебный центр | Мои документы, Район Южнопортовый",Дополнительное образование / Развивающие курсы -> Перевод с иностранных языков | Дополнительное образование / Развивающие курсы -> Обучение мастеров для салонов красоты | Социальные учреждения -> МФЦ,"Бюро переводов | МакарОфф, учебный центр | Мои документы, Район Южнопортовый | Госплатеж, терминал | Фотокабина","Дополнительное образование / Развивающие курсы -> Перевод с иностранных языков | Дополнительное образование / Развивающие курсы -> Обучение мастеров для салонов красоты | Социальные учреждения -> МФЦ | Бытовые услуги -> Платёжные терминалы | Бытовые услуги, Места отдыха / Развлекательные заведения -> Фото на документы, Фотокабины / Автоматы фотопечати"
19493479,https://investmoscow.ru/tenders/tender/19493479,2024-03-13,2023-12,2024-05,2024-05-31,79,"Зеленоградский административный округ, Крюково, город Зеленоград, улица 1 Мая, дом 5, Этаж № 3",улица 1 мая 5,8,low,"Алекс-3, бюро ремонта | LaserMix, студия эпиляции | Aura, салон красоты","Аудио / Видео / Бытовая техника -> Ремонт / установка бытовой техники | Красота / Здоровье -> Эпиляция | Красота / Здоровье -> Тату-салоны, Услуги перманентного макияжа, Услуги пирсинга","Алекс-3, бюро ремонта | LaserMix, студия эпиляции | Aura, салон красоты | Бесплатный туалет | Ozon, пункт выдачи товара","Аудио / Видео / Бытовая техника -> Ремонт / установка бытовой техники | Красота / Здоровье -> Эпиляция | Красота / Здоровье -> Тату-салоны, Услуги перманентного макияжа, Услуги пирсинга | Бытовые услуги -> Туалеты | Грузоперевозки / Транспортные услуги -> Пункты выдачи интернет-заказов"
19496100,https://investmoscow.ru/tenders/tender/19496100,2024-03-14,2023-12,2024-05,2024-05-31,78,"Северо-Западный административный округ, Щукино, улица Расплетина, дом 2, Этаж № 1",улица расплетина 2,7,low,"Элекснет, платежный терминал | Интерталант, центр сценических искусств | Модель-шоу, модельное агентство","Бытовые услуги -> Платёжные терминалы | Услуги по организации праздников / досуга, Центры творчества и досуга -> Детские / подростковые клубы, Творческие коллективы | Дополнительное образование / Развивающие курсы -> Модельные агентства","Элекснет, платежный терминал | Интерталант, центр сценических искусств | Модель-шоу, модельное агентство | Pop-music.ru, сеть музыкальных магазинов | Дикси, супермаркет","Бытовые услуги -> Платёжные терминалы | Услуги по организации праздников / досуга, Центры творчества и досуга -> Детские / подростковые клубы, Творческие коллективы | Дополнительное образование / Развивающие курсы -> Модельные агентства | Аудио / Видео / Бытовая техника -> Музыкальные инструменты / Аксессуары | Торговые комплексы -> Супермаркеты"
19499842,https://investmoscow.ru/tenders/tender/19499842,2024-03-15,2023-12,2024-05,2024-05-31,77,"Северный административный округ, Аэропорт, 4-я улица 8 Марта, дом 5, подвал № 0",4 я улица 8 марта 5,1,low,"Инженерно-техническая школа им. дважды Героя Советского Союза П.Р. Поповича, дошкольное отделение",Общее образование / Центры раннего развития детей -> Детские сады,"Инженерно-техническая школа им. дважды Героя Советского Союза П.Р. Поповича, дошкольное отделение",Общее образование / Центры раннего развития детей -> Детские сады
19504214,https://investmoscow.ru/tenders/tender/19504214,2024-03-20,2023-12,2024-05,2024-05-31,72,"Центральный административный округ, Басманный, 1-й Басманный переулок, дом 2А, Подвал № 0",1 й басманный переулок 2а,2,medium,"Медосмотры.ру, медицинский центр | Холотропное Дыхание и Расстановки Holotrop Moscow","Медицинские услуги -> Медицинские комиссии | Дополнительное образование / Развивающие курсы, Медицинские услуги -> Личностные тренинги / семинары, Услуги психолога","Медосмотры.ру, медицинский центр | Холотропное Дыхание и Расстановки Holotrop Moscow","Медицинские услуги -> Медицинские комиссии | Дополнительное образование / Развивающие курсы, Медицинские услуги -> Личностные тренинги / семинары, Услуги психолога"
19508595,https://investmoscow.ru/tenders/tender/19508595,2024-03-28,2023-12,2024-05,2024-05-31,64,"г. Москва, ул. Краснолиманская, дом 29, этаж 1, пом. 4Н",улица краснолиманская 29,1,low,"Фонд реновации, центр информирования по переселению",Аварийные / справочные / экстренные службы -> Справочно-информационные услуги,"Фонд реновации, центр информирования по переселению",Аварийные / справочные / экстренные службы -> Справочно-информационные услуги
19508624,https://investmoscow.ru/tenders/tender/19508624,2024-03-28,2023-12,2024-05,2024-05-31,64,"г. Москва, ул. Краснолиманская, дом 29, этаж 1, пом. 12Н",улица краснолиманская 29,1,low,"Фонд реновации, центр информирования по переселению",Аварийные / справочные / экстренные службы -> Справочно-информационные услуги,"Фонд реновации, центр информирования по переселению",Аварийные / справочные / экстренные службы -> Справочно-информационные услуги
19508633,https://investmoscow.ru/tenders/tender/19508633,2024-03-28,2023-12,2024-05,2024-05-31,64,"г. Москва, ул. Краснолиманская, дом 29, этаж 1, пом. 13Н",улица краснолиманская 29,1,low,"Фонд реновации, центр информирования по переселению",Аварийные / справочные / экстренные службы -> Справочно-информационные услуги,"Фонд реновации, центр информирования по переселению",Аварийные / справочные / экстренные службы -> Справочно-информационные услуги
19508636,https://investmoscow.ru/tenders/tender/19508636,2024-03-28,2023-12,2024-05,2024-05-31,64,"г. Москва, ул. Краснолиманская, дом 29, этаж 1, пом. 19Н",улица краснолиманская 29,1,low,"Фонд реновации, центр информирования по переселению",Аварийные / справочные / экстренные службы -> Справочно-информационные услуги,"Фонд реновации, центр информирования по переселению",Аварийные / справочные / экстренные службы -> Справочно-информационные услуги
19513088,https://investmoscow.ru/tenders/tender/19513088,2024-03-29,2023-12,2024-05,2024-05-31,63,"Южный административный округ, Чертаново Северное, микрорайон Северное Чертаново, дом 5, корпус Г, Этаж № 2",микрорайон северное чертаново 5 корпус,12,low,"Северное Чертаново, Московский культурный центр | Сдать вещи просто, пункт приема вещей | Ozon","Дополнительное образование / Развивающие курсы, Общее образование / Центры раннего развития детей, Спортивные клубы / школы, Центры творчества и досуга -> Детские / подростковые клубы, Обучение танцам, Спортивно-интеллектуальные клубы, Центры раннего развития детей, Языковые школы | Бытовые услуги -> Пункты приёма | Грузоперевозки / Транспортные услуги -> Пункты выдачи интернет-заказов","Северное Чертаново, Московский культурный центр | Сдать вещи просто, пункт приема вещей | Ozon | Boxberry, отделение службы доставки | Бемби, ветеринарный центр","Дополнительное образование / Развивающие курсы, Общее образование / Центры раннего развития детей, Спортивные клубы / школы, Центры творчества и досуга -> Детские / подростковые клубы, Обучение танцам, Спортивно-интеллектуальные клубы, Центры раннего развития детей, Языковые школы | Бытовые услуги -> Пункты приёма | Грузоперевозки / Транспортные услуги -> Пункты выдачи интернет-заказов | Грузоперевозки / Транспортные услуги -> Пункты выдачи интернет-заказов, Экспресс-почта | Ветеринария, Товары / услуги для животных -> Ветеринарные клиники, Выездные ветеринарные службы, Зоогостиницы"
19513935,https://investmoscow.ru/tenders/tender/19513935,2024-03-28,2023-12,2024-05,2024-05-31,64,"Юго-Восточный административный округ, Марьино, Новомарьинская улица, дом 20, Этаж № 1",новомарьинская улица 20,2,medium,"Пятёрочка, супермаркет | 5post, пункт выдачи заказов","Спецмагазины, Торговые комплексы -> Доставка продуктов / хозтоваров, Супермаркеты | Грузоперевозки / Транспортные услуги -> Пункты выдачи интернет-заказов","Пятёрочка, супермаркет | 5post, пункт выдачи заказов","Спецмагазины, Торговые комплексы -> Доставка продуктов / хозтоваров, Супермаркеты | Грузоперевозки / Транспортные услуги -> Пункты выдачи интернет-заказов"
19514087,https://investmoscow.ru/tenders/tender/19514087,2024-03-29,2023-12,2024-05,2024-05-31,63,"Северный административный округ, Сокол, Чапаевский переулок, дом 8, Подвал № 0",чапаевский переулок 8,1,high,"Инспекция Федеральной налоговой службы России №14, Северный административный округ",Органы государственного управления / надзора -> Налоговые инспекции,"Инспекция Федеральной налоговой службы России №14, Северный административный округ",Органы государственного управления / надзора -> Налоговые инспекции
19516503,https://investmoscow.ru/tenders/tender/19516503,2024-03-29,2023-12,2024-05,2024-05-31,63,"Южный административный округ, Даниловский, Мытная улица, дом 54, Подвал № 0",мытная улица 54,3,medium,"Мобилиус, магазин аксессуаров для телефонов | Samokhin group, художественно-производственная мастерская | Мистер Плинтус, магазин напольных покрытий","Бытовые услуги, Издательское дело / Полиграфия, Рекламные услуги, Средства связи -> Аксессуары к мобильным телефонам, Изготовление ключей, Копировальные услуги, Нанесение изображений на сувениры | Услуги по организации праздников / досуга -> Сценические декорации / Бутафория | Отделочные материалы, Строительные / монтажные работы -> Декоративные отделочные элементы и материалы, Межкомнатные двери, Напольные покрытия / Комплектующие, Погонажные изделия, Ремонт / укладка напольных покрытий","Мобилиус, магазин аксессуаров для телефонов | Samokhin group, художественно-производственная мастерская | Мистер Плинтус, магазин напольных покрытий","Бытовые услуги, Издательское дело / Полиграфия, Рекламные услуги, Средства связи -> Аксессуары к мобильным телефонам, Изготовление ключей, Копировальные услуги, Нанесение изображений на сувениры | Услуги по организации праздников / досуга -> Сценические декорации / Бутафория | Отделочные материалы, Строительные / монтажные работы -> Декоративные отделочные элементы и материалы, Межкомнатные двери, Напольные покрытия / Комплектующие, Погонажные изделия, Ремонт / укладка напольных покрытий"
19519366,https://investmoscow.ru/tenders/tender/19519366,2024-04-03,2024-05,2024-09,2024-09-30,180,"Юго-Западный административный округ, Гагаринский, Ленинский проспект, дом 41/2, Подвал № 0",ленинский проспект 41/2,4,low,"Распевки.ру, студия вокала | Force`Age, магазин камуфляжа, снаряжения и одежды в стиле милитари | Vivasanmagic, склад самовывоза","Дополнительное образование / Развивающие курсы, Рекламные услуги -> Курсы вокала, Музыкальные курсы, Студии звукозаписи | Грузоперевозки / Транспортные услуги -> Пункты выдачи интернет-заказов | Красота / Здоровье, Спецмагазины -> Ароматовары, Косметика / Парфюмерия","Распевки.ру, студия вокала | Force`Age, магазин камуфляжа, снаряжения и одежды в стиле милитари | Vivasanmagic, склад самовывоза | Императорский фарфор, магазин","Дополнительное образование / Развивающие курсы, Рекламные услуги -> Курсы вокала, Музыкальные курсы, Студии звукозаписи | Грузоперевозки / Транспортные услуги -> Пункты выдачи интернет-заказов | Красота / Здоровье, Спецмагазины -> Ароматовары, Косметика / Парфюмерия | Предметы интерьера / экстерьера, Рекламные услуги, Садово-хозяйственные товары, Спецмагазины -> Керамические изделия, Нанесение изображений на сувениры, Национальные товары, Посуда, Сувениры"
19519742,https://investmoscow.ru/tenders/tender/19519742,2024-04-03,2024-05,2024-09,2024-09-30,180,"Северо-Восточный административный округ, Марьина роща, улица Образцова, дом 5А, Этаж № 1",улица образцова 5а,3,medium,"Электра, школа эпиляции | Электра, магазин по продаже материалов и оборудования для салонов красоты | Электра, студия эпиляции","Дополнительное образование / Развивающие курсы -> Обучение мастеров для салонов красоты | Красота / Здоровье, Оборудование для сферы услуг -> Оборудование для салонов красоты, Профессиональная косметика | Красота / Здоровье -> Эпиляция","Электра, школа эпиляции | Электра, магазин по продаже материалов и оборудования для салонов красоты | Электра, студия эпиляции","Дополнительное образование / Развивающие курсы -> Обучение мастеров для салонов красоты | Красота / Здоровье, Оборудование для сферы услуг -> Оборудование для салонов красоты, Профессиональная косметика | Красота / Здоровье -> Эпиляция"
19521127,https://investmoscow.ru/tenders/tender/19521127,2024-04-16,2024-05,2024-09,2024-09-30,167,"Северный административный округ, Ховрино, Фестивальная улица, дом 47, Этаж № 1",фестивальная улица 47,1,high,"Медлайн-сервис, медицинский центр","Красота / Здоровье, Медицинские услуги -> Аллерголог / иммунолог, Андролог, Гастроэнтеролог, Гинеколог, Дерматолог, Детские врачи, Инфекционист, Кардиолог, Косметолог, ЛОР (отоларинголог), Маммолог, Мануальный терапевт, Массажист, Медицинская диагностика, Медицинские анализы, Медицинские комиссии, Миколог, Многопрофильные медицинские центры, Невролог, Онколог, Офтальмолог, Пластическая хирургия, Проведение хирургических операций, Проктолог, Психиатр, Ревматолог, Рефлексотерапевт, Терапевт, Травматолог-ортопед, Трихолог, Уролог, Флеболог, Хирург, Частные стоматологии, Эндокринолог","Медлайн-сервис, медицинский центр","Красота / Здоровье, Медицинские услуги -> Аллерголог / иммунолог, Андролог, Гастроэнтеролог, Гинеколог, Дерматолог, Детские врачи, Инфекционист, Кардиолог, Косметолог, ЛОР (отоларинголог), Маммолог, Мануальный терапевт, Массажист, Медицинская диагностика, Медицинские анализы, Медицинские комиссии, Миколог, Многопрофильные медицинские центры, Невролог, Онколог, Офтальмолог, Пластическая хирургия, Проведение хирургических операций, Проктолог, Психиатр, Ревматолог, Рефлексотерапевт, Терапевт, Травматолог-ортопед, Трихолог, Уролог, Флеболог, Хирург, Частные стоматологии, Эндокринолог"
19521945,https://investmoscow.ru/tenders/tender/19521945,2024-04-09,2024-09,2024-10,2024-10-31,205,"Северный административный округ, Войковский, улица Космонавта Волкова, дом 19, Этаж № 1",улица космонавта волкова 19,1,high,"Wildberries, пункт выдачи товара",Грузоперевозки / Транспортные услуги -> Пункты выдачи интернет-заказов,"Wildberries, пункт выдачи товара",Грузоперевозки / Транспортные услуги -> Пункты выдачи интернет-заказов
19531140,https://investmoscow.ru/tenders/tender/19531140,2024-04-18,2024-05,2024-09,2024-09-30,165,"Новомосковский административный округ, Десеновское, поселение Десеновское, 3-я Нововатутинская улица, дом 8, Этаж № -1",3 я нововатутинская улица 8,9,low,"Платежный терминал | Красное&Белое, магазин | Строймаркет","Бытовые услуги -> Платёжные терминалы | Напитки, Торговые комплексы -> Алкогольные напитки, Супермаркеты | Инструмент, Отделочные материалы, Садово-хозяйственные товары, Сантехническое оборудование, Строительные материалы / конструкции -> Герметики / Клеи, Крепёж, Сантехника, Стройматериалы, Сухие строительные смеси, Хозтовары, Электроинструмент","Платежный терминал | Красное&Белое, магазин | Строймаркет | Согаз-мед, страховая компания | Инглиш Клаб","Бытовые услуги -> Платёжные терминалы | Напитки, Торговые комплексы -> Алкогольные напитки, Супермаркеты | Инструмент, Отделочные материалы, Садово-хозяйственные товары, Сантехническое оборудование, Строительные материалы / конструкции -> Герметики / Клеи, Крепёж, Сантехника, Стройматериалы, Сухие строительные смеси, Хозтовары, Электроинструмент | Услуги страхования -> Страхование | Дополнительное образование / Развивающие курсы, Общее образование / Центры раннего развития детей -> Курсы творчества и рукоделия для взрослых, Центры раннего развития детей, Языковые школы"
19532877,https://investmoscow.ru/tenders/tender/19532877,2024-05-22,2024-05,2024-09,2024-09-30,131,"Центральный административный округ, Замоскворечье, Вишняковский переулок, дом 27, Этаж № 1",вишняковский переулок 27,1,medium,iPodcast,"Рекламные услуги -> Видеосъёмка, Фотостудии",iPodcast,"Рекламные услуги -> Видеосъёмка, Фотостудии"
19533838,https://investmoscow.ru/tenders/tender/19533838,2024-04-26,2024-05,2024-09,2024-09-30,157,"Северный административный округ, Бескудниковский, Дмитровское шоссе, дом 91, Подвал № 0",дмитровское шоссе 91,2,medium,"Авокадо, мини-маркет | Чайхана",Продукты питания -> Продуктовые магазины | Общественное питание -> Кафе,"Авокадо, мини-маркет | Чайхана",Продукты питания -> Продуктовые магазины | Общественное питание -> Кафе
19540217,https://investmoscow.ru/tenders/tender/19540217,2024-05-24,2024-05,2024-09,2024-09-30,129,"Восточный административный округ, Измайлово, Заводской проезд, дом 23, подвал",заводской проезд 23,1,high,Кабинет клинического психолога,Медицинские услуги -> Психолог,Кабинет клинического психолога,Медицинские услуги -> Психолог
19540234,https://investmoscow.ru/tenders/tender/19540234,2024-05-22,2024-05,2024-09,2024-09-30,131,"Западный административный округ, Дорогомилово, Кутузовский проспект, дом 30, Этаж № 2",кутузовский проспект 30,10,low,"Мастерская по ремонту часов и ювелирных изделий | Современная Студия в центре | Cainiao, пункт выдачи","Бытовые услуги, Рекламные услуги, Спецмагазины -> Гравировка, Ремонт часов, Ювелирные мастерские | Туризм / Отдых -> Квартирные бюро | Грузоперевозки / Транспортные услуги -> Пункты выдачи интернет-заказов","Мастерская по ремонту часов и ювелирных изделий | Современная Студия в центре | Cainiao, пункт выдачи | Redenta, стоматология | Банк ВТБ","Бытовые услуги, Рекламные услуги, Спецмагазины -> Гравировка, Ремонт часов, Ювелирные мастерские | Туризм / Отдых -> Квартирные бюро | Грузоперевозки / Транспортные услуги -> Пункты выдачи интернет-заказов | Медицинские услуги -> Частные стоматологии | Банковские / финансовые услуги -> Банки"
19540250,https://investmoscow.ru/tenders/tender/19540250,2024-05-22,2024-05,2024-09,2024-09-30,131,"Южный административный округ, Даниловский, улица Трофимова, дом 3, Подвал № 0",улица трофимова 3,4,low,"Авито, пункт выдачи заказов | Романишин, магазин | ВкусВилл, магазин полезных продуктов","Грузоперевозки / Транспортные услуги -> Пункты выдачи интернет-заказов | Продукты питания -> Мясо / Полуфабрикаты, Мясо птицы / Полуфабрикаты, Рыба / Морепродукты, Специи | Общественное питание, Спецмагазины, Торговые комплексы -> Доставка еды, Доставка продуктов, Кулинарии, Супермаркеты","Авито, пункт выдачи заказов | Романишин, магазин | ВкусВилл, магазин полезных продуктов | #Добрые_крышечки, пункт приема мелких партий крышек","Грузоперевозки / Транспортные услуги -> Пункты выдачи интернет-заказов | Продукты питания -> Мясо / Полуфабрикаты, Мясо птицы / Полуфабрикаты, Рыба / Морепродукты, Специи | Общественное питание, Спецмагазины, Торговые комплексы -> Доставка еды, Доставка продуктов, Кулинарии, Супермаркеты | Бытовые услуги -> Пункты приёма"
19541662,https://investmoscow.ru/tenders/tender/19541662,2024-05-22,2024-09,2024-10,2024-10-31,162,"Северо-Восточный административный округ, Марьина роща, Шереметьевская улица, дом 35, Подвал № 0",шереметьевская улица 35,1,medium,"Молочно-раздаточный пункт №60, Молочно-раздаточный пункт",Социальные учреждения -> Молочные кухни,"Молочно-раздаточный пункт №60, Молочно-раздаточный пункт",Социальные учреждения -> Молочные кухни
19541744,https://investmoscow.ru/tenders/tender/19541744,2024-05-21,2024-05,2024-09,2024-09-30,132,"г. Москва, ул. Нижняя Хохловка, дом 8, этаж 1, пом. 2Н",улица нижняя хохловка 8,4,low,"Винлаб, супермаркет напитков | Wildberries | Акванота, интернет-магазин","Напитки, Продукты питания -> Алкогольные напитки, Продуктовые магазины | Грузоперевозки / Транспортные услуги -> Пункты выдачи интернет-заказов | Сантехническое оборудование -> Сантехника","Винлаб, супермаркет напитков | Wildberries | Акванота, интернет-магазин | Пятёрочка, супермаркет","Напитки, Продукты питания -> Алкогольные напитки, Продуктовые магазины | Грузоперевозки / Транспортные услуги -> Пункты выдачи интернет-заказов | Сантехническое оборудование -> Сантехника | Торговые комплексы -> Супермаркеты"
19541840,https://investmoscow.ru/tenders/tender/19541840,2024-05-21,2024-05,2024-09,2024-09-30,132,"г. Москва, ул. Нижняя Хохловка, дом 8, этаж 1, пом. 8Н",улица нижняя хохловка 8,4,low,"Винлаб, супермаркет напитков | Wildberries | Акванота, интернет-магазин","Напитки, Продукты питания -> Алкогольные напитки, Продуктовые магазины | Грузоперевозки / Транспортные услуги -> Пункты выдачи интернет-заказов | Сантехническое оборудование -> Сантехника","Винлаб, супермаркет напитков | Wildberries | Акванота, интернет-магазин | Пятёрочка, супермаркет","Напитки, Продукты питания -> Алкогольные напитки, Продуктовые магазины | Грузоперевозки / Транспортные услуги -> Пункты выдачи интернет-заказов | Сантехническое оборудование -> Сантехника | Торговые комплексы -> Супермаркеты"
19541889,https://investmoscow.ru/tenders/tender/19541889,2024-05-21,2024-05,2024-09,2024-09-30,132,"г. Москва, ул. Нижняя Хохловка, дом 8, этаж 1, пом. 9Н",улица нижняя хохловка 8,4,low,"Винлаб, супермаркет напитков | Wildberries | Акванота, интернет-магазин","Напитки, Продукты питания -> Алкогольные напитки, Продуктовые магазины | Грузоперевозки / Транспортные услуги -> Пункты выдачи интернет-заказов | Сантехническое оборудование -> Сантехника","Винлаб, супермаркет напитков | Wildberries | Акванота, интернет-магазин | Пятёрочка, супермаркет","Напитки, Продукты питания -> Алкогольные напитки, Продуктовые магазины | Грузоперевозки / Транспортные услуги -> Пункты выдачи интернет-заказов | Сантехническое оборудование -> Сантехника | Торговые комплексы -> Супермаркеты"
19544526,https://investmoscow.ru/tenders/tender/19544526,2024-05-16,2024-05,2024-09,2024-09-30,137,"улица Маршала Сергеева, дом 3, Этаж № 1",улица маршала сергеева 3,4,low,"BETONE barbershop, барбершоп | Superapteka.ru, аптека | Soda, салон красоты","Красота / Здоровье -> Барбершопы | Медицинские товары -> Аптеки, БАДы, Медицинские приборы, Медицинские расходные материалы, Средства гигиены | Красота / Здоровье -> Ногтевые студии, Парикмахерские, Услуги по оформлению ресниц / бровей","BETONE barbershop, барбершоп | Superapteka.ru, аптека | Soda, салон красоты | Elly nails, салон красоты","Красота / Здоровье -> Барбершопы | Медицинские товары -> Аптеки, БАДы, Медицинские приборы, Медицинские расходные материалы, Средства гигиены | Красота / Здоровье -> Ногтевые студии, Парикмахерские, Услуги по оформлению ресниц / бровей | Красота / Здоровье -> Ногтевые студии, Услуги по оформлению ресниц / бровей"
19544553,https://investmoscow.ru/tenders/tender/19544553,2024-05-16,2024-05,2024-09,2024-09-30,137,"Центральный административный округ, Мещанский, улица Сущёвский Вал, дом 66, подвал № 0",улица сущевский вал 66,3,medium,"Vip.Flowers, салон цветов | Тактикарус, магазин военного снаряжения и экипировки | Шахматная школа №1, детская шахматная школа","Спецмагазины -> Доставка цветов, Цветы | Обувь, Одежда / Аксессуары, Спортивные товары -> Одежда / обувь для силовых структур, Спецобувь, Спецодежда, Спортивная одежда / обувь | Спортивные клубы / школы -> Спортивно-интеллектуальные клубы","Vip.Flowers, салон цветов | Тактикарус, магазин военного снаряжения и экипировки | Шахматная школа №1, детская шахматная школа","Спецмагазины -> Доставка цветов, Цветы | Обувь, Одежда / Аксессуары, Спортивные товары -> Одежда / обувь для силовых структур, Спецобувь, Спецодежда, Спортивная одежда / обувь | Спортивные клубы / школы -> Спортивно-интеллектуальные клубы"
19544557,https://investmoscow.ru/tenders/tender/19544557,2024-05-16,2024-05,2024-09,2024-09-30,137,"улица Маршала Сергеева, дом 3, этаж № 1",улица маршала сергеева 3,4,low,"BETONE barbershop, барбершоп | Superapteka.ru, аптека | Soda, салон красоты","Красота / Здоровье -> Барбершопы | Медицинские товары -> Аптеки, БАДы, Медицинские приборы, Медицинские расходные материалы, Средства гигиены | Красота / Здоровье -> Ногтевые студии, Парикмахерские, Услуги по оформлению ресниц / бровей","BETONE barbershop, барбершоп | Superapteka.ru, аптека | Soda, салон красоты | Elly nails, салон красоты","Красота / Здоровье -> Барбершопы | Медицинские товары -> Аптеки, БАДы, Медицинские приборы, Медицинские расходные материалы, Средства гигиены | Красота / Здоровье -> Ногтевые студии, Парикмахерские, Услуги по оформлению ресниц / бровей | Красота / Здоровье -> Ногтевые студии, Услуги по оформлению ресниц / бровей"
19545333,https://investmoscow.ru/tenders/tender/19545333,2024-05-15,2024-05,2024-09,2024-09-30,138,"Северный административный округ, Войковский, 2-й Новоподмосковный переулок, дом 3А, Подвал № 0,  Подвал № 1",2 й новоподмосковный переулок 3а,3,medium,Женская консультация №5 | Женская консультация №11 | Можно Торт,Медицинские учреждения -> Женские консультации | Продукты питания -> Кондитерские изделия,Женская консультация №5 | Женская консультация №11 | Можно Торт,Медицинские учреждения -> Женские консультации | Продукты питания -> Кондитерские изделия
19548225,https://investmoscow.ru/tenders/tender/19548225,2024-05-29,2024-05,2024-09,2024-09-30,124,"Юго-Западный административный округ, Гагаринский, Ленинский проспект, дом 34/1, Подвал № 0",ленинский проспект 34/1,3,low,"Доктор Столетов, аптека | Party day , магазин цветов и шаров | Gipfel, магазин посуды","Медицинские товары -> Аптеки, БАДы, Доставка лекарств, Медицинские приборы, Средства гигиены | Спецмагазины, Тара / Упаковка, Услуги по организации праздников / досуга -> Доставка цветов, Товары для праздников, Услуги по упаковке подарков, Услуги праздничного оформления, Цветы | Садово-хозяйственные товары -> Посуда","Доктор Столетов, аптека | Party day , магазин цветов и шаров | Gipfel, магазин посуды","Медицинские товары -> Аптеки, БАДы, Доставка лекарств, Медицинские приборы, Средства гигиены | Спецмагазины, Тара / Упаковка, Услуги по организации праздников / досуга -> Доставка цветов, Товары для праздников, Услуги по упаковке подарков, Услуги праздничного оформления, Цветы | Садово-хозяйственные товары -> Посуда"
19548355,https://investmoscow.ru/tenders/tender/19548355,2024-05-28,2024-05,2024-09,2024-09-30,125,"Западный административный округ, Кунцево, улица Академика Павлова, дом 28, Этаж № 1, пом. 12Н",улица академика павлова 28,11,low,"Rue Bistro | Smile Fish, частный детский сад | ChenazeS, барбершоп","Общественное питание -> Бары, Кафе, Пиццерии | Общее образование / Центры раннего развития детей, Центры творчества и досуга -> Детские / подростковые клубы, Центры раннего развития детей, Частные детские сады | Красота / Здоровье -> Барбершопы","Rue Bistro | Smile Fish, частный детский сад | ChenazeS, барбершоп | Birco | Мокрый нос, магазин товаров для животных","Общественное питание -> Бары, Кафе, Пиццерии | Общее образование / Центры раннего развития детей, Центры творчества и досуга -> Детские / подростковые клубы, Центры раннего развития детей, Частные детские сады | Красота / Здоровье -> Барбершопы | Одежда / Аксессуары -> Верхняя одежда, Женская одежда | Товары / услуги для животных -> Зоотовары"
19548883,https://investmoscow.ru/tenders/tender/19548883,2024-05-28,2024-05,2024-09,2024-09-30,125,"Зеленоградский административный округ, Крюково, город Зеленоград, улица 1 Мая, дом 5, Этаж № 3",улица 1 мая 5,3,low,"Центральное Зеленоградское бюро ремонта техники | Wildberries | Мебель Woody, производственная компания","Аудио / Видео / Бытовая техника -> Ремонт / установка бытовой техники, Ремонт цифровой техники | Грузоперевозки / Транспортные услуги -> Пункты выдачи интернет-заказов | Мебель -> Корпусная мебель, Мебель для ванных комнат, Мебель для кухни, Мебель на заказ, Офисная мебель","Центральное Зеленоградское бюро ремонта техники | Wildberries | Мебель Woody, производственная компания","Аудио / Видео / Бытовая техника -> Ремонт / установка бытовой техники, Ремонт цифровой техники | Грузоперевозки / Транспортные услуги -> Пункты выдачи интернет-заказов | Мебель -> Корпусная мебель, Мебель для ванных комнат, Мебель для кухни, Мебель на заказ, Офисная мебель"
19551758,https://investmoscow.ru/tenders/tender/19551758,2024-05-29,2024-05,2024-09,2024-09-30,124,"Восточный административный округ, Измайлово, Первомайская улица, дом 4, Подвал № 0",первомайская улица 4,1,medium,"Ozon, пункт выдачи товара",Грузоперевозки / Транспортные услуги -> Пункты выдачи интернет-заказов,"Ozon, пункт выдачи товара",Грузоперевозки / Транспортные услуги -> Пункты выдачи интернет-заказов
19557841,https://investmoscow.ru/tenders/tender/19557841,2024-05-31,2024-05,2024-09,2024-09-30,122,"Центральный административный округ, Замоскворечье, 1-й Щипковский переулок, дом 17, Подвал № 0",1 й щипковский переулок 17,1,medium,"Цветочные Рецепты, цветочная мастерская","Спецмагазины, Услуги по организации праздников / досуга -> Доставка цветов, Сувенирные композиции, Товары для праздников, Услуги праздничного оформления, Цветы","Цветочные Рецепты, цветочная мастерская","Спецмагазины, Услуги по организации праздников / досуга -> Доставка цветов, Сувенирные композиции, Товары для праздников, Услуги праздничного оформления, Цветы"
19560013,https://investmoscow.ru/tenders/tender/19560013,2024-06-19,2024-05,2024-09,2024-09-30,103,"Центральный административный округ, Красносельский, Верхняя Красносельская улица, дом 10, Этаж № 1",верхняя красносельская улица 10,2,medium,"Север Ким | Ле-Фарм, фарма","Грузоперевозки / Транспортные услуги -> Железнодорожные грузоперевозки | Медицинские товары -> Аптеки, БАДы, Доставка лекарств, Ортопедические товары, Средства гигиены","Север Ким | Ле-Фарм, фарма","Грузоперевозки / Транспортные услуги -> Железнодорожные грузоперевозки | Медицинские товары -> Аптеки, БАДы, Доставка лекарств, Ортопедические товары, Средства гигиены"
19562116,https://investmoscow.ru/tenders/tender/19562116,2024-06-19,2024-09,2024-10,2024-10-31,134,"Юго-Восточный административный округ, Марьино, Марьинский бульвар, дом 7, Этаж № 1",марьинский бульвар 7,1,high,"Феерия, студия современного танца",Спортивные клубы / школы -> Обучение танцам,"Феерия, студия современного танца",Спортивные клубы / школы -> Обучение танцам
19562275,https://investmoscow.ru/tenders/tender/19562275,2024-05-31,2024-05,2024-09,2024-09-30,122,"Центральный административный округ, Красносельский, Краснопрудная улица, дом 22-24, Подвал № 0",краснопрудная улица 22 24,3,medium,"Aurum, ломбард | TechSkin | Coffee Moments","Банковские / финансовые услуги -> Ломбарды | Средства связи -> Аксессуары к телефонам, Запчасти к телефонам, Ремонт телефонов | Общественное питание, Продукты питания -> Кондитерские изделия, Кофейни","Aurum, ломбард | TechSkin | Coffee Moments","Банковские / финансовые услуги -> Ломбарды | Средства связи -> Аксессуары к телефонам, Запчасти к телефонам, Ремонт телефонов | Общественное питание, Продукты питания -> Кондитерские изделия, Кофейни"
19563687,https://investmoscow.ru/tenders/tender/19563687,2024-05-31,2024-05,2024-09,2024-09-30,122,"Восточный административный округ, Сокольники, Егерская улица, дом 1, Подвал № 0",егерская улица 1,1,high,"5post, пункт выдачи интернет-заказов",Грузоперевозки / Транспортные услуги -> Пункты выдачи интернет-заказов,"5post, пункт выдачи интернет-заказов",Грузоперевозки / Транспортные услуги -> Пункты выдачи интернет-заказов
19567381,https://investmoscow.ru/tenders/tender/19567381,2024-06-05,2024-05,2024-09,2024-09-30,117,"Центральный административный округ, Пресненский, Шмитовский проезд, дом 11Б, Подвал № 0",шмитовский проезд 11б,1,high,More Decore,"Архитектура / Проектирование / Дизайн -> Архитектурное проектирование, Дизайн интерьеров",More Decore,"Архитектура / Проектирование / Дизайн -> Архитектурное проектирование, Дизайн интерьеров"
19567645,https://investmoscow.ru/tenders/tender/19567645,2024-06-05,2024-05,2024-09,2024-09-30,117,"Южный административный округ, Москворечье-Сабурово, Пролетарский проспект, дом 4, Подвал № 0",пролетарский проспект 4,1,medium,Психоневрологический диспансер №18,"Медицинские услуги, Медицинские учреждения -> Диспансеры, Психиатр",Психоневрологический диспансер №18,"Медицинские услуги, Медицинские учреждения -> Диспансеры, Психиатр"
19568942,https://investmoscow.ru/tenders/tender/19568942,2024-06-11,2024-05,2024-09,2024-09-30,111,"Юго-Западный административный округ, Южное Бутово, улица Маршала Савицкого, дом 16, Этаж № 1",улица маршала савицкого 16,2,medium,"INVITRO, медицинская компания | ГРК, Фотоцентр","Медицинские услуги -> Медицинская диагностика, Медицинские анализы | Бытовые услуги, Издательское дело / Полиграфия -> Копировальные услуги, Послепечатная обработка, Фото на документы, Широкоформатная печать","INVITRO, медицинская компания | ГРК, Фотоцентр","Медицинские услуги -> Медицинская диагностика, Медицинские анализы | Бытовые услуги, Издательское дело / Полиграфия -> Копировальные услуги, Послепечатная обработка, Фото на документы, Широкоформатная печать"
19569846,https://investmoscow.ru/tenders/tender/19569846,2024-05-29,2024-05,2024-09,2024-09-30,124,"Южный административный округ, Даниловский, Городская улица, дом 3, Подвал № 0",городская улица 3,1,high,"Sevaro elit, торгово-производственная компания",Одежда / Аксессуары -> Сумки / Кожгалантерея,"Sevaro elit, торгово-производственная компания",Одежда / Аксессуары -> Сумки / Кожгалантерея
19570132,https://investmoscow.ru/tenders/tender/19570132,2024-06-19,2024-09,2024-10,2024-10-31,134,"Северо-Восточный административный округ, Ярославский, Ярославское шоссе, дом 136, Этаж № 1",ярославское шоссе 136,1,medium,"Магнит, супермаркет",Торговые комплексы -> Супермаркеты,"Магнит, супермаркет",Торговые комплексы -> Супермаркеты
19570186,https://investmoscow.ru/tenders/tender/19570186,2024-06-20,2024-05,2024-09,2024-09-30,102,"Северо-Западный административный округ, Митино, Митинская улица, дом 37, Этаж № 1",митинская улица 37,4,low,"Pet Aesthetic, груминг-салон | Chic&charme, студия | Блеск, салон красоты","Товары / услуги для животных -> Уход за животными | Красота / Здоровье -> Эпиляция | Красота / Здоровье -> Ногтевые студии, Перманентный макияж, Услуги по оформлению ресниц / бровей","Pet Aesthetic, груминг-салон | Chic&charme, студия | Блеск, салон красоты | Мастерская по изготовлению ключей","Товары / услуги для животных -> Уход за животными | Красота / Здоровье -> Эпиляция | Красота / Здоровье -> Ногтевые студии, Перманентный макияж, Услуги по оформлению ресниц / бровей | Бытовые услуги, Обувь -> Изготовление ключей, Ремонт обуви / кожгалантереи"
19571334,https://investmoscow.ru/tenders/tender/19571334,2024-06-19,2024-05,2024-09,2024-09-30,103,"Юго-Восточный административный округ, Южнопортовый, Велозаводская улица, дом 9, Подвал № 0",велозаводская улица 9,2,medium,"Электрозона, сервис по ремонту электротранспорта Minako | Красное&Белое, магазин","Автотранспорт, Спортивные товары -> Продажа электросамокатов / электровелосипедов, Ремонт спортивного инвентаря | Напитки, Торговые комплексы -> Алкогольные напитки, Супермаркеты","Электрозона, сервис по ремонту электротранспорта Minako | Красное&Белое, магазин","Автотранспорт, Спортивные товары -> Продажа электросамокатов / электровелосипедов, Ремонт спортивного инвентаря | Напитки, Торговые комплексы -> Алкогольные напитки, Супермаркеты"
19571682,https://investmoscow.ru/tenders/tender/19571682,2024-06-13,2024-05,2024-09,2024-09-30,109,"Центральный административный округ, Хамовники, Смоленский бульвар, дом 15, Этаж № 1",смоленский бульвар 15,4,low,"Мк Неовитэль, компания | Game&realty, психологический центр | Smile Fish, частный детский сад","Медицинские товары -> Медицинское оборудование | Медицинские услуги -> Психолог | Общее образование / Центры раннего развития детей -> Центры раннего развития детей, Частные детские сады","Мк Неовитэль, компания | Game&realty, психологический центр | Smile Fish, частный детский сад | Kann","Медицинские товары -> Медицинское оборудование | Медицинские услуги -> Психолог | Общее образование / Центры раннего развития детей -> Центры раннего развития детей, Частные детские сады | Архитектура / Проектирование / Дизайн -> Архитектурное проектирование, Дизайн интерьеров"
19571722,https://investmoscow.ru/tenders/tender/19571722,2024-06-13,2024-05,2024-09,2024-09-30,109,"Центральный административный округ, Мещанский, Выползов переулок, дом 8, Подвал № 0",выползов переулок 8,2,medium,"Сервисный центр по ремонту цифровой техники | Лига юных, представительство в городе","Аудио / Видео / Бытовая техника, Компьютеры, Оргтехника / Офисная техника -> Компьютеры / Комплектующие, Оргтехника, Ремонт компьютеров, Ремонт цифровой техники","Сервисный центр по ремонту цифровой техники | Лига юных, представительство в городе","Аудио / Видео / Бытовая техника, Компьютеры, Оргтехника / Офисная техника -> Компьютеры / Комплектующие, Оргтехника, Ремонт компьютеров, Ремонт цифровой техники"
19571946,https://investmoscow.ru/tenders/tender/19571946,2024-06-19,2024-05,2024-09,2024-09-30,103,"Центральный административный округ, Тверской, 3-я Тверская-Ямская улица, дом 11, Подвал № 0",3 я тверская ямская улица 11,1,high,"Cat Kris, бьюти-коворкинг",Недвижимость -> Коворкинг,"Cat Kris, бьюти-коворкинг",Недвижимость -> Коворкинг
19572961,https://investmoscow.ru/tenders/tender/19572961,2024-06-20,2024-05,2024-09,2024-09-30,102,"Восточный административный округ, Измайлово, 3-я Парковая улица, дом 7/17, Подвал № 0",3 я парковая улица 7/17,2,medium,"Уют Лтд, универсам | Стройхозмаг, магазин","Торговые комплексы -> Супермаркеты | Инструмент, Отделочные материалы, Садово-хозяйственные товары, Сантехническое оборудование -> Крепёж, Посуда, Сантехника, Слесарно-монтажный инструмент, Хозтовары","Уют Лтд, универсам | Стройхозмаг, магазин","Торговые комплексы -> Супермаркеты | Инструмент, Отделочные материалы, Садово-хозяйственные товары, Сантехническое оборудование -> Крепёж, Посуда, Сантехника, Слесарно-монтажный инструмент, Хозтовары"
19572973,https://investmoscow.ru/tenders/tender/19572973,2024-06-20,2024-05,2024-09,2024-09-30,102,"Восточный административный округ, Перово, 1-я улица Энтузиастов, дом 12А, Этаж № 2",1 я улица энтузиастов 12а,1,high,БТИ-2 2 корпус,Туризм / Отдых -> Гостиницы,БТИ-2 2 корпус,Туризм / Отдых -> Гостиницы
19573053,https://investmoscow.ru/tenders/tender/19573053,2024-06-20,2024-05,2024-09,2024-09-30,102,"Южный административный округ, Даниловский, Велозаводская улица, дом 6, Подвал № 0",велозаводская улица 6,1,high,"Винлаб, магазин",Напитки -> Алкогольные напитки,"Винлаб, магазин",Напитки -> Алкогольные напитки
19579111,https://investmoscow.ru/tenders/tender/19579111,2024-06-27,2024-05,2024-09,2024-09-30,95,"Северо-Восточный административный округ, Ярославский, Югорский проезд, дом 6, Этаж № 1",югорский проезд 6,1,low,Ozon,Грузоперевозки / Транспортные услуги -> Пункты выдачи интернет-заказов,Ozon,Грузоперевозки / Транспортные услуги -> Пункты выдачи интернет-заказов
19579937,https://investmoscow.ru/tenders/tender/19579937,2024-07-03,2024-05,2024-09,2024-09-30,89,"Юго-Восточный административный округ, Южнопортовый, 3-й Крутицкий переулок, дом 11, Этаж № 2",3 й крутицкий переулок 11,8,low,"АльфаБизнесГрупп | Мосэнергосбыт, платежный терминал | Chevelure, студия красоты","Наружная реклама, Рекламные услуги, Строительные / монтажные работы -> Изготовление рекламных конструкций, Рекламные агентства полного цикла, Световая реклама, Фасадные работы | Бытовые услуги -> Платёжные терминалы | Красота / Здоровье -> Парикмахерские","АльфаБизнесГрупп | Мосэнергосбыт, платежный терминал | Chevelure, студия красоты | Asnails, студия маникюра | Faceology, бьюти-пространство","Наружная реклама, Рекламные услуги, Строительные / монтажные работы -> Изготовление рекламных конструкций, Рекламные агентства полного цикла, Световая реклама, Фасадные работы | Бытовые услуги -> Платёжные терминалы | Красота / Здоровье -> Парикмахерские | Красота / Здоровье -> Ногтевые студии | Красота / Здоровье -> Визажисты, Косметолог, Массажист, Услуги по оформлению ресниц / бровей"
19580948,https://investmoscow.ru/tenders/tender/19580948,2024-07-05,2024-05,2024-09,2024-09-30,87,"Западный административный округ, Дорогомилово, улица Генерала Ермолова, дом 10/6, Подвал № 0",улица генерала ермолова 10/6,1,high,"Орион, кабинет психолога",Медицинские услуги -> Психолог,"Орион, кабинет психолога",Медицинские услуги -> Психолог
19581745,https://investmoscow.ru/tenders/tender/19581745,2024-07-05,2024-05,2024-09,2024-09-30,87,"Южный административный округ, Даниловский, Большая Серпуховская улица, дом 60, Подвал № 0",большая серпуховская улица 60,1,high,"Красное&Белое, магазин","Напитки, Торговые комплексы -> Алкогольные напитки, Супермаркеты","Красное&Белое, магазин","Напитки, Торговые комплексы -> Алкогольные напитки, Супермаркеты"
19582052,https://investmoscow.ru/tenders/tender/19582052,2024-06-28,2024-09,2024-10,2024-10-31,125,"Северный административный округ, Сокол, Волоколамское шоссе, дом 15/22, подвал № 0, Этаж № 1",волоколамское шоссе 15/22,1,high,"Uz, чайхана",Общественное питание -> Кафе,"Uz, чайхана",Общественное питание -> Кафе
19582222,https://investmoscow.ru/tenders/tender/19582222,2024-06-28,2024-05,2024-09,2024-09-30,94,"Центральный административный округ, Красносельский, улица Малая Лубянка, дом 16, этаж № 4, пом.  3/4; пом. 4/4;  пом. 5/4; пом. 6/4",улица малая лубянка 16,3,low,"Tradest, логистическая компания | Kuba Hair | Школа био-баланса","Грузоперевозки / Транспортные услуги, Юридические услуги -> Международные грузоперевозки, Организация внешнеэкономической деятельности, Таможенное оформление | Красота / Здоровье -> Парикмахерские | Дополнительное образование / Развивающие курсы -> Профессиональная переподготовка / Повышение квалификации","Tradest, логистическая компания | Kuba Hair | Школа био-баланса","Грузоперевозки / Транспортные услуги, Юридические услуги -> Международные грузоперевозки, Организация внешнеэкономической деятельности, Таможенное оформление | Красота / Здоровье -> Парикмахерские | Дополнительное образование / Развивающие курсы -> Профессиональная переподготовка / Повышение квалификации"
19583874,https://investmoscow.ru/tenders/tender/19583874,2024-06-28,2024-05,2024-09,2024-09-30,94,"Восточный административный округ, Восточное Измайлово, Нижняя Первомайская улица, дом 47, подвал № 0",нижняя первомайская улица 47,1,low,"Дакрида, салон красоты","Красота / Здоровье -> Ногтевые студии, Парикмахерские, Услуги по оформлению ресниц / бровей","Дакрида, салон красоты","Красота / Здоровье -> Ногтевые студии, Парикмахерские, Услуги по оформлению ресниц / бровей"
19584476,https://investmoscow.ru/tenders/tender/19584476,2024-07-03,2024-05,2024-09,2024-09-30,89,"Веерная улица, дом 26А, этаж 1, пом. 4Н",веерная улица 26а,2,low,"Лунатик | Бристоль, магазин алкогольной продукции","Общественное питание -> Кофейни | Напитки, Торговые комплексы -> Алкогольные напитки, Супермаркеты","Лунатик | Бристоль, магазин алкогольной продукции","Общественное питание -> Кофейни | Напитки, Торговые комплексы -> Алкогольные напитки, Супермаркеты"
19587178,https://investmoscow.ru/tenders/tender/19587178,2024-07-02,2024-05,2024-09,2024-09-30,90,"Юго-Западный административный округ, Гагаринский, Молодёжная улица, дом 3, Этаж № 1, подвал № 0",молодежная улица 3,2,low,"Яндекс Маркет, пункт выдачи товаров | Капитал Медицинское Страхование, пункт выдачи полисов",Грузоперевозки / Транспортные услуги -> Пункты выдачи интернет-заказов | Услуги страхования -> Страхование,"Яндекс Маркет, пункт выдачи товаров | Капитал Медицинское Страхование, пункт выдачи полисов",Грузоперевозки / Транспортные услуги -> Пункты выдачи интернет-заказов | Услуги страхования -> Страхование
19587386,https://investmoscow.ru/tenders/tender/19587386,2024-07-05,2024-05,2024-09,2024-09-30,87,"Центральный административный округ, Пресненский, улица Климашкина, дом 12, Подвал № 0,помещение 3П",улица климашкина 12,1,low,"Hendrix Studio, танцевальная студия","Недвижимость, Рекламные услуги, Спортивные комплексы -> Аренда спортивных площадок, Репетиционные студии, Студии звукозаписи","Hendrix Studio, танцевальная студия","Недвижимость, Рекламные услуги, Спортивные комплексы -> Аренда спортивных площадок, Репетиционные студии, Студии звукозаписи"
19591304,https://investmoscow.ru/tenders/tender/19591304,2024-07-09,2024-09,2024-10,2024-10-31,114,"Центральный административный округ, Басманный, улица Покровка, дом 6, Этаж № 1",улица покровка 6,1,high,"DeLaura, ресторан-бар","Общественное питание -> Бары, Рестораны","DeLaura, ресторан-бар","Общественное питание -> Бары, Рестораны"
19591625,https://investmoscow.ru/tenders/tender/19591625,2024-07-19,2024-05,2024-09,2024-09-30,73,"г. Москва, г. Троицк, ул. Академика Черенкова, дом 15, этаж 1, пом. 5Н",улица академика черенкова 15,3,low,"Wildberries, пункт выдачи интернет-заказов | ВкусВилл, магазин полезных продуктов | Добрые крышечки, пункт приема крышeк",Грузоперевозки / Транспортные услуги -> Пункты выдачи интернет-заказов | Торговые комплексы -> Супермаркеты | Бытовые услуги -> Пункты приёма,"Wildberries, пункт выдачи интернет-заказов | ВкусВилл, магазин полезных продуктов | Добрые крышечки, пункт приема крышeк",Грузоперевозки / Транспортные услуги -> Пункты выдачи интернет-заказов | Торговые комплексы -> Супермаркеты | Бытовые услуги -> Пункты приёма
19592156,https://investmoscow.ru/tenders/tender/19592156,2024-07-19,2024-05,2024-09,2024-09-30,73,"г. Москва, ул. Краснолиманская, дом 29, этаж 1, пом. 26Н",улица краснолиманская 29,1,low,"Винлаб, супермаркет напитков","Напитки, Торговые комплексы -> Алкогольные напитки, Супермаркеты","Винлаб, супермаркет напитков","Напитки, Торговые комплексы -> Алкогольные напитки, Супермаркеты"
19592265,https://investmoscow.ru/tenders/tender/19592265,2024-07-19,2024-05,2024-09,2024-09-30,73,"г. Москва, ул. Ленинская Слобода, дом 3, этаж 1, пом. 18Н",улица ленинская слобода 3,1,high,"DbPower, компания по аренде сценического оборудования","Мультимедийное / презентационное оборудование -> Звуковое / световое / видеооборудование, Прокат мультимедийного оборудования","DbPower, компания по аренде сценического оборудования","Мультимедийное / презентационное оборудование -> Звуковое / световое / видеооборудование, Прокат мультимедийного оборудования"
19592478,https://investmoscow.ru/tenders/tender/19592478,2024-07-19,2024-05,2024-09,2024-09-30,73,"Керченская улица, дом 28А, этаж 1, пом. 2Н",керченская улица 28а,1,medium,"Wildberries, пункт выдачи интернет-заказов",Грузоперевозки / Транспортные услуги -> Пункты выдачи интернет-заказов,"Wildberries, пункт выдачи интернет-заказов",Грузоперевозки / Транспортные услуги -> Пункты выдачи интернет-заказов
19592645,https://investmoscow.ru/tenders/tender/19592645,2024-07-19,2024-05,2024-09,2024-09-30,73,"Юго-Восточный административный округ, Кузьминки, улица Юных Ленинцев, дом 99/1, этаж 1, пом. 4Н",улица юных ленинцев 99/1,2,medium,"Wildberries, пункт выдачи интернет-заказов | Не просто вещь, пункт приема одежды",Грузоперевозки / Транспортные услуги -> Пункты выдачи интернет-заказов | Бытовые услуги -> Пункты приёма,"Wildberries, пункт выдачи интернет-заказов | Не просто вещь, пункт приема одежды",Грузоперевозки / Транспортные услуги -> Пункты выдачи интернет-заказов | Бытовые услуги -> Пункты приёма
19592955,https://investmoscow.ru/tenders/tender/19592955,2024-07-16,2024-05,2024-09,2024-09-30,76,"Северный административный округ, Хорошевский, Хорошёвское шоссе, дом 34, Подвал № 0",хорошевское шоссе 34,2,low,"Artcervis, сервисный центр | Точка любви, сеть интим-шопов","Компьютеры, Средства связи -> Аксессуары к телефонам, Ремонт компьютеров, Ремонт телефонов | Спецмагазины -> Эротические товары","Artcervis, сервисный центр | Точка любви, сеть интим-шопов","Компьютеры, Средства связи -> Аксессуары к телефонам, Ремонт компьютеров, Ремонт телефонов | Спецмагазины -> Эротические товары"
19594366,https://investmoscow.ru/tenders/tender/19594366,2024-07-16,2024-05,2024-09,2024-09-30,76,"Центральный административный округ, Басманный, Бауманская улица, дом 62-66, Подвал № 0",бауманская улица 62 66,1,high,"Буквариум, развивающий детский центр","Медицинские услуги, Общее образование / Центры раннего развития детей -> Логопед, Нейропсихолог, Центры раннего развития детей","Буквариум, развивающий детский центр","Медицинские услуги, Общее образование / Центры раннего развития детей -> Логопед, Нейропсихолог, Центры раннего развития детей"
19596110,https://investmoscow.ru/tenders/tender/19596110,2024-07-15,2024-05,2024-09,2024-09-30,77,"Северо-Восточный административный округ, Останкинский, улица Годовикова, дом 2, Подвал № 0",улица годовикова 2,1,high,"1Камень, фирма","Мебель -> Изделия из камня для помещений, Корпусная мебель","1Камень, фирма","Мебель -> Изделия из камня для помещений, Корпусная мебель"
19599851,https://investmoscow.ru/tenders/tender/19599851,2024-07-30,2024-05,2024-09,2024-09-30,62,"г. Москва, ул. Академика Комарова, дом 11Г, этаж 1, пом. 6Н",улица академика комарова 11г,1,low,"Свой на районе, ​магазин алкогольных напитков",Напитки -> Алкогольные напитки,"Свой на районе, ​магазин алкогольных напитков",Напитки -> Алкогольные напитки
19600264,https://investmoscow.ru/tenders/tender/19600264,2024-07-30,2024-05,2024-09,2024-09-30,62,"Российская Федерация, город Москва, внутригородская территория муниципальный округ Царицыно, Каспийская улица, дом 28/4, этаж 1, пом. 5Н",каспийская улица 28/4,2,low,"Красное&Белое, магазин | Wildberries",Напитки -> Алкогольные напитки | Грузоперевозки / Транспортные услуги -> Пункты выдачи интернет-заказов,"Красное&Белое, магазин | Wildberries",Напитки -> Алкогольные напитки | Грузоперевозки / Транспортные услуги -> Пункты выдачи интернет-заказов
19600317,https://investmoscow.ru/tenders/tender/19600317,2024-07-30,2024-05,2024-09,2024-09-30,62,"Севастопольский проспект, дом 79А, этаж 1, пом. 2Н",севастопольский проспект 79а,1,high,"Бристоль, магазин алкогольной продукции","Напитки, Торговые комплексы -> Алкогольные напитки, Супермаркеты","Бристоль, магазин алкогольной продукции","Напитки, Торговые комплексы -> Алкогольные напитки, Супермаркеты"
19617532,https://investmoscow.ru/tenders/tender/19617532,2024-08-05,2024-09,2024-10,2024-10-31,87,"Центральный административный округ, Хамовники, Комсомольский проспект, дом 40, Этаж № 1, Подвал № 0",комсомольский проспект 40,2,medium,"СалютДевайсы, компания | СберМобайл, мобильный оператор связи","Аудио / Видео / Бытовая техника, Электротехника -> Аудиотехника / Видеотехника, Электроустановочная продукция | Услуги связи -> Мобильные операторы, Помощь в подключении услуг связи","СалютДевайсы, компания | СберМобайл, мобильный оператор связи","Аудио / Видео / Бытовая техника, Электротехника -> Аудиотехника / Видеотехника, Электроустановочная продукция | Услуги связи -> Мобильные операторы, Помощь в подключении услуг связи"
19618379,https://investmoscow.ru/tenders/tender/19618379,2024-08-05,2024-09,2024-10,2024-10-31,87,"Центральный административный округ, Красносельский, Верхняя Красносельская улица, дом 10, Подвал № 0",верхняя красносельская улица 10,3,low,"Мидл, магазин весов | Wildberries, пункт выдачи товара | Ле-Фарм","Бытовые услуги, Средства автоматизации и информационные технологии, Торговое оборудование -> Автоматизация торговли, Весовое оборудование, Контрольно-кассовая техника, Поверка / калибровка измерительных приборов, Ремонт торгового оборудования | Грузоперевозки / Транспортные услуги -> Пункты выдачи интернет-заказов | Медицинские товары -> Аптеки, БАДы, Доставка лекарств, Ортопедические товары, Средства гигиены","Мидл, магазин весов | Wildberries, пункт выдачи товара | Ле-Фарм","Бытовые услуги, Средства автоматизации и информационные технологии, Торговое оборудование -> Автоматизация торговли, Весовое оборудование, Контрольно-кассовая техника, Поверка / калибровка измерительных приборов, Ремонт торгового оборудования | Грузоперевозки / Транспортные услуги -> Пункты выдачи интернет-заказов | Медицинские товары -> Аптеки, БАДы, Доставка лекарств, Ортопедические товары, Средства гигиены"
19618695,https://investmoscow.ru/tenders/tender/19618695,2024-08-05,2024-09,2024-10,2024-10-31,87,"Юго-Восточный административный округ, Текстильщики, 1-й Саратовский проезд, дом 4, Подвал № 0",1 й саратовский проезд 4,1,medium,"Тэка групп, юридическая компания",Юридические услуги -> Юридические услуги,"Тэка групп, юридическая компания",Юридические услуги -> Юридические услуги
19628272,https://investmoscow.ru/tenders/tender/19628272,2024-08-27,2024-09,2024-10,2024-10-31,65,"Западный административный округ, Раменки, Мосфильмовская улица, дом 55, Этаж № 1",мосфильмовская улица 55,1,low,"Экопросто, пункт приёма пластиковых крышек",Бытовые услуги -> Пункты приёма,"Экопросто, пункт приёма пластиковых крышек",Бытовые услуги -> Пункты приёма
19632050,https://investmoscow.ru/tenders/tender/19632050,2024-08-27,2024-09,2024-10,2024-10-31,65,"Центральный административный округ, Тверской, Большой Гнездниковский переулок, дом 10, помещение 3П, подвал № 0",большой гнездниковский переулок 10,1,medium,"Московская государственная творческая мастерская под руководством А. Рыбникова, театр",Культура / Искусство -> Театры,"Московская государственная творческая мастерская под руководством А. Рыбникова, театр",Культура / Искусство -> Театры
19639483,https://investmoscow.ru/tenders/tender/19639483,2024-08-29,2024-09,2024-10,2024-10-31,63,"Западный административный округ, Филевский парк, Филёвский бульвар, дом 1, Этаж № 1",филевский бульвар 1,3,medium,"СберМобайл, мобильный оператор связи | Wildberries | Галактика, молодежный центр","Услуги связи -> Мобильные операторы, Помощь в подключении услуг связи | Грузоперевозки / Транспортные услуги -> Пункты выдачи интернет-заказов | Дополнительное образование / Развивающие курсы, Спортивные клубы / школы, Центры творчества и досуга -> Детские / подростковые клубы, Курсы вокала, Обучение танцам, Спортивные секции, Театральные курсы","СберМобайл, мобильный оператор связи | Wildberries | Галактика, молодежный центр","Услуги связи -> Мобильные операторы, Помощь в подключении услуг связи | Грузоперевозки / Транспортные услуги -> Пункты выдачи интернет-заказов | Дополнительное образование / Развивающие курсы, Спортивные клубы / школы, Центры творчества и досуга -> Детские / подростковые клубы, Курсы вокала, Обучение танцам, Спортивные секции, Театральные курсы"
19640286,https://investmoscow.ru/tenders/tender/19640286,2024-08-29,2024-09,2024-10,2024-10-31,63,"Северный административный округ, Коптево, Новопетровская улица, дом 3, Этаж № 2, Этаж № 1",новопетровская улица 3,3,medium,"Telepay, терминал | Добрые крышечки, пункт приема крышeк | Винлаб, супермаркет напитков","Бытовые услуги -> Платёжные терминалы | Бытовые услуги -> Пункты приёма | Напитки, Продукты питания -> Алкогольные напитки, Безалкогольные напитки, Мороженое, Снеки","Telepay, терминал | Добрые крышечки, пункт приема крышeк | Винлаб, супермаркет напитков","Бытовые услуги -> Платёжные терминалы | Бытовые услуги -> Пункты приёма | Напитки, Продукты питания -> Алкогольные напитки, Безалкогольные напитки, Мороженое, Снеки"
