lot_id,action,old_tw,new_tw,old_conf,new_conf,gap_days,company
18337692,added,,gap_snapshot_2022-08,,medium,201,Магнит | Столички
18359098,added,,gap_snapshot_2022-05,,medium,109,Валенсия | Бриллиант консалтинг | Инжспецстрой
18419721,added,,gap_snapshot_2022-12,,high,326,Wildberries
18421800,added,,gap_snapshot_2022-05,,medium,113,Аптека-эконом | Семейные традиции | Магазин табачной продукции
18459539,added,,gap_snapshot_2022-05,,medium,104,Сервисный центр по ремонту телефонов | Магазин строительных и хозяйственных товаров
18460267,added,,gap_snapshot_2022-12,,medium,318,Физкультура и спорт
18460351,added,,gap_snapshot_2022-08,,medium,202,Орион | Логос | Восемь ветров
18460371,added,,gap_snapshot_2022-05,,high,103,Хеликс
18460413,added,,gap_snapshot_2022-08,,high,196,Wildberries
18460585,added,,gap_snapshot_2022-12,,medium,318,Полюса
18460713,added,,gap_snapshot_2022-08,,high,202,Школа №1499 им. И.А. Докукина
18479205,added,,gap_snapshot_2022-05,,high,131,Impuls
18486140,added,,gap_snapshot_2022-01,,high,18,Artremonts
18486174,added,,gap_snapshot_2022-01,,high,5,Ozon
18486825,added,,gap_snapshot_2022-05,,medium,138,Эксперт-новострой | Компания по аренде недвижимости
18486955,added,,gap_snapshot_2022-05,,high,125,18
18487639,added,,gap_snapshot_2022-05,,medium,125,Wildberries
18489764,added,,gap_snapshot_2022-05,,medium,125,Ozon | Wildberries
18493038,added,,gap_snapshot_2022-12,,high,317,Ардиз
18495797,added,,gap_snapshot_2022-05,,high,120,Магазин кондитерских изделий
18497539,added,,gap_snapshot_2022-05,,high,120,Магазин хозяйственных товаров
18499876,added,,gap_snapshot_2022-05,,medium,116,Милти | Магазин фермерских продуктов | TabakPoint
18500653,added,,gap_snapshot_2022-08,,medium,212,Погости.ру | InBody
18500665,added,,gap_snapshot_2022-05,,medium,116,Магазин бытовой химии
18500697,added,,gap_snapshot_2022-05,,high,75,Техникс проджектс
18500789,added,,gap_snapshot_2022-01,,medium,0,Curador SPA
18502433,added,,gap_snapshot_2022-08,,medium,225,Tory club | Еврохолод
18504688,added,,gap_snapshot_2022-05,,high,127,НПП Вартпро
18504838,added,,gap_snapshot_2022-01,,high,7,MBTechnologic
18504954,added,,gap_snapshot_2022-08,,medium,219,Republic of beauty
18505052,added,,gap_snapshot_2022-08,,high,219,BellSound
18506900,added,,gap_snapshot_2022-01,,high,7,Ozon
18507035,added,,gap_snapshot_2022-01,,high,7,Ozon
18507088,added,,gap_snapshot_2022-05,,high,127,Землемер
18507161,added,,gap_snapshot_2022-08,,high,219,Chaudeau
18507847,added,,gap_snapshot_2022-08,,medium,208,Krasotkaepil | Траттория Da Chicco
18508889,added,,gap_snapshot_2022-08,,medium,205,Погости.ру | InBody
18509729,added,,gap_snapshot_2022-05,,high,111,Хмель&солод
18509795,added,,gap_snapshot_2022-08,,medium,203,Republic of beauty
18511643,added,,gap_snapshot_2022-05,,medium,111,Сервис-п | Нибиру | Dracarys
18514560,added,,gap_snapshot_2022-08,,high,203,Магнит
18515443,added,,gap_snapshot_2022-05,,high,113,2х2
18515648,added,,gap_snapshot_2022-05,,medium,113,21hotel | Массажный кабинет
18515891,added,,gap_snapshot_2022-01,,high,4,Artremonts
18516282,added,,gap_snapshot_2022-05,,medium,111,Авокадо | Парикмахерская
18518658,added,,gap_snapshot_2022-05,,high,131,Институт психологии и психосоматической терапии
18518671,added,,gap_snapshot_2022-05,,high,131,Икра и пиво
18520718,added,,gap_snapshot_2022-05,,medium,126,Эльд | Марфино
18521336,added,,gap_snapshot_2022-05,,medium,71,Мультифото | ПЦ защиты прав бизнеса и населения | Boxberry
18524209,added,,gap_snapshot_2022-12,,high,331,Средняя общеобразовательная школа №7 с дошкольным отделением
18524219,added,,gap_snapshot_2022-08,,medium,209,Ригла | Пятёрочка | Восточные сладости
18525907,added,,gap_snapshot_2022-08,,medium,201,Погости.ру | InBody
18526293,added,,gap_snapshot_2022-05,,medium,109,Нотариусы Гимкаева Н.И. и Далиева Л.П. | Московский Центр Переводов | Адвокатский кабинет Юсупова Ф.М.
18527060,added,,gap_snapshot_2022-05,,high,109,А-Лина
18527721,added,,gap_snapshot_2022-08,,medium,201,Привет! Заходи! | Продуктовый магазин
18527901,added,,gap_snapshot_2022-05,,high,116,GOROD Patriarshie
18529797,added,,gap_snapshot_2022-05,,medium,109,Кофейня | Milano
18529801,added,,gap_snapshot_2022-05,,medium,109,Кофейня | Milano
18530873,added,,gap_snapshot_2022-05,,medium,116,Электросервис | Адвокатский кабинет Локшина Б.И.
18532843,added,,gap_snapshot_2022-12,,high,330,Авоська
18533308,added,,gap_snapshot_2022-05,,medium,116,1000 мелочей | Амаркорд | Три бобра
18534491,added,,gap_snapshot_2022-05,,high,103,Авто-школа.рф
18534518,added,,gap_snapshot_2022-05,,medium,103,Церковь Иисуса Христа | Комильфо | Эколоджи
18534541,added,,gap_snapshot_2022-08,,medium,195,DanCo | Centropelle
18534678,added,,gap_snapshot_2022-08,,high,195,Coffee major
18534846,added,,gap_snapshot_2022-05,,high,103,Smiling master
18536707,added,,gap_snapshot_2022-12,,medium,316,Lorange | Dpsp studio epilier | Wildberries
18538985,added,,gap_snapshot_2022-05,,high,90,Калкароне
18539000,added,,gap_snapshot_2022-08,,high,182,Minion
18539152,added,,gap_snapshot_2022-05,,medium,90,Lunara | Академия детского мюзикла | Inside
18539227,added,,gap_snapshot_2022-05,,high,89,Обедин и партнеры
18539241,added,,gap_snapshot_2022-12,,medium,304,Ozon | Юстин авто
18539777,added,,gap_snapshot_2022-08,,medium,181,DMcolor | Кофе-сервис
18539971,added,,gap_snapshot_2022-12,,high,304,Почта России
18540355,added,,gap_snapshot_2022-05,,medium,87,Церковь Иисуса Христа | Комильфо | Эколоджи
18540488,added,,gap_snapshot_2022-05,,high,89,Апк импульс
18541666,added,,gap_snapshot_2022-05,,medium,87,Premaflute.com | Яндекс. Лавка
18541726,added,,gap_snapshot_2022-05,,high,87,Евростроймонолит
18543128,added,,gap_snapshot_2022-05,,medium,69,Сервисный центр по ремонту телефонов | Магазин строительных и хозяйственных товаров
18543201,added,,gap_snapshot_2022-05,,medium,68,Wildberries | Молочно-раздаточный пункт №84 | Молочно-раздаточный пункт
18543297,added,,gap_snapshot_2022-05,,medium,69,Деломакс | Гнездом
18543302,added,,gap_snapshot_2022-08,,medium,160,Самокат
18543665,added,,gap_snapshot_2022-08,,medium,160,Prosto
18544882,added,,gap_snapshot_2022-12,,medium,282,Kraftway
18545333,added,,gap_snapshot_2022-05,,high,68,Хип-Хоп Точка
18548262,added,,gap_snapshot_2022-05,,medium,64,Росинка | Basseyn.pro | Натату
18549667,added,,gap_snapshot_2022-05,,medium,62,Геоматика | Торговая компания | Средняя общеобразовательная школа №1945 с дошкольным отделением
18551673,added,,gap_snapshot_2022-05,,medium,60,Центр по ремонту телефонов | СервисШоп | Точка красоты
18554131,added,,gap_snapshot_2022-08,,medium,152,Хайпми.ру
18555368,added,,gap_snapshot_2022-05,,high,63,Хмель&солод
18555434,added,,gap_snapshot_2022-05,,medium,63,Папан | Магазин табачных изделий | Петровский
18555538,added,,gap_snapshot_2022-12,,medium,278,Вежливый лось | Горница-Узорница
18556341,added,,gap_snapshot_2022-08,,medium,153,Wildberries | Корсман
18559464,added,,gap_snapshot_2022-05,,high,54,RaceChip
18559813,added,,gap_snapshot_2022-08,,medium,147,Мастерская по ремонту одежды и обуви
18559831,added,,gap_snapshot_2022-05,,medium,53,Смирнов Диджитал | АвтоШиномонтаж
18559847,added,,gap_snapshot_2022-08,,medium,147,Погости.ру | InBody
18559903,added,,gap_snapshot_2022-08,,high,147,Пятёрочка
18559977,added,,gap_snapshot_2022-08,,medium,145,Интем
18560098,added,,gap_snapshot_2022-05,,medium,53,Кофейня | Milano
18566413,added,,gap_snapshot_2022-08,,high,125,Магнит
18566513,added,,gap_snapshot_2022-12,,high,250,Феникс
18566612,added,,gap_snapshot_2022-12,,high,250,Красное&Белое
18566613,added,,gap_snapshot_2022-12,,high,250,Красное&Белое
18567895,added,,gap_snapshot_2022-12,,high,218,Wildberries
18568628,added,,gap_snapshot_2022-05,,medium,34,Аристократия Ума | ResiDent
18569607,added,,gap_snapshot_2022-08,,high,125,Кофейня
18569627,added,,gap_snapshot_2022-08,,medium,125,Дикси | Фортуна
18571596,added,,gap_snapshot_2022-05,,medium,15,Сервисный центр | Молочно-раздаточный пункт
18574941,added,,gap_snapshot_2022-08,,high,111,Wildberries
18574962,added,,gap_snapshot_2022-12,,high,233,Ozon
18574964,added,,gap_snapshot_2022-12,,high,233,Ozon
18574968,added,,gap_snapshot_2022-12,,high,233,Красное&Белое
18574970,added,,gap_snapshot_2022-12,,high,233,Красное&Белое
18575084,added,,gap_snapshot_2022-12,,high,225,Pozitiv
18575249,added,,gap_snapshot_2022-05,,high,11,Юго-Восток
18575276,added,,gap_snapshot_2022-05,,medium,11,Донеретто | Магазин молочной продукции
18575285,added,,gap_snapshot_2022-08,,high,103,Магнолия
18575421,added,,gap_snapshot_2022-05,,medium,8,Церковь Иисуса Христа | Комильфо | Эколоджи
18576173,added,,gap_snapshot_2022-05,,medium,11,Служба вскрытия и замены замков | Cainiao
18576180,added,,gap_snapshot_2022-08,,medium,103,Погости.ру | InBody
18576243,added,,gap_snapshot_2022-12,,high,225,Wildberries
18577070,added,,gap_snapshot_2022-05,,high,11,Furstudio
18577676,added,,gap_snapshot_2022-08,,medium,92,Флоралс | Dudki v budke | Ароматный мир
18578282,added,,gap_snapshot_2022-08,,medium,97,Студия свадебного стилиста Кандаловой Елены | ЧОП Юг-дельта | Корпоративные решения
18578804,added,,gap_snapshot_2022-12,,high,222,Ателье по ремонту одежды
18578846,added,,gap_snapshot_2022-08,,high,69,Свобода
18579124,added,,gap_snapshot_2022-05,,medium,6,Ozon | Wildberries
18579518,added,,gap_snapshot_2022-08,,high,97,Ma&Mi
18580498,added,,gap_snapshot_2022-05,,high,14,Хмель&солод
18580682,added,,gap_snapshot_2022-05,,medium,4,21hotel | Массажный кабинет
18581111,added,,gap_snapshot_2022-12,,high,218,Точка фастфудной продукции
18583796,added,,gap_snapshot_2022-05,,high,0,КуулКлевер МясновЪ Отдохни
18585447,added,,gap_snapshot_2022-12,,high,226,Винлаб
18585449,added,,gap_snapshot_2022-12,,high,226,Винлаб
18585458,added,,gap_snapshot_2022-12,,high,226,Wildberries
18585472,added,,gap_snapshot_2022-12,,high,226,Wildberries
18585477,added,,gap_snapshot_2022-12,,high,226,Wildberries
18586070,added,,gap_snapshot_2022-05,,medium,5,Андромед | Сервисинформацияпартнерство | Мультилига
18586115,added,,gap_snapshot_2022-05,,high,5,АТП-К
18588201,added,,gap_snapshot_2022-05,,medium,0,Сервисный центр по ремонту телефонов | Магазин строительных и хозяйственных товаров
18589425,added,,gap_snapshot_2022-08,,medium,96,Simplewine | Горздрав
18594445,added,,gap_snapshot_2022-08,,high,78,Гормедтехника
18594504,added,,gap_snapshot_2022-12,,high,200,Академия
18594573,added,,gap_snapshot_2022-08,,high,84,Котики и люди
18594981,added,,gap_snapshot_2022-12,,medium,208,Хмельная Радуга
18597706,added,,gap_snapshot_2022-12,,medium,166,Здравсити
18608682,added,,gap_snapshot_2022-08,,high,69,Хвостик
18617752,added,,gap_snapshot_2022-12,,high,170,Вита
18622596,added,,gap_snapshot_2022-08,,medium,62,Азбука вкуса | Контраст | Линзы-тут
18624388,added,,gap_snapshot_2022-08,,medium,44,Мята Lounge
18633883,added,,gap_snapshot_2022-08,,high,42,СТ Климат
18634004,added,,gap_snapshot_2022-12,,high,150,Гефест-Аларм
18634315,added,,gap_snapshot_2022-08,,medium,42,Dr. Sculptor
18634353,added,,gap_snapshot_2022-12,,high,165,Wildberries
18634922,added,,gap_snapshot_2022-08,,medium,42,Любава
18635808,added,,gap_snapshot_2022-08,,medium,40,Профессионал | Магнолия | Шаурма по-братски
18636265,added,,gap_snapshot_2022-12,,high,162,Консенсус
18636275,added,,gap_snapshot_2022-08,,medium,42,Цветком
18636572,added,,gap_snapshot_2022-08,,medium,22,СберМегаМаркет | Сбербанк Страхование | Мята Lounge
18639817,added,,gap_snapshot_2022-12,,high,158,Wildberries
18640401,added,,gap_snapshot_2022-08,,medium,35,Модный доктор
18642241,added,,gap_snapshot_2022-12,,medium,159,Ozon
18642242,added,,gap_snapshot_2022-12,,medium,159,Ozon
18642261,added,,gap_snapshot_2022-12,,medium,159,Ozon
18642432,added,,gap_snapshot_2022-12,,medium,157,Power-style | Спорт Плюс
18650637,added,,gap_snapshot_2022-08,,high,23,Chaudeau
18651178,added,,gap_snapshot_2022-12,,high,145,Стоматологическая клиника Доктора Кудрявцева
18651878,added,,gap_snapshot_2022-08,,medium,23,Винтерфелл | Wildberries
18652439,added,,gap_snapshot_2022-08,,medium,23,Винтерфелл | Wildberries
18652655,added,,gap_snapshot_2022-08,,high,20,Центр Вадо
18658170,added,,gap_snapshot_2022-08,,high,16,Золотая нить
18672162,added,,gap_snapshot_2022-12,,medium,120,Здравсити | Дамбо
18683648,added,,gap_snapshot_2022-12,,medium,110,3dplemya | Средняя общеобразовательная школа №7 с дошкольным отделением | Exist.ru
18686674,added,,gap_snapshot_2022-12,,high,106,Почта России
18686725,added,,gap_snapshot_2022-12,,medium,106,Lasertaggo | Ратмир | Ронакс Климат
18686843,added,,gap_snapshot_2022-12,,medium,107,Cool 360 Price | Столички | Subway
18689110,added,,gap_snapshot_2022-12,,medium,109,Wildberries
18689653,added,,gap_snapshot_2022-12,,high,109,Плов
18692393,added,,gap_snapshot_2022-12,,high,102,Цветочный магазин
18692790,added,,gap_snapshot_2022-12,,medium,101,Law&son | Винтерфелл
18695296,added,,gap_snapshot_2022-12,,high,99,Объект
18695497,added,,gap_snapshot_2022-12,,medium,103,Управление ФСБ России по Москве и Московской области | Wildberries
18695697,added,,gap_snapshot_2022-12,,medium,101,У соседа | Wildberries | Филиал №8
18698358,added,,gap_snapshot_2022-12,,medium,99,Мосгортату | Магазин обоев | Wasabi
18700203,added,,gap_snapshot_2022-12,,high,96,РЕСО-мед ОМС
18700868,added,,gap_snapshot_2022-12,,medium,94,Икорный | Табачный
18700951,added,,gap_snapshot_2022-12,,medium,94,Ателье на Обручева | Rotary master
18701614,added,,gap_snapshot_2022-12,,medium,96,Фили-Давыдково
18702328,added,,gap_snapshot_2022-12,,high,85,Bitter&sweet
18702348,added,,gap_snapshot_2022-12,,high,85,Wildberries
18706019,added,,gap_snapshot_2022-12,,medium,85,Корса | Вокальная студия Ирины Дуплик
18710278,added,,gap_snapshot_2022-12,,medium,87,Багира | Гост | Столички
18719169,added,,gap_snapshot_2022-12,,medium,72,Соната клиник | ГОРЗДРАВ | Glowsubs sandwiches
18721895,added,,gap_snapshot_2022-12,,medium,71,Колбаска да сырок | Пита Хаус | Мокрый нос
18730608,added,,gap_snapshot_2022-12,,medium,64,Восточное Измайлово
18747069,added,,gap_snapshot_2022-12,,medium,64,Магнолия | Грация
18747306,added,,gap_snapshot_2022-12,,high,38,Wildberries
18747344,added,,gap_snapshot_2022-12,,medium,38,Wildberries
18747465,added,,gap_snapshot_2022-12,,high,38,МРП №61
18747799,added,,gap_snapshot_2022-12,,high,64,Винлаб
18749170,added,,gap_snapshot_2022-12,,high,51,Авокадо
18749171,added,,gap_snapshot_2022-12,,medium,51,Федорова
18751852,added,,gap_snapshot_2022-12,,high,38,Московская служба психологической помощи населению
18754081,added,,gap_snapshot_2022-12,,high,43,Alice`s
18762177,added,,gap_snapshot_2022-12,,high,46,Ozon
18762185,added,,gap_snapshot_2022-12,,high,46,Ozon
18766255,added,,gap_snapshot_2022-12,,high,45,Монолит
18777139,added,,gap_snapshot_2022-12,,high,38,Jun
18777321,added,,gap_snapshot_2022-12,,medium,23,Мигсервис | EVITA | Ломоносовъ
18778234,added,,gap_snapshot_2022-12,,medium,36,4b.ru
18778929,added,,gap_snapshot_2022-12,,medium,22,Магазин быстрого питания
18783744,added,,gap_snapshot_2022-12,,high,29,Почта России
18784207,added,,gap_snapshot_2022-12,,high,30,Магазин-ателье
18784636,added,,gap_snapshot_2022-12,,medium,30,Столички
18785386,added,,gap_snapshot_2022-12,,high,29,Главное управление пенсионного фонда РФ №9 г. Москвы и Московской области
18785888,added,,gap_snapshot_2022-12,,high,29,ГОРЗДРАВ
18786149,added,,gap_snapshot_2022-12,,medium,24,Sova coffee | Почта России | Генез
18787018,added,,gap_snapshot_2022-12,,high,26,Магазин одежды и обуви
18789343,added,,gap_snapshot_2022-12,,medium,24,Xstudio | Акватория-плюс24
18790555,added,,gap_snapshot_2022-12,,medium,19,Акуловка | KDL | Самая вкусная шаурма
18790784,added,,gap_snapshot_2022-12,,high,19,Столичные аптеки
18791369,added,,gap_snapshot_2022-12,,high,19,Мастерская
18791408,added,,gap_snapshot_2022-12,,high,22,Объект Герои
18791627,added,,gap_snapshot_2022-12,,medium,23,Школа №504 с дошкольным отделением
18791902,added,,gap_snapshot_2022-12,,medium,23,Союз Киокушин Каратэ России
18791933,added,,gap_snapshot_2022-12,,medium,23,СмартПро | Грундфос
18799449,added,,gap_snapshot_2022-12,,medium,8,Ozon
18799451,added,,gap_snapshot_2022-12,,medium,8,Ozon
18799905,added,,gap_snapshot_2022-12,,medium,17,Логексим | Kickidler
18802915,added,,gap_snapshot_2022-12,,medium,17,Стая.Doc | Surface Lab
18803771,added,,gap_snapshot_2022-12,,medium,17,Rattan&wood | ГОРЗДРАВ
18805470,added,,gap_snapshot_2022-12,,high,12,Почта России
18805604,added,,gap_snapshot_2022-12,,high,12,Tilda food&bar
18808899,added,,gap_snapshot_2022-12,,high,9,Ugg Australia
18810050,added,,gap_snapshot_2022-12,,high,9,Wildberries
18814276,added,,gap_snapshot_2022-12,,medium,10,Студия красоты Елены Хром
18814387,added,,gap_snapshot_2022-12,,medium,11,Proдвижение | Чердак
18815577,added,,gap_snapshot_2022-12,,medium,11,Гринэр | Магазин быстрого питания
18816176,added,,gap_snapshot_2022-12,,medium,11,Арго | ИНВИТРО
18816969,added,,gap_snapshot_2022-12,,medium,8,Медиус С
18818241,added,,gap_snapshot_2022-12,,medium,8,ГОРЗДРАВ | Хозстрой
18818446,added,,gap_snapshot_2022-12,,high,8,Альбатрос
18819337,added,,gap_snapshot_2022-12,,medium,8,Hotpoint-service
18819717,added,,gap_snapshot_2022-12,,medium,8,Branmus | Ювента-спорт
18821762,added,,gap_snapshot_2022-12,,medium,8,ТехноСервис Групп | Ситилаб
18596549,added,,gap_snapshot_2023-12,,medium,304,Ремонтная мастерская
18819969,added,,gap_snapshot_2023-12,,high,346,Самокат
18825607,added,,gap_snapshot_2023-12,,medium,346,Strong | Влад Мила
18828364,added,,gap_snapshot_2023-12,,medium,342,Dolls | Пятёрочка
18829172,added,,gap_snapshot_2023-12,,high,338,Поминальный зал
18829611,added,,gap_snapshot_2023-12,,high,345,Экспресс-кофейня
18829786,added,,gap_snapshot_2023-12,,medium,340,River`s.Bar
18830509,added,,gap_snapshot_2023-12,,high,338,Artefacto.ru
18830746,added,,gap_snapshot_2023-12,,high,338,Патриот групп
18831049,added,,gap_snapshot_2023-12,,medium,346,Жилой дом Яковлевых и В.Е. Трусова с лавками | Ninjakicks | Стрижки
18833006,added,,gap_snapshot_2023-12,,medium,345,LittleHotel | Qlean
18835558,added,,gap_snapshot_2023-12,,high,342,БухгалтерПрофи
18838054,added,,gap_snapshot_2023-12,,high,342,High Heels
18844606,added,,gap_snapshot_2023-12,,high,331,Винлаб
18844764,added,,gap_snapshot_2023-12,,medium,328,Bostandi Belleza | Дельта икс
18844800,added,,gap_snapshot_2023-12,,medium,328,Feedback массажная | Москвичка
18844901,added,,gap_snapshot_2023-12,,medium,328,Яндекс Маркет | Cainiao
18845451,added,,gap_snapshot_2023-12,,medium,332,Вандербильд М | Леди Shine
18845742,added,,gap_snapshot_2023-12,,medium,328,Bostandi Belleza | Дельта икс
18847167,added,,gap_snapshot_2023-12,,high,331,БиоФункциональная стоматология Артура Макарова
18847281,added,,gap_snapshot_2023-12,,medium,331,Хеликс | Диана
18849466,added,,gap_snapshot_2023-12,,medium,325,АТМОквест | Qwestern
18851543,added,,gap_snapshot_2023-12,,medium,340,Armastuds | Coral Travel | C&C
18854477,added,,gap_snapshot_2023-12,,medium,331,Bostandi Belleza | Дельта икс
18855607,added,,gap_snapshot_2023-12,,medium,320,Авокадо | Massimo Pizzeri | Киоск фастфудной продукции
18857686,added,,gap_snapshot_2023-12,,high,325,COLIZEUM
18878356,added,,gap_snapshot_2023-12,,medium,313,Персона
18878553,added,,gap_snapshot_2023-12,,medium,313,Ozon | Росса
18880298,added,,gap_snapshot_2023-12,,medium,313,Красное&Белое | Ecokupi | Britva
18880306,added,,gap_snapshot_2023-12,,high,313,Винлаб
18884886,added,,gap_snapshot_2023-12,,medium,313,Фармленд | Energy records
18885206,added,,gap_snapshot_2023-12,,high,313,Мастерская здоровья
18885556,added,,gap_snapshot_2023-12,,high,313,Титул XXI век
18886339,added,,gap_snapshot_2023-12,,medium,303,Ozon | Re.start_nail
18887002,added,,gap_snapshot_2023-12,,medium,303,Wildberries
18887029,added,,gap_snapshot_2023-12,,high,303,Alif dent
18888261,added,,gap_snapshot_2023-12,,high,306,GastroMind
18888263,added,,gap_snapshot_2023-12,,medium,306,Клиника медицинского массажа и подологии | Stardogs
18888266,added,,gap_snapshot_2023-12,,high,306,Золотая корона
18890312,added,,gap_snapshot_2023-12,,high,293,Cloomba
18890564,added,,gap_snapshot_2023-12,,medium,293,Инспекция по контролю за благоустройством городских территорий | Алексей Степанов и партнеры | Двм принт
18890595,added,,gap_snapshot_2023-12,,high,293,Tb Design
18906801,added,,gap_snapshot_2023-12,,medium,284,Ваш реставратор
18906858,added,,gap_snapshot_2023-12,,high,291,Авто Лэнд
18906962,added,,gap_snapshot_2023-12,,medium,291,Tattoo Body Parts | Империя
18907645,added,,gap_snapshot_2023-12,,medium,299,Аптечество
18907838,added,,gap_snapshot_2023-12,,medium,293,Диагностический центр лабораторных исследований | Школа №1570
18908583,added,,gap_snapshot_2023-12,,medium,291,Магнолия | Комбивуд
18908605,added,,gap_snapshot_2023-12,,medium,291,Solofiori | Friends For Flowers
18908616,added,,gap_snapshot_2023-12,,medium,291,Фотосалон | Chiken King
18908729,added,,gap_snapshot_2023-12,,medium,291,English Time | Медикал Клаб | СДЭК
18908928,added,,gap_snapshot_2023-12,,medium,291,Русоль | Wildberries
18909226,added,,gap_snapshot_2023-12,,medium,291,Ателье | Продуктово-хозяйственный магазин
18909500,added,,gap_snapshot_2023-12,,high,291,Центр профориентации
18910673,added,,gap_snapshot_2023-12,,medium,290,ТайРай | Олива
18911186,added,,gap_snapshot_2023-12,,medium,290,ВкусВилл | Столички | Fordhelp
18911645,added,,gap_snapshot_2023-12,,medium,286,Восток-Сервис | Ozon | Гормедтехника департамента здравоохранения города Москвы
18912335,added,,gap_snapshot_2023-12,,medium,286,Кабинет психолога | Дезинфекционная станция | Viart
18912598,added,,gap_snapshot_2023-12,,high,286,Помидор
18912642,added,,gap_snapshot_2023-12,,medium,286,Авиамоторная
18912673,added,,gap_snapshot_2023-12,,medium,286,Дом быта | Аврора
18912746,added,,gap_snapshot_2023-12,,medium,286,Emerhelp | Банк ГПБ
18912798,added,,gap_snapshot_2023-12,,high,286,Аэроком
18912856,added,,gap_snapshot_2023-12,,medium,286,OnProekt
18912904,added,,gap_snapshot_2023-12,,high,286,Мегаполис
18913401,added,,gap_snapshot_2023-12,,high,286,StarSa Quest
18914095,added,,gap_snapshot_2023-12,,high,284,Wildberries
18914864,added,,gap_snapshot_2023-12,,medium,284,Берег детства | Розетка
18915216,added,,gap_snapshot_2023-12,,medium,284,Wildberries | Парикмахерская | Nail workshop
18915260,added,,gap_snapshot_2023-12,,medium,284,Крикун | Узорлазер
18915428,added,,gap_snapshot_2023-12,,high,283,Tatymuah
18915539,added,,gap_snapshot_2023-12,,high,283,На Таганской
18917221,added,,gap_snapshot_2023-12,,medium,284,Голос Земли | BellSound
18919235,added,,gap_snapshot_2023-12,,high,282,Florish
18919312,added,,gap_snapshot_2023-12,,high,282,Студия красоты сестёр Пинясовых
18919557,added,,gap_snapshot_2023-12,,high,282,World Mura Motion
18923345,added,,gap_snapshot_2023-12,,high,284,Магазин ивановского трикотажа
18930139,added,,gap_snapshot_2023-12,,medium,275,Чижик | Superapteka
18933619,added,,gap_snapshot_2023-12,,high,275,БиоФункциональная стоматология Артура Макарова
18938316,added,,gap_snapshot_2024-05,,high,332,Ozon
18938382,added,,gap_snapshot_2024-05,,medium,219,Ozon | Wildberries | Магнит
18938421,added,,gap_snapshot_2024-05,,high,275,Винлаб
18947003,added,,gap_snapshot_2023-12,,high,261,Artefacto.ru
18950831,added,,gap_snapshot_2023-12,,medium,261,Peter Kryuchkov Studio | МКА Центр правовой помощи
18965006,added,,gap_snapshot_2023-12,,high,251,Wildberries
18965549,added,,gap_snapshot_2023-12,,medium,251,Fire Scrubs | Aladdin
18971875,added,,gap_snapshot_2023-12,,medium,247,Сценка
18976418,added,,gap_snapshot_2023-12,,medium,234,Красное&Белое
18976450,added,,gap_snapshot_2023-12,,medium,233,Красное&Белое | Ecokupi | Britva
18976454,added,,gap_snapshot_2023-12,,medium,233,Красное&Белое | Ecokupi | Britva
18976653,added,,gap_snapshot_2023-12,,medium,233,Wildberries | Красное&Белое
18990681,added,,gap_snapshot_2023-12,,medium,240,Горздрав | За пивом и дымом
18993111,added,,gap_snapshot_2023-12,,medium,220,CofeFest | Soda | Wildberries
18993183,added,,gap_snapshot_2023-12,,medium,220,CofeFest | Soda | Wildberries
18993219,added,,gap_snapshot_2023-12,,medium,220,CofeFest | Soda | Wildberries
18995622,added,,gap_snapshot_2023-12,,medium,219,Эвита | Мир пылесоса
18995676,added,,gap_snapshot_2023-12,,high,219,К.о.т.
19002729,added,,gap_snapshot_2023-12,,high,227,Wildberries
19003373,added,,gap_snapshot_2023-12,,high,214,Покровский
19005050,added,,gap_snapshot_2023-12,,high,214,Триумф
19005732,added,,gap_snapshot_2023-12,,medium,233,Wildberries | IT-Easy | Яндекс Маркет
19006842,added,,gap_snapshot_2023-12,,medium,233,Mbulak | Elatro group | Бережки
19007038,added,,gap_snapshot_2023-12,,medium,233,Mbulak | Elatro group | Бережки
19007825,added,,gap_snapshot_2023-12,,medium,233,Стадинг
19009605,added,,gap_snapshot_2023-12,,medium,223,CofeFest | Soda | Wildberries
19009772,added,,gap_snapshot_2023-12,,medium,222,Косметологический кабинет | Самокат
19010181,added,,gap_snapshot_2023-12,,medium,226,Уют на Цветном Бульваре | Авок-пресс
19011070,added,,gap_snapshot_2023-12,,medium,223,Объединённые Поставки | Отделение фонда пенсионного и социального страхования РФ по г. Москве и Московской области
19014689,added,,gap_snapshot_2023-12,,high,219,Мастер Порошок
19022689,added,,gap_snapshot_2023-12,,high,223,КРЭД МВ
19023704,added,,gap_snapshot_2023-12,,medium,213,CofeFest | Soda | Wildberries
19024329,added,,gap_snapshot_2024-05,,high,365,Ozon
19028043,added,,gap_snapshot_2023-12,,medium,220,Paluba Braids | Апрель
19028303,added,,gap_snapshot_2023-12,,high,220,Лаборатория бега Runlab
19028350,added,,gap_snapshot_2023-12,,high,220,Wildberries
19030676,added,,gap_snapshot_2023-12,,high,212,ВкусВилл
19030804,added,,gap_snapshot_2023-12,,high,212,ВкусВилл
19030831,added,,gap_snapshot_2023-12,,high,212,ВкусВилл
19030863,added,,gap_snapshot_2023-12,,high,212,ВкусВилл
19041366,added,,gap_snapshot_2023-12,,medium,209,Восток-Сервис | Ozon | Гормедтехника департамента здравоохранения города Москвы
19041677,added,,gap_snapshot_2023-12,,medium,209,Нотариус Прокопова И.Д. | Бюро переводов
19041687,added,,gap_snapshot_2023-12,,medium,209,CofeFest | Soda | Wildberries
19041762,added,,gap_snapshot_2023-12,,medium,214,Уют | Ле-Мари
19062780,added,,gap_snapshot_2023-12,,high,198,ООО Неле консалтинг
19064080,added,,gap_snapshot_2023-12,,medium,198,TOTAL DRESS | Чик-Чирик
19067541,added,,gap_snapshot_2024-05,,high,350,Работа-это просто
19068200,added,,gap_snapshot_2024-05,,high,350,Белка
19068435,added,,gap_snapshot_2023-12,,high,198,Степан Ремонт
19070214,added,,gap_snapshot_2023-12,,medium,192,Продуктовый магазин | Магазин ремесленного хлеба
19072993,added,,gap_snapshot_2023-12,,medium,192,Алекса | Гормедтехника департамента здравоохранения города Москвы
19073589,added,,gap_snapshot_2024-05,,medium,344,Ozon | Mospar.ru
19073740,added,,gap_snapshot_2023-12,,medium,191,Территориальный центр социального обслуживания | Дарим квест
19073782,added,,gap_snapshot_2023-12,,medium,191,Wildberries
19073898,added,,gap_snapshot_2023-12,,high,191,Салон-парикмахерская
19075289,added,,gap_snapshot_2024-05,,high,345,Апрелъ
19075311,added,,gap_snapshot_2024-05,,high,345,Красное&Белое
19075336,added,,gap_snapshot_2023-12,,high,193,Машенька
19075361,added,,gap_snapshot_2023-12,,medium,193,English Time | Медикал Клаб | СДЭК
19076214,added,,gap_snapshot_2023-12,,high,188,Simple-line
19076806,added,,gap_snapshot_2023-12,,high,187,Востряковская баня
19077261,added,,gap_snapshot_2023-12,,medium,177,2`jackets
19085667,added,,gap_snapshot_2023-12,,medium,186,Дом быта
19086569,added,,gap_snapshot_2024-05,,high,324,Angel & Co
19090768,added,,gap_snapshot_2024-05,,medium,333,Njoy | Lazer epilaz | Ozon
19093697,added,,gap_snapshot_2023-12,,medium,186,Авиамоторная
19093767,added,,gap_snapshot_2023-12,,high,186,Департамент по делам ГО
19094128,added,,gap_snapshot_2023-12,,medium,186,Багетная мастерская
19094220,added,,gap_snapshot_2023-12,,high,186,Магнит Косметик
19094911,added,,gap_snapshot_2024-05,,high,338,Академия тела
19096189,added,,gap_snapshot_2024-05,,high,331,Ozon
19098683,added,,gap_snapshot_2023-12,,high,179,Магазин белорусских продуктов
19099998,added,,gap_snapshot_2023-12,,high,179,Дом быта
19100999,added,,gap_snapshot_2024-05,,medium,330,Spray Gun Tattoo Studio | No Yeti Studio
19102645,added,,gap_snapshot_2023-12,,medium,174,Магазин зоотоваров | Кабинет косметологии
19102701,added,,gap_snapshot_2024-05,,high,326,Техно логистик
19104674,added,,gap_snapshot_2023-12,,medium,174,Арабеск | Магнит Косметик
19112479,added,,gap_snapshot_2023-12,,medium,164,Ozon | Savenkova Studio Salon | Арт-кластер Восток
19114628,added,,gap_snapshot_2023-12,,medium,171,Райффайзенбанк | Самокат
19118016,added,,gap_snapshot_2023-12,,medium,167,Здравсити | Продуктовый магазин
19118634,added,,gap_snapshot_2023-12,,medium,166,Rss | Пикассоль
19118674,added,,gap_snapshot_2024-05,,medium,319,Красное&Белое
19119277,added,,gap_snapshot_2024-05,,high,319,Рублёвский
19120121,added,,gap_snapshot_2023-12,,medium,167,Ариадна | Aida | Империя пиццы и суши
19120972,added,,gap_snapshot_2023-12,,medium,166,Мир часов | Октава
19121018,added,,gap_snapshot_2024-05,,high,318,Ozon
19129168,added,,gap_snapshot_2023-12,,high,165,Вокализ
19130541,added,,gap_snapshot_2024-05,,high,317,Ozon
19136560,added,,gap_snapshot_2023-12,,medium,158,СберМегаМаркет | СберСтрахование | Xфит
19137083,added,,gap_snapshot_2023-12,,high,158,EcoAsia.ru health and beauty
19137104,added,,gap_snapshot_2023-12,,high,158,Логос
19137130,added,,gap_snapshot_2023-12,,medium,158,Emerhelp | Банк ГПБ
19137400,added,,gap_snapshot_2024-05,,medium,310,Южный | Moko. Med
19139201,added,,gap_snapshot_2024-05,,medium,310,Ozon | DPD | Красное&Белое
19140876,added,,gap_snapshot_2023-12,,medium,145,Улыбка радуги | Красное&Белое
19141700,added,,gap_snapshot_2023-12,,high,150,Бристоль
19142341,added,,gap_snapshot_2023-12,,high,149,Кэпиталстрой
19142664,added,,gap_snapshot_2024-05,,medium,303,ПравдаДез | Подружка | Складно
19144856,added,,gap_snapshot_2023-12,,high,151,Мастер Плюс
19146225,added,,gap_snapshot_2023-12,,high,151,Oksi`An
19147382,added,,gap_snapshot_2024-05,,medium,291,Красное&Белое | Star boxing
19147399,added,,gap_snapshot_2024-05,,medium,291,Красное&Белое | Star boxing
19147414,added,,gap_snapshot_2024-05,,medium,291,Красное&Белое | Star boxing
19147845,added,,gap_snapshot_2023-12,,high,151,Студия красоты
19148006,added,,gap_snapshot_2023-12,,medium,151,Laser lab | Ozon
19148242,added,,gap_snapshot_2023-12,,high,144,Госавтознак
19148248,added,,gap_snapshot_2024-05,,high,296,Бристоль
19148257,added,,gap_snapshot_2023-12,,medium,144,Наумов | Юрстар | Студия Тишины
19148294,added,,gap_snapshot_2024-05,,high,296,Wildberries
19148304,added,,gap_snapshot_2023-12,,medium,144,Красное&Белое | Ecokupi | Britva
19148325,added,,gap_snapshot_2023-12,,medium,144,Красное&Белое | Ecokupi | Britva
19148329,added,,gap_snapshot_2024-05,,medium,296,Ozon | Твой салон
19148336,added,,gap_snapshot_2024-05,,medium,296,Ozon | Твой салон
19148341,added,,gap_snapshot_2023-12,,medium,144,Яндекс. Маркет | Wildberries | Продуктовый магазин
19148363,added,,gap_snapshot_2023-12,,medium,144,Die Walkure | Wildberries
19148372,added,,gap_snapshot_2023-12,,medium,144,Персона Люблинская | Вай тай | Красное&Белое
19148395,added,,gap_snapshot_2024-05,,high,296,Буханка
19148816,added,,gap_snapshot_2023-12,,high,144,Bambini Loft
19148877,added,,gap_snapshot_2024-05,,medium,303,Агентство
19148895,added,,gap_snapshot_2023-12,,high,144,Тн-Логистика
19148926,added,,gap_snapshot_2024-05,,high,303,Wildberries
19148981,added,,gap_snapshot_2024-05,,high,296,Wildberries
19149014,added,,gap_snapshot_2024-05,,medium,296,Ozon | Черный кофе
19151113,added,,gap_snapshot_2023-12,,medium,138,Горздрав | За пивом и дымом
19151137,added,,gap_snapshot_2023-12,,high,149,Титул XXI век
19151356,added,,gap_snapshot_2024-05,,medium,290,Wildberries | Ozon
19151788,added,,gap_snapshot_2024-05,,high,301,Ozon
19151842,added,,gap_snapshot_2023-12,,high,144,Wildberries
19152141,added,,gap_snapshot_2023-12,,medium,146,Центр организации дорожного движения | Городская реклама и информация | Московская служба психологической помощи населению департамент труда и социальной защиты населения города Москвы
19152861,added,,gap_snapshot_2024-05,,medium,296,Роза ветров
19161994,added,,gap_snapshot_2023-12,,medium,137,Tidi club | 36
19165612,added,,gap_snapshot_2023-12,,medium,137,Sheily | Family Art
19165767,added,,gap_snapshot_2023-12,,medium,137,Магазин овощей и фруктов | Магазин кондитерской продукции
19166767,added,,gap_snapshot_2024-05,,medium,289,Ozon
19168234,added,,gap_snapshot_2023-12,,medium,125,Горздрав | За пивом и дымом
19169611,added,,gap_snapshot_2023-12,,high,137,Дом пива
19170014,added,,gap_snapshot_2023-12,,high,130,Проектно-инжиниринговое бюро
19171458,added,,gap_snapshot_2023-12,,medium,130,Магазин зоотоваров | Кабинет косметологии
19174608,added,,gap_snapshot_2024-05,,medium,284,Архитектор | Ashram
19179207,added,,gap_snapshot_2023-12,,medium,115,Красное&Белое
19179251,added,,gap_snapshot_2023-12,,medium,115,Красное&Белое
19182629,added,,gap_snapshot_2023-12,,medium,124,Нотариус Щукина Н.С. | Крюков и партнеры
19184313,added,,gap_snapshot_2023-12,,high,125,ВкусВилл
19184480,added,,gap_snapshot_2023-12,,medium,125,Wildberries | IT-Easy | Яндекс Маркет
19184485,added,,gap_snapshot_2023-12,,high,125,ВкусВилл
19184950,added,,gap_snapshot_2023-12,,high,125,ВкусВилл
19184966,added,,gap_snapshot_2024-05,,medium,277,Beauty boss | Мур
19185091,added,,gap_snapshot_2024-05,,medium,277,Контейнер по приёму батареек | Eurosvet
19185588,added,,gap_snapshot_2023-12,,medium,125,Роббо клуб | Olir Studio | Английский языковой клуб
19186925,added,,gap_snapshot_2023-12,,high,125,ВкусВилл
19187169,added,,gap_snapshot_2023-12,,high,125,ВкусВилл
19187280,added,,gap_snapshot_2023-12,,high,125,ВкусВилл
19187750,added,,gap_snapshot_2023-12,,high,125,ВкусВилл
19192905,added,,gap_snapshot_2024-05,,medium,270,ВкусВилл
19193475,added,,gap_snapshot_2024-05,,medium,270,Bs-Tyres | Автобам
19193533,added,,gap_snapshot_2024-05,,medium,269,Ozon | Студия пилатеса | Джага-Джага
19193743,added,,gap_snapshot_2024-05,,medium,273,Красное&Белое | Ак Барс
19194634,added,,gap_snapshot_2023-12,,medium,128,Холдинг кабельный альянс
19195012,added,,gap_snapshot_2024-05,,high,273,Московское долголетие
19195240,added,,gap_snapshot_2023-12,,high,117,Моржи Столицы
19195523,added,,gap_snapshot_2024-05,,medium,273,Ozon
19195908,added,,gap_snapshot_2024-05,,high,273,Капстрой
19196804,added,,gap_snapshot_2023-12,,high,128,Автодети
19198013,added,,gap_snapshot_2023-12,,medium,118,Аптечный элемент | Москвич
19198369,added,,gap_snapshot_2023-12,,medium,118,Магазин орехов | Магнит Косметик
19198508,added,,gap_snapshot_2023-12,,high,121,Гормедтехника департамента здравоохранения города Москвы
19198608,added,,gap_snapshot_2024-05,,high,273,ВкусВилл
19199739,added,,gap_snapshot_2023-12,,medium,118,Arch 1908
19199969,added,,gap_snapshot_2024-05,,medium,270,Just relax | Vibe Lashes | Центр подологии
19201553,added,,gap_snapshot_2023-12,,medium,47,Кекс и кофе | #grill gyros
19202129,added,,gap_snapshot_2023-12,,high,118,Recaro Service
19202555,added,,gap_snapshot_2024-05,,medium,270,ВкусВилл
19209687,added,,gap_snapshot_2023-12,,high,121,Европласт
19212579,added,,gap_snapshot_2024-05,,high,273,Ozon
19223308,added,,gap_snapshot_2024-05,,high,261,Wildberries
19223608,added,,gap_snapshot_2023-12,,medium,109,Добро пожаловать | Огулов центр
19224729,added,,gap_snapshot_2024-05,,high,260,Красное&Белое
19225112,added,,gap_snapshot_2023-12,,medium,109,Мир флористики
19225763,added,,gap_snapshot_2023-12,,medium,109,Экспресс-вендинг | Пункт обмена книг | Бесплатный туалет
19225959,added,,gap_snapshot_2023-12,,medium,109,Оптовый цветочный магазин
19226046,added,,gap_snapshot_2023-12,,medium,109,Groom | Покровъ
19227013,added,,gap_snapshot_2023-12,,medium,109,Служба быта
19227468,added,,gap_snapshot_2024-05,,medium,256,Роза ветров
19228468,added,,gap_snapshot_2023-12,,medium,109,Клинико-диагностический центр | Happyпёс
19229081,added,,gap_snapshot_2023-12,,medium,109,Аптека Эконом | После обсудим
19232395,added,,gap_snapshot_2024-05,,medium,254,Zip маркет | Парадигма | Pasionaria
19235591,added,,gap_snapshot_2023-12,,high,100,Магнит Косметик
19237127,added,,gap_snapshot_2023-12,,medium,100,Москино Вымпел | Триумф | Галерея вымпел
19237151,added,,gap_snapshot_2023-12,,medium,100,Магазин овощей и фруктов | Магазин кондитерской продукции
19243677,added,,gap_snapshot_2023-12,,medium,97,Велоспорт
19243835,added,,gap_snapshot_2023-12,,medium,97,Совёнок | Masha beauty | Атака
19244903,added,,gap_snapshot_2023-12,,medium,97,Сервисный центр
19245376,added,,gap_snapshot_2023-12,,high,97,Школа-студия живописи
19245635,added,,gap_snapshot_2023-12,,high,97,Студия ухода за волосами
19252643,added,,gap_snapshot_2023-12,,medium,95,Магазин орехов | Магнит Косметик
19254688,added,,gap_snapshot_2023-12,,medium,95,Магазин орехов | Магнит Косметик
19255592,added,,gap_snapshot_2023-12,,high,95,Laguna VIP
19255777,added,,gap_snapshot_2023-12,,medium,95,Viva
19256061,added,,gap_snapshot_2023-12,,high,95,Рапунцель
19256196,added,,gap_snapshot_2024-05,,high,247,Научно-практический центр детской психоневрологии
19256354,added,,gap_snapshot_2023-12,,medium,95,Ригла | ВкусВилл
19256390,added,,gap_snapshot_2023-12,,high,95,Хёгфорс-Москва
19256893,added,,gap_snapshot_2024-05,,high,245,UNION SERVICE
19260379,added,,gap_snapshot_2024-09,,high,364,Wildberries
19260589,added,,gap_snapshot_2023-12,,medium,90,Центр досуга и спорта | Почта банк
19263747,added,,gap_snapshot_2023-12,,high,88,Центр автомобильных услуг
19264089,added,,gap_snapshot_2024-09,,high,362,Julia Gorina
19266032,added,,gap_snapshot_2023-12,,medium,88,Дом быта | АКПП Ремонт СпецЦентр | Единый центр поддержки
19266237,added,,gap_snapshot_2023-12,,medium,88,Русская
19266735,added,,gap_snapshot_2023-12,,medium,88,Evita Studio | Coral travel | ПроБезопасность
19270675,added,,gap_snapshot_2023-12,,high,83,Учебно-оздоровительный центр
19270815,added,,gap_snapshot_2023-12,,high,83,Учебно-оздоровительный центр
19270961,added,,gap_snapshot_2024-05,,high,235,Volya school
19272216,added,,gap_snapshot_2023-12,,high,83,Отделение фонда пенсионного и социального страхования РФ по г. Москве и Московской области
19272276,added,,gap_snapshot_2023-12,,medium,83,Мосводосток | Продуктовый магазин
19272345,added,,gap_snapshot_2024-09,,high,357,Wildberries
19272621,added,,gap_snapshot_2023-12,,medium,83,Центр им. Юрия Репина
19273006,added,,gap_snapshot_2024-05,,high,235,Адвокатский кабинет Мошанского А.И.
19273334,added,,gap_snapshot_2023-12,,medium,40,Магазин тканей | Ателье
19274749,added,,gap_snapshot_2023-12,,medium,81,Центр профессионального развития | Life studio
19274929,added,,gap_snapshot_2023-12,,medium,81,Dиамант | LazerLPG
19275137,added,,gap_snapshot_2023-12,,medium,81,Точка спорта | BarVel
19276482,added,,gap_snapshot_2023-12,,high,76,Twood
19276533,added,,gap_snapshot_2024-05,,high,228,Цветочный склад
19276559,added,,gap_snapshot_2023-12,,high,81,Markin Fine jewellery
19277296,added,,gap_snapshot_2023-12,,high,81,Диана
19278163,added,,gap_snapshot_2023-12,,high,40,ВкусВилл
19278184,added,,gap_snapshot_2023-12,,high,40,ВкусВилл
19278281,added,,gap_snapshot_2023-12,,high,40,ВкусВилл
19278322,added,,gap_snapshot_2023-12,,high,40,ВкусВилл
19278346,added,,gap_snapshot_2023-12,,high,40,ВкусВилл
19278372,added,,gap_snapshot_2023-12,,high,40,ВкусВилл
19278398,added,,gap_snapshot_2023-12,,high,40,ВкусВилл
19278407,added,,gap_snapshot_2023-12,,high,75,Проектно-инжиниринговое бюро
19278481,added,,gap_snapshot_2023-12,,high,40,ВкусВилл
19278779,added,,gap_snapshot_2023-12,,high,40,ВкусВилл
19281369,added,,gap_snapshot_2023-12,,high,74,Мир молодых
19281449,added,,gap_snapshot_2023-12,,high,74,Orange Paradise
19281564,added,,gap_snapshot_2024-05,,high,226,Тигр
19282639,added,,gap_snapshot_2023-12,,medium,76,Магазин орехов | Магнит Косметик
19282688,added,,gap_snapshot_2023-12,,medium,76,Студия раскадровки | Cacao4u
19282757,added,,gap_snapshot_2023-12,,medium,76,Студия раскадровки | Cacao4u
19282939,added,,gap_snapshot_2023-12,,medium,76,Студия раскадровки | Cacao4u
19283078,added,,gap_snapshot_2023-12,,medium,76,Студия раскадровки | Cacao4u
19283254,added,,gap_snapshot_2023-12,,medium,76,Студия раскадровки | Cacao4u
19283318,added,,gap_snapshot_2023-12,,high,76,Issue
19283571,added,,gap_snapshot_2023-12,,medium,76,Мир молодых | Полюс-Ст | Polus-str
19287072,added,,gap_snapshot_2024-09,,medium,343,Wildberries | Атлант Керамика
19287279,added,,gap_snapshot_2023-12,,medium,67,Монолит | Автокомплекс
19287789,added,,gap_snapshot_2023-12,,high,74,Огонек
19288173,added,,gap_snapshot_2023-12,,high,72,Oksi`An
19288992,added,,gap_snapshot_2024-05,,high,221,Музосфера
19289116,added,,gap_snapshot_2023-12,,medium,76,Служба аварийного вскрытия замков | Студия эпиляции
19291328,added,,gap_snapshot_2023-12,,high,72,Oksi`An
19293154,added,,gap_snapshot_2024-09,,medium,343,Dinora_beauty | Студия косметологии
19293461,added,,gap_snapshot_2023-12,,medium,67,Другая клиника | Хеликс | Wildberries
19295189,added,,gap_snapshot_2023-12,,high,67,Производственная компания по изготовлению печатей и штампов
19295305,added,,gap_snapshot_2023-12,,medium,67,Nailup.beauty | Ozon
19295591,added,,gap_snapshot_2023-12,,medium,67,Цветочный магазин
19295595,added,,gap_snapshot_2023-12,,medium,67,Торговая компания | Средняя общеобразовательная школа №1945 с дошкольным отделением
19295830,added,,gap_snapshot_2023-12,,medium,67,Аптечный элемент | Москвич
19296033,added,,gap_snapshot_2024-05,,medium,219,Красное&Белое | Током Элит
19296048,added,,gap_snapshot_2024-05,,high,219,Чистая вода
19296318,added,,gap_snapshot_2023-12,,medium,67,Filstore.ru | Wildberries
19300436,added,,gap_snapshot_2023-12,,medium,62,Магнит | Красный | Снежана
19300903,added,,gap_snapshot_2023-12,,medium,62,MonColor | Моя Николь | Цветочный магазин
19301026,added,,gap_snapshot_2024-09,,medium,336,Khakimova lashes | Квадрат 32 Beauty | Kimono style
19301461,added,,gap_snapshot_2024-05,,medium,214,Инженерно-техническая школа им. дважды Героя Советского Союза П.Р. Поповича
19301504,added,,gap_snapshot_2024-05,,high,214,Ozon
19301564,added,,gap_snapshot_2023-12,,high,62,Продуктовый магазин
19303058,added,,gap_snapshot_2024-09,,medium,336,Кладовкин | Объединённый центр Московский дом книги | Аспект
19304192,added,,gap_snapshot_2024-09,,high,336,ВкусВилл
19306343,added,,gap_snapshot_2023-12,,high,60,Лавка радостей
19306601,added,,gap_snapshot_2023-12,,medium,60,Монолит | Автокомплекс
19306957,added,,gap_snapshot_2023-12,,high,60,ВкусВилл
19307000,added,,gap_snapshot_2023-12,,medium,60,Аптечный элемент | Москвич
19309744,added,,gap_snapshot_2023-12,,high,60,Пивчацкий
19313869,added,,gap_snapshot_2023-12,,medium,58,Офтальмологическая клиника доктора Яковлева | Магазин хозяйственных товаров и строительных материалов | Wildberries
19314754,added,,gap_snapshot_2023-12,,medium,58,Яндекс. Маркет | Продуктовый магазин
19331684,added,,gap_snapshot_2024-05,,high,196,Хелперс
19332942,added,,gap_snapshot_2024-09,,medium,318,Casa del ritmo | Back to travel
19336966,added,,gap_snapshot_2023-12,,high,33,ВкусВилл
19336975,added,,gap_snapshot_2023-12,,high,33,ВкусВилл
19336981,added,,gap_snapshot_2023-12,,high,33,ВкусВилл
19336984,added,,gap_snapshot_2023-12,,high,33,ВкусВилл
19338163,added,,gap_snapshot_2024-05,,high,197,Хелперс
19350656,added,,gap_snapshot_2023-12,,medium,39,Мосводосток | Армобит | Вежливый ремонт
19351283,added,,gap_snapshot_2023-12,,medium,39,Магнолия | Эконом-парикмахерская
19352510,added,,gap_snapshot_2023-12,,medium,39,Хмель&Cолод | Везендорф | Развитие
19354109,added,,gap_snapshot_2023-12,,high,33,Паназия
19358462,added,,gap_snapshot_2024-10,,high,344,ReVoice
19359234,added,,gap_snapshot_2024-05,,high,178,Кладовкин
19363937,added,,gap_snapshot_2024-09,,high,311,Barberdog
19364246,added,,gap_snapshot_2023-12,,high,34,Borodach
19375369,added,,gap_snapshot_2024-05,,medium,183,Парашоп | ГМЦ
19376375,added,,gap_snapshot_2023-12,,medium,27,World class | World Class Spa
19376852,added,,gap_snapshot_2023-12,,high,27,Кот Миндаль
19378291,added,,gap_snapshot_2023-12,,medium,20,Tbk Market | Мастерская по ремонту теле | Химчистка-22
19378807,added,,gap_snapshot_2023-12,,medium,25,Сервисный центр
19379328,added,,gap_snapshot_2024-09,,medium,299,Youth shop | Nail Land | Nërd
19379353,added,,gap_snapshot_2023-12,,medium,25,Авто Лэнд | Wildberries | Electro street
19380046,added,,gap_snapshot_2024-10,,medium,330,Торговая компания
19380736,added,,gap_snapshot_2023-12,,medium,25,Svetilo
19381559,added,,gap_snapshot_2023-12,,medium,25,Мастер колясок | Брикс
19384773,added,,gap_snapshot_2024-09,,high,294,Wildberries
19385123,added,,gap_snapshot_2023-12,,medium,20,Новая эра
19394503,added,,gap_snapshot_2024-09,,high,286,Винлаб
19394527,added,,gap_snapshot_2023-12,,medium,17,Techno-world | Мини-маркет
19394667,added,,gap_snapshot_2023-12,,medium,17,Халяль | Продуктовый магазин
19395320,added,,gap_snapshot_2024-10,,medium,322,Люминус
19395854,added,,gap_snapshot_2023-12,,high,17,Wildberries
19401681,added,,gap_snapshot_2023-12,,high,11,Кулагин ло групп
19402973,added,,gap_snapshot_2023-12,,medium,11,Яндекс Маркет | ОСТ-Т
19403907,added,,gap_snapshot_2023-12,,high,10,Магазин оптики
19405738,added,,gap_snapshot_2024-05,,medium,161,Лазерскул
19405844,added,,gap_snapshot_2024-05,,medium,161,Mango лавка | Berry Present
19408042,added,,gap_snapshot_2024-09,,high,283,СтеклоKraft
19408507,added,,gap_snapshot_2023-12,,medium,9,Мои документы
18805521,added,,gap_snapshot_2024-09,,high,38,Ирком
19372871,added,,gap_snapshot_2024-09,,high,245,Wildbеrries
19412675,added,,gap_snapshot_2024-05,,medium,122,Не школа вокала | Антикварный магазин | Gg
19419800,added,,gap_snapshot_2024-05,,high,127,Alif Atelier
19429720,added,,gap_snapshot_2024-10,,high,274,Est.Epil White
19430244,added,,gap_snapshot_2024-05,,medium,121,Авито | Бьюти-коворкинг
19432260,added,,gap_snapshot_2024-05,,high,127,Alif Atelier
19433413,added,,gap_snapshot_2024-05,,medium,105,Ателье | Елена Енисей
19433801,added,,gap_snapshot_2024-05,,medium,105,Ozon | Центр по ремонту бытовой техники
19434238,added,,gap_snapshot_2024-05,,medium,105,Салон-парикмахерская
19435255,added,,gap_snapshot_2024-05,,medium,105,Sun&City | LuxeGroup
19443894,added,,gap_snapshot_2024-05,,medium,116,Цвет чувств | Ч | Авокадо
19444617,added,,gap_snapshot_2024-05,,medium,116,Pilates by milatsa | Profteens
19446405,added,,gap_snapshot_2024-05,,high,127,Wildberries
19452725,added,,gap_snapshot_2024-05,,medium,114,Polli Pmu | Магазин посуды и товаров для дома | Магазин цветов
19454558,added,,gap_snapshot_2024-10,,high,267,Яндекс Маркет
19460179,added,,gap_snapshot_2024-05,,medium,108,Приорити право | Мастер тела | Ателье
19460321,added,,gap_snapshot_2024-10,,high,261,Книжная полка
19460336,added,,gap_snapshot_2024-05,,medium,113,FitDrive | ВкусВилл | Petit Petit
19460349,added,,gap_snapshot_2024-10,,high,266,ТеМа
19462267,added,,gap_snapshot_2024-05,,medium,113,Добрынинский | А-класс
19464114,added,,gap_snapshot_2024-05,,medium,112,Золотое Руно
19464318,added,,gap_snapshot_2024-05,,high,112,AM pilates
19464701,added,,gap_snapshot_2024-05,,medium,109,Дом быта | Авокадо | Адвокатский кабинет
19465717,added,,gap_snapshot_2024-05,,high,109,Roseberry
19466022,added,,gap_snapshot_2024-05,,medium,106,Hatsan | Gamo.Pro
19468456,added,,gap_snapshot_2024-05,,medium,106,Атлант
19468721,added,,gap_snapshot_2024-09,,high,228,Leyla Uluhanli
19474455,added,,gap_snapshot_2024-09,,medium,213,ВкусВилл
19474505,added,,gap_snapshot_2024-09,,medium,213,ВкусВилл
19474567,added,,gap_snapshot_2024-10,,medium,246,Start
19474620,added,,gap_snapshot_2024-05,,medium,93,Ozon | Boxberry
19474623,added,,gap_snapshot_2024-05,,medium,87,Доктор Ч
19474641,added,,gap_snapshot_2024-05,,high,91,Wildberries
19474658,added,,gap_snapshot_2024-09,,medium,213,Мосвелоремонт | Горздрав | Wildberries
19474668,added,,gap_snapshot_2024-09,,medium,213,Мосвелоремонт | Горздрав | Wildberries
19474674,added,,gap_snapshot_2024-09,,medium,213,Мосвелоремонт | Горздрав | Wildberries
19474690,added,,gap_snapshot_2024-09,,medium,213,ВкусВилл
19474882,added,,gap_snapshot_2024-05,,high,93,Монолит
19475912,added,,gap_snapshot_2024-05,,medium,93,Beautiful-self-love | Студия эпиляции и депиляции | Люби тело
19476144,added,,gap_snapshot_2024-10,,medium,245,Start
19476170,added,,gap_snapshot_2024-10,,medium,245,Start
19476183,added,,gap_snapshot_2024-05,,high,87,Wildberries
19476274,added,,gap_snapshot_2024-10,,high,240,Wildberries
19477034,added,,gap_snapshot_2024-09,,medium,213,Fashion Factory | Maeba International
19477783,added,,gap_snapshot_2024-05,,medium,91,Школа №1450 Олимп
19478255,added,,gap_snapshot_2024-09,,medium,210,Тридельфина.club | Wildberries
19478301,added,,gap_snapshot_2024-09,,medium,210,Тридельфина.club | Wildberries
19478340,added,,gap_snapshot_2024-09,,medium,210,Тридельфина.club | Wildberries
19478355,added,,gap_snapshot_2024-05,,high,92,Zerno
19478483,added,,gap_snapshot_2024-09,,medium,209,Зал единоборств | Моя стихия
19478796,added,,gap_snapshot_2024-10,,high,245,ReVoice
19479057,added,,gap_snapshot_2024-05,,medium,91,Четыре Лапы | Яндекс Лавка
19479416,added,,gap_snapshot_2024-05,,medium,91,Авокадо
19481466,added,,gap_snapshot_2024-05,,medium,86,Blondinki Studio | Ателье | Магазин товаров для рукоделия и шитья
19489329,added,,gap_snapshot_2024-05,,high,74,Полиграфическая компания
19489484,added,,gap_snapshot_2024-05,,high,74,Полиграфическая компания
19489636,added,,gap_snapshot_2024-05,,high,74,Полиграфическая компания
19489846,added,,gap_snapshot_2024-05,,high,74,Полиграфическая компания
19489913,added,,gap_snapshot_2024-05,,high,74,Полиграфическая компания
19489988,added,,gap_snapshot_2024-09,,medium,199,ВкусВилл
19490013,added,,gap_snapshot_2024-05,,high,74,Полиграфическая компания
19490118,added,,gap_snapshot_2024-05,,high,74,Полиграфическая компания
19490177,added,,gap_snapshot_2024-05,,high,74,Полиграфическая компания
19490575,added,,gap_snapshot_2024-05,,high,77,Полиграфическая компания
19491302,added,,gap_snapshot_2024-09,,medium,199,Сальдо
19491419,added,,gap_snapshot_2024-09,,medium,199,Сальдо
19491545,added,,gap_snapshot_2024-09,,medium,199,Сальдо
19491598,added,,gap_snapshot_2024-09,,medium,199,Сальдо
19491774,added,,gap_snapshot_2024-09,,medium,199,Wildberries
19492197,added,,gap_snapshot_2024-09,,medium,199,Wildberries | Бута маркет
19492270,added,,gap_snapshot_2024-09,,medium,199,Wildberries | Бута маркет
19496100,added,,gap_snapshot_2024-05,,medium,78,Интерталант | Модель-шоу
19499842,added,,gap_snapshot_2024-05,,medium,77,Инженерно-техническая школа им. дважды Героя Советского Союза П.Р. Поповича
19504214,added,,gap_snapshot_2024-05,,high,72,Холотропное Дыхание и Расстановки Holotrop Moscow
19508271,added,,gap_snapshot_2024-09,,high,186,Море кофе
19508317,added,,gap_snapshot_2024-09,,high,186,Море кофе
19508356,added,,gap_snapshot_2024-09,,high,186,Море кофе
19508412,added,,gap_snapshot_2024-09,,high,186,Море кофе
19508576,added,,gap_snapshot_2024-09,,high,186,Море кофе
19513008,added,,gap_snapshot_2024-05,,high,63,Арт-Кефир
19513088,added,,gap_snapshot_2024-05,,high,63,Boxberry
19514050,added,,gap_snapshot_2024-05,,medium,64,Московский городской центр реабилитации | Зеленый отель
19514087,added,,gap_snapshot_2024-09,,medium,185,Налоговая инспекция №14 | Гермес
19515423,added,,gap_snapshot_2024-05,,high,64,Рустранс
19516503,added,,gap_snapshot_2024-05,,medium,63,Samokhin group | Мистер Плинтус
19517821,added,,gap_snapshot_2024-05,,medium,59,Мит
19519742,added,,gap_snapshot_2024-05,,high,58,Norke
19519873,added,,gap_snapshot_2024-05,,medium,57,Люкс | Инженерно-техническая школа им. дважды Героя Советского Союза П.Р. Поповича
19520794,added,,gap_snapshot_2024-05,,medium,57,Jumping Kangaroo
19521080,added,,gap_snapshot_2024-09,,high,174,Наша Радуга
19521127,added,,gap_snapshot_2024-09,,high,167,Медлайн-сервис
19521945,added,,gap_snapshot_2024-10,,high,205,Wildberries
19532877,added,,gap_snapshot_2024-05,,medium,9,Ozon
19535611,added,,gap_snapshot_2024-09,,medium,125,Территориальное подразделение №85
19536682,added,,gap_snapshot_2024-05,,high,37,Наши в космосе
19536704,added,,gap_snapshot_2024-05,,medium,36,Моми | Сеть | Tatymuah
19536749,added,,gap_snapshot_2024-09,,medium,94,АКПП-Вариатор-dsg | Wildberries
19536757,added,,gap_snapshot_2024-05,,high,3,АКПП-Вариатор-Dsg Сервис
19536759,added,,gap_snapshot_2025-09,,high,286,Минимаркет
19540217,added,,gap_snapshot_2024-05,,medium,7,Магазин шампуров и казанов | Песчанский остров
19540250,added,,gap_snapshot_2024-05,,medium,9,Авокадо | Ваш Цветочный
19540255,added,,gap_snapshot_2024-05,,medium,7,Красное&Белое | Ozon | Boxberry
19541266,added,,gap_snapshot_2024-05,,medium,3,Ремонтная мастерская | ВашМастерПрофи
19541405,added,,gap_snapshot_2024-09,,high,132,Горздрав
19541452,added,,gap_snapshot_2024-10,,high,163,Красное&Белое
19541522,added,,gap_snapshot_2024-09,,medium,132,Буханка | Wildberries
19541568,added,,gap_snapshot_2024-09,,medium,132,Буханка | Wildberries
19541610,added,,gap_snapshot_2024-09,,medium,132,Буханка | Wildberries
19541643,added,,gap_snapshot_2024-09,,medium,132,Буханка | Wildberries
19541662,added,,gap_snapshot_2024-05,,medium,9,Гормедтехника
19541667,added,,gap_snapshot_2024-09,,high,132,Море кофе
19541716,added,,gap_snapshot_2024-05,,high,9,Мегамаркет
19544462,added,,gap_snapshot_2024-05,,high,16,Пироженка.рф
19544533,added,,gap_snapshot_2024-05,,high,15,Магазин табачной продукции
19544553,added,,gap_snapshot_2024-05,,medium,15,Шахматная школа №1 | Объединение культурных и досуговых центров центрального административного округа
19544559,added,,gap_snapshot_2024-05,,medium,15,Авокадо | Ralph Lauren
19545315,added,,gap_snapshot_2024-05,,high,16,Метода Pivot Point
19545333,added,,gap_snapshot_2024-09,,medium,138,Женская консультация №5 | Женская консультация №11 | Можно Торт
19545577,added,,gap_snapshot_2024-05,,high,10,Alif Atelier
19545966,added,,gap_snapshot_2024-05,,high,15,Лидер
19546191,added,,gap_snapshot_2024-05,,medium,15,Служба доставки паровых коктейлей | Артко 1993
19546215,added,,gap_snapshot_2024-05,,medium,15,Blackout-Pro | Перетяжка-кожей.ру | Avtozvukmoskva
19557783,added,,gap_snapshot_2024-05,,medium,2,Центр биостоматологии | МСК
19557841,added,,gap_snapshot_2024-05,,medium,0,Профи букет
19558637,added,,gap_snapshot_2024-05,,high,3,Бурдор
19560013,added,,gap_snapshot_2024-09,,medium,103,Север Ким | Ле-Фарм
19560679,added,,gap_snapshot_2025-09,,medium,348,Орёл | Красное&Белое
19561071,added,,gap_snapshot_2025-09,,medium,348,Wildberries | Ozon | Авито
19561079,added,,gap_snapshot_2025-09,,medium,348,Wildberries | Ozon | Авито
19561092,added,,gap_snapshot_2025-09,,medium,348,Wildberries | Ozon | Авито
19561127,added,,gap_snapshot_2025-09,,medium,348,Орёл | Красное&Белое
19561134,added,,gap_snapshot_2025-09,,medium,348,Орёл | Красное&Белое
19561171,added,,gap_snapshot_2025-09,,medium,279,Wildberries | Апельсинка
19561176,added,,gap_snapshot_2025-09,,medium,348,Wildberries | Ozon | Авито
19562116,added,,gap_snapshot_2024-10,,high,134,Феерия
19562275,added,,gap_snapshot_2024-05,,medium,0,TechSkin | Coffee Moments
19562276,added,,gap_snapshot_2025-09,,high,279,Ozon
19562279,added,,gap_snapshot_2025-09,,high,348,Ozon
19562287,added,,gap_snapshot_2025-09,,high,279,Ozon
19562657,added,,gap_snapshot_2024-10,,medium,155,Авито | Драйвер | Wildberries
19563687,added,,gap_snapshot_2024-05,,medium,0,Студия красоты | Пиво Еда Люди | Егерь
19566566,added,,gap_snapshot_2024-09,,medium,118,Буханка | Wildberries
19566594,added,,gap_snapshot_2024-09,,medium,118,Буханка | Wildberries
19566625,added,,gap_snapshot_2024-09,,medium,118,Буханка | Wildberries
19566645,added,,gap_snapshot_2024-09,,medium,118,Буханка | Wildberries
19566657,added,,gap_snapshot_2024-09,,medium,118,Буханка | Wildberries
19566688,added,,gap_snapshot_2024-09,,medium,118,Буханка | Wildberries
19566722,added,,gap_snapshot_2024-10,,high,149,Красное&Белое
19566729,added,,gap_snapshot_2024-10,,high,149,Красное&Белое
19566855,added,,gap_snapshot_2024-09,,medium,118,Глонасс-gps
19566882,added,,gap_snapshot_2024-09,,medium,118,Wildberries
19567381,added,,gap_snapshot_2024-09,,high,117,More Decore
19567645,added,,gap_snapshot_2024-09,,medium,117,Психоневрологический диспансер №18
19568942,added,,gap_snapshot_2024-09,,high,111,INVITRO
19569007,added,,gap_snapshot_2024-09,,medium,102,Мастерия | Авито | Boot Service
19569150,added,,gap_snapshot_2024-09,,medium,102,AirSector
19569846,added,,gap_snapshot_2024-09,,high,124,Sevaro elit
19570132,added,,gap_snapshot_2024-10,,medium,134,Магнит
19571334,added,,gap_snapshot_2024-09,,medium,103,Электрозона | Красное&Белое
19571722,added,,gap_snapshot_2024-09,,medium,109,Сервисный центр по ремонту цифровой техники | Лига юных
19571898,added,,gap_snapshot_2024-09,,medium,103,Детская городская поликлиника №104
19571946,added,,gap_snapshot_2024-09,,high,103,Cat Kris
19572961,added,,gap_snapshot_2024-09,,medium,102,Уют Лтд | Стройхозмаг
19572973,added,,gap_snapshot_2024-09,,high,102,БТИ-2 2 корпус
19573053,added,,gap_snapshot_2024-09,,high,102,Винлаб
19573484,added,,gap_snapshot_2024-10,,high,134,Компания по аренде кофемашин
19573487,added,,gap_snapshot_2024-10,,high,134,Компания по аренде кофемашин
19573490,added,,gap_snapshot_2024-10,,high,134,Компания по аренде кофемашин
19573496,added,,gap_snapshot_2024-10,,high,134,Компания по аренде кофемашин
19573521,added,,gap_snapshot_2024-10,,high,134,Компания по аренде кофемашин
19573724,added,,gap_snapshot_2024-09,,medium,103,Wildberries | Винлаб
19573755,added,,gap_snapshot_2024-09,,medium,103,Wildberries | Винлаб
19573802,added,,gap_snapshot_2024-09,,medium,103,Wildberries | Винлаб
19573905,added,,gap_snapshot_2024-09,,medium,103,Wildberries | Винлаб
19573923,added,,gap_snapshot_2024-09,,medium,103,Wildberries | Винлаб
19573932,added,,gap_snapshot_2024-09,,medium,103,Wildberries | Винлаб
19573940,added,,gap_snapshot_2024-09,,medium,103,Wildberries | Винлаб
19573952,added,,gap_snapshot_2024-09,,medium,103,Wildberries | Винлаб
19573962,added,,gap_snapshot_2024-09,,medium,98,Wildberries | Винлаб
19573986,added,,gap_snapshot_2024-09,,medium,98,Wildberries | Винлаб
19574022,added,,gap_snapshot_2024-09,,medium,98,Wildberries | Винлаб
19574489,added,,gap_snapshot_2024-09,,medium,98,Глонасс-gps
19574505,added,,gap_snapshot_2024-09,,medium,98,Буханка | Wildberries
19574515,added,,gap_snapshot_2024-09,,medium,98,Буханка | Wildberries
19575042,added,,gap_snapshot_2024-10,,high,126,Винлаб
19576710,added,,gap_snapshot_2024-09,,medium,95,Ozon | Яндекс Маркет
19579111,added,,gap_snapshot_2024-09,,high,95,Ozon
19579326,added,,gap_snapshot_2024-09,,high,90,ВкусВилл
19579716,added,,gap_snapshot_2024-10,,high,125,Miss.Bliss
19580562,added,,gap_snapshot_2024-09,,medium,87,Лофт Balance | INVITRO
19580948,added,,gap_snapshot_2024-09,,high,87,Орион
19581745,added,,gap_snapshot_2024-09,,high,87,Красное&Белое
19582052,added,,gap_snapshot_2024-10,,high,125,Uz
19582222,added,,gap_snapshot_2024-09,,medium,94,Tradest | Kuba Hair | Школа био-баланса
19582631,added,,gap_snapshot_2024-09,,high,90,Эксперт
19583874,added,,gap_snapshot_2024-09,,high,94,Дакрида
19584476,added,,gap_snapshot_2024-09,,medium,89,Лунатик | Бристоль
19584543,added,,gap_snapshot_2024-09,,high,89,Wildberries
19584649,added,,gap_snapshot_2024-09,,medium,89,Красное&Белое
19587178,added,,gap_snapshot_2024-09,,medium,90,Яндекс Маркет | Капитал Медицинское Страхование
19587241,added,,gap_snapshot_2024-09,,medium,90,Горздрав
19587386,added,,gap_snapshot_2024-09,,medium,87,Hendrix Studio
19590116,added,,gap_snapshot_2024-09,,medium,83,Горздрав
19591304,added,,gap_snapshot_2024-10,,high,114,DeLaura
19591625,added,,gap_snapshot_2024-09,,medium,73,Wildberries | ВкусВилл
19591678,added,,gap_snapshot_2024-09,,high,73,Soda
19591717,added,,gap_snapshot_2024-10,,high,104,Винлаб
19591726,added,,gap_snapshot_2024-09,,medium,73,Wildberries | Бута маркет
19592265,added,,gap_snapshot_2024-09,,high,73,DbPower
19592478,added,,gap_snapshot_2024-09,,medium,73,Wildberries
19592521,added,,gap_snapshot_2024-10,,high,104,Домми
19592645,added,,gap_snapshot_2024-09,,high,73,Wildberries
19592955,added,,gap_snapshot_2024-09,,medium,76,Artcervis | Точка любви
19594010,added,,gap_snapshot_2024-09,,high,83,Ozon
19594366,added,,gap_snapshot_2024-09,,high,76,Буквариум
19596110,added,,gap_snapshot_2024-09,,high,77,1Камень
19600061,added,,gap_snapshot_2024-09,,high,62,Iq007
19600264,added,,gap_snapshot_2024-09,,medium,62,Красное&Белое | Wildberries
19600317,added,,gap_snapshot_2024-09,,high,62,Бристоль
19603151,added,,gap_snapshot_2024-09,,medium,80,Авокадо | M-brain
19603901,added,,gap_snapshot_2024-09,,medium,67,Nail.me | Вита экспресс
19605340,added,,gap_snapshot_2024-09,,medium,73,Красное&Белое | Autodoc.ru | Все для дома
19606683,added,,gap_snapshot_2025-09,,medium,356,Магнит | Красное&Белое | Здесь
19606686,added,,gap_snapshot_2025-09,,medium,356,Магнит | Красное&Белое | Здесь
19606726,added,,gap_snapshot_2024-09,,high,47,Wildberries
19607651,added,,gap_snapshot_2024-09,,high,74,Место развития
19611746,added,,gap_snapshot_2024-09,,high,48,Московское долголетие
19611750,added,,gap_snapshot_2024-09,,high,48,Московское долголетие
19613534,added,,gap_snapshot_2025-09,,medium,342,Restretch | Ozon | Яндекс Маркет
19617325,added,,gap_snapshot_2024-09,,medium,56,XFIT
19617377,added,,gap_snapshot_2024-09,,high,56,Соколиная гора
19617532,added,,gap_snapshot_2024-09,,medium,56,КуулКлевер Мясновъ Отдохни | СалютДевайсы
19618379,added,,gap_snapshot_2024-09,,medium,56,Север Ким | Ле-Фарм
19621829,added,,gap_snapshot_2024-09,,high,54,Polonium Arts
19623414,added,,gap_snapshot_2024-09,,medium,42,Wildberries | Винлаб
19623431,added,,gap_snapshot_2024-09,,medium,42,Wildberries | Винлаб
19623448,added,,gap_snapshot_2024-09,,medium,42,Wildberries | Винлаб
19623451,added,,gap_snapshot_2024-09,,medium,41,Wildberries | Винлаб
19623454,added,,gap_snapshot_2024-09,,medium,41,Wildberries | Винлаб
19628272,added,,gap_snapshot_2024-09,,medium,34,ВкусВилл
19629466,added,,gap_snapshot_2024-09,,medium,46,Бизнес-консалтинг
19632046,added,,gap_snapshot_2024-09,,medium,42,Мир печатей | Viraqua
19632050,added,,gap_snapshot_2024-10,,medium,65,Московская государственная творческая мастерская под руководством А. Рыбникова
19633576,added,,gap_snapshot_2024-10,,high,70,Экспертиза и Оценка
19633582,added,,gap_snapshot_2024-10,,high,70,Экспертиза и Оценка
19635641,added,,gap_snapshot_2024-09,,medium,40,Онис | Tehnology
19635679,added,,gap_snapshot_2024-09,,medium,38,Азия Про Виза | Hk-Service
19636437,added,,gap_snapshot_2024-09,,high,34,Антикварная лавка в Калашном
19636665,added,,gap_snapshot_2024-10,,high,71,Экспертиза и Оценка
19637593,added,,gap_snapshot_2024-09,,high,35,ЛабКвест
19638356,added,,gap_snapshot_2024-10,,high,63,Экспертиза и Оценка
19639483,added,,gap_snapshot_2024-09,,medium,32,Wildberries | Молодежный центр
19640155,added,,gap_snapshot_2024-09,,high,32,М&Н
19640754,added,,gap_snapshot_2024-09,,medium,24,ВкусВилл
19640757,added,,gap_snapshot_2024-09,,medium,24,Ozon | Авито
19642343,added,,gap_snapshot_2024-09,,high,27,Dizeld.ru
19642399,added,,gap_snapshot_2024-09,,high,27,Dizeld.ru
19642585,added,,gap_snapshot_2024-09,,high,27,Dizeld.ru
19642586,added,,gap_snapshot_2024-09,,high,27,Dizeld.ru
19647633,added,,gap_snapshot_2024-09,,medium,19,Wildberries | Яндекс Маркет
19649448,added,,gap_snapshot_2025-09,,medium,342,Wildberries
19649491,added,,gap_snapshot_2025-09,,medium,342,Строительный магазин
19649501,added,,gap_snapshot_2025-09,,high,342,Поляна
19652206,added,,gap_snapshot_2024-09,,high,10,Моника
19652683,added,,gap_snapshot_2024-09,,medium,10,Он и Она Экспресс
19653884,added,,gap_snapshot_2024-09,,medium,3,Винлаб | Красное&Белое | Restretch
19654059,added,,gap_snapshot_2024-09,,medium,3,Wildberries | Яндекс Маркет | Bliss beach
19656041,added,,gap_snapshot_2024-09,,high,5,Dizeld.ru
19657899,added,,gap_snapshot_2024-09,,high,5,Dizeld.ru
19659580,added,,gap_snapshot_2024-09,,medium,4,Феникс | Дариано | Стандарт
19659954,added,,gap_snapshot_2024-09,,medium,4,Институт проектного мышления | Красное&Белое | Крепмаркет
19664078,added,,gap_snapshot_2025-09,,high,364,Медикал Спейс
19664174,added,,gap_snapshot_2024-10,,high,30,Wildberries
19664431,added,,gap_snapshot_2025-09,,medium,364,Консинго | Modress | Bazaar-tex. ru
19666717,added,,gap_snapshot_2025-09,,high,357,Emex
19667627,added,,gap_snapshot_2025-09,,high,306,Поляна
19667630,added,,gap_snapshot_2025-09,,high,306,Поляна
19667683,added,,gap_snapshot_2025-09,,medium,306,Яндекс Маркет | Wildberries | Скуффляндия
19667694,added,,gap_snapshot_2025-09,,medium,306,Яндекс Маркет | Wildberries | Скуффляндия
19667698,added,,gap_snapshot_2025-09,,high,306,Магнит
19667702,added,,gap_snapshot_2025-09,,high,306,Магнит
19667723,added,,gap_snapshot_2025-09,,medium,306,Магнит | Дикси Go! | Цветы Москвы
19667730,added,,gap_snapshot_2025-09,,medium,306,Магнит | Дикси Go! | Цветы Москвы
19673415,added,,gap_snapshot_2024-10,,high,22,Винлаб
19673637,added,,gap_snapshot_2024-10,,high,22,СберМобайл
19676258,added,,gap_snapshot_2025-09,,high,326,Ак Йорт
19676350,added,,gap_snapshot_2025-09,,medium,326,Hendrix Studio | Коровка
19676373,added,,gap_snapshot_2025-09,,medium,326,WakeUp | Красное&Белое | Самолет Плюс
19678424,added,,gap_snapshot_2025-09,,medium,337,Магнит
19678821,added,,gap_snapshot_2025-09,,high,349,Новита
19678982,added,,gap_snapshot_2024-10,,high,9,Реасистемс
19679578,added,,gap_snapshot_2025-09,,medium,336,Ozon | Здравсити
19679661,added,,gap_snapshot_2025-09,,medium,335,Тридельфина. club | Wildberries
19681448,added,,gap_snapshot_2025-09,,medium,342,SofiaZharova
19681463,added,,gap_snapshot_2025-09,,medium,340,Хэппи Пипл | Flux | Белая мастерская
19682205,added,,gap_snapshot_2025-09,,high,293,Wildberries
19682260,added,,gap_snapshot_2025-09,,high,293,Wildberries
19682682,added,,gap_snapshot_2024-10,,high,6,Shop-Packd
19687889,added,,gap_snapshot_2025-09,,medium,329,Складно | Fix Price | 4b. ru
19687947,added,,gap_snapshot_2025-09,,high,329,Ozon
19690538,added,,gap_snapshot_2025-09,,medium,327,Хмель&Солод
19690562,added,,gap_snapshot_2025-09,,medium,327,Ozon | Pure in | Банк ВТБ
19690604,added,,gap_snapshot_2025-09,,medium,327,Show аtelier | Магнит | Научно-исследовательский центр детской нейропсихологии им. А. Р. Лурия
19690966,added,,gap_snapshot_2025-09,,medium,327,Нейростудия | LaraBond | Wildberries
19691008,added,,gap_snapshot_2025-09,,medium,327,Около
19691093,added,,gap_snapshot_2025-09,,high,327,Ozon
19691372,added,,gap_snapshot_2025-09,,medium,319,ЦацаГрум | Wildberries
19691799,added,,gap_snapshot_2025-09,,high,327,Альфа Детки
19692584,added,,gap_snapshot_2025-09,,high,320,Ozon
19692597,added,,gap_snapshot_2025-09,,high,320,Ozon
19692657,added,,gap_snapshot_2025-09,,high,320,Ozon
19692730,added,,gap_snapshot_2025-09,,high,320,Ozon
19692761,added,,gap_snapshot_2025-09,,high,320,Ozon
19693890,added,,gap_snapshot_2025-09,,medium,320,Яндекс Маркет | Wildberries
19693921,added,,gap_snapshot_2025-09,,medium,320,Авито
19695831,added,,gap_snapshot_2025-09,,medium,319,Хочу&всё | Ozon | 1224pro
19697403,added,,gap_snapshot_2025-09,,high,315,Спас-Замков
19705576,added,,gap_snapshot_2025-09,,medium,305,ВкусВилл | Студия Юрия Норштейна
19706295,added,,gap_snapshot_2025-09,,medium,301,СтандАрт | Push vape | Московский свинг данс клуб
19709946,added,,gap_snapshot_2025-09,,medium,298,Soda
19710678,added,,gap_snapshot_2025-09,,medium,293,Умное образование | Ustico | Рона дент
19712275,added,,gap_snapshot_2025-09,,medium,293,Бархат ночи | D tea | Призрачная полка
19712747,added,,gap_snapshot_2025-09,,medium,293,Service Store | Табачный магазин
19712874,added,,gap_snapshot_2025-09,,high,293,Складно
19713982,added,,gap_snapshot_2025-09,,medium,293,Свечная мастерская
19716373,added,,gap_snapshot_2025-09,,medium,287,ПроЗвук | Цветы говорят
19716514,added,,gap_snapshot_2025-09,,medium,287,Soda
19717350,added,,gap_snapshot_2025-09,,medium,286,Семерочка | Social optics
19719162,added,,gap_snapshot_2025-09,,medium,286,Wildberries | МК
19536763,added,,gap_snapshot_2025-09,,high,159,Магнит
19606674,added,,gap_snapshot_2025-09,,medium,159,Магнит | Здесь | Красное&Белое
19606691,added,,gap_snapshot_2025-09,,medium,208,Магнит | Здесь | Красное&Белое
19606697,added,,gap_snapshot_2025-09,,medium,159,Магнит | Здесь | Красное&Белое
19649539,added,,gap_snapshot_2025-09,,high,195,Строительный магазин
19682189,added,,gap_snapshot_2025-09,,high,216,Wildberries
19683601,added,,gap_snapshot_2025-09,,medium,167,Авито | Wildberries
19717674,added,,gap_snapshot_2025-09,,medium,253,Столички | Улыбка радуги
19720192,added,,gap_snapshot_2025-09,,medium,244,Столички | Улыбка радуги
19720195,added,,gap_snapshot_2025-09,,medium,244,Столички | Улыбка радуги
19721970,added,,gap_snapshot_2025-09,,medium,242,Ozon | Здравсити
19723017,added,,gap_snapshot_2025-09,,medium,239,Тридельфина. club | Wildberries
19723018,added,,gap_snapshot_2025-09,,medium,239,Wildberries | Ozon
19723022,added,,gap_snapshot_2025-09,,high,239,Muray
19723308,added,,gap_snapshot_2025-09,,medium,249,Детская музыкальная школа им. В.И. Сафонова
19724721,added,,gap_snapshot_2025-09,,medium,237,Столички | Улыбка радуги
19724765,added,,gap_snapshot_2025-09,,medium,237,Здравсити | Ермолино
19724767,added,,gap_snapshot_2025-09,,high,237,Muray
19725708,added,,gap_snapshot_2025-09,,medium,245,ВкусВилл | Шварцкайзер
19726277,added,,gap_snapshot_2026-02,,medium,359,Ozon
19726306,added,,gap_snapshot_2025-09,,medium,208,Seven sky | 36
19726313,added,,gap_snapshot_2025-09,,medium,208,Seven sky | 36
19726401,added,,gap_snapshot_2025-09,,medium,208,Seven sky | 36
19726406,added,,gap_snapshot_2025-09,,medium,208,Seven sky | 36
19726409,added,,gap_snapshot_2025-09,,medium,208,Seven sky | 36
19726428,added,,gap_snapshot_2025-09,,medium,208,Seven sky | 36
19726514,added,,gap_snapshot_2025-09,,medium,208,Seven sky | 36
19726523,added,,gap_snapshot_2025-09,,medium,208,Seven sky | 36
19726534,added,,gap_snapshot_2025-09,,medium,208,Seven sky | 36
19726541,added,,gap_snapshot_2025-09,,medium,208,Seven sky | 36
19726545,added,,gap_snapshot_2025-09,,medium,208,Seven sky | 36
19726550,added,,gap_snapshot_2025-09,,medium,208,Seven sky | 36
19726556,added,,gap_snapshot_2025-09,,medium,159,Seven sky | 36
19726606,added,,gap_snapshot_2025-09,,medium,208,Seven sky | 36
19726619,added,,gap_snapshot_2025-09,,medium,208,Seven sky | 36
19726636,added,,gap_snapshot_2025-09,,medium,208,Seven sky | 36
19726882,added,,gap_snapshot_2025-09,,medium,208,Seven sky | 36
19726981,added,,gap_snapshot_2025-09,,medium,159,Seven sky | 36
19726989,added,,gap_snapshot_2025-09,,medium,208,Seven sky | 36
19727879,added,,gap_snapshot_2025-09,,medium,222,Нейростудия | LaraBond | Wildberries
19728519,added,,gap_snapshot_2025-09,,high,231,Muray
19728520,added,,gap_snapshot_2025-09,,high,231,Muray
19728521,added,,gap_snapshot_2025-09,,high,231,Muray
19729653,added,,gap_snapshot_2025-09,,medium,222,Ozon
19729692,added,,gap_snapshot_2025-09,,medium,222,ВкусВилл | Ozon | Яндекс Маркет
19729967,added,,gap_snapshot_2025-09,,high,245,МосВет
19731324,added,,gap_snapshot_2025-09,,medium,244,Ozon
19731822,added,,gap_snapshot_2025-09,,high,244,Студия 13
19732388,added,,gap_snapshot_2025-09,,medium,245,Шаурмечная
19733627,added,,gap_snapshot_2025-09,,medium,215,Современная стоматология | Рыба Маркет
19733739,added,,gap_snapshot_2025-09,,medium,243,Литех | Центр косметологии Элины Бергмане
19733742,added,,gap_snapshot_2025-09,,medium,243,Lami. natka
19734036,added,,gap_snapshot_2025-09,,medium,222,Ozon | Красное&Белое | ВкусВилл
19734186,added,,gap_snapshot_2025-09,,medium,243,Сати | Ozon
19734650,added,,gap_snapshot_2025-09,,medium,243,Coffee Nice | Структура | Студия подологии и эстетики
19734852,added,,gap_snapshot_2026-02,,medium,361,Тонк
19735421,added,,gap_snapshot_2026-02,,high,344,СДЭК
19736222,added,,gap_snapshot_2025-09,,medium,238,Валан | Topline Крылатское | Access Bars
19740027,added,,gap_snapshot_2025-09,,medium,207,NiNi | Кругосветка | Студия перманентного макияжа
19740417,added,,gap_snapshot_2025-09,,medium,217,Розенберг | Мгарант-Строй
19741203,added,,gap_snapshot_2025-09,,medium,201,Surf Coffee x Lore | Он и Она Экспресс | Coffee Moments
19742390,added,,gap_snapshot_2025-09,,high,201,Улыбка Плюс
19742415,added,,gap_snapshot_2026-02,,medium,352,My family values
19742461,added,,gap_snapshot_2025-09,,medium,201,Яндекс Маркет
19742464,added,,gap_snapshot_2025-09,,medium,228,Магазин мяса | CMD | ВкусВилл
19742704,added,,gap_snapshot_2025-09,,medium,228,Олива Бистро | Proffesional-vet | Banksy
19743023,added,,gap_snapshot_2025-09,,high,200,АКПП-Вариатор-dsg
19743162,added,,gap_snapshot_2026-02,,high,351,Виктория
19744639,added,,gap_snapshot_2025-09,,medium,200,G-Pay | Юридические агентство
19744660,added,,gap_snapshot_2025-09,,medium,200,G-Pay | Юридические агентство
19744671,added,,gap_snapshot_2025-09,,medium,200,G-Pay | Юридические агентство
19744697,added,,gap_snapshot_2025-09,,medium,200,G-Pay | Юридические агентство
19744711,added,,gap_snapshot_2025-09,,medium,200,G-Pay | Юридические агентство
19746744,added,,gap_snapshot_2026-02,,medium,346,Dance-ap
19746745,added,,gap_snapshot_2026-02,,medium,346,Dance-ap
19746757,added,,gap_snapshot_2025-09,,medium,202,Крод | Цветочная лавка | Аль табак HQD
19746768,added,,gap_snapshot_2026-02,,medium,351,Ozon | Магнит
19746769,added,,gap_snapshot_2026-02,,medium,351,Ozon | Магнит
19746770,added,,gap_snapshot_2026-02,,medium,351,Ozon | Магнит
19746771,added,,gap_snapshot_2026-02,,medium,351,Ozon | Магнит
19746772,added,,gap_snapshot_2026-02,,medium,351,Ozon | Магнит
19746773,added,,gap_snapshot_2026-02,,medium,351,Ozon | Магнит
19746774,added,,gap_snapshot_2026-02,,medium,351,Ozon | Магнит
19746775,added,,gap_snapshot_2026-02,,medium,351,Минимаркет
19746931,added,,gap_snapshot_2025-09,,medium,197,Магнит | Wildberries | Ozon
19746936,added,,gap_snapshot_2025-09,,medium,197,Магнит | Wildberries | Ozon
19746938,added,,gap_snapshot_2025-09,,medium,197,Магнит | Wildberries | Ozon
19746942,added,,gap_snapshot_2026-02,,medium,351,Ozon | Магнит
19747193,added,,gap_snapshot_2026-02,,high,347,Aww Music Label
19748670,added,,gap_snapshot_2026-02,,medium,346,Катись! | Дикси
19748671,added,,gap_snapshot_2026-02,,medium,346,Ozon | Магнит
19749222,added,,gap_snapshot_2026-02,,medium,346,Ozon | Магнит
19749233,added,,gap_snapshot_2026-02,,high,346,Здравсити
19749559,added,,gap_snapshot_2026-02,,medium,346,Катись! | Дикси
19753326,added,,gap_snapshot_2025-09,,medium,189,Албин Ганз | Банк ВТБ
19753346,added,,gap_snapshot_2026-02,,medium,340,Novolaser | Центр врачебной косметологии Натальи Ротару
19755375,added,,gap_snapshot_2025-09,,medium,195,Nor Hayastan Dance | Sola
19757060,added,,gap_snapshot_2025-09,,high,193,Дом быта
19758282,added,,gap_snapshot_2025-09,,high,194,Красное&Белое
19758528,added,,gap_snapshot_2025-09,,medium,193,Яндекс Маркет
19758543,added,,gap_snapshot_2026-02,,medium,344,Отдельный батальон полиции №2
19759383,added,,gap_snapshot_2026-02,,high,333,Басманный
19760691,added,,gap_snapshot_2026-02,,medium,332,Novolaser | Центр врачебной косметологии Натальи Ротару
19760750,added,,gap_snapshot_2026-02,,medium,332,Kiberone
19760837,added,,gap_snapshot_2026-02,,medium,332,Ozon | Магнит
19761296,added,,gap_snapshot_2026-02,,medium,339,Ника | Центр неврологии и педиатрии
19761424,added,,gap_snapshot_2025-09,,medium,180,Сати | Ozon
19761522,added,,gap_snapshot_2025-09,,medium,188,Золотая Корона | Piazza roma
19761793,added,,gap_snapshot_2026-02,,high,338,Басманный
19762115,added,,gap_snapshot_2025-09,,medium,187,Elnor medical
19762123,added,,gap_snapshot_2025-09,,medium,188,Кабинет эстетики | Zavivka_bio
19762293,added,,gap_snapshot_2026-02,,medium,334,Ozon | Wildberries
19762312,added,,gap_snapshot_2026-02,,medium,334,Ozon | Wildberries
19762327,added,,gap_snapshot_2026-02,,medium,334,Ozon | Wildberries
19762349,added,,gap_snapshot_2026-02,,medium,334,Soda | Петрович Рядом
19762376,added,,gap_snapshot_2026-02,,medium,334,Soda | Петрович Рядом
19762394,added,,gap_snapshot_2025-09,,medium,187,Яндекс Маркет | Wow Flora | Гарда
19762396,added,,gap_snapshot_2026-02,,medium,334,Soda | Петрович Рядом
19762411,added,,gap_snapshot_2026-02,,medium,334,Soda | Петрович Рядом
19762430,added,,gap_snapshot_2026-02,,medium,338,Ozon
19764061,added,,gap_snapshot_2025-09,,high,179,Рем-СтиралОк
19765168,added,,gap_snapshot_2026-02,,medium,331,Центр специального назначения Росгвардии | Городская Оконная Служба
19765401,added,,gap_snapshot_2025-09,,medium,180,12.8
19765423,added,,gap_snapshot_2025-09,,medium,167,Ай-Шефф
19765614,added,,gap_snapshot_2025-09,,medium,180,Wildberries
19766533,added,,gap_snapshot_2025-09,,medium,173,One Price | МосТабак | 585*Золотой
19766630,added,,gap_snapshot_2025-09,,high,168,Ozon
19766883,added,,gap_snapshot_2025-09,,medium,167,Ай-Шефф
19768252,added,,gap_snapshot_2025-09,,medium,165,Ozon | Wildberries | Магнит Маркет
19769161,added,,gap_snapshot_2025-09,,high,166,Wildberries
19769585,added,,gap_snapshot_2025-09,,high,160,Психологический центр
19769805,added,,gap_snapshot_2025-09,,medium,161,Ozon | Русская школа искусств | Wildberries
19769881,added,,gap_snapshot_2026-02,,high,311,Ozon
19769930,added,,gap_snapshot_2026-02,,high,311,Ozon
19769953,added,,gap_snapshot_2025-09,,medium,160,Ozon
19770588,added,,gap_snapshot_2025-09,,medium,161,Орехи и сухофрукты | Ринком
19771976,added,,gap_snapshot_2025-09,,medium,154,Точка буккроссинга
19772328,added,,gap_snapshot_2025-09,,medium,160,Wildberries
19772749,added,,gap_snapshot_2025-09,,medium,160,Wildberries
19773750,added,,gap_snapshot_2025-09,,medium,159,Wildberries | Яндекс Маркет | Компания по скупке предметов СССР
19774420,added,,gap_snapshot_2026-04,,medium,365,Самокат | Wildberries
19774448,added,,gap_snapshot_2026-02,,medium,304,Wildberries
19774589,added,,gap_snapshot_2026-02,,medium,304,Абрикос фловерс | Магнит Сити
19774600,added,,gap_snapshot_2025-09,,medium,153,Красное&Белое | Пятёрочка
19775433,added,,gap_snapshot_2025-09,,medium,153,Юг столицы | Wildberries | Dr. AkNer
19775843,added,,gap_snapshot_2025-09,,medium,153,Ozon | Самокат | Гормедтехника департамента здравоохранения г. Москвы
19776137,added,,gap_snapshot_2025-09,,high,126,Яндекс Маркет
19777561,added,,gap_snapshot_2025-09,,medium,126,Ozon
19777658,added,,gap_snapshot_2026-02,,medium,290,Ozon
19778190,added,,gap_snapshot_2025-09,,medium,139,Wildberries
19778617,added,,gap_snapshot_2025-09,,medium,139,Массажный кабинет | LaVita
19778694,added,,gap_snapshot_2025-09,,medium,131,Мой досуговый центр Атлант | Wildberries | Bubobox
19778852,added,,gap_snapshot_2025-09,,medium,131,Wildberries
19778907,added,,gap_snapshot_2026-02,,high,270,ТропМаркет
19778918,added,,gap_snapshot_2025-09,,medium,124,Ozon
19778993,added,,gap_snapshot_2025-09,,high,124,Красное&Белое
19779709,added,,gap_snapshot_2026-02,,medium,283,Блеск волос
19781904,added,,gap_snapshot_2025-09,,medium,131,Артист | Яндекс Маркет | Ваш магазин
19781909,added,,gap_snapshot_2025-09,,high,131,Технология ММ
19783211,added,,gap_snapshot_2026-04,,medium,344,Ozon | Wildberries
19783843,added,,gap_snapshot_2025-09,,medium,117,Кабинет адвоката Петриной Е.А. | Bravis
19783882,added,,gap_snapshot_2026-02,,medium,282,Ozon | Яндекс Маркет | Wildberries
19784284,added,,gap_snapshot_2025-09,,medium,116,Студия музыки мультиинструменталиста Д. Дажитдинова | Студия красоты Евгении Поповой | Стоматологическая клиника
19784329,added,,gap_snapshot_2025-09,,high,116,Navesypro. ru
19784362,added,,gap_snapshot_2025-09,,medium,112,Lumi | Ozon | Annetka.hair
19785269,added,,gap_snapshot_2025-09,,medium,119,Wildberries
19786768,added,,gap_snapshot_2026-04,,medium,324,Ozon | Яндекс Маркет
19786847,added,,gap_snapshot_2025-09,,medium,104,Мэри Трюфель | Композитор
19787395,added,,gap_snapshot_2026-04,,high,315,Доходный дом Усова
19787610,added,,gap_snapshot_2025-09,,high,111,Kser
19787638,added,,gap_snapshot_2026-04,,high,331,Пятёрочка
19787643,added,,gap_snapshot_2025-09,,medium,111,Wildberries
19788623,added,,gap_snapshot_2026-02,,high,253,Студия ногтевого сервиса
19788741,added,,gap_snapshot_2025-09,,medium,102,Эпикрист | ЭнергоСервисГрупп
19789177,added,,gap_snapshot_2026-02,,medium,262,Winestyle | АкваСтиль
19789412,added,,gap_snapshot_2025-09,,medium,111,Style-ok.ru
19789820,added,,gap_snapshot_2025-09,,medium,111,Умное образование | Ustico | Рона дент
19790704,added,,gap_snapshot_2025-09,,medium,102,DecorLux | Эстель
19790908,added,,gap_snapshot_2025-09,,high,102,Леон-2
19790909,added,,gap_snapshot_2025-09,,medium,111,Ozon | Здравсити
19791429,added,,gap_snapshot_2025-09,,high,95,ВкусВилл
19793738,added,,gap_snapshot_2025-09,,high,103,Muray
19793739,added,,gap_snapshot_2026-04,,medium,315,Грин-Роуз
19793745,added,,gap_snapshot_2026-04,,medium,315,Грин-Роуз
19793747,added,,gap_snapshot_2026-04,,medium,315,Грин-Роуз
19793750,added,,gap_snapshot_2026-04,,medium,315,Грин-Роуз
19793751,added,,gap_snapshot_2026-04,,medium,315,Грин-Роуз
19795311,added,,gap_snapshot_2025-09,,medium,97,Магнит | Wildberries | Ozon
19795500,added,,gap_snapshot_2026-04,,medium,303,Дикси
19795526,added,,gap_snapshot_2025-09,,medium,97,Юнистальпром | Импортстройкомплект
19795537,added,,gap_snapshot_2025-09,,medium,97,Юнистальпром | Импортстройкомплект
19795539,added,,gap_snapshot_2025-09,,medium,97,Юнистальпром | Импортстройкомплект
19795541,added,,gap_snapshot_2025-09,,medium,97,Юнистальпром | Импортстройкомплект
19796582,added,,gap_snapshot_2025-09,,medium,91,Робокидс | ВкусВилл
19798020,added,,gap_snapshot_2026-02,,medium,239,Салон оптики | Miras
19798601,added,,gap_snapshot_2025-09,,medium,89,Groomerpet | Планета здоровья | Фэнтези
19798935,added,,gap_snapshot_2026-04,,medium,300,Ozon | Wildberries
19798937,added,,gap_snapshot_2026-04,,medium,300,Ozon | Wildberries
19798940,added,,gap_snapshot_2026-04,,medium,300,Ozon | Wildberries
19798943,added,,gap_snapshot_2026-04,,medium,300,Wildberries | Винлаб | Самокат
19798944,added,,gap_snapshot_2026-04,,medium,300,Wildberries | Винлаб | Самокат
19798945,added,,gap_snapshot_2026-04,,medium,300,Wildberries | Винлаб | Самокат
19798950,added,,gap_snapshot_2026-04,,medium,300,Wildberries | Винлаб | Самокат
19798952,added,,gap_snapshot_2026-04,,medium,300,Wildberries | Винлаб | Самокат
19798967,added,,gap_snapshot_2026-02,,high,239,Wildberries
19799249,added,,gap_snapshot_2025-09,,medium,89,Ozon | Wildberries
19801211,added,,gap_snapshot_2025-09,,medium,81,Купер | Красное&Белое
19802229,added,,gap_snapshot_2026-04,,medium,289,Woman`s way | Wildberries | Ozon
19802331,added,,gap_snapshot_2026-02,,high,228,Wildberries
19802333,added,,gap_snapshot_2026-02,,high,228,Винлаб
19802334,added,,gap_snapshot_2026-02,,medium,228,Dance-ap
19802335,added,,gap_snapshot_2026-02,,medium,228,Wildberries | Ozon | 24tort
19802849,added,,gap_snapshot_2026-04,,high,282,Пятёрочка
19803153,added,,gap_snapshot_2026-02,,high,232,Lw-analytics
19803661,added,,gap_snapshot_2025-09,,medium,75,Wildberries | Яндекс Маркет
19803710,added,,gap_snapshot_2026-02,,medium,225,Ozon | Магнит
19803713,added,,gap_snapshot_2025-09,,medium,74,Красное&Белое | Пятёрочка
19804541,added,,gap_snapshot_2026-02,,high,219,Denisov&Gems
19805444,added,,gap_snapshot_2026-02,,medium,218,Столички | Адк-гарант | Craft beer Kolomenskaya
19805696,added,,gap_snapshot_2026-02,,medium,220,StarOptic
19805744,added,,gap_snapshot_2026-04,,high,279,Autentiments
19805826,added,,gap_snapshot_2026-04,,high,281,Autentiments
19806408,added,,gap_snapshot_2026-04,,high,279,Autentiments
19806854,added,,gap_snapshot_2025-09,,medium,67,Wildberries | Авито | Альвариум
19807013,added,,gap_snapshot_2026-02,,medium,212,Ozon | Магнит
19810685,added,,gap_snapshot_2025-09,,high,50,Русские инвалиды
19810696,added,,gap_snapshot_2025-09,,high,50,Русские инвалиды
19810699,added,,gap_snapshot_2025-09,,high,50,Русские инвалиды
19810703,added,,gap_snapshot_2025-09,,high,50,Русские инвалиды
19810704,added,,gap_snapshot_2025-09,,high,50,Русские инвалиды
19810705,added,,gap_snapshot_2025-09,,high,50,Русские инвалиды
19810706,added,,gap_snapshot_2025-09,,high,50,Русские инвалиды
19810707,added,,gap_snapshot_2025-09,,high,50,Русские инвалиды
19810708,added,,gap_snapshot_2025-09,,high,50,Русские инвалиды
19810709,added,,gap_snapshot_2025-09,,high,50,Русские инвалиды
19810720,added,,gap_snapshot_2026-04,,medium,262,Дикси | Автошкола №1
19810721,added,,gap_snapshot_2026-04,,medium,262,Дикси | Автошкола №1
19810722,added,,gap_snapshot_2026-04,,medium,262,Дикси | Автошкола №1
19810723,added,,gap_snapshot_2026-04,,medium,262,Дикси | Автошкола №1
19810724,added,,gap_snapshot_2026-04,,medium,262,Магнит
19810872,added,,gap_snapshot_2026-02,,medium,201,Ozon | Магнит
19811392,added,,gap_snapshot_2026-04,,medium,261,Ozon
19811462,added,,gap_snapshot_2026-04,,medium,261,Ozon
19811464,added,,gap_snapshot_2026-04,,medium,261,Ozon
19811465,added,,gap_snapshot_2026-04,,medium,261,Ozon
19811466,added,,gap_snapshot_2026-04,,medium,261,Ozon
19811467,added,,gap_snapshot_2026-04,,medium,261,Ozon
19811472,added,,gap_snapshot_2026-04,,medium,261,Ozon
19813132,added,,gap_snapshot_2026-04,,medium,254,Woman`s way | Wildberries | Ozon
19813159,added,,gap_snapshot_2026-04,,medium,254,Woman`s way | Wildberries | Ozon
19813468,added,,gap_snapshot_2025-09,,high,34,Ozon
19813470,added,,gap_snapshot_2025-09,,high,34,Berezhnaya
19814462,added,,gap_snapshot_2025-09,,medium,39,De Art | Дирижабль
19814948,added,,gap_snapshot_2025-09,,medium,34,ОДПО Автошкола Ганг Люкс | Gymstar столица
19815344,added,,gap_snapshot_2025-09,,medium,35,Dazzle Beauty | Big City English
19815367,added,,gap_snapshot_2025-09,,medium,34,Мосгорломбард | Культура гастро | Дошкольное отделение №4
19815561,added,,gap_snapshot_2025-09,,medium,32,Colizeum | Кот и Клевер
19815810,added,,gap_snapshot_2025-09,,medium,33,Сврк | Лингво Сервис
19816556,added,,gap_snapshot_2026-02,,medium,183,Ангара | Ozon | Гемотест
19817967,added,,gap_snapshot_2025-09,,high,28,НМЦ
19818260,added,,gap_snapshot_2025-09,,medium,28,Ронбел | МосОлимпия | Слонотоп
19820082,added,,gap_snapshot_2025-09,,medium,26,Wildberries
19820712,added,,gap_snapshot_2026-04,,medium,234,Wildberries | Винлаб | Самокат
19820713,added,,gap_snapshot_2026-04,,medium,234,Wildberries | Винлаб | Самокат
19820719,added,,gap_snapshot_2026-04,,medium,234,Ozon | Wildberries
19820737,added,,gap_snapshot_2026-02,,high,173,Wildberries
19820747,added,,gap_snapshot_2026-02,,high,173,Здравсити
19820760,added,,gap_snapshot_2025-09,,high,22,Фасоль
19823482,added,,gap_snapshot_2025-09,,high,19,Freshdom
19823506,added,,gap_snapshot_2026-02,,high,165,City Hostel
19823511,added,,gap_snapshot_2025-09,,high,14,Школа РЖиК
19824648,added,,gap_snapshot_2026-04,,medium,202,Wildberries | Салон красоты
19824790,added,,gap_snapshot_2026-02,,medium,164,Студия дизайна | Пеперон
19825158,added,,gap_snapshot_2025-09,,medium,19,Нейропротекция | Golyanovskiy House | SmartCAD
19827258,added,,gap_snapshot_2025-09,,high,11,Sv
19828525,added,,gap_snapshot_2025-09,,medium,7,Ригла
19828535,added,,gap_snapshot_2025-09,,medium,12,Wildberries | МК
19828745,added,,gap_snapshot_2025-09,,medium,12,Ozon | Самокат | Гормедтехника департамента здравоохранения г. Москвы
19830094,added,,gap_snapshot_2025-09,,medium,12,Wildberries
19830111,added,,gap_snapshot_2025-09,,medium,12,Soda
19830174,added,,gap_snapshot_2025-09,,medium,12,Wildberries
19830201,added,,gap_snapshot_2025-09,,medium,12,Яндекс Маркет | Светлана | Сдс компани
19832979,added,,gap_snapshot_2025-09,,medium,6,Wildberries
19833501,added,,gap_snapshot_2026-04,,high,218,Wildberries
19840409,added,,gap_snapshot_2026-04,,medium,181,Авито
19841650,added,,gap_snapshot_2026-04,,medium,210,Ozon | Wildberries
19847614,added,,gap_snapshot_2026-02,,medium,144,Экзомассаж на Селигерской
19847691,added,,gap_snapshot_2026-04,,high,205,Helix Express
19848136,added,,gap_snapshot_2026-04,,medium,204,Ozon | Wildberries
19849278,added,,gap_snapshot_2026-02,,high,142,Калита
19849806,added,,gap_snapshot_2026-02,,high,142,Стекло-люкс
19849868,added,,gap_snapshot_2026-02,,medium,142,Фикс | Sound body | Surf Coffee x Noble
19851523,added,,gap_snapshot_2026-04,,medium,198,Wildberries | Винлаб | Самокат
19851572,added,,gap_snapshot_2026-02,,medium,137,Минимаркет
19851594,added,,gap_snapshot_2026-02,,medium,137,Nails by Star | Wildberries
19852368,added,,gap_snapshot_2026-04,,medium,198,Грин-Роуз
19852373,added,,gap_snapshot_2026-04,,medium,198,Грин-Роуз
19852465,added,,gap_snapshot_2026-04,,high,198,Wildberries
19852493,added,,gap_snapshot_2026-04,,high,198,Wildberries
19852522,added,,gap_snapshot_2026-04,,high,198,Wildberries
19852563,added,,gap_snapshot_2026-04,,high,198,Wildberries
19852589,added,,gap_snapshot_2026-04,,high,198,Wildberries
19852595,added,,gap_snapshot_2026-02,,medium,137,Вис | Московский фонд реновации жилой застройки
19852612,added,,gap_snapshot_2026-04,,high,198,Wildberries
19852615,added,,gap_snapshot_2026-04,,medium,198,Пилка Катрин
19852640,added,,gap_snapshot_2026-04,,medium,198,Пилка Катрин
19852661,added,,gap_snapshot_2026-02,,medium,137,Здравсити | СДЭК | Wildberries
19852679,added,,gap_snapshot_2026-04,,high,198,Wildberries
19852690,added,,gap_snapshot_2026-02,,medium,137,Здравсити | СДЭК | Wildberries
19852699,added,,gap_snapshot_2026-04,,high,198,Wildberries
19852861,added,,gap_snapshot_2026-02,,medium,134,Столички
19853603,added,,gap_snapshot_2026-02,,medium,134,Е.В.А. | Лига
19854786,added,,gap_snapshot_2026-02,,medium,136,Здравсити | СДЭК | Wildberries
19854792,added,,gap_snapshot_2026-02,,medium,136,Здравсити | СДЭК | Wildberries
19854794,added,,gap_snapshot_2026-02,,medium,136,Здравсити | СДЭК | Wildberries
19854835,added,,gap_snapshot_2026-04,,medium,197,Wildberries | Яндекс Маркет
19854843,added,,gap_snapshot_2026-04,,high,197,Wildberries
19854877,added,,gap_snapshot_2026-04,,high,197,Wildberries
19854896,added,,gap_snapshot_2026-02,,high,136,Wildberries
19854906,added,,gap_snapshot_2026-04,,medium,197,Ozon | Wildberries
19854917,added,,gap_snapshot_2026-04,,medium,197,Ozon | Wildberries
19854924,added,,gap_snapshot_2026-04,,medium,197,Ozon | Wildberries
19855247,added,,gap_snapshot_2026-02,,medium,123,Сверх-Я
19855428,added,,gap_snapshot_2026-04,,medium,184,Фармленд
19856456,added,,gap_snapshot_2026-02,,medium,129,From Ghetto | Vinitsky Dev
19856881,added,,gap_snapshot_2026-02,,high,129,Wildberries
19856957,added,,gap_snapshot_2026-04,,high,192,Wildberries
19856988,added,,gap_snapshot_2026-04,,high,192,Wildberries
19857010,added,,gap_snapshot_2026-04,,high,192,Wildberries
19857041,added,,gap_snapshot_2026-04,,high,192,Wildberries
19857053,added,,gap_snapshot_2026-04,,high,190,Wildberries
19857265,added,,gap_snapshot_2026-04,,high,190,Wildberries
19859382,added,,gap_snapshot_2026-04,,medium,189,Разноцветные цыплята | Ozon
19859608,added,,gap_snapshot_2026-04,,medium,190,Ozon | Wildberries | Авито
19859642,added,,gap_snapshot_2026-04,,medium,190,Ozon | Wildberries | Авито
19859716,added,,gap_snapshot_2026-04,,medium,190,Ozon | Wildberries | Авито
19859759,added,,gap_snapshot_2026-04,,medium,190,Ozon | Wildberries | Авито
19859803,added,,gap_snapshot_2026-04,,medium,190,Ozon | Wildberries | Авито
19859855,added,,gap_snapshot_2026-04,,medium,190,Ozon | Wildberries | Авито
19859887,added,,gap_snapshot_2026-04,,medium,190,Ozon | Wildberries | Авито
19859948,added,,gap_snapshot_2026-04,,medium,190,Ozon | Wildberries | Авито
19861668,added,,gap_snapshot_2026-02,,medium,123,Магазин рыбы и мяса | Магазин колбас
19863292,added,,gap_snapshot_2026-02,,medium,123,Вис | Московский фонд реновации жилой застройки
19863301,added,,gap_snapshot_2026-02,,medium,123,Вис | Московский фонд реновации жилой застройки
19863316,added,,gap_snapshot_2026-02,,medium,123,Вис | Московский фонд реновации жилой застройки
19863340,added,,gap_snapshot_2026-02,,medium,123,Вис | Московский фонд реновации жилой застройки
19863360,added,,gap_snapshot_2026-02,,medium,123,Вис | Московский фонд реновации жилой застройки
19863548,added,,gap_snapshot_2026-02,,medium,123,Вис | Московский фонд реновации жилой застройки
19863559,added,,gap_snapshot_2026-02,,medium,123,Вис | Московский фонд реновации жилой застройки
19864703,added,,gap_snapshot_2026-02,,high,123,Тот-сервис
19864893,added,,gap_snapshot_2026-04,,medium,183,Ozon | Wildberries
19864910,added,,gap_snapshot_2026-04,,medium,183,Ozon | Wildberries
19865728,added,,gap_snapshot_2026-02,,medium,123,Красное&Белое
19865990,added,,gap_snapshot_2026-02,,medium,106,Марквет | Точка быстрого питания
19866367,added,,gap_snapshot_2026-02,,high,123,Московское долголетие
19867696,added,,gap_snapshot_2026-02,,medium,120,Ozon | Лотос
19867733,added,,gap_snapshot_2026-02,,medium,120,Ozon | Лотос
19867804,added,,gap_snapshot_2026-02,,medium,120,Красное&Белое | Магазин овощей и фруктов | Василиция
19876860,added,,gap_snapshot_2026-04,,medium,171,Ozon | Wildberries | Винлаб
19876863,added,,gap_snapshot_2026-04,,medium,171,Ozon | Wildberries | Винлаб
19877131,added,,gap_snapshot_2026-02,,medium,113,Кабинет массажа | PECO-гарантия | Винтаж
19877462,added,,gap_snapshot_2026-04,,medium,171,Ozon
19878240,added,,gap_snapshot_2026-02,,medium,113,Bright English | Оптимист
19878333,added,,gap_snapshot_2026-02,,medium,95,Департамент труда и социальной защиты населения г. Москвы
19878416,added,,gap_snapshot_2026-02,,medium,113,Московское долголетие
19879646,added,,gap_snapshot_2026-02,,medium,109,Окружной общественный центр им. Моссовета | Московское долголетие
19881261,added,,gap_snapshot_2026-02,,high,102,Много места
19881665,added,,gap_snapshot_2026-04,,high,170,Jet Peel
19884873,added,,gap_snapshot_2026-02,,medium,102,Омцентр | Вернадского 13 | Тирольские пироги
19885014,added,,gap_snapshot_2026-02,,medium,102,Вис | Московский фонд реновации жилой застройки
19885042,added,,gap_snapshot_2026-02,,medium,102,Вис | Московский фонд реновации жилой застройки
19885076,added,,gap_snapshot_2026-02,,medium,102,Вис | Московский фонд реновации жилой застройки
19885138,added,,gap_snapshot_2026-02,,medium,102,Вис | Московский фонд реновации жилой застройки
19885819,added,,gap_snapshot_2026-04,,medium,163,Ozon
19886951,added,,gap_snapshot_2026-02,,medium,102,Рея | Hanaka
19890624,added,,gap_snapshot_2026-02,,medium,80,Цветы | Поликлиника №195
19890776,added,,gap_snapshot_2026-02,,high,99,Центрим
19890862,added,,gap_snapshot_2026-02,,high,99,Скульпторы тела
19890909,added,,gap_snapshot_2026-04,,high,160,Wildberries
19892872,added,,gap_snapshot_2026-02,,high,99,Пенная борода
19894012,added,,gap_snapshot_2026-04,,medium,156,Дикси
19894020,added,,gap_snapshot_2026-04,,medium,156,Дикси
19894027,added,,gap_snapshot_2026-04,,medium,156,Винлаб
19897660,added,,gap_snapshot_2026-02,,medium,94,Здесь аптека | Красное&Белое | Дикси
19898426,added,,gap_snapshot_2026-02,,medium,94,Красное&Белое | Britva
19898452,added,,gap_snapshot_2026-02,,medium,94,Красное&Белое | Дикси
19901267,added,,gap_snapshot_2026-02,,medium,88,Вис | Московский фонд реновации жилой застройки
19901275,added,,gap_snapshot_2026-02,,medium,88,Вис | Московский фонд реновации жилой застройки
19904767,added,,gap_snapshot_2026-02,,medium,85,Дошкольное отделение
19908544,added,,gap_snapshot_2026-04,,medium,148,Wildberries
19908782,added,,gap_snapshot_2026-04,,medium,141,Ozon | Wildberries | Винлаб
19908786,added,,gap_snapshot_2026-04,,medium,141,Ozon | Wildberries | Винлаб
19908889,added,,gap_snapshot_2026-04,,medium,141,Ozon | Wildberries | Винлаб
19908899,added,,gap_snapshot_2026-04,,medium,141,Ozon | Wildberries | Винлаб
19908907,added,,gap_snapshot_2026-04,,medium,141,Ozon | Wildberries | Винлаб
19908925,added,,gap_snapshot_2026-04,,medium,141,Ozon | Wildberries | Винлаб
19909607,added,,gap_snapshot_2026-04,,medium,141,Ozon | Wildberries | Авито
19909896,added,,gap_snapshot_2026-04,,medium,141,Ozon | Wildberries | Авито
19912534,added,,gap_snapshot_2026-04,,medium,139,Woman`s way | Wildberries | Ozon
19912542,added,,gap_snapshot_2026-04,,medium,139,Woman`s way | Wildberries | Ozon
19912546,added,,gap_snapshot_2026-04,,medium,139,Авито | Ozon
19912550,added,,gap_snapshot_2026-04,,medium,139,Wildberries | Ozon
19912554,added,,gap_snapshot_2026-04,,high,139,Wildberries
19912565,added,,gap_snapshot_2026-04,,medium,139,Авито | Ozon
19912568,added,,gap_snapshot_2026-02,,medium,78,Вис | Московский фонд реновации жилой застройки
19912604,added,,gap_snapshot_2026-04,,medium,139,Авито | Ozon
19912640,added,,gap_snapshot_2026-02,,medium,78,Красное&Белое | Wildberries
19912695,added,,gap_snapshot_2026-04,,medium,139,Авито | Ozon
19912893,added,,gap_snapshot_2026-04,,medium,139,Wildberries | Ozon
19912900,added,,gap_snapshot_2026-04,,medium,139,Wildberries | Ozon
19912901,added,,gap_snapshot_2026-04,,high,139,Ozon
19912903,added,,gap_snapshot_2026-04,,high,139,Wildberries
19912904,added,,gap_snapshot_2026-04,,high,139,Ozon
19912908,added,,gap_snapshot_2026-04,,high,139,Wildberries
19912922,added,,gap_snapshot_2026-04,,high,139,Wildberries
19912925,added,,gap_snapshot_2026-04,,medium,139,Wildberries | Ozon
19912930,added,,gap_snapshot_2026-04,,medium,139,Wildberries | Ozon
19912931,added,,gap_snapshot_2026-04,,medium,139,Wildberries | Ozon
19913320,added,,gap_snapshot_2026-04,,medium,139,Ozon | Лотос
19915169,added,,gap_snapshot_2026-02,,medium,78,Здравсити | СДЭК | Wildberries
19915234,added,,gap_snapshot_2026-04,,high,139,Винлаб
19915240,added,,gap_snapshot_2026-04,,high,139,Винлаб
19916222,added,,gap_snapshot_2026-04,,medium,136,Магазин цветов
19916236,added,,gap_snapshot_2026-04,,medium,136,Магазин цветов
19916257,added,,gap_snapshot_2026-04,,medium,136,Магазин цветов
19916313,added,,gap_snapshot_2026-04,,medium,136,Магазин цветов
19916342,added,,gap_snapshot_2026-04,,medium,136,Магазин цветов
19916372,added,,gap_snapshot_2026-04,,medium,136,Магазин цветов
19916394,added,,gap_snapshot_2026-04,,medium,136,Магазин цветов
19916445,added,,gap_snapshot_2026-04,,medium,136,Магазин цветов
19916473,added,,gap_snapshot_2026-04,,medium,136,Магазин цветов
19916547,added,,gap_snapshot_2026-04,,medium,135,Вы здоровы | Kivi
19917132,added,,gap_snapshot_2026-04,,medium,136,Авито | Wildberries | Ozon
19917157,added,,gap_snapshot_2026-04,,medium,136,Авито | Wildberries | Ozon
19917168,added,,gap_snapshot_2026-04,,medium,136,Авито | Wildberries | Ozon
19917265,added,,gap_snapshot_2026-04,,medium,136,Авито | Wildberries | Ozon
19917269,added,,gap_snapshot_2026-04,,high,136,Винлаб
19917270,added,,gap_snapshot_2026-04,,medium,136,Ozon | Wildberries
19917272,added,,gap_snapshot_2026-04,,medium,136,Ozon | Wildberries
19917273,added,,gap_snapshot_2026-04,,high,136,Винлаб
19917274,added,,gap_snapshot_2026-04,,medium,136,Ozon | Wildberries
19917276,added,,gap_snapshot_2026-04,,high,136,Винлаб
19917277,added,,gap_snapshot_2026-04,,medium,136,Ozon | Wildberries
19917278,added,,gap_snapshot_2026-04,,medium,136,Wildberries
19917279,added,,gap_snapshot_2026-04,,medium,136,Ozon | Wildberries
19917280,added,,gap_snapshot_2026-04,,medium,136,Wildberries
19917282,added,,gap_snapshot_2026-04,,medium,136,Wildberries
19917487,added,,gap_snapshot_2026-04,,medium,136,Ozon | Wildberries
19917846,added,,gap_snapshot_2026-02,,medium,74,Астрея | Малышев Спорт
19918013,added,,gap_snapshot_2026-02,,medium,80,Ozon | Лотос
19918092,added,,gap_snapshot_2026-04,,medium,141,Ozon | Wildberries
19918109,added,,gap_snapshot_2026-04,,medium,141,Ozon | Wildberries
19918124,added,,gap_snapshot_2026-04,,medium,141,Ozon | Wildberries
19918153,added,,gap_snapshot_2026-04,,medium,141,Ozon | Wildberries
19918169,added,,gap_snapshot_2026-04,,medium,141,Ozon | Wildberries
19918172,added,,gap_snapshot_2026-04,,medium,135,Вы здоровы | Kivi
19918194,added,,gap_snapshot_2026-04,,medium,141,Ozon | Wildberries
19918207,added,,gap_snapshot_2026-04,,medium,141,Ozon | Wildberries
19918219,added,,gap_snapshot_2026-04,,medium,141,Ozon | Wildberries
19918289,added,,gap_snapshot_2026-02,,medium,78,Здравсити | СДЭК | Wildberries
19922698,added,,gap_snapshot_2026-02,,high,67,Ozon
19923794,added,,gap_snapshot_2026-04,,medium,128,Экстравижн | Венера-Логистик
19924667,added,,gap_snapshot_2026-04,,high,127,Wildberries
19924685,added,,gap_snapshot_2026-04,,medium,127,Ozon | Лотос
19924693,added,,gap_snapshot_2026-02,,medium,67,Атлант | Магазин автозапчастей
19911224,added,,gap_snapshot_2026-04,,high,24,Self Edge
19924965,added,,gap_snapshot_2026-04,,high,93,Дом Форест
19927243,added,,gap_snapshot_2026-02,,medium,36,Цветочная база
19927890,added,,gap_snapshot_2026-02,,high,36,FixLab
19928342,added,,gap_snapshot_2026-04,,medium,97,Ozon | Российские сети вещания и оповещения
19934592,added,,gap_snapshot_2026-04,,medium,104,Яндекс Маркет | Wildberries
19934707,added,,gap_snapshot_2026-02,,high,25,Smart Zamok
19935429,added,,gap_snapshot_2026-02,,medium,25,Красная икра | PECO-гарантия
19945055,added,,gap_snapshot_2026-02,,medium,31,Студия коррекции фигуры
19945802,added,,gap_snapshot_2026-02,,high,31,Московская высшая школа экономики
19946115,added,,gap_snapshot_2026-02,,medium,31,Флаверсы | BETONE MAN | Автор
19946193,added,,gap_snapshot_2026-04,,medium,92,Студия красоты
19946236,added,,gap_snapshot_2026-04,,high,92,Wildberries
19947309,added,,gap_snapshot_2026-02,,medium,25,Астрея | Малышев Спорт
19947972,added,,gap_snapshot_2026-04,,medium,85,Яндекс Маркет | Wildberries
19952430,added,,gap_snapshot_2026-02,,medium,31,Флаверсы | BETONE MAN | Автор
19952562,added,,gap_snapshot_2026-02,,medium,31,Флаверсы | BETONE MAN | Автор
19962094,added,,gap_snapshot_2026-02,,medium,2,Автокомплекс
19962140,added,,gap_snapshot_2026-02,,medium,2,INVITRO | Гарант | Форб
19965914,added,,gap_snapshot_2026-04,,medium,51,Яндекс Маркет | Wildberries | Авито
19968694,added,,gap_snapshot_2026-04,,medium,57,Vtv
19969926,added,,gap_snapshot_2026-04,,medium,49,Студия шугаринга и восковой депиляции | Подология +
19970101,added,,gap_snapshot_2026-04,,medium,49,Сапожок | Юридический центр
19973072,added,,gap_snapshot_2026-04,,high,37,Ресо-Гарантия
19973939,added,,gap_snapshot_2026-04,,medium,44,М.Косметик | Оникс
19973971,added,,gap_snapshot_2026-04,,medium,57,Ozon | Wildberries | Авито
19974063,added,,gap_snapshot_2026-04,,high,57,Винлаб
19974101,added,,gap_snapshot_2026-04,,high,57,Винлаб
19974134,added,,gap_snapshot_2026-04,,high,57,Wildberries
19974153,added,,gap_snapshot_2026-04,,high,57,Wildberries
19974200,added,,gap_snapshot_2026-04,,high,57,Wildberries
19974340,added,,gap_snapshot_2026-04,,medium,37,ПравАрт | Мастерская по ремонту обуви
19978155,added,,gap_snapshot_2026-04,,high,37,Авито
19978278,added,,gap_snapshot_2026-04,,high,37,Авито
19988769,added,,gap_snapshot_2026-04,,medium,48,Wildberries
19992556,added,,gap_snapshot_2026-04,,medium,44,Ozon | Wildberries | Винлаб
19993855,added,,gap_snapshot_2026-04,,medium,44,Студия кератина | Студия кератинового выпрямления волос | Абсолют
19996778,added,,gap_snapshot_2026-04,,high,28,Мастерская
20002293,added,,gap_snapshot_2026-04,,high,38,Wildberries
