lot_id,status,candidates_total,candidates_valid,companies,dropped
18460639,added,3,2,"Carbonus, интернет-магазин | Авто-заказ, магазин автозапчастей","Родник, дом быта [area]"
18583796,added,6,5,"Додо Пицца, сеть пиццерий | ПомПон Чик, груминг-салон | Багет & Рама, багетная мастерская","GREEN LIME, салон красоты [area]"
18592745,added,1,1,"Оптикмолл, салон оптики",
18594300,added,4,4,"Управа Савеловского района | Магазин табачной продукции | ГончаровЪ, арт-кафе",
18594311,added,3,3,"Wooder Group, компания по производству деревянных окон | Вкус №1, магазин | Школа №56 им. академика В.А. Легасова",
18594504,added,4,4,"Астратек, интернет-магазин | Зеленая гавань, мини-маркет | Акварель, школа английского языка",
18595195,added,1,1,"Личность, центр досуга",
18597706,added,2,1,Адвокатский кабинет Осадчук Е.В.,"Здравсити, сеть аптек [area]"
18599263,added,13,13,"Мотт МакДональд Р, консалтинговая компания | Адвокатский кабинет Сперанского М.М. | Icape, оптовая компания",
18600842,added,18,18,"Дайвхобби, магазин товаров для подводного плавания | На Тульской, офисный центр | Ct relocation",
18609263,added,3,3,"СберБанк | Нотариус Молокова Н.В. | СберСтрахование, страховая компания",
18609421,added,7,7,"Защита, страховой агент | Лазер Луч, торгово-производственная компания | Ласточка Персонал, кадровое агентство",
18609581,added,6,6,"Ателье | Лефортово, военторг | Информационные Таможенные Технологии",
18613154,added,6,5,"Видео Эмоушен, компания | Бумагалэнд, торговая компания | Лэганс, юридическая фирма","Спецснаб, торговый дом [area]"
18617519,added,1,1,Big business cleaning,
18624066,added,3,3,"Немецкий Имплантологический Центр | Aurrum, галерея интерьеров | Multi-labs, сервисный центр",
18626850,added,19,19,"Whipsy Underground Beauty | Музей-квартира Александра Солженицына | Mansilion hotel, мини-отель",
18627150,added,3,3,"Управление административными зданиями, Министерство науки и высшего образования РФ | Министерство науки и высшего образования РФ | Музей-квартира В.Э. Мейерхольда, Государственный центральный театральный музей им. Бахрушина А.А.",
18633552,added,8,8,"Grace studio, студия эпиляции | ПАМЯТЬ М, компания по изготовлению памятников | Светмаркет ГБ",
18634007,added,33,33,"ПереводоФ, бюро переводов | Fashion Life, шоурум | BodyLab, студия эстетики тела",
18634766,added,6,6,"Hi-Fi Club, магазин электроники | LightInstall, компания | Цитадель Эссетс Менеджмент, управляющая компания",
18636229,added,2,2,"ЕДИНСТВО, классический театр | Адвокатское партнерство, Московская коллегия адвокатов",
18636266,added,3,3,"Магазин табачной продукции | Золотая Корона, система платежных сервисов | Росинка, книжный магазин",
18636845,added,4,4,"Управа Савеловского района | Магазин табачной продукции | ГончаровЪ, арт-кафе",
18640122,added,1,1,Самокат,
18642432,added,4,2,"Золотые ручки, ателье | Пожбезопасность, монтажная компания","Power-Style, студия персонального тренинга и массажа [area] | Спорт Плюс, спортивно-досуговый центр [area]"
18642691,added,7,7,"Комкон Проект, компания по внедрение и сопровождению информационных систем | Базис-М, гостиница | АйСИСОЛЛ, центр информационных технологий",
18642731,added,1,1,"Волжские Дачи, агентство по продаже земельных участков",
18647848,added,3,3,"Аквамарин, сеть химчисток-прачечных | Ювелирная мастерская | Мастерская по ремонту телевизоров",
18648908,added,1,1,"СтройБизнес Консалтинг, консалтинговый центр",
18648990,added,4,4,"ИННОВЕТ, ветеринарная клиника | ReStart-pro, сервисный центр | New beer city, бар крафтового пива",
18649166,added,1,1,"Elen.Goban, магазин товаров для рукоделия",
18651343,added,3,3,"Лабаналит, компания | КБ-сервис, компания | Аргос, автошкола",
18652655,no_valid_candidates,1,0,,"Останкино, спортивно-досуговый центр [area]"
18652699,added,8,6,"WineProject, компания | Hotel Richesse, салон | Спина здорова, клиника","Разгуляев Благонравова, бутик [area] | Kokosha, магазин одежды и аксессуаров [area]"
18652731,added,3,3,"Стиль-Но, студия красоты | Экспобанк | Нотариус Карпова Е.Н.",
18652923,added,9,9,"Law & Son, гриль-бар | Дента-Эль, сеть стоматологических клиник | Облако, магазин товаров для паровых коктейлей",
18653486,added,4,4,"Поинт Лайн, строительно-монтажная фирма | Hegel, официальный магазин | Sonos Center, интернет-магазин беспроводных аудиосистем",
18654029,added,7,6,"Hanzer, отель | K & K Legal Solutions, адвокатское бюро | Loccoffee, экспресс-кофейня",Dalton cosmetics [area]
18656832,added,6,6,"Titan-Med, медицинский центр | Гармония, физкультурно-досуговый центр | Beauty contora, студия по уходу за ресницами и бровями",
18656957,added,8,8,"Фаткуллин и партнеры, коллегия адвокатов | Эксхил, сервисная IT-компания | Сиони 777, компания",
18657365,added,1,1,Европейская гимназия с дошкольным отделением,
18659887,added,1,1,Европейская гимназия с дошкольным отделением,
18664254,added,2,2,"ЭЛЕГИЯ-2, фирма | Почта Банк",
18665626,added,10,10,"Правовые и бухгалтерские консультации, компания | Магазин овощей и фруктов | Юнион, мини-маркет",
18666843,added,17,17,"Диагностика и экспертиза подвижного состава | ShaGRI, агентство недвижимости | Ключ, компания",
18667306,added,1,1,ЮниКредит Банк,
18667603,added,1,1,Детская художественная школа им. И.Е. Репина,
18671815,added,3,3,"Кватрон, сервисный центр | Kepkaman, фирма по индивидуальной вышивке на одежде | Управа Хорошёвского района",
18671831,added,3,1,"Бьюти Эксперт, учебно-торговый центр","С.С.С.Р., сеть фитнес-клубов [area] | Beauty Expert Clinics, клиника эстетической косметологии [area]"
18681210,added,1,1,"Кладовкин, центр хранения вещей",
18681264,added,12,10,"Profwasher, автокомплекс | Pet Galaxy, зоогостиница | Центр развития городского парковочного пространства","Клуб каратэ №1 [area] | Инстинкт, клуб боевых искусств [area]"
18682898,added,1,1,"Кладовкин, центр хранения вещей",
18682916,added,1,1,"Кладовкин, центр хранения вещей",
18684808,added,5,5,"Monmast, мастерская | СОЮЗОЦЕНКА, научно-производственный центр | Центральное управление Федеральной службы по экологическому, технологическому и атомному надзору",
18685575,added,1,1,Почта Банк,
18689819,added,4,4,"Рица, мини-отель | SmartStool, магазин эргономичной мебели | Most, отель",
18689834,added,6,6,"Инспекция по контролю за благоустройством городских территорий | Лёгкая стоматология | Контент хаус, студия онлайн-трансляций",
18691824,added,3,3,"ЛИК, стоматологическая клиника | Remark 1991, шоурум | Железный Феникс, клуб чайной культуры",
18692030,added,2,1,OZON,"Айленд, ветеринарный центр [area]"
18692056,added,1,1,Школа №1155 с дошкольным отделением,
18692222,added,3,2,"Gektor, магазин средств защиты от вредителей | Военный комиссариат Кузьминского района Юго-Восточного административного округа г. Москва",OldBoy Barbershop [area]
18692223,added,5,5,"Open Yoga, школа открытой йоги | Emas, бизнес-школа | РИПА, буддийский центр",
18698432,added,2,2,"Светлояр, творческая мастерская | Глинка, гончарная мастерская",
18700182,added,1,1,Аппарат Совета депутатов муниципального округа Кунцево,
18700217,added,2,2,"Русалкин дом, реабилитационный центр | Сдэк, служба доставки и логистики",
18700222,added,1,1,"Asya, отель",
18701088,added,1,1,"Фортуна-принт, типография",
18703072,added,3,2,"Лана, магазин товаров для шитья и рукоделия | Ювелирная мастерская","ОРИОН, спортивно-досуговый центр [area]"
18703448,added,1,1,"Диалог, языковой центр",
18703459,added,6,6,"Ad Marginem Press, издательство | CraftWall, компания по производству лофт-перегородок | Амок и Ко, интернет-магазин",
18704217,added,1,1,"32 плюс, стоматологическая клиника",
18705143,added,16,14,"Схолион Псалтикис, школа византийского пения | Энергия, оздоровительный центр | Сварочно-монтажный трест, строительно-монтажная компания",GEL4U [area] | Science in Sport Russia [area]
18708794,added,2,2,"Дентал М, стоматология | Шевард, аптека",
18709388,added,2,2,"Азия СПА и Релакс Золотое Солнце | НАМ, кафе вьетнамской кухни",
18711938,added,1,1,"Альянс, молодежный спортивно-оздоровительный центр",
18712225,added,2,2,"Дентал М, стоматология | Шевард, аптека",
18717484,no_valid_candidates,1,0,,"Tatlers, салон красоты [area]"
18719609,added,1,1,"АкадемКлуб, детско-юношеский центр",
18721879,added,1,1,"МКТ Фарм, оптовая компания",
18723512,added,2,1,"Пиво и напитки XXI век, Международный исследовательский центр",Федерация дзюдо г. Москвы [area]
18726660,added,2,2,"Форвард, культурно-спортивный центр | Парикмахерская",
18730195,added,3,3,"ФортунаСтом, стоматологическая клиника | ИНВИТРО, медицинская компания | Vemina city by Lisa Romanyuk, дом моды",
18730637,added,2,2,"Вай Тай, салон тайского массажа и СПА | Стандарт плюс, супермаркет",
18731814,added,4,3,"Tanita__nails | Nadenka Lash, студия | Ккм-Трейд Дистрибьюшен, торгово-сервисная компания кассовых аппаратов","Камелия, салон-парикмахерская [area]"
18732100,added,6,6,"Елена Дент, стоматологический центр | Мегаполис мед, медицинский центр | Империя, аукционный дом",
18734099,added,1,1,Школа №1236 им. С.В. Милашенкова с дошкольным отделением,
18734956,added,1,1,"OSKAR, автомойка",
18737246,added,1,1,"OSKAR, автомойка",
18737691,added,1,1,"OSKAR, автомойка",
18739515,added,1,1,"OSKAR, автомойка",
18739819,added,1,1,"OSKAR, автомойка",
18740504,added,1,1,"OSKAR, автомойка",
18741197,added,1,1,"OSKAR, автомойка",
18743588,added,1,1,"OSKAR, автомойка",
18743661,added,1,1,"OSKAR, автомойка",
18744276,added,2,1,"АвтоБауман, техцентр","Je Beauty, салон красоты [area]"
18744280,added,2,2,"Je Beauty, салон красоты | АвтоБауман, техцентр",
18744283,added,2,2,"Je Beauty, салон красоты | АвтоБауман, техцентр",
18745194,added,1,1,"OSKAR, автомойка",
18745844,added,1,1,"OSKAR, автомойка",
18749228,added,1,1,Ломбард Меридиан,
18753978,added,2,2,"Sol, ателье-студия | Клиника Здоровья, клинико-диагностический центр",
18754284,added,2,1,Академия спортивного кинематографа,"Мастер, клуб дзюдо [area]"
18754570,added,2,2,"Сигнон, культурный центр | Метода, учебный центр парикмахерского искусства и эстетики",
18754586,added,3,1,"ЭроВита, сеть магазинов","Старая ферма, зоомагазин [area] | Здесь Аптека [area]"
18755617,added,1,1,"АСНА, аптека",
18756069,added,13,13,"Баннер Дей | SilverSite, веб-студия | ВЕБАВТОТУР, транспортная компания",
18764968,added,7,7,"Государственный музей В.В. Маяковского | Stories beauty, студия | Permanent friend zone, студия татуажа",
18768840,added,4,1,Отдел социальной защиты населения района Лианозово СВАО г. Москвы,"Крав-Мага, московский центр самообороны [area] | Такемусу Айки, спортивный клуб [area] | Лианозово, спортивный клуб [area]"
18768947,added,2,1,"#PIZZAPOINT, пиццерия","СуперМен, барбершоп-парикмахерская [floor]"
18775042,added,1,1,Отдел социальной защиты населения Дмитровского района,
18775926,added,2,1,"Шмель, магазин-паб","Will, салон красоты [area]"
18776850,added,2,1,"#PIZZAPOINT, пиццерия","СуперМен, барбершоп-парикмахерская [floor]"
18776879,added,8,7,"Кэт, ателье | Сад и огород, магазин | Магазин продуктов","EgoistKa Beauty, салон красоты [area]"
18776934,added,4,4,"PEOPLE Loft Tverskaya, отель | XO Service, сервисный центр | ТЕХМОНТАЖСТРОЙ",
18777060,added,1,1,"Tatlers, салон красоты",
18778530,added,15,14,"Adress, магазин женской одежды | Monterosso, городское кафе | Московский кредитный банк","5 Стрижек, барбершоп [area]"
18778819,added,3,2,"Модный лоскут, магазин тканей | New Year Box, торговая компания","Арт Де Бьюти, салон красоты [area]"
18778868,no_valid_candidates,1,0,,"Tatlers, салон красоты [area]"
18779876,added,2,2,"СДЭК, служба доставки и логистики | У КРОТА, бар",
18780018,added,12,12,"На Озерной, салон красоты | РемПК, компания по ремонту компьютеров | ПК Гарант, мастерская по ремонту техники",
18781286,added,2,2,"Тверь Марина | Mediascope, исследовательская компания",
18783629,added,2,2,"ButovoNet, интернет-провайдер | МК-Дент, стоматологический центр",
18783696,added,1,1,"COFE-PRO, сервис по ремонту кофемашин",
18783759,added,2,2,"ГРАНУМ, торговая компания | Персона, строительная компания",
18783852,added,2,2,"СуперМен, барбершоп-парикмахерская | #PIZZAPOINT, пиццерия",
18784299,added,2,2,"Nail Cocktail, салон красоты | ИНВИТРО, медицинская компания",
18784808,added,1,1,"СтомаВитал, стоматологический кабинет",
18785068,added,7,6,"Florinn Hotel | Галактика, стоматологический центр | Мята Lounge, центр паровых коктейлей","Галерея, СПА-центр [area]"
18785626,added,1,1,"Межрайонный отдел вневедомственной охраны по Восточному административному округу, Управление вневедомственной охраны ВНГ РФ по г. Москве",
18785726,added,2,2,"СберСтрахование, страховая компания | СберБанк",
18786187,added,3,3,"БьютиСтом, клиника | Eva, салон красоты | ЛидерСтом, сеть стоматологических клиник",
18789391,added,10,10,"Gastrobar Cavina, бар | Darvol, ювелирный дом | Lavarsan, интернет-магазин",
18790703,added,2,2,"Кондэкс | Крылатское, агентство недвижимости",
18790947,added,7,4,"Продуктовый магазин | Дом быта | Boxberry, отделение службы доставки","Ниндзя, спортивная секция [area] | Ритм, школа японских танцев [area] | РАЗУМ, центр всестороннего развития детей, молодежи и взрослых [area]"
18791130,added,1,1,"Диалог, языковой центр",
18791287,no_valid_candidates,2,0,,"Pizza friends, пиццерия [area] | Магазин овощей и фруктов [area]"
18791408,added,6,6,"LyapinaK Couture, ателье | Синтез, научно-производственное объединение | Wingwave, коучинг-центр",
18791414,added,1,1,"Детский Факультет, частный детский сад",
18791551,added,5,5,"Тема, отель | Магазин табачной продукции | Teddy Nails, студия красоты",
18791787,added,5,4,"Дом быта | Мастерская по ремонту обуви и одежды | Восток-орех, магазин орехов и сухофруктов","Varsavir, салон-парикмахерская [area]"
18791902,added,3,3,"CyberStreet | Все для дома, магазин хозяйственных товаров | Киоск фастфудной продукции",
18792003,added,3,3,"Лабаналит, компания | КБ-сервис, компания | Аргос, автошкола",
18795536,added,3,1,"Khajuraho, ресторан индийской кухни","MARSELINE, салон красоты [area] | DANDY, барбершоп [area]"
18795571,added,5,1,"P.apple, студия красоты","Danza Libre, школа танцев [area] | P.apple, школа танцев [area] | Star Dance, школа восточных танцев [area]"
18795615,added,2,2,"COLD 24, магазин холодильных запчастей | Адвокатская контора №5, Межрегиональная коллегия адвокатов г. Москвы",
18796968,added,8,8,"Bourbon Street, бар-кафе | Improv Studio, студия импровизации | Lashes Beauty, салон красоты",
18797178,added,1,1,"COFE-PRO, сервис по ремонту кофемашин",
18797203,added,7,4,"Арт-гарант, стоматологическая клиника | Молодежный, клуб | Веда, ветеринарная клиника","Спортивная секция, Федерация капоэйра России [area] | Федерация боевых искусств г. Москвы [area] | Окинава Каратэ, спортивная секция [area]"
18801394,added,1,1,"Комар, торговый центр",
18801442,added,2,2,"Техно-Сервис, компания | Rmstudio",
18802961,added,3,3,"Wildberries, интернет-магазин | Магазин халяльной продукции | Аврора-Принт, центр широкоформатной печати и ламинирования",
18803300,added,2,2,"Дионис-К, магазин алкогольной продукции | Отдел социальной защиты населения Головинского района Северного административного округа",
18803323,added,3,1,"Ventus Aqua, зоомагазин","Велина, салон-парикмахерская [area] | Студия фитнеса Ирины Грошевой [area]"
18803577,added,2,1,"Pizza friends, пиццерия",Магазин овощей и фруктов [area]
18803644,no_valid_candidates,2,0,,"Pizza friends, пиццерия [area] | Магазин овощей и фруктов [area]"
18803662,no_valid_candidates,2,0,,"Pizza friends, пиццерия [area] | Магазин овощей и фруктов [area]"
18803748,added,2,1,"Pizza friends, пиццерия",Магазин овощей и фруктов [area]
18804679,added,1,1,Европрофремонт,
18804895,added,2,2,"ТМИДАЛ, проектная мастерская | Прувинг, международная гомеопатическая школа",
18804937,added,3,2,"Wahl Moser, сервисный центр | КЛЕВЕРМЯСО, мясная лавка",Дом быта [area]
18805413,added,3,3,"Sasha Kim | Музей-квартира Н.С. Голованова | SNEG Gallery, студия багетного декора",
18805588,added,4,4,"Электроник, робошкола | Вероника, салон-парикмахерская | МАРПУЛЛ, торговая компания",
18805654,added,3,1,"Открытый Клуб, галерея","Спортивная секция по занятиям Кудо [area] | Спиридоновка, спортивный клуб [area]"
18806989,added,1,1,"Салон-Лайт, салон красоты",
18809702,added,3,3,"Адвокатская палата Московской области | Flemingo, салон штор | 3Дкрафтер.ру",
18809811,added,1,1,"София, эконом-парикмахерская",
18810032,added,1,1,Отдел социальной защиты населения Бабушкинского района,
18813911,added,4,4,"Управа Савеловского района | Магазин табачной продукции | ГончаровЪ, арт-кафе",
18814084,added,4,4,"Продуктовый магазин | THE Massage, Лаборатория Тела | OldBoy Barbershop",
18814180,added,3,3,"ЧАСОВОЙ ЛОМБАРД на Сретенке | Xella, клиника эстетической медицины | Московский паркинг, паркомат",
18814217,added,1,1,"OSKAR, автомойка",
18814229,added,1,1,"OSKAR, автомойка",
18814230,added,1,1,"OSKAR, автомойка",
18814247,added,1,1,"OSKAR, автомойка",
18814260,added,1,1,"OSKAR, автомойка",
18814348,added,1,1,"OSKAR, автомойка",
18815046,added,1,1,"OSKAR, автомойка",
18815260,added,1,1,"OSKAR, автомойка",
18815508,added,1,1,"OSKAR, автомойка",
18815682,added,1,1,"OSKAR, автомойка",
18815733,added,3,3,"Звездочет, магазин оптических приборов | Компания по согласованию перепланировок | Нотариус Савченко Н.Б.",
18815763,added,1,1,"OSKAR, автомойка",
18815791,added,1,1,"OSKAR, автомойка",
18815913,added,1,1,"OSKAR, автомойка",
18815998,added,2,1,"Доктор Столетов, сеть аптек","Микс, клиника эстетической медицины [area]"
18816123,added,1,1,"OSKAR, автомойка",
18816157,added,1,1,"OSKAR, автомойка",
18816240,added,1,1,"OSKAR, автомойка",
18816288,added,1,1,"OSKAR, автомойка",
18816310,added,1,1,"OSKAR, автомойка",
18816330,added,1,1,"OSKAR, автомойка",
18816352,added,1,1,"OSKAR, автомойка",
18816434,added,1,1,"OSKAR, автомойка",
18816473,added,1,1,"OSKAR, автомойка",
18816490,added,1,1,"OSKAR, автомойка",
18816523,added,2,2,"Manki Manik, салон красоты | Тайрай, сеть SPA-салонов",
18816524,added,1,1,"OSKAR, автомойка",
18817318,added,6,6,Nailup.beauty | Ювелирная мастерская | OZON,
18818298,added,1,1,Отдел социальной защиты населения района Нагатинский Затон,
18818511,added,3,3,"The Expat salon, салон красоты | Продуктовый магазин | Mr.Right, барбершоп",
18819479,added,1,1,OZON,
18819733,added,8,8,"Elbing, компания | Юрконсул, группа компаний | ГорМакс, торговая компания",
18819857,added,1,1,"Miss O nails, салон красоты",
18821104,added,2,2,"Sol, ателье-студия | Клиника Здоровья, клинико-диагностический центр",
18822063,added,10,10,"Force, мужская парикмахерская | Retrosuperfuture, салон оптики | Корпорейт Лойерс Групп",
18749176,added,1,1,"TampoGrav, рекламно-производственная компания",
18749192,added,1,1,"TampoGrav, рекламно-производственная компания",
18824285,added,2,1,Магазин хозяйственных товаров и строительных материалов,"Винлаб, супермаркет напитков [area]"
18825824,added,1,1,"СДЭК, служба доставки и логистики",
18826972,added,2,2,"ВкусВилл, магазин с доставкой полезных продуктов | OSKAR, автомойка",
18827030,added,2,2,"ВкусВилл, магазин с доставкой полезных продуктов | OSKAR, автомойка",
18827076,added,2,2,"ВкусВилл, магазин с доставкой полезных продуктов | OSKAR, автомойка",
18827565,added,2,2,"ВкусВилл, магазин с доставкой полезных продуктов | OSKAR, автомойка",
18827573,added,2,2,"ВкусВилл, магазин с доставкой полезных продуктов | OSKAR, автомойка",
18827633,added,2,2,"ВкусВилл, магазин с доставкой полезных продуктов | OSKAR, автомойка",
18827647,added,2,2,"ВкусВилл, магазин с доставкой полезных продуктов | OSKAR, автомойка",
18827681,added,2,2,"ВкусВилл, магазин с доставкой полезных продуктов | OSKAR, автомойка",
18827787,added,2,2,"ВкусВилл, магазин с доставкой полезных продуктов | OSKAR, автомойка",
18827815,added,2,2,"ВкусВилл, магазин с доставкой полезных продуктов | OSKAR, автомойка",
18827819,added,2,2,"ВкусВилл, магазин с доставкой полезных продуктов | OSKAR, автомойка",
18827870,added,2,2,"ВкусВилл, магазин с доставкой полезных продуктов | OSKAR, автомойка",
18827976,added,2,2,"ВкусВилл, магазин с доставкой полезных продуктов | OSKAR, автомойка",
18828006,added,2,2,"ВкусВилл, магазин с доставкой полезных продуктов | OSKAR, автомойка",
18828054,added,2,2,"ВкусВилл, магазин с доставкой полезных продуктов | OSKAR, автомойка",
18828151,added,2,2,"ВкусВилл, магазин с доставкой полезных продуктов | OSKAR, автомойка",
18828202,added,2,2,"ВкусВилл, магазин с доставкой полезных продуктов | OSKAR, автомойка",
18828447,added,2,2,"ВкусВилл, магазин с доставкой полезных продуктов | OSKAR, автомойка",
18828537,added,1,1,"Art Monet, художественная студия",
18828578,added,2,2,"ВкусВилл, магазин с доставкой полезных продуктов | OSKAR, автомойка",
18828663,added,2,2,"ВкусВилл, магазин с доставкой полезных продуктов | OSKAR, автомойка",
18828674,added,2,2,"ВкусВилл, магазин с доставкой полезных продуктов | OSKAR, автомойка",
18828711,added,16,16,"Петровка 17, отель | Вода, бар | Démarche studio",
18829140,added,2,2,"ВкусВилл, магазин с доставкой полезных продуктов | OSKAR, автомойка",
18829151,added,2,2,"ВкусВилл, магазин с доставкой полезных продуктов | OSKAR, автомойка",
18830841,added,1,1,"Дайкири, салон-парикмахерская",
18835084,added,2,2,"SC-mag.ru, магазин товаров для спорта и отдыха | WineExpress, винотека",
18837570,added,3,3,"Delicat, центр косметологии | Mainstream, центр танца | CORNERY, магазин одежды",
18837633,added,9,9,"DAFNALUXE, салон оптики и бижутерии | Бис, ателье | Божья коровка, детский клуб полного дня",
18842183,added,1,1,Научно-исследовательский институт изучения проблем экологии и долголетия,
18843885,added,3,3,"Департамент по конкурентной политике г. Москвы | Аврора, информационное агентство | Фонд Михаила Хазина",
18846382,added,4,4,"А410, аптека | А410 | Эстетик Сити, торговая компания",
18846593,added,4,4,"Центр профессиональной эпиляции | Медсервис бьюти, стоматологическая клиника | Выпей кофе, кофейня",
18847482,added,1,1,"Конкорд, компания",
18849141,added,5,5,"Нотариус Поддубская Л.М. | Все для дома, магазин стройматериалов и бытовой химии | Эконом-сервис, сервисный центр",
18849393,added,1,1,"Анджело, ресторан",
18849496,added,1,1,"БИОНИС, медицинский центр",
18851996,added,3,3,"Московский печной центр | Kaledo, компания по продаже чугунных печей | АЙ ГРЯДКИ!, интернет-магазин",
18852928,added,5,5,"Точка фокуса, багетная мастерская | Beauty manufactura | ЭвоТабак",
18854445,added,2,2,"Преображение, салон красоты | Родник, центр творчества, досуга и спорта",
18855025,added,1,1,"ЖЕЛТРАНССЕРВИС, торгово-сервисная компания",
18855549,added,11,11,"Яузская 5, бизнес-центр | Citiwell, салон | Демодекс комплекс, компания",
18856198,added,1,1,"Виктория-2000, средняя общеобразовательная школа",
18856316,added,1,1,"Алькор, группа компаний",
18857407,added,14,10,"Мирайс, аптечный пункт | Orange coffee, кофейня | Click Frog","Золотой дракон, спортивный клуб [area] | Атлант, спортивный клуб [area] | Амрита, школа восточного и цыганского танца [area]"
18857438,added,16,16,"Ar_brows | Адвокат, коллегия адвокатов | Межрегиональная служба юридической помощи",
18871067,added,1,1,"Новая Надежда, Московская церковь Евангельских Христиан",
18873937,added,6,6,"Praktika, центр подологии | LabelUp, компания | Бейрут, кафе",
18877377,added,4,3,"Сэйдж, торговая фирма | Легион, торговая компания | ho-ho, служба доставки еды","Ashram, студия-йоги [area]"
18878563,added,12,12,"Дом быта | Николай, бар-буфет | Медикалклаб, медицинский центр",
18879576,added,5,5,"Обивки Мастер, фабрика перетяжки и ремонта мебели | Ригель, маркет | Ригель, кулинария",
18879970,added,1,1,"АСНА, аптека",
18881412,added,3,3,"Кокофреш, ресторан | 1 АРТ ОТЕЛЬ | Биоритм, центр",
18881414,added,3,3,"Кокофреш, ресторан | 1 АРТ ОТЕЛЬ | Биоритм, центр",
18881415,added,3,3,"Кокофреш, ресторан | 1 АРТ ОТЕЛЬ | Биоритм, центр",
18884030,added,20,20,"Интервесп-М | Личный маклер, агентство недвижимости | Ирвик, группа компаний",
18884953,added,5,5,"Bronzeglow, салон красоты | Нотариусы Потемкина В.Д. и Потемкина Ю.А. | Ivuniforma, интернет-магазин",
18885139,no_valid_candidates,1,0,,Парикмахерская [area]
18885933,added,2,2,"Джага-Джага Экспресс, сеть магазинов интимных товаров | ВкусВилл, магазин с доставкой полезных продуктов",
18886098,added,3,3,"June nail, студия маникюра | Простор, агентство недвижимости | МобилМед, медицинский центр",
18886343,added,5,4,"Арктен, шоурум | Страдивари, кафе | Gold chicken, магазин по продаже арабской шаурмы","Винлаб, супермаркет напитков [floor]"
18886356,added,5,5,"БИАР, стоматологическая клиника | Меховая студия Эмиля Шабаева | Электронный щит, интернет-провайдер",
18886461,added,5,5,"Винлаб, супермаркет напитков | Магазин орехов и сухофруктов | Ателье на Таганке",
18887104,added,15,13,"Miele, фирменный салон | Giulia Novars, интерьерная студия | Boxberry, отделение службы доставки","Matrix-классик, салон красоты [area] | Princess, салон красоты [area]"
18887549,added,4,3,"Лебедь, дом быта | Шашлычок, кафе | СамиХинкали, кафе","ПРЯДКИ в ПОРЯДКЕ, салон красоты [area]"
18888120,no_valid_candidates,4,0,,"BRITVA, барбершоп [area] | street LOFT cafe, кафе [area] | Pizza friends, пиццерия [area] | Магазин овощей и фруктов [area]"
18888131,no_valid_candidates,4,0,,"BRITVA, барбершоп [area] | street LOFT cafe, кафе [area] | Pizza friends, пиццерия [area] | Магазин овощей и фруктов [area]"
18888236,no_valid_candidates,4,0,,"BRITVA, барбершоп [area] | street LOFT cafe, кафе [area] | Pizza friends, пиццерия [area] | Магазин овощей и фруктов [area]"
18888245,added,2,1,"Эллина, магазин подарков и товаров для дома","MadHead, барбершоп [area]"
18888247,added,4,4,"Wooder Group, компания по производству деревянных окон | Вкус №1, магазин | Школа №56 им. академика В.А. Легасова",
18888270,added,2,2,"ВкусВилл, магазин с доставкой полезных продуктов | OSKAR, автомойка",
18888272,added,2,2,"ВкусВилл, магазин с доставкой полезных продуктов | OSKAR, автомойка",
18888275,added,2,2,"ВкусВилл, магазин с доставкой полезных продуктов | OSKAR, автомойка",
18888277,added,2,2,"ВкусВилл, магазин с доставкой полезных продуктов | OSKAR, автомойка",
18888279,added,2,2,"ВкусВилл, магазин с доставкой полезных продуктов | OSKAR, автомойка",
18888795,added,5,5,"DA records, центр продюсирования и звукозаписи | Дом Кино, ресторан | Новый институт культурологии",
18889465,added,1,1,Пекарня,
18889990,added,6,6,"Winecantina, магазин вина | Виски.ру, магазин | ВкусВилл, магазин с доставкой полезных продуктов",
18890063,added,4,3,"Книга и Здоровье, магазин | TropinkaYarn, интернет-магазин пряжи | ПИОН, салон красоты","Mj sport, салон спортивных товаров [area]"
18890234,added,24,24,"OZON | БонВи, бутик элитного алкоголя и сыров | Тарас Бульба, корчма",
18890518,added,3,3,"Apple-services, сервисный центр | Ямской двор, деловой центр | Инокспоинт Групп, торговая компания",
18890828,added,1,1,Столичный центр поддержки бизнеса и права,
18892113,added,3,3,"Автостоянка | Мастер электроники | Прекрасное Зеленое, Монтессори-центр",
18892902,added,8,7,"Очки500 | Мультиоптика | Lashes Beauty, салон красоты",Школа актуального искусства [area]
18895098,added,1,1,OZON,
18899358,added,2,2,"ВкусВилл, магазин с доставкой полезных продуктов | OSKAR, автомойка",
18899388,added,2,2,"ВкусВилл, магазин с доставкой полезных продуктов | OSKAR, автомойка",
18899411,added,2,2,"ВкусВилл, магазин с доставкой полезных продуктов | OSKAR, автомойка",
18901262,added,2,2,"ВкусВилл, магазин с доставкой полезных продуктов | OSKAR, автомойка",
18901321,added,2,2,"ВкусВилл, магазин с доставкой полезных продуктов | OSKAR, автомойка",
18901396,added,2,2,"ВкусВилл, магазин с доставкой полезных продуктов | OSKAR, автомойка",
18901416,added,2,2,"ВкусВилл, магазин с доставкой полезных продуктов | OSKAR, автомойка",
18901432,added,2,2,"ВкусВилл, магазин с доставкой полезных продуктов | OSKAR, автомойка",
18901444,added,2,2,"ВкусВилл, магазин с доставкой полезных продуктов | OSKAR, автомойка",
18902021,added,11,11,"Клиника Семейная, сеть медицинских клиник | Таурус, продуктовый магазин | Тату 3000",
18905915,added,7,7,"Нотариус Каменская Г.А. | Промформат, компания | Degtyarny, кафе",
18906072,added,10,10,"Тануки, сеть японских ресторанов | ЭСТА, торговый дом | Музей художника Д.Ф. Богородского",
18906997,added,2,2,"ВкусВилл, магазин с доставкой полезных продуктов | OSKAR, автомойка",
18907072,added,2,2,"ВкусВилл, магазин с доставкой полезных продуктов | OSKAR, автомойка",
18907110,added,2,2,"ВкусВилл, магазин с доставкой полезных продуктов | OSKAR, автомойка",
18907125,added,2,2,"ВкусВилл, магазин с доставкой полезных продуктов | OSKAR, автомойка",
18907140,added,2,2,"ВкусВилл, магазин с доставкой полезных продуктов | OSKAR, автомойка",
18907161,added,2,2,"ВкусВилл, магазин с доставкой полезных продуктов | OSKAR, автомойка",
18907205,added,2,2,"ВкусВилл, магазин с доставкой полезных продуктов | OSKAR, автомойка",
18907487,added,1,1,Тверь Марина,
18907551,added,4,4,"Олимп, стоматологическая клиника | МАСТЕФ, фотоцентр | Престиж, магазин одежды и обуви для танцев",
18907645,no_valid_candidates,1,0,,"Аптечество, аптечный пункт [floor]"
18907810,added,3,3,"Адвокатское партнерство, Московская коллегия адвокатов | Татьянка, школа лепки | Татьянка, магазин инструментов резьбы по дереву",
18908432,added,6,4,"Cyber Class, школа | OHUY*ANU LASHES | Студия макияжа","Кенгуру, семейный клуб [area] | OM yoga studia [area]"
18908792,added,4,4,"АВГ-Трейд, торгово-производственная компания | cheerble-russia.ru, интернет-магазин игрушек для собак и кошек | МДВ-Сервис, компания по ремонту и обслуживанию ресторанного оборудования",
18908874,added,14,13,"Мирайс, аптечный пункт | Orange coffee, кофейня | Click Frog","Димос, парикмахерская [area]"
18909041,added,8,8,"КАРАМПА, компания по организации праздников | Зооринг.рф | Cristan.ru, интернет-магазин",
18909333,added,2,2,"Медет, клиника | Универсам",
18909405,added,1,1,"Сиртекс-Дизайн, оптовая компания",
18910549,added,2,2,"ВкусВилл, магазин с доставкой полезных продуктов | OSKAR, автомойка",
18910572,added,2,1,Романовская школа,"DaDa Dance, школа танцев [area]"
18910824,added,4,4,"Pink Market, интернет-магазин товаров для перманентного макияжа | Студия системного массажа Светланы Мустафиной | КотоБюро, коворкинг-центр",
18911191,added,8,8,"WMoscowPrint, компания | NewTone Friends Hall | Kartsev Primary School, начальная школа",
18911268,added,6,6,"КупиКоробку.ру, компания | ДоляЛя, музыкальная школа | Подшиваем.ру, ателье",
18912638,added,1,1,"София, парикмахерская",
18912871,added,2,2,"Дом Саун.ру, торговая компания | Тройка-Аудит, фирма",
18912891,added,5,4,"Кабинет психолога | Улица Кравченко, конечная автобусная станция | Легрина, дом быта","Винлаб, супермаркет напитков [floor]"
18913092,added,6,6,"Департамент городского имущества г. Москвы | Хип-Хоп Точка, магазин музыкальной атрибутики | Progressive Fitness, интернет-магазин",
18913715,added,4,4,"La Scala, отель | Чистюлька, магазин | Grand, салон-парикмахерская",
18913716,added,5,5,"Манго Инвест, компания | EL PIERCING JEWELRY | Институт Графена",
18914033,added,5,4,"Get Dive, интернет-магазин | Дом быта | Smile fish, частный детский сад","Афродита, салон красоты [area]"
18914874,added,15,14,"Строймонтаж-Н, компания | The9x studio, шоурум | BROW AND LASH UP MSK, салон красоты","Barre one, фитнес-студия [area]"
18915057,added,8,8,"Семушка, магазин семечек, орехов и сухофруктов | МосТабак, магазин | Альфа-банк",
18915160,added,6,6,"ИНВИТРО, медицинская компания | Пожарная безопасность, компания | Компания по ремонту телефонов и продаже аксессуаров",
18915356,added,1,1,"Верона, кафе",
18915441,added,5,5,"Хуа Син, центр китайской медицины | Стрижка, парикмахерская | Boxberry, отделение службы доставки",
18916426,added,2,2,"ВкусВилл, магазин с доставкой полезных продуктов | OSKAR, автомойка",
18916718,added,2,2,"ВкусВилл, магазин с доставкой полезных продуктов | OSKAR, автомойка",
18916864,added,2,2,"ВкусВилл, магазин с доставкой полезных продуктов | OSKAR, автомойка",
18916911,added,2,2,"ВкусВилл, магазин с доставкой полезных продуктов | OSKAR, автомойка",
18916963,added,2,2,"ВкусВилл, магазин с доставкой полезных продуктов | OSKAR, автомойка",
18917060,added,2,2,"ВкусВилл, магазин с доставкой полезных продуктов | OSKAR, автомойка",
18917127,added,2,2,"ВкусВилл, магазин с доставкой полезных продуктов | OSKAR, автомойка",
18917141,added,2,2,"Восток, арт-кластер | Smart Elephant, студия раннего развития",
18917253,added,2,2,"ВкусВилл, магазин с доставкой полезных продуктов | OSKAR, автомойка",
18917278,added,2,2,"ВкусВилл, магазин с доставкой полезных продуктов | OSKAR, автомойка",
18917288,added,2,2,"ВкусВилл, магазин с доставкой полезных продуктов | OSKAR, автомойка",
18917292,added,2,2,"ВкусВилл, магазин с доставкой полезных продуктов | OSKAR, автомойка",
18917339,added,2,2,"ВкусВилл, магазин с доставкой полезных продуктов | OSKAR, автомойка",
18917387,added,2,2,"ВкусВилл, магазин с доставкой полезных продуктов | OSKAR, автомойка",
18917428,added,2,2,"ВкусВилл, магазин с доставкой полезных продуктов | OSKAR, автомойка",
18917454,added,2,2,"ВкусВилл, магазин с доставкой полезных продуктов | OSKAR, автомойка",
18917477,added,2,2,"ВкусВилл, магазин с доставкой полезных продуктов | OSKAR, автомойка",
18918433,added,4,4,"Дом Фурнитуры, оптово-розничная компания | Цветочный магазин | СберСтрахование, страховая компания",
18918539,added,4,4,"Дом Фурнитуры, оптово-розничная компания | Цветочный магазин | СберСтрахование, страховая компания",
18918731,added,6,5,"Modus Vita, бильярдный клуб | LA BLANCHE, ногтевая студия | КОСМЕДЕНТ.РУ, аптека",Школа бильярда [area]
18918998,added,8,7,"Магазин одежды, нижнего белья и колготок | Шторы из Англии, салон-магазин | Дом быта","Винлаб, супермаркет напитков [floor]"
18921644,added,7,7,"Мемориальная квартира А.И. Сумбатова-Южина | Bulgakov Residence Hotel, отель | Happy Travel, туристическое агентство",
18922582,added,4,4,"Primetals technologies, компания | Здоровье и материнство, семейная клиника | Vademecum, издательский дом",
18927057,added,8,8,"Дом Моды Ольги Сказкиной | Арендная компания | Асб консалтинг групп, юридическая компания",
18932293,added,2,2,"Научный Мир, издательство | Default music studio, школа музыки",
18933928,added,5,5,"Arisan, служба услуг | Playday beauty bar | Шаурму ели, киоск быстрого питания",
18935893,added,3,3,"Любимый, продовольственный магазин | СберСтрахование, страховая компания | СберБанк",
18939889,added,2,2,"Городской психолого-педагогический центр | Блайс, салон красоты",
18947744,added,3,3,"Находка, магазин промышленных товаров | Коллин Руж, стоматология | LikeZagar, студия моментального загара",
18947884,added,3,3,"Eic farm, аптека | TOP BEAUTY STUDIO, салон красоты | Эротик Сити, магазин интимных товаров",
18947993,added,4,4,"Podolux, центр немецкой подологии | Ювелирная мастерская | Multiservice, дом быта",
18960919,added,1,1,"ДентаЛюкс-М, стоматологическая клиника",
18961523,added,8,8,"Boxberry, отделение службы доставки | PickPoint, пункт выдачи заказов | OZON",
18965011,added,1,1,Профснаб,
18966782,added,4,4,"Часовня Варлаама Керетского | Часовня во имя Святого Николая Мирликийского чудотворца | МСП Лизинг, лизинговая компания",
18970154,added,3,3,Магазин табачных изделий | Цветочный магазин | Православное Сестричество во имя преподобной мученицы Елизаветы,
18973179,added,3,2,AdWise Medical | Отдел социальной защиты населения Савеловского района,"Диалог-Конверсия, компания [area]"
18973372,added,2,2,"ВкусВилл, магазин с доставкой полезных продуктов | OSKAR, автомойка",
18977911,added,1,1,"На Красной Пресне, школа №1241 с дошкольным отделением",
18978255,added,1,1,"1515, сауна",
18979896,added,6,6,"Сервисный центр | manik_oksis17, ногтевая студия | Topy, ремонтная мастерская",
18989861,added,30,30,"Erion Catania, итальянская лавка | Coffee Up & down | Хлеб & Соль, кофейня",
18989878,added,17,17,"Dream city, панорамный ресторан | АкСерМоб, магазин аксессуаров для мобильных телефонов | Donernaya, бистро",
18992100,added,1,1,"Smile fish, частный детский сад",
18992992,added,1,1,"Smile fish, частный детский сад",
18993020,added,1,1,"Smile fish, частный детский сад",
18993045,added,1,1,"Smile fish, частный детский сад",
18993116,added,1,1,"Smile fish, частный детский сад",
18993173,added,1,1,"Smile fish, частный детский сад",
18993216,added,1,1,"Smile fish, частный детский сад",
18993270,added,1,1,"Smile fish, частный детский сад",
18993294,added,1,1,"Smile fish, частный детский сад",
18997572,added,2,2,"СИРИУС, продуктовый магазин | Кофейня 47",
19001782,added,5,4,"OFFROADPARTS.RU, интернет-магазин | Сенсорные системы, телекоммуникационная компания | Золотой колос, гостиница","Стимул, спортивный зал [area]"
19002117,added,11,11,"IsaSelim, интернет-магазин | Youcanlive, центр психологии | Объединение подрядных организаций, саморегулируемая организация",
19002807,added,2,2,"Авто-мотокласс, автошкола | Фасоль, продуктовый магазин",
19003065,added,4,3,"Coon, бутик-химчистка | Наша Форель | Дом быта","Мечты Виктории, салон красоты [area]"
19004932,added,7,3,"Гренаш, магазин алкогольных напитков | Генэкспо, центр генеалогии | Дом семейных традиций Кристиан, генеалогический центр","Motnaprokat.ru [area] | Act Place, актерская школа [area] | Vinograd, танцевальная студия [area]"
19005050,added,2,1,Школа №2026 с дошкольным отделением,"Триумф, спортивно-досуговый центр [area]"
19005626,added,3,3,"June nail, студия маникюра | Простор, агентство недвижимости | МобилМед, медицинский центр",
19005714,added,7,3,"Гренаш, магазин алкогольных напитков | Генэкспо, центр генеалогии | Дом семейных традиций Кристиан, генеалогический центр","Motnaprokat.ru [area] | Act Place, актерская школа [area] | Vinograd, танцевальная студия [area]"
19005795,added,4,4,"Ларимар, центр косметологии | PEROnails, студия маникюра | Манна, кафетерий",
19007414,added,1,1,"Строй Маркет, магазин строительных материалов",
19007577,added,11,11,"Психолог-психоаналитик Гончаров В.В. | Орбита, строительная компания | Мила-дент, стоматологическая клиника",
19007646,no_valid_candidates,1,0,,"Ю, студия красоты [area]"
19007729,added,1,1,"One-Show, компания по аренде сценического оборудования",
19007893,added,5,5,"Гармония, детский центр | Суприм, автошкола | Lavender beauty, студия красоты",
19011385,added,5,5,"АРТ РЕЗОРТ, отель | КЛИНИКА ВСУСТАВ | als.su, интернет-магазин воздушных шаров",
19013325,added,1,1,Аппарат Совета депутатов муниципального округа Тропарево–Никулино,
19013645,added,1,1,Школа №2090 им. Л.Х. Паперника с дошкольным отделением,
19023287,added,2,2,Детская музыкальная школа №42 | OZON,
19023543,added,2,2,"Gregorio, магазин продуктов из Италии | Gnails, студия маникюра и педикюра",
19028161,added,3,3,"Пуговка, ателье | Ретро, комиссионный магазин | Цветочная база №1",
19031207,added,5,5,"Панацея, аптека | Ремикс, секонд-хенд | Магазин цветов",
19036688,added,14,14,"Национальная Буровая Компания | Irena Brow, салон красоты | Иннотек Медикал, компания",
19039400,added,1,1,"Smile fish, частный детский сад",
19040046,added,15,14,"ИЮЛЬ ТРЕЙД, музыкальный магазин | Rocketbooking, концертное агентство | Антибуки, торговая компания","Barre one, фитнес-студия [area]"
19040957,added,7,6,"Северный, универсам | MyLomond, интернет-магазин | Альтон-Имидж-Н","Artballetfly, мастерская хореографического искусства [area]"
19041485,added,1,1,"Smile fish, частный детский сад",
19041517,added,10,9,"Ювэст, юридическо-консалтинговая компания | Промтехвзрыв | Мостовая инспекция","Колумб ру, торгово-производственная компания [area]"
19042275,added,12,7,"Premium Tobacco, магазин табачный продукции | Фармленд, аптека | Алло! Пицца, сеть пиццерий","FG, магазин мебельной фурнитуры [area] | Межрегиональная ассоциация айкидо [area] | КаприМебель, салон мебели [area]"
19053034,added,13,12,"Аист Экспресс, служба экспресс-доставки | МЕДИА СЕРВИС | Motohit.ru, интернет-магазин","Bronze Gym, торговая компания [area]"
19068441,added,1,1,"Доктор Вишня, интернет-магазин товаров для сна",
19073147,added,10,10,"КПД реклама, рекламное агентство | City Nails, сеть студий красоты | Столовая",
19075336,no_valid_candidates,1,0,,"Машенька, салон красоты [area]"
19075371,added,6,6,"КупиКоробку.ру, компания | ДоляЛя, музыкальная школа | Подшиваем.ру, ателье",
19075375,added,5,5,Магазин финской одежды | Совкомбанк | Магазин цветов,
19080038,added,3,3,"Интеграл, центр образования | Арт Клуб & Фларанж, творческий центр | Белый Воробей, музей",
19083586,added,21,21,Театр-студия Всеволода Шиловского | Objet Insolit | Кабинет психолога,
19083946,added,10,10,"Шати студио, салон красоты | Шейфель, химчистка | Бизнес Партнер, центр бухгалтерского обслуживания",
19090529,added,2,1,"Алкой, фармацевтическая компания","Loreal, салон красоты [area]"
19090571,added,9,8,"Электроника-Сервис, магазин автотоваров | Цветочный магазин | Магазин кондитерских изделий","Танайс, парикмахерская [area]"
19093821,added,3,3,"Мона, торгово-производственная компания | Аквастудия, аквариумный салон | Компьютерная Москва, компания",
19093912,added,4,4,"СберСтрахование, страховая компания | СберЛогистика, служба курьерской доставки | СберБанк",
19094183,added,8,6,"ЗелМедЦентр, медицинский центр | Компстар 1106е, магазин компьютерной техники | Магазин фейерверков","Рыболов №1, магазин рыболовной одежды и принадлежностей [area] | Квартет, семейный клуб [area]"
19094848,added,4,4,"Speak, лаундж-бар | Деловой мир, агентство недвижимости | Monica, груминг-студия",
19094911,added,1,1,Касса обмена валюты,
19095030,added,2,2,"РЮША, студия красоты | 101market.ru, интернет-магазин",
19095242,added,5,4,"Социальная оптика №1 | РосДеньги, микрокредитная компания | VaporMax, магазин по продаже электронных испарителей и аксессуаров","СуперМен, барбершоп-парикмахерская [floor]"
19099550,added,2,2,"ВкусВилл, магазин с доставкой полезных продуктов | OSKAR, автомойка",
19099633,added,6,6,"Русские валенки, музей | Hate Agency, рекламное агентство | Мир шерсти, магазин",
19099646,added,2,2,"ВкусВилл, магазин с доставкой полезных продуктов | OSKAR, автомойка",
19099671,added,2,2,"ВкусВилл, магазин с доставкой полезных продуктов | OSKAR, автомойка",
19099703,added,2,2,"ВкусВилл, магазин с доставкой полезных продуктов | OSKAR, автомойка",
19099821,added,2,2,"ВкусВилл, магазин с доставкой полезных продуктов | OSKAR, автомойка",
19099904,added,2,2,"ВкусВилл, магазин с доставкой полезных продуктов | OSKAR, автомойка",
19102274,added,6,6,"Поинт Лайн, строительно-монтажная фирма | Venice beauty club, салон красоты | Hegel, официальный магазин",
19102306,added,1,1,Центр Сулакшина,
19102309,added,11,10,"Яузская 5, бизнес-центр | Citiwell, салон | Демодекс комплекс, компания","Martori, итальянская академия красоты [area]"
19104204,added,20,20,"GreenKassa, авиакасса | JOMO, маникюрная студия | Дон Пион, магазин цветов и подарков",
19105519,added,1,1,"Доктор Ермолаев, стоматологическая клиника",
19105909,added,4,4,"Управа Гагаринского района | Старая школа, изостудия | Гагаринец, досуговый центр",
19110958,added,2,2,"АЛЕНВЕТ, ветеринарная клиника | Метизы от А до..., магазин крепежных изделий",
19111178,added,2,2,"Вэл-стом, стоматологическая клиника | Шармэль, салон-парикмахерская",
19111202,added,1,1,Русская ювелирная мастерская,
19114502,added,3,3,"Шарм, эконом-парикмахерская | Кафе узбекской кухни | Аптека",
19114725,added,4,4,"Неомер, торгово-производственная компания | Пакс, магазин хозяйственных товаров | Восход, дом культуры",
19114789,added,2,2,"РЕСО-Гарантия, страховая компания | Хеликс, лабораторная служба",
19117204,added,7,6,"Орхидея, цветочный магазин | У Байкала, парикмахерская | Почта Банк","Platon, студия ЭМС-фитнеса [area]"
19120285,added,2,2,"Сервис+, центр ремонта | Студия красоты №1",
19120331,added,1,1,"Smile fish, частный детский сад",
19120969,added,1,1,"Smile fish, частный детский сад",
19121189,added,9,9,"DAFNALUXE, салон оптики и бижутерии | Бис, ателье | Божья коровка, детский клуб полного дня",
19121289,added,2,2,"ВкусВилл, магазин с доставкой полезных продуктов | КОНСУЛ, сервис по ремонту швейцарских часов и ювелирных украшений",
19129051,added,5,4,"Амоз, стоматологический центр | La Darique | Les Stores, студия дизайна","БароN, салон красоты [area]"
19129168,added,2,2,"Khajuraho, ресторан индийской кухни | DANDY, барбершоп",
19130519,added,1,1,"ВкусВилл, магазин с доставкой полезных продуктов",
19136621,added,2,2,"KOLNER, торговая компания | Симбирск-Кроун, компания",
19137271,added,4,3,"Книжки с Картинками, магазин комиксов | Milky Club, салон красоты | Прометей, издательство","На Арбате, спортклуб [area]"
19139248,added,1,1,"Дорожная азбука, автошкола",
19140683,added,9,9,"Нэнэ, салон цветов и подарков | Нэнэ, салон красоты | Грация, аптека",
19140808,added,1,1,"Smile fish, частный детский сад",
19140999,added,1,1,"Je Beauty, салон красоты",
19141070,added,1,1,"Чапаевский-13, гаражный кооператив",
19146417,added,6,6,"Кот Филимон, ветеринарный кабинет | ВкусВилл, магазин с доставкой полезных продуктов | Русак, барбершоп",
19148181,added,6,5,"Продуктовый магазин | Пирсинг.ру, студия | Psycho Place, компания по аренде кабинетов","Стремление, баскетбольный клуб [area]"
19151813,added,1,1,"TV-Nails, студия маникюра",
19151814,added,1,1,"IB-Gallery, мебельная компания",
19156381,added,6,6,"Столичная Медицинская Клиника | die Apotheke, мужская парикмахерская | ГЛАС, телерадиокомпания",
19162144,added,2,2,"СИРИУС, продуктовый магазин | Кофейня 47",
19165960,added,2,1,"Веселая кисточка, изостудия","Радуга, клуб [area]"
19166767,added,3,1,"ИНВИТРО, медицинская компания","Ozon [area] | Эллада, салон-парикмахерская [area]"
19169443,added,3,3,"Oasis studio | BrowStar by JR, студия красоты | Он и Она ЭКСПРЕСС, сеть интим-магазинов",
19178787,added,1,1,OZON,
19182855,added,1,1,Нотариус Фурчакова Т.Е.,
19184682,added,3,3,"Святогор, клуб боевых искусств | Хорошевка, досугово-спортивный центр | ХайМедиа Лабс, торговая фирма",
19185158,added,4,3,"HIGH VOLTAGE BRAINS, маркетинговое агентство | Неслучайно 08|08, кофейня, чайная и какао-бар | Elysee Dress, компания по аренде вечерних платьев","08|08, фитнес-студия [area]"
19185698,added,5,5,"Сеть хостелов №1 | Тайрай, сеть SPA-салонов | Music star, музыкальная школа",
19187166,added,1,1,"9вять, сеть хостелов",
19187393,added,5,4,"Магазин табачных изделий | Маленький Оксфорд, школа скорочтения и ментальной арифметики | Фотосалон",Салон-парикмахерская [area]
19189698,added,7,7,"Платный КВД, медицинский центр | Москино Звезда, кинотеатр | Бакинский Бульвар, ресторан",
19192974,added,2,2,"ВкусВилл, магазин с доставкой полезных продуктов | OSKAR, автомойка",
19193346,added,1,1,"ПрофПакет.рф, интернет-магазин",
19193477,added,1,1,"Люсия, студия маникюра",
19193510,added,6,6,"Beauty Pain Shop, магазин украшений для пирсинга | Каюк-Компания, кафе-бар | Кристалл Сервис",
19195815,added,3,3,"СБН Трейдинг, производственная компания | ПРОМПОСТАВКА, компания | БиоВет, сеть ветеринарных клиник",
19196406,added,11,11,"В гостях у сказки, детский сад | Бункер-703, музей современной фортификации | Стрижи, аутсорсинговая компания",
19196686,added,6,6,"Китай город, мастерская | КАН-проект | Анналы хирургической гепатологии, журнал",
19196760,added,1,1,Инженерно-техническая школа им. дважды Героя Советского Союза П.Р. Поповича с дошкольным отделением,
19196872,added,3,3,"Научно-исследовательский институт экспериментальной и клинической аудиологии | МедФарм, медицинский центр | Дента-Практик, стоматологическая клиника",
19199211,added,11,11,"Магазин домашней выпечки | Тандырoff, магазин фастфудной продукции | Магазин орехов и сухофруктов",
19201503,added,6,5,"Lanors | Wine Room, сеть винных магазинов | krasnostop.ru, магазин алкогольных напитков","Винлаб, супермаркет напитков [floor]"
19203923,added,4,4,"Цветной-дым.рф, интернет-магазин | Магазин фастфудной продукции | Домачисто, клининговая компания",
19218160,added,3,3,ПОС СИСТЕМЫ | Dental Family Clinic | Кабинет пластического хирурга,
19223440,added,2,2,"Элейко Спорт, торговая компания | Flc dental, клиника",
19223755,added,1,1,"MetaGaming, компьютерный клуб",
19224441,added,2,2,"PHEROLAB | Сфинкс, ветеринарный центр",
19224778,added,4,3,"Ed, шоурум | Hands with soul, студия красоты | OZON","Лидер, спортивный клуб [area]"
19226045,added,3,2,"Автотоп | На Дубровке, оптика",Салон-парикмахерская эконом-класса [area]
19226371,added,5,5,"Этномир, парк развлечений и отдыха | Совкомбанк | Ломбард Меридиан",
19227173,added,2,2,"Гидростандарт, компания | Ани, кафе-бар",
19227196,added,1,1,"100бензопил.ру, интернет-магазин",
19227646,added,1,1,"Гефест, торгово-монтажная компания",
19228388,added,11,11,"В гостях у сказки, детский сад | Бункер-703, музей современной фортификации | Стрижи, аутсорсинговая компания",
19228423,added,4,4,"ИНВИТРО, медицинская компания | Валентина, продуктовый магазин | Магазин белорусской косметики",
19228520,added,3,3,"Домашний, мини-маркет | Фирма по ремонту сотовых телефонов | Домашний, магазин различного пива",
19231588,added,29,26,"Мова, компания | MEMORANDUM, бюро переводов | Юрэкспресс, юридический центр","Gegel beauty studio, частный кабинет красоты [area] | Магазин табачных изделий [area] | Испанская лавка, магазин колбас и вин [area]"
19238382,added,1,1,"Надежда, салон красоты и здоровья",
19245397,added,19,19,"SEMENOV, караоке-бар | Кулинарная лавка братьев Караваевых | Nail Armina, ногтевая студия",
19245635,added,4,3,"Детали Бизнеса, группа компаний | Суфала, студия массажа | Клевер, детский центр","AVES, студия бьюти-коворкинга [area]"
19246686,added,9,8,"Международные конгрессы и выставки | Фореста, компания | СКАЙ-Лигал, компания","Mind Body Studio by World Class, спортивная студия [area]"
19252968,added,27,25,"Anteco Business Travel Management, компания по организации деловых поездок | Мясницкая 24, бизнес-центр | O2Nails-print.ru","ЧАКРА на Чистых прудах, йога-центр [area] | АЛГОРИТМ БЬЮТИ КЛАБ [area]"
19253439,added,4,4,"Банк ВТБ | Hugsy, студия разработки мобильных приложений | NRG Records, студия звукозаписи",
19255029,added,4,4,"Магазин по продаже овощей и фруктов | Халяль на Мосфильмовской, магазин мяса | Винный вкус, магазин алкогольной продукции",
19256441,added,1,1,Культурное представительство при посольстве Ирана,
19261271,added,2,2,"Эйр, центр красоты и здоровья | Agena hair studio, студия волос",
19261920,added,2,1,"LikeMe Studio, фотоагентство","Airsoftbox, магазин страйкбольного снаряжения и оборудования [area]"
19261987,added,1,1,"Smile fish, частный детский сад",
19265686,added,5,4,Магазин женской одежды | Табачный магазин | Магазин канцтоваров,"Софи, салон красоты [area]"
19266266,added,1,1,"Хороший мастер, сантехническая служба",
19266475,added,5,5,"СИТИЛАБ, медицинский центр | Радость, салон красоты | Актуаль, салон эпиляции",
19267959,added,4,4,"Estelaime, центр здоровья и красоты | Счастливая щука, ресторан | Драйв Нагатино",
19270724,added,1,1,"IB-Gallery, мебельная компания",
19271172,added,12,12,"Октава-Недвижимость, агентство недвижимости | ЮрГазЭнерго, адвокатское бюро | Центр стоматологической имплантологии",
19272964,added,2,2,"ВкусВилл, магазин с доставкой полезных продуктов | OSKAR, автомойка",
19274597,added,2,2,"Рыков Риэлти, агентство недвижимости | Агора, компания",
19274721,added,6,5,"OZON | Бемби, ветеринарный центр | Контраст, г. Москва","Северное Чертаново, Московский культурный центр [area]"
19274803,added,5,5,"Dr. Shumskay, центр эстетической медицины | Эпилсити, центр косметологии и эпиляции | Madam Shiko, салон вечерних платьев",
19275137,no_valid_candidates,2,0,,"BarVel, барбершоп [area] | Точка спорта, фитнес-клуб [area]"
19277018,added,2,2,"Студия Марии Романовой | АТМОквест, агентство по организации праздников и квестов",
19280351,added,3,2,"Artremonts, сервисный центр | Blanco Clinic, стоматологическая клиника","Медкон, компания [area]"
19280487,added,1,1,OZON,
19280878,added,1,1,"ShinProf, шиномонтажная мастерская",
19281282,added,3,3,"RM, студия красоты | OZON | Ателье по пошиву и ремонту одежды",
19281564,no_valid_candidates,1,0,,"Ровесник, спортивный клуб [area]"
19281987,added,1,1,"Районный отдел жилищных субсидий, Зеленоградский административный округ",
19283004,added,2,2,"Патриот, издательство | ДРОНСТРОЙ, торговая компания",
19284951,added,5,4,"Uma Manicure, студия маникюра и педикюра | Ясный Взор, детская глазная клиника | Botvabuket, интернет-магазин","Дикая Орхидея, студия красоты [area]"
19287221,added,6,6,"Флорист-Мед, медицинский центр | Мини-маркет | Имплант-Эксперт, стоматологический центр",
19287224,added,3,3,"Проминвест, управляющая компания | Школа №123 | Дом-музей К.С. Станиславского",
19288173,added,2,1,"Atelier Ekaterina Butakova, ателье","Beauty club 70/7, студия красоты [area]"
19291328,added,2,1,"Atelier Ekaterina Butakova, ателье","Beauty club 70/7, студия красоты [area]"
19292894,added,2,2,"Солнцево, адвокатский кабинет | Адвокатский кабинет Корнеева И.В.",
19292994,added,10,10,"Технопарк загорье, бизнес-центр | Здоровая Москва, уголок здоровья | Алгострой",
19293157,added,1,1,НПП Вартпро,
19293182,added,1,1,"Дентал, стоматологическая клиника",
19295426,added,1,1,"Я по делам, студия",
19296883,added,1,1,"Мир в шоколаде, торговая компания",
19297126,no_valid_candidates,1,0,,Shinpoclub [area]
19297152,added,2,1,"Ингосстрах, страховая компания","Гармония, центр спорта, творчества и интеллектуального развития [area]"
19300513,added,2,2,"Mix Music Band | Адвокатская контора №12, Московская городская коллегия адвокатов",
19306588,added,6,6,"Салон красоты Алёны Водонаевой | Кабинет мануального терапевта | Вымпел-А, объединение предприятий",
19330450,added,17,15,OZON | Магазин инструментов | Ремонтная мастерская,Магазин овощей и фруктов [area] | Россельхозбанк [area]
19332004,added,3,3,"Табачный салон | АСНА, аптека | Магазин фастфудной продукции",
19335525,added,1,1,"GimBeautyStudio, салон красоты",
19336959,added,3,3,"Oasis studio | BrowStar by JR, студия красоты | Он и Она ЭКСПРЕСС, сеть интим-магазинов",
19360685,added,19,17,"Крылья, киностудия | Krista-tur, туристическое агентство | Миор-Тур, туристическая компания","Tangomagia, школа аргентинского танца [area] | Бачата и сальса, школа танцев [area]"
19371093,added,4,1,"Стройка, сеть магазинов","Unique Beauty Boutique, салон красоты [area] | Почта Банк [area] | Винлаб, супермаркет напитков [floor]"
19371163,added,4,2,"Unique Beauty Boutique, салон красоты | Стройка, сеть магазинов","Почта Банк [area] | Винлаб, супермаркет напитков [floor]"
19371319,added,4,1,"Стройка, сеть магазинов","Unique Beauty Boutique, салон красоты [area] | Почта Банк [area] | Винлаб, супермаркет напитков [floor]"
19371322,added,4,1,"Стройка, сеть магазинов","Unique Beauty Boutique, салон красоты [area] | Почта Банк [area] | Винлаб, супермаркет напитков [floor]"
19371324,added,4,1,"Стройка, сеть магазинов","Unique Beauty Boutique, салон красоты [area] | Почта Банк [area] | Винлаб, супермаркет напитков [floor]"
19371968,added,4,1,"Стройка, сеть магазинов","Unique Beauty Boutique, салон красоты [area] | Почта Банк [area] | Винлаб, супермаркет напитков [area]"
19372336,added,4,1,"Стройка, сеть магазинов","Unique Beauty Boutique, салон красоты [area] | Почта Банк [area] | Винлаб, супермаркет напитков [area]"
19372373,added,4,1,"Стройка, сеть магазинов","Unique Beauty Boutique, салон красоты [area] | Почта Банк [area] | Винлаб, супермаркет напитков [floor]"
19372434,added,4,1,"Стройка, сеть магазинов","Unique Beauty Boutique, салон красоты [area] | Почта Банк [area] | Винлаб, супермаркет напитков [floor]"
19372478,added,4,1,"Стройка, сеть магазинов","Unique Beauty Boutique, салон красоты [area] | Почта Банк [area] | Винлаб, супермаркет напитков [floor]"
19372480,added,4,1,"Стройка, сеть магазинов","Unique Beauty Boutique, салон красоты [area] | Почта Банк [area] | Винлаб, супермаркет напитков [floor]"
19372525,added,4,1,"Стройка, сеть магазинов","Unique Beauty Boutique, салон красоты [area] | Почта Банк [area] | Винлаб, супермаркет напитков [area]"
19372546,added,4,1,"Стройка, сеть магазинов","Unique Beauty Boutique, салон красоты [area] | Почта Банк [area] | Винлаб, супермаркет напитков [floor]"
19372790,added,4,1,"Стройка, сеть магазинов","Unique Beauty Boutique, салон красоты [area] | Почта Банк [area] | Винлаб, супермаркет напитков [floor]"
19372899,added,4,1,"Стройка, сеть магазинов","Unique Beauty Boutique, салон красоты [area] | Почта Банк [area] | Винлаб, супермаркет напитков [floor]"
19373115,added,4,2,"Unique Beauty Boutique, салон красоты | Стройка, сеть магазинов","Почта Банк [area] | Винлаб, супермаркет напитков [floor]"
19373191,added,4,2,"Unique Beauty Boutique, салон красоты | Стройка, сеть магазинов","Почта Банк [area] | Винлаб, супермаркет напитков [floor]"
19374171,added,4,1,"Стройка, сеть магазинов","Unique Beauty Boutique, салон красоты [area] | Почта Банк [area] | Винлаб, супермаркет напитков [area]"
19374428,added,4,1,"Стройка, сеть магазинов","Unique Beauty Boutique, салон красоты [area] | Почта Банк [area] | Винлаб, супермаркет напитков [floor]"
19374568,added,4,1,"Стройка, сеть магазинов","Unique Beauty Boutique, салон красоты [area] | Почта Банк [area] | Винлаб, супермаркет напитков [area]"
19374874,added,4,1,"Стройка, сеть магазинов","Unique Beauty Boutique, салон красоты [area] | Почта Банк [area] | Винлаб, супермаркет напитков [area]"
19375097,added,4,1,"Стройка, сеть магазинов","Unique Beauty Boutique, салон красоты [area] | Почта Банк [area] | Винлаб, супермаркет напитков [area]"
19378606,added,8,8,"Техника, автошкола | Тапки, кафе | Тапки, лавка",
19379511,added,1,1,Администрация муниципального округа Южное Медведково,
19379811,added,2,2,"Магазин табачной продукции | Тигрохаус, торгово-монтажная компания",
19384898,added,2,1,"Magic Room, студия маникюра","Аляска, сеть мужских парикмахерских [area]"
19385166,added,2,1,Служба бытовых услуг,"Доброволец, культурный центр [area]"
19385303,added,2,2,Магазин цветов | Аптека,
19385954,added,2,2,Магазин цветов | Аптека,
19391332,added,4,4,"ЛОНДОН-ТУР, туристическое агентство | Возрождение, кабинет подолога | СДМ-Банк",
19395320,added,1,1,Центральная стоматология,
19397409,added,1,1,"Пещера, салон красоты",
19400904,added,4,4,"Спутник, территориальная клубная система | Румпель-ленд, магазин | Tohatsu, компания",
19404017,added,3,3,"LabQuest, сеть диагностических центров | Бьюти Студия, салон красоты | Автомойка",
19404050,added,7,7,"Арбат, мини-отель | Гермес-Карго, транспортная компания | Скин Технолоджи, учебный центр для косметологов",
19405827,added,5,4,Промсвязьбанк | Магазин товаров для курения | Магазин табачной продукции,"Krasnoe Yabloko, студия красоты [area]"
19408111,added,10,10,"Шати студио, салон красоты | Шейфель, химчистка | Бизнес Партнер, центр бухгалтерского обслуживания",
19408253,added,2,2,"Новатор, кофейня | Азбука вкуса, кафетерий",
18996258,added,5,3,"My magic painting | Веллум, галерея | Волга Групп, юридическая компания","Сфера Звука, магазин виниловых пластинок и аудиотехники [area] | Арт-кафе [area]"
19413991,added,1,1,"ВкусВилл, магазин с доставкой полезных продуктов",
19423740,added,1,1,"Нар, продуктовый магазин",
19428287,added,5,5,"Автостоянка | Мастер электроники | Прекрасное Зеленое, Монтессори-центр",
19429371,added,16,16,"Сэр хинкаль, ресторан | На Высоте, хостел | Монеткин, торговая компания",
19433642,added,7,6,"KVARTCITY, агентство недвижимости | Vavilov Med, многопрофильная клиника | Городское обменное бюро","Фора-банк, акционерный коммерческий банк [area]"
19440360,added,1,1,"Красное&Белое, магазин",
19444381,added,1,1,Национальный центр стандартизации и сертификации гражданского и служебного оружия,
19452693,added,1,1,"Пятёрочка, супермаркет",
19461131,added,2,2,"Мосгорломбард | Гаянэ, салон-парикмахерская",
19464318,added,1,1,"BOND`S GIRL, студия маникюра",
19465202,added,4,4,"СберСтрахование, страховая компания | СберЛогистика, служба курьерской доставки | СберБанк",
19466022,added,7,6,"Даниловский, досуговый центр для инвалидов | Публика, парикмахерская | Швейное Королевство, магазин","Superduck.ru, магазин товаров для охоты [area]"
19466675,added,6,5,"Школа святителя Филарета Московского | БТИ №1, кадастровая компания | Upgrade shop, мастерская по ремонту мобильных устройств","Грибова и партнеры, центр бизнес услуг [area]"
19466832,added,13,13,"Агнец, ресторан | Adam, ресторан | udcкафе",
19466846,added,2,2,"Русский врач, издательский дом | Moss, мастерская флорариумов",
19468577,added,10,9,"Формат, полиграфический центр | Центр содействия взаимному страхованию | Единая сервисная система, сервисная компания","Гемотест, медицинская лаборатория [floor]"
19468605,added,5,4,"Газпромбанк | Газпромбанк мобайл | Wamaje, ювелирная мастерская",Xbody [area]
19468869,added,2,2,"Абсолют Клининг Сервис, клининговая компания | Пятёрочка, супермаркет",
19468957,added,1,1,"ГОРОДИССКИЙ И ПАРТНЕРЫ, юридическая компания",
19472344,added,3,3,"Ваша парикмахерская, салон красоты | Финправо, юридическая компания | Хороший, гастроном",
19474628,added,4,2,"Молодечномебель, торговый дом | Энергос, компания","Ozon [area] | Красное&Белое, магазин [floor]"
19476183,added,2,1,"Меркурий, продовольственный магазин",Ozon [area]
19477772,added,1,1,"Второе дыхание, мастерская",
19478115,added,1,1,Мини-маркет,
19478201,added,1,1,Мини-маркет,
19479475,added,1,1,"Планета детства, частный детский сад",
19480519,added,17,17,"МИКРО, строительная лаборатория | МУЛЬТИФИНСЕРВИС, ломбард | Москва Инфо, газета",
19481780,added,9,8,"WhiteFree.ru, интернет-магазин | Школа кинезиологии доктора Крутова | NL-Clinic, центр доктора Крутова","1`st Fit, фитнес-студия [area]"
19486897,added,8,7,"Аптека на Перекопской | Luck, салон маникюра | Мосгорломбард","Cat in Boot, мастерская по ремонту и реставрации обуви [area]"
19486980,added,8,7,"Аптека на Перекопской | Luck, салон маникюра | Мосгорломбард","Cat in Boot, мастерская по ремонту и реставрации обуви [area]"
19488866,added,6,5,"1000 мелочей, магазин бытовых товаров | ShowMart, билетное агентство | Магазин крепежных изделий","Эстель, эконом-парикмахерская [area]"
19488881,added,6,3,"101Принтер | Альтаир, детский пневматический тир | Ю-Порт, мини-отель","Большие и маленькие люди, семейный центр [area] | Фортуна, культурно-спортивный центр [area] | Ополченец, школа спортивной гимнастики [area]"
19489288,added,14,13,"Кабинет психолога Скачковой Анны Анатольевны | Асаи Шоп, интернет-магазин по продаже мякоти асаи | Радио-Пром, торговая компания","Chill your hair, студия красоты [area]"
19489292,added,14,13,"Кабинет психолога Скачковой Анны Анатольевны | Асаи Шоп, интернет-магазин по продаже мякоти асаи | Радио-Пром, торговая компания","Chill your hair, студия красоты [area]"
19491881,added,8,8,"ВсеКолеса.ру | City Nails, сеть студий красоты | Столовая",
19492792,added,10,10,"Very special, салон красоты | Дива, студия красоты | СберСтрахование, страховая компания",
19493479,added,6,5,"Школа святителя Филарета Московского | БТИ №1, кадастровая компания | Upgrade shop, мастерская по ремонту мобильных устройств","Грибова и партнеры, центр бизнес услуг [area]"
19495022,added,2,2,Митинское Бюро Путешествий | Sk новый город,
19496082,added,7,7,"Магнит, супермаркет | Мастерская по ремонту одежды | БЕДИЯ, кафе-хинкальная",
19501579,added,3,3,"time for beauty | Ваш ремонт одежды, ателье | Лавандерия, химчистка-прачечная",
19503859,added,8,8,"Вита Сервис М | Ховринский дворик, продуктовый магазин | Цветочный магазин",
19504506,added,1,1,"Эрато-М, парикмахерская",
19504736,added,1,1,Эко Гранд,
19504843,added,1,1,Эко Гранд,
19506849,added,1,1,Эко Гранд,
19512235,added,8,8,"Мечта, магазин оптики | Мечта, магазин товаров для дома | Мечта, магазин одежды",
19513935,added,8,8,"Пятёрочка, супермаркет | Городовой, финансово-юридическое агентство | 7 Таксопарк",
19519366,added,5,5,"Stage & song, студия вокала | 7hills records, студия звукозаписи | G-video project, видеостудия с прозрачной доской",
19519650,added,2,1,"Евгения М, салон красоты","Красное&Белое, магазин [floor]"
19520794,added,4,4,"Банк ВТБ | Дарьял, стоматологическая клиника | Столплит хоум, мебельный гипермаркет",
19521478,added,3,3,"Автомойка | Научно-исследовательский центр детской нейропсихологии им. А.Р. Лурия | Curebar, бар",
19522053,added,5,4,"Стоматология на Таганке №1 | Доктор лэнд, медицинский центр | Century 21, агентство недвижимости","Trinity, студия триатлона [area]"
19522268,added,15,13,"Юридический центр | Адвокатский кабинет Гриневского Р.Г. | ТЕЛЕКОНТАКТ, кол-центр","ВСК, страховой дом [area] | Beauty Hall, студия красоты [area]"
19530213,added,1,1,"1000 мелочей, магазин товаров для дома",
19531140,added,6,6,"Продуктовый магазин | Красное&Белое, магазин | Строймаркет",
19531448,added,3,3,"time for beauty | Ваш ремонт одежды, ателье | Лавандерия, химчистка-прачечная",
19532354,added,15,14,"Ортека, ортопедический салон | CMD, центр молекулярной диагностики | Prime cafe, кафе быстрого обслуживания","Цирюльникъ, салон красоты [area]"
19533838,added,1,1,"Исфисор, чайхана",
19535480,added,1,1,"Старая крепость, кафе",
19536521,added,2,2,"МиксАрт, торговая компания | МузДепо, магазин музыкальных инструментов и оборудования",
19536708,added,1,1,"Недвижимость, фирма",
19536744,added,5,1,"Жилсоцгарантия, агентство недвижимости и права","Пеликан, клуб любителей настольного тенниса [area] | Дом физической культуры [area] | WrestTime, борцовский клуб [area]"
19536748,added,5,1,"Жилсоцгарантия, агентство недвижимости и права","Пеликан, клуб любителей настольного тенниса [area] | Дом физической культуры [area] | WrestTime, борцовский клуб [area]"
19536769,added,4,4,"Milagro Madera, интернет-магазин | Дока Двери, салон | РФ-Паркет, магазин напольных покрытий",
19539020,added,1,1,"Tiptopschool, школа иностранных языков",
19540015,added,1,1,"Дон Бутон, цветочно-сувенирная мастерская",
19540206,added,3,3,"Блики, студия красоты | Boxberry, отделение службы доставки | OZON",
19540234,added,4,3,"Wooder Group, компания по производству деревянных окон | Вкус №1, магазин | Школа №56 им. академика В.А. Легасова",Студия спорта и спортивной реабилитации [area]
19541612,added,4,4,"Boxberry, отделение службы доставки | Молочные берега, мастерская | Салон красоты",
19541892,no_valid_candidates,1,0,,"Красное&Белое, магазин [floor]"
19541918,added,4,3,"Лебедь, дом быта | Шашлычок, кафе | СамиХинкали, кафе","ПРЯДКИ в ПОРЯДКЕ, салон красоты [area]"
19543255,no_valid_candidates,1,0,,"Красное&Белое, магазин [floor]"
19544413,added,16,14,"EPILLINE, студия эпиляции | Nail madness, салон красоты | Гайдаровец, дом культуры","Tango Bravo, клуб аргентинского танго [area] | Сония, студия восточных танцев [area]"
19544465,added,3,3,"Boot Black, мастерская по ремонту обуви | Underground, студия красоты | Мнём с душой, массажная мастерская",
19544495,added,1,1,"Доринвест, бесплатный общественный туалет",
19544928,added,1,1,"Service time, мастерская по ремонту часов",
19545952,added,2,2,"Волжские Дачи, агентство по продаже земельных участков | Доринвест, бесплатный общественный туалет",
19547124,added,2,2,"Koshka, студия маникюра | Ситилаб, медицинский центр",
19547180,added,3,2,"Магазин товаров для ремонта | Творческий лицей, экспериментальный центр социальной адаптации и творческого развития детей и подростков","Юность, спортивный комплекс [area]"
19547222,added,8,7,"Мото-хобби, магазин мотозапчастей | MobDoc, сервисный центр | СберСтрахование, страховая компания","Парикмахер и Я, салон красоты [area]"
19548225,added,7,7,"Хачапурница, магазин фастфудной продукции | Castello, отель | Магнит, супермаркет",
19548355,added,1,1,"Smile fish, частный детский сад",
19548389,added,4,4,"Пятёрочка, супермаркет | Доктор Галишников, стоматология | Клиника хирургии, флебологии и артрологии",
19548685,added,9,9,"Voodoo coffee, кофейня | Электроника-Сервис, магазин автотоваров | Магазин кондитерских изделий",
19548837,added,1,1,Рознично-оптовый склад православной энциклопедии,
19548883,added,6,5,"Школа святителя Филарета Московского | БТИ №1, кадастровая компания | Upgrade shop, мастерская по ремонту мобильных устройств","Грибова и партнеры, центр бизнес услуг [area]"
19551171,added,7,7,"Протос Экспертиза | Протос групп, юридическая компания | Юнион логистик-сервис, экспедиционная компания",
19551758,added,6,5,"Атоми, образовательный центр | OZON | Марабу, магазин товаров для хобби и творчества","Ту би Джим, гимнастический клуб [area]"
19557962,added,2,2,"СОСЛОВИЕ, адвокатское бюро | Sm Studio, салон красоты",
19559893,added,5,4,"Книга и Здоровье, магазин | TropinkaYarn, интернет-магазин пряжи | Mj sport, салон спортивных товаров","ПИОН, салон красоты [area]"
19560164,added,1,1,Лико-98,
19561126,added,3,3,"OZON | Будь здоров!, аптека | СДМ-Банк",
19562116,added,4,3,"Электроник, робошкола | Артемида, ветеринарный центр | MOON, гостиница","Наши дети, детский центр [area]"
19562629,added,7,7,"Стиль-Но, студия красоты | Вансон, стоматологическая клиника | Экспобанк",
19565111,added,5,5,"Dogsfrogs, зоосалон | Azzure di Arrune, интернет-магазин одежды | Insight, страховая компания",
19566695,no_valid_candidates,1,0,,Столичные аптеки [area]
19568184,added,8,8,"Ботаника, офисный центр | МК Партнер, проектно-монтажная компания | Арсенал, ремонтная компания",
19568989,added,1,1,"Emex, центральный офис",
19570186,added,4,3,Ваш ломбард | Магазин обуви больших размеров | Банк ВТБ,"Альтарика, салон красоты [area]"
19571061,added,11,10,"Ёж, торговый центр | Эксперт Комплект, компания | Светлый Мир, торгово-производственная компания","Прайм студия, салон красоты [area]"
19571661,added,10,9,"Лав-Лав, лавандовая лавка | Workshop of Spirits, мастерская духов | Draw up studio, студия живописи","Zhuk Studio, студия красоты [area]"
19571680,added,7,7,"Арт-Дент, стоматологический центр | Сигнал, архитектурно-строительная компания | Giraffe, ногтевая студия",
19571682,added,5,5,"МК Неовитэль, компания | Эталон-С, стоматологическая клиника | Шреддер Экспресс, компания",
19571686,added,2,2,"Почта России, отделение №115068 | Фараон, частная охранная организация",
19571759,added,2,1,"МиГ, стоматологическая клиника","Симпатия, салон красоты [area]"
19572036,added,9,9,"Северный берег, деловой центр | СанМед-Восток, медицинский центр | NikArt, художественная студия",
19572866,added,1,1,"Второе дыхание, мастерская",
19572889,added,7,5,"Салон красоты | Государственный музей В.В. Маяковского | Ключ, компания","Vconcept, школа фитнеса и питания [area] | City Retreat, велнес-клуб [area]"
19573011,added,1,1,"Журавина, салон красоты",
19573053,added,3,2,"Алкоплаза, алкогольный супермаркет | Тарас Бульба, корчма","Винлаб, супермаркет напитков [floor]"
19579937,added,7,7,"ВсеКолеса.ру | City Nails, сеть студий красоты | Столовая",
19579964,added,2,2,"Вкус сахара, салон красоты | ВИТА, ветеринарная клиника",
19579965,added,1,1,"Магнит, супермаркет",
19580911,added,3,3,"Сервисный центр по ремонту фотоаппаратов | Профи ФМ, торгово-прокатная компания | Photosale, сервисный центр по ремонту фотоаппаратов",
19580930,added,1,1,"Ion clinic, медицинский центр",
19581392,added,6,5,"Управа района Марфино | Администрация муниципального округа Марфино | Белая Лебедь, химчистка","Столички, аптека [floor]"
19581542,added,4,4,"Дента Лекс, стоматологическая клиника | Гос-Вет, ветеринарная клиника | Столички, аптека",
19582369,added,5,4,"Пожаробезопасность-1, частная пожарная охрана | Лица, салон красоты | Ecotools Greenworks, фирменный магазин","Территория грилей, магазин грилей и барбекю [area]"
19586953,added,15,15,"Магазин овощей и фруктов | Ассоль, продуктовый магазин | Сервисный центр по ремонту телефонов",
19589894,added,3,3,"MELS TRAVEL, туристическое агентство | SUNMAR, турагентство выгодных туров | Музей морского флота",
19592517,added,2,2,"Управа Ломоносовского района г. Москвы | Аркатаг, медицинский центр",
19597166,no_valid_candidates,1,0,,"Стиль волос, салон красоты [area]"
19599064,added,22,22,"Anteco Business Travel Management, компания по организации деловых поездок | Мясницкая 24, бизнес-центр | ReVerso, центр психологической реабилитации",
19599131,added,3,3,"Образ Здоровья, медицинский центр | АрхиМЕД, медицинский центр | Рукоделие, магазин товаров для творчества",
19603026,added,4,4,"Магнит, супермаркет | Проммонтаж-Л, строительно-монтажная компания | Восток, арт-кластер",
19614908,added,6,5,"Горздрав, аптека №845 | Магазин | Ателье",Эконом-парикмахерская [area]
19618725,added,1,1,"Оремтех, сервисный центр",
19618880,added,1,1,"Большая черепаха, семейный клуб",
19621206,added,8,8,"Экосмос, компания | Bigwig, языковой центр | Coworking Moscow, коворкинг-центр",
19621225,added,1,1,"Universal Translations, бюро переводов",
19624059,added,10,9,"Магазин молочной продукции | Магазин чая | Магазин орехов, овощей и солений",Детско-юношеский клуб боевых искусств [area]
19632994,added,3,3,"Медицина и Красота, клиника | White nails, ногтевая студия | Стоматологическая клиника Генри Кларка",
19634524,added,12,12,"ТЕЛЕКОНТАКТ, кол-центр | 99 евро, турагентство | Ателье по пошиву и ремонту одежды",
19636437,added,12,11,"Антикварная лавка в Калашном | #ХРАПОВTEAM, ивент-агентство | Very Thing jewelry, ювелирный магазин","На Вина!, бар-магазин [area]"
19637549,added,5,4,"Магазин кожгалантереи | One Price Coffee, экспресс-кофейня | Магазин сухофруктов","Ticketland МТС, Касса №022 [area]"
19637634,added,34,26,"MEMORANDUM, бюро переводов | Юрэкспресс, юридический центр | Адвокатский кабинет Абдуллиной А.Х.","36,6, аптека №2059 [area] | Myniceroom, Офис [area] | Теремок, ресторан быстрого питания [area]"
19640004,added,12,12,"ТЕЛЕКОНТАКТ, кол-центр | 99 евро, турагентство | Ателье по пошиву и ремонту одежды",
19640008,added,4,4,"Управа Гагаринского района | Старая школа, изостудия | Гагаринец, досуговый центр",
19641559,added,6,3,"Пятёрочка, супермаркет | Bestes-naus interieur, мебельный салон | Simplewine, винотека","Act Place, актерская школа [area] | Vinograd, танцевальная студия [area] | Лидер, фехтовальный клуб [area]"
19643824,added,1,1,"Жюли Вернель, салон красоты",
19646285,added,1,1,"Клиника Семейная, сеть медицинских клиник",
19648925,added,4,4,"VERSE, салон нижнего белья | DAD, бутик одежды | Юридический центр, фирма",
19649215,added,7,6,"Наран, клиника тибетской медицины | ИриС, ателье | Hair Artist, студия наращивания волос","DanceFox, салон одежды и обуви для бальных танцев [area]"
19650309,added,9,7,"РЕСО-Гарантия, страховая компания | ЛИК, стоматологическая клиника | Знамя, литературно-художественный журнал","Birdie, салон-парикмахерская [area] | SAMEDI, салон красоты [area]"
19652339,added,11,9,"Деловой Партнер, финансово-правовая компания | Russian Appraisal, компания | МСК Кран, компания по аренде спецтехники",Молодежный центр творческого развития личности [area] | Студия пилатеса и йоги [area]
19652350,added,1,1,"Администрация муниципального округа Гагаринский, Отдел опеки и попечительства",
19652710,added,4,4,"ТрансЛом, торговая компания | Ilaser, студия косметологии | МедЭстет, клиника эстетической медицины",
19652927,added,1,1,"Бест Клиник, медицинский центр",
19652929,added,1,1,"Бест Клиник, медицинский центр",
19661854,added,68,64,"Leda, сеть химчисток-прачечных | Леда, служба быта | Secret Style, салон красоты","City Star, обувной магазин [area] | Janita, обувной магазин [area] | Башмаг, магазин обуви [area]"
19662545,added,3,1,"Джулия нейлс, студия маникюра","Парикмахерская [area] | ПрофитКонсорт, фитнес-студия [area]"
19664366,added,4,4,"Ателье | Мастерская по ремонту обуви | Главное бюро медико-социальной экспертизы по г. Москве, Филиал №39",
19666620,added,2,1,"Марафет, салон красоты",Детско-юношеский клуб боевых искусств [area]
19667608,added,3,3,"Moonrise Coffee | Самокат, служба доставки | Ароматный мир, винный супермаркет",
19667640,added,6,6,"Ваш ломбард | Blooming empire, цветочный магазин | Ермолино, фирменный магазин",
19670833,added,4,1,"Стройка, сеть магазинов","Unique Beauty Boutique, салон красоты [area] | Почта Банк [area] | Винлаб, супермаркет напитков [area]"
19670870,added,4,1,"Стройка, сеть магазинов","Unique Beauty Boutique, салон красоты [area] | Почта Банк [area] | Винлаб, супермаркет напитков [area]"
19670966,added,4,1,"Стройка, сеть магазинов","Unique Beauty Boutique, салон красоты [area] | Почта Банк [area] | Винлаб, супермаркет напитков [floor]"
19670971,added,4,1,"Стройка, сеть магазинов","Unique Beauty Boutique, салон красоты [area] | Почта Банк [area] | Винлаб, супермаркет напитков [floor]"
19671057,added,4,1,"Стройка, сеть магазинов","Unique Beauty Boutique, салон красоты [area] | Почта Банк [area] | Винлаб, супермаркет напитков [floor]"
19676733,added,2,2,"Зооном, зоомагазин | Будь здоров!, аптека",
19676755,added,17,17,"Дом быта | Хлебница, пекарня | Магазин белорусских продуктов",
19677401,added,3,3,"Администрация муниципального округа Покровское-Стрешнево | Крылья, центр детских и молодежных социальных инициатив | ТрансСпецНаз, транспортная компания",
19678757,added,4,4,"Радуга звуков, центр хорошего слуха | Прикосновение, бутик для взрослых | Вкусно — и точка, ресторан быстрого питания",
19679305,added,6,6,"Окулюс Перово, магазин оптики | Ателье | Обувщик, обувная мастерская",
19679636,added,3,3,"Высшая школа экономики, национальный исследовательский университет | Институт управления закупками и продажами им. А.Б. Соловьева, НИУ ВШЭ | Институт строительства и ЖКХ",
19681179,added,1,1,"Авио, компания",
19681406,added,17,16,"Детский музыкальный театр юного актера | Авангард, союз арбитражных управляющих | No kidding press, издательство","Color studio, студия колористики [area]"
19681439,added,3,3,"АТМОквест, агентство по организации праздников и квестов | Студия Марии Романовой | Мое место, коворкинг",
19682081,added,3,3,"Магнит, супермаркет | PinUp, салон красоты | Wildberries, пункт выдачи товара",
19682978,added,14,14,"ВсеКолеса.ру | Бюро переводов | AyurvedaStore.ru, магазин",
19687936,added,16,15,"Цветочный магазин | Магазин овощей и фруктов | Ассоль, продуктовый магазин","Мегамаркет, пункт выдачи товаров [area]"
19687946,added,2,2,"Дорожная азбука, автошкола | Швейная мастерская",
19687966,added,1,1,"Рутины Нет, компания",
19688490,added,5,5,"JAQUAR GROUP, шоурум | Wildberries, Пункт выдачи товара | ПрофПеревод, бюро профессиональных переводов",
19688696,added,2,2,"Wildberries, Пункт выдачи товара | Марк, ремонтная мастерская",
19688787,added,1,1,Аппарат Совета депутатов муниципального округа Котловка,
19689269,added,13,13,"Продуктовый магазин | Дым у дома, табачный магазин | Семь чудес ореха, магазин орехов и сухофруктов",
19690172,added,3,2,"Кентавр, спортивно-досуговый центр | Хинкальный дом, кафе грузинской кухни","Winner Beauty Room, студия маникюра и педикюра [area]"
19690242,added,10,9,"Винлаб, супермаркет напитков | КЛАССИК ТАТУ, студия татуировки и пирсинга | Совкомбанк","Журавли, торговый дом [area]"
19690463,added,1,1,"BetBoom, спортклуб",
19693784,added,4,3,"Ozon | Папа Крафт, магазин | Магазин белорусской косметики",Дом быта [area]
19693831,added,2,2,"Студия красоты | Чудо, детский центр",
19695985,added,2,2,"Viart, салон красоты | Московский городской центр дезинфекции, филиал Северно-Западного административного округа №1",
19696023,added,9,8,"Hairsilk, студия-магазин по наращиванию волос | Wow Volosy, салон красоты | 6 am bread kitchen, кафе","Винум, сеть винных бутиков [area]"
19696264,added,3,3,"G-video project, видеостудия с прозрачной доской | Мастерская по ремонту одежды | Аквацентр, компания",
19696314,added,3,3,"Мир женщины, медицинский центр | Нотариус Мизинцев Н.А. | Подружки, салон-парикмахерская",
19696376,added,2,2,"Самокат, служба доставки | Протор-Сервис, технический центр",
19697175,added,5,4,"Берри, центр косметологии и здоровья | Арс-багет, багетная мастерская | Ozon","Планета здоровья, аптека [floor]"
19697236,added,3,3,"I`Am event, агентство | Глинка, гончарная мастерская | Схематика, компания по скупке радиодеталей",
19697305,added,3,3,"Мусорная площадка | Estet beauty, салон красоты | AMU, студия красоты",
19701828,added,4,4,"OZON | Феникс Риэл Эстейт, компания | Авокадо, магазин у дома",
19703800,added,3,3,"CityMed, медицинский центр | Медикал Клаб, стоматологическая клиника | А-фарм, аптека",
19705996,added,9,9,"A4, отель | Madam Polina, магазин цветов | CDEK, служба экспресс-доставки",
19707178,added,5,5,"Бистро | Октава, агентство недвижимости | Олимп, мини-отель",
19707950,added,4,4,"AutoInRus, компания автоподбора | Добрый жар | Красное&Белое, магазин",
19708321,added,4,4,"Пятёрочка, супермаркет | Мастерская бытовых услуг | Магазин товаров для дома",
19710156,added,1,1,Детская школа искусств им. А.А. Алябьева,
19710168,added,1,1,"Eniteo, офис продаж",
19711271,added,7,7,"TheBon, кафе | Центр медицины сна | Арбат, бизнес-центр",
19711669,added,4,4,"Горздрав, аптечный пункт №551 | Мышематика, центр игровой математики для детей | Кабинет ногтевого сервиса",
19712392,added,1,1,"Магнит, супермаркет",
19715071,added,5,5,"Ателье | Аврора, полиграфическая компания | БЮРО ПРАВОВЫХ ТЕХНОЛОГИЙ, юридическая фирма",
19716192,added,6,6,"Почта России, Отделение №124575 | Гатэри, швейное ателье | Аллегро, салон красоты",
19718089,added,3,3,"Самокат, служба доставки | 1AMED, стоматологическая клиника | Wildberries, пункт выдачи товара",
19718108,added,14,13,"Хлебница, пекарня | Мастероптик, салон оптики | Горздрав, аптека №1173","Планета здоровья, аптека [floor]"
19718251,added,1,1,"Demaxo, оптовая компания по поставке химических продуктов для промпереработки стекла",
19718327,added,10,10,"Пятёрочка, супермаркет | Стиль, магазин одежды и обуви | Yesmoking, магазин",
19718837,added,2,2,"Современное образование, частная школа | Sivoyar, салон красоты",
19719802,added,3,3,"Kerama Marazzi, фирменный магазин плитки и сантехники | Тирольские пироги, кафе-кондитерская | COLIZEUM, сеть киберспортивных арен",
19667778,added,2,2,"Ароматный мир, винный супермаркет | Иголка базовская, ателье",
19682659,added,1,1,"Нобус, центр развития",
19712781,added,1,1,"Додо Пицца, сеть пиццерий",
19712846,added,1,1,"Додо Пицца, сеть пиццерий",
19712849,added,1,1,"Додо Пицца, сеть пиццерий",
19721743,added,1,1,"Люкс, продуктовый магазин",
19721923,added,2,2,"Планета здоровья, аптека | Навсегда кофе",
19721983,added,10,10,"Luxberry, магазин текстиля для дома | Анонс, салон мебели | Runa tex, магазин тканей",
19722010,added,2,1,"Lure, меховое ателье-бутик","Арома-Фитс, оптовая компания [area]"
19722603,added,1,1,"Torro Grill, ресторан",
19723402,added,10,10,Неруд-транс | Химчистка №1 | Благовест-Инвест,
19723721,added,3,1,"Милена, салон красоты","Верный, супермаркет [floor] | Личность, центр досуга и спорта [area]"
19724311,added,2,2,"Новатор, кофейня | Нотариус Хальме И.Ю.",
19724315,added,1,1,"Glamgo, студия загара",
19726424,added,3,3,"Жюли Вернель, салон красоты | OZON | Ча и, магазин чая и чайных принадлежностей",
19726456,added,6,6,"Вц-домос, Торгово-сервисная компания | Вектор и сервис, компания по ремонту банковского оборудования | Городская реклама и информация",
19726568,added,11,10,"Магазин орехов и овощей | КуулКлевер Мясновъ Отдохни, Магазин №153 | Территориальный отдел Управления Федеральной службы по надзору в сфере защиты прав потребителей и благополучия человека по г. Москве в Северо-Восточном административном округе","Культура движения, спортивный клуб [area]"
19727051,added,1,1,"Примавера медика, клиника головного мозга",
19727088,added,4,3,"Мирта, офис | Thaihome spa | АРИС, торговая компания","Велья, салон красоты [area]"
19727098,added,4,3,"Мирта, офис | Thaihome spa | АРИС, торговая компания","Велья, салон красоты [area]"
19727150,added,13,13,"Марчеллис, ресторан | Дом маркет, агентство недвижимости | Архитектурное бюро Татьяны Мироновой",
19727303,added,34,33,"Московский фонд реновации жилой застройки | iCore, интернет-магазин | 4 Face, академия макияжа","CELEBRITY, салон красоты [area]"
19727332,added,2,2,"Технопарк загорье, бизнес-центр | Мои документы, Район Бирюлёво Восточное",
19727397,added,4,3,"Wildberries, пункт выдачи товара | Интерталант, центр сценических искусств | Щелкунчик, театр танца","Нарцисс, салон красоты [area]"
19727861,added,2,2,"Wildberries, Пункт выдачи товара | Марк, ремонтная мастерская",
19729515,added,1,1,Школа №1741,
19729750,added,1,1,Школа №1741,
19729767,added,1,1,Школа №1741,
19729770,added,1,1,Школа №1741,
19729967,added,3,2,"Дина, ателье | Ремонтная мастерская","Апрель, аптека [area]"
19730039,added,10,8,"Wake up, мини-кофейня | Табачный капитан, магазин | Рублёвский, магазин колбасных изделий","Династия, центр красоты [area] | Горздрав, аптека №1902 [area]"
19730591,added,1,1,Школа №1741,
19730670,added,1,1,Школа №1741,
19730925,added,3,3,"Syncope, кофейня | Ля фантази, кулинария | Добрынинский, продуктовый магазин",
19731293,added,2,2,"Самсон-Фарма, аптека | Додо Пицца, сеть пиццерий",
19731414,added,18,17,"Никитская 22, мини-отель | Юг22, ресторан | Дом причта Храма Вознесения Господня","АЛГОРИТМ БЬЮТИ КЛАБ, салон красоты [area]"
19731822,added,6,4,"Tupperware, дистрибьюторский центр | Ozon | Север, компания по аренде помещений","Столички, аптека [floor] | Красное&Белое, магазин [floor]"
19731854,added,5,5,"Диагностический центр №3 | Главное бюро медико-социальной экспертизы по г. Москве, Филиал №83 | Диагностический центр №3, Терапевтическое отделение",
19731951,added,1,1,"Строймастер, магазин сантехники",
19732000,added,3,3,"Наумовы и Партнеры.рф, юридическое бюро | Цифровая школа | Лицей академии Яндекса",
19732053,added,7,6,"Индиго, детский центр дополнительного образования | Смарт скул, прогрессивная частная школа | Смарт скул, частная школа","Элит-студио, салон красоты [area]"
19732135,added,3,3,"Наумовы и Партнеры.рф, юридическое бюро | Цифровая школа | Лицей академии Яндекса",
19733120,added,5,5,"Патриот, военно-спортивный клуб | Арабеск, ансамбль классического танца | Магнит Косметик, магазин косметики и бытовой химии",
19733436,added,5,5,"Волконский, кафе-пекарня | Весна на Пресне, медицинский центр | Ателье и пошив штор Маруси Дубковой",
19733502,added,2,1,"Семейный доктор, поликлиника №6","Ригла, аптека [floor]"
19733721,added,4,4,"Александра, мастерская красоты | Тринити, Офис | Wave, студия красоты",
19733931,added,3,3,Магазин овощей и фруктов | Продуктовый мини-маркет | Хостел мира,
19734050,added,4,3,"Стамбул, ресторан | Роллофф, кафе | Пивная Палитра, магазин-бар разливных напитков","Beauty zone for you, салон красоты [area]"
19734488,added,26,26,"Вита, научно-производственное предприятие | RACURS, диджитал-агентство | Промснабзащита, торгово-производственная фирма",
19735724,added,4,4,"Александра, мастерская красоты | Тринити, Офис | Wave, студия красоты",
19735848,added,1,1,Национальное РадиоТехническое Бюро,
19736734,added,4,3,"Салон оптики | Парикмахерская | Барракуда, секонд-хенд","Столички, аптека [floor]"
19736847,added,1,1,Нотариус Махонина О.Н.,
19737104,added,1,1,"On time, кофейня",
19737105,added,1,1,"On time, кофейня",
19737151,added,1,1,"On time, кофейня",
19738346,added,1,1,"Ales capital group, инвестиционная компания",
19738894,added,12,10,"Ель, нетипичный сувенирный магазин | Design Hotel Senator | Мосгортранс, Пассажирское агентство","Beauty lab store, салон красоты [area] | Персона, имидж-лаборатория [area]"
19740370,added,2,2,"Дикси, супермаркет | Гаянэ, салон-парикмахерская",
19740388,added,2,2,"Окружная служба информационной поддержки, Средняя общеобразовательная школа №7 с дошкольным отделением | Школа №7",
19741247,added,5,5,"La Dental soul, стоматологическая клиника | Safemos | Live-telecom, интернет-провайдер",
19742214,added,4,4,"BIANCA, химчистка | Магазин сухофруктов, орехов и семечек | Добрынинский, продуктовый магазин",
19742510,added,4,4,"Мединсайт, клиника | Buta, мини-гостиница | Московский городской центр дезинфекции, дезинфекционная станция №4",
19742736,added,11,11,"АВТО Д ТРАНС, транспортная компания | Электронпромохрана, центр инженерно-технического обеспечения | Адвокатский кабинет Пантелеевой М.А.",
19742810,added,1,1,Шиномонтажная мастерская,
19743185,added,22,20,"Институт деловой карьеры | Dark side, кафе | Эффект, рекламно-производственная компания","Тренер Плюс, фитнес-студия [area] | Формула авто, автошкола [area]"
19743190,added,2,1,"Почта России, Отделение №109240","Ароматный мир, винный супермаркет [floor]"
19743617,added,28,28,"Цветочный склад, магазин цветов | Центр правовой помощи и судебной защиты | ГОРЗДРАВ, аптека №1045",
19743629,added,1,1,"Omelchenko Gallery, художественная галерея",
19744740,added,8,8,"Медтехника.Online, магазин медицинских и ортопедических товаров | EL, студия маникюра | МЕГА МАСТЕРА, дом быта",
19746710,added,6,6,"Классика рядом с домом, музыкальный салон | Во Благо, культурно-досуговый центр | Уксир хамовники, компания",
19746900,added,5,4,"Детский островок увлечений, клуб | Пик-Мик, груминг-салон | Сервис лазер, мастерская ремонту лазерных уровней",Хоккейная мастерская [area]
19746927,added,1,1,"Почта России, Отделение №129594",
19747111,added,11,10,"DANCE & BEAUTY, салон красоты | Нестэль, салон красоты | Йоркшир, паб-ресторан","Dance&beauty, школа танцев [area]"
19747196,added,3,3,"Стоманторг, магазин | На свежую голову, кофейня | На свежую голову, салон красоты",
19749403,added,7,7,"СтройИнвест, торгово-производственная компания | Фан спорт, торговая компания | Кржижановского 29, центр развития успешных проектов",
19750669,added,13,11,"Суши Лавка | Apivas, магазин разливного пива | Магазин овощей и фруктов","Винлаб, супермаркет напитков [floor] | Четыре Лапы, сеть зоомагазинов [area]"
19750851,added,2,2,"Дорожная азбука, автошкола | Швейная мастерская",
19751442,added,2,2,"Атлас, медицинская клиника | Ригла, аптека",
19753311,added,1,1,"Дикси, супермаркет",
19753472,added,1,1,Адвокатский кабинет Кулешова А.В.,
19755406,added,2,2,"Московский городской центр реабилитации, филиал Восточный | Аппарат Совета депутатов муниципального округа Новокосино",
19755533,added,1,1,"Superposudka.ru, склад",
19755910,added,1,1,"Olivander, магазин косметики и парфюмерии",
19756596,added,2,1,Второй отдельный батальон полиции,"Sfera dance club, студия танцев [area]"
19756655,added,3,3,"Черная Кость, сеть мужских парикмахерских | Generik Paris, студия | Generik Paris",
19757352,added,1,1,"Знаток, оптовый отдел-офис",
19757424,added,10,10,"Topgun, барбершоп | Chang, кафе | O-design, салон шведских обоев",
19757873,added,1,1,"Московский государственный психолого-педагогический университет, факультет информационных технологий",
19757894,added,7,7,"Фру-Фру, магазин-ателье | Суши и Несуши, кафе быстрого питания | Красное&Белое, магазин",
19757939,added,2,1,"Пиксель, школа программирования для детей","Олимп, шахматная школа [area]"
19758881,no_valid_candidates,1,0,,"Lets dance, школа танцев [area]"
19760729,added,1,1,"Каравай-1, парикмахерская",
19762189,added,2,2,"Яуза Моторс, сеть автотехцентров | Орион",
19762304,added,1,1,"Салон-5, парикмахерская",
19762712,added,15,15,"Столички, Аптечный пункт №1088 | Ломбард Формула 010 | Зеркало, студия красоты",
19764313,added,6,6,"Салон тонировки | СПС Моторс, автосервис | СД Сервис, автосервис",
19765137,added,10,10,"Topgun, барбершоп | Chang, кафе | O-design, салон шведских обоев",
19765189,added,12,10,"Бургер Кинг, сеть ресторанов быстрого питания | Камкомбанк | Бристоль, магазин","A.S Nails, салон красоты [area] | Moment, салон красоты [area]"
19765425,added,1,1,"Underground, студия красоты",
19766110,added,4,4,"Александра, мастерская красоты | Тринити, Офис | Wave, студия красоты",
19767496,added,8,6,"Столички, аптека | Asmotors, магазин автозапчастей | Сударь, магазин мужской одежды","Рыболов, торгово-прокатная компания [area] | Яспорт, салон [area]"
19767854,added,8,6,"Столички, аптека | Asmotors, магазин автозапчастей | Сударь, магазин мужской одежды","Рыболов, торгово-прокатная компания [area] | Яспорт, салон [area]"
19767879,added,16,14,"Вита экспресс, аптека | Пивное изобилие, магазин разливного пива | Дом суши и пиццы","Ароматный мир, винный супермаркет [floor] | Столички, аптека [floor]"
19768298,added,2,2,"Лубянка, правовой центр | Ui design group",
19768375,added,5,5,"Эра Инженеров, секция по инженерии, робототехнике и программированию | Open Yoga, школа открытой йоги | РИПА, буддийский центр",
19771035,added,1,1,Кафе-бистро,
19772136,added,3,3,"Рандеву, Отель на Юго-Западной | Нетмус, производственная компания | Сателлит, сервисный центр",
19772944,added,15,14,"Территориальное агентство по развитию предпринимательства Восточного административного округа | Студия эстетики тела | Ратио-Бюро, бухгалтерская компания","Настоящий магазин, магазин спортивных товаров [area]"
19773158,added,14,12,"Ozon | Любимая, пекарня | Ногтевая студия",Дом быта [area] | Почта Банк [area]
19773239,added,17,17,"Дента Прайм, стоматологическая клиника | Мята Lounge Нагорная, лаундж-бар | Донер хаус , киоск шаурмы",
19775671,added,3,3,"Ozon | Автомойка, г. Москва | Столички, аптечный пункт №404",
19776952,added,5,5,"Промсвязьбанк, Дополнительный офис | Колесо судьбы | Ригла, аптека",
19777561,added,4,4,"Лана-Дент Плюс, центр стоматологии | Оценочная компания | Петергоф, лепная мастерская",
19778262,added,5,5,"Центр Развития Мозга, тренинговый центр | Amakids, академия развития интеллекта | Лица, салон красоты",
19778507,added,1,1,"Torro Grill, ресторан",
19778673,added,3,3,"Только классика, кофейня | Фармленд, аптека | Эльза, студия красоты",
19778941,added,2,1,"Синдик-К, мини-маркет","Рома, детский досуговый центр [area]"
19779472,added,4,3,"ОЛИМПИЯ, хостел | Линзмастер, салон оптики | Stonecity, магазин одежды","Шахматное королевство, детский шахматный клуб [area]"
19779524,added,4,3,"ОЛИМПИЯ, хостел | Линзмастер, салон оптики | Stonecity, магазин одежды","Шахматное королевство, детский шахматный клуб [area]"
19779688,added,2,2,"Диалог, семейный центр | Улица Фонвизина, конечная автобусная станция",
19779693,added,4,3,"ОЛИМПИЯ, хостел | Линзмастер, салон оптики | Stonecity, магазин одежды","Шахматное королевство, детский шахматный клуб [area]"
19780150,added,10,9,"Старый Стамбул, ресторан | Seckin Baklava, магазин турецких сладостей | Паркомат","DDX Fitness, фитнес-клуб [area]"
19780642,added,5,5,"Коррекционно-диагностический центр | KINEOS, центр восстановительной медицины | Фортуна, мини-маркет",
19780678,added,4,4,"Wildberries, Пункт выдачи товара | Студия красоты №1 | Буханка, пекарня",
19781390,added,3,3,"Союз ритуальных услуг | Пивной рай, магазин разливного пива | Медилюкс Дент, клиника",
19781392,added,2,2,"Окна Велт, оконная компания | OZON, Пункт выдачи товара",
19781798,added,5,5,"Newpsy, психологический центр | Gizel, ателье | Гемотест, медицинская лаборатория",
19781894,added,9,9,"СССР, Чебуречная | Паблик, паб | Шах, аптека",
19781908,added,9,8,"Магазин орехов и сухофруктов | Пятёрочка, супермаркет | Магазин овощей и фруктов","RIdance, танцевальная студия [area]"
19782264,added,3,3,"Управа Донского района | МирДент, стоматологическая клиника | Ozon",
19782546,added,3,3,"Нотариус Селиванова М.К. | Фризе, груминг-студия | Департамент здравоохранения г. Москвы, Агентство по закупкам",
19783247,added,6,6,"Ваш ломбард | Faberlic, пункт выдачи товара | Промассаж, кабинет массажа",
19783408,added,7,7,"Wow laser, студия эпиляции | Банкет-Партнер, банкетный холдинг | Яндекс Лавка, служба доставки продуктов",
19784084,added,5,5,"Азбука daily, супермаркет | Choice, барбершоп | МЕЛ, салон красоты",
19784268,added,4,4,"Лана-Дент Плюс, центр стоматологии | Оценочная компания | Петергоф, лепная мастерская",
19785200,added,5,5,"Солнцево, адвокатский кабинет | Адвокатский кабинет | Компания по изготовлению номерных знаков",
19787194,added,3,3,"Фонбет, букмекерская контора | Верный, супермаркет | Аквазона Фараон, сауна",
19787703,added,1,1,"Мозг, центр управления здоровьем",
19788060,added,5,5,"Ремит, фирменный магазин | Красное&Белое, магазин | Столички, Аптечный пункт №553",
19789924,added,5,5,"Форпост в Лужниках, социально-педагогический клуб | Открытое искусство, театр культуры | Рукодельня Колибри, творческая студия",
19790368,added,5,5,"Легрина, дом быта | Улица Кравченко, конечная автобусная станция | Кабинет психолога",
19790515,added,7,7,"Brendauto | МВП маркетинг | Карат, автосервис",
19790680,added,7,7,"Brendauto | МВП маркетинг | Карат, автосервис",
19794996,added,6,6,"Шире Круг, спортивно-досуговый центр | Family coffee, кофейня | Операционная касса",
19795081,added,8,7,"Ароматный мир, винный супермаркет | Пуговка, ателье | Верный, супермаркет","Ирен, студия красоты [area]"
19795308,added,4,4,"Fresh Nail Bar, студия маникюра и педикюра | Дай пять, ногтевая студия | Винлаб, супермаркет напитков",
19795309,added,4,4,"Fresh Nail Bar, студия маникюра и педикюра | Дай пять, ногтевая студия | Винлаб, супермаркет напитков",
19795310,added,4,4,"Fresh Nail Bar, студия маникюра и педикюра | Дай пять, ногтевая студия | Винлаб, супермаркет напитков",
19795766,added,24,3,"Пятёрочка, супермаркет | Столичные аптеки, Аптека №6/186 | Европейский, хостел","Академия камня, производственная компания [area] | Aristo, салон мебели и гардеробных [area] | #ЭТОКУХНИ, студия дизайнерских кухонь [area]"
19797633,added,3,3,"Айла, парикмахерская | Ozon | Twins naiLS, студия маникюра",
19797870,added,2,2,"У дома, салон-парикмахерская | Wildberries, пункт выдачи товара",
19797998,added,1,1,"Московский государственный психолого-педагогический университет, факультет информационных технологий",
19798089,added,6,6,"Дианта, стоматологический центр | Гемотест, медицинская лаборатория | Дианта, косметологический центр",
19798812,added,5,5,"iL Tortellino, пиццерия | Магазин табачной продукции | Пионка, цветочный магазин",
19799020,no_valid_candidates,3,0,,"Хорошевка, досугово-спортивный центр [area] | L.A.B space, сеть студий растяжки, йоги и фитнеса [area] | Ivory dance, студия [area]"
19800524,added,9,9,"Яндекс Маркет, пункт выдачи товара | Лотос, сеть срочных химчисток | Imen Nails, интернет-магазин",
19802129,added,50,39,"Sedelice, французская пекарня | Купцовъ домъ, аукционный дом | Help for you, коворкинг-центр","Пан Круассан, кофейня [area] | Магазин табачных изделий [area] | Gegel beauty studio, частный кабинет красоты [area]"
19802238,added,3,3,"Жюли Вернель, салон красоты | OZON | Ча и, магазин чая и чайных принадлежностей",
19804125,added,1,1,"Топаз, учебный центр",
19804508,added,2,2,"Геофизический центр РАН | Вестник Отделения наук о Земле РАН, электронный журнал",
19806704,added,1,1,"Центральное управление по гидрометеорологии и мониторингу окружающей среды, сайт",
19809263,added,14,13,"Baccarat, бутик изделий из хрусталя | Baccarat Cristal Room, ресторан | Daum-Lalique, бутик изделий из хрусталя","Никольская Club, салон красоты [area]"
19810682,added,43,40,"Профилогистик, центр сертификации | Логика, транспортно-логистическая компания | Стеллс-Стом, стоматологический центр","Mainstream, центр танца [area] | La danse, школа свадебного танца [area] | Yoga practika, центр йоги [area]"
19811459,added,1,1,"У Палыча, фирменный магазин",
19813256,added,6,6,"Гемотест, медицинская лаборатория | Маэстро Кофе, кофейня | OZON",
19813381,added,2,2,"ТриоВет, ветеринарный центр | Art Monet, художественная студия",
19814855,added,1,1,Ozon,
19815253,added,1,1,"Limeceramica, компания",
19815275,added,1,1,"Limeceramica, компания",
19815418,added,2,2,"Российская академия народного хозяйства и государственной службы при Президенте РФ, Московский институт дополнительного профессионального образования | I Like City, хостел",
19815556,added,1,1,"Спецтехрус, магазин запчастей для спецтехники",
19816366,added,9,9,"MOA Clinic, клиника эстетической медицины | Мосгорломбард | ДНКом, лаборатория",
19816873,added,9,9,"Психологи, коворкинг-центр | Швейное ателье | Welonda, торговая компания",
19816905,added,9,9,"Старик Хинкалыч, хинкальная | Даблби, кофейня | Coffee, кофейня",
19817019,added,3,3,Клюнкер | Проект-эксперт | Автомойка,
19817116,added,3,3,"Авито, пункт выдачи заказов | Яндекс Маркет, пункт выдачи товара | ШАРОБОТ, центр робототехники и программирования",
19820740,added,1,1,"36,6, аптека №1267",
19820749,added,2,2,"Runatex, оптовый шоурум | Ткани микс, торговая компания",
19823641,added,3,2,"АльпИндустрия, туроператор | Альпиндустрия, спортивный магазин",Мастерская по ремонту туристического снаряжения [area]
19824658,added,4,3,"Smile fish, частный детский сад | Composition School, школа тафтинга | ВЕЛОРЕМОНТ.РУ, ремонтная мастерская","Пижонъ, барбершоп [area]"
19826187,added,6,6,"Гастроном №23 | Мегафарм плюс, аптека | ПОДЪЕМТРАНСМАШ, торговая компания",
19826518,added,3,3,"Черная Кость, сеть мужских парикмахерских | Generik Paris, студия | Generik Paris",
19832826,added,4,4,"Самарканд, кафе быстрого питания | Магазин продуктов | Медтехрейс, компания по проведению предрейсовых медицинских осмотров",
19833173,added,3,2,"АльпИндустрия, туроператор | Альпиндустрия, спортивный магазин",Мастерская по ремонту туристического снаряжения [area]
19834937,added,4,4,"Улыбка Красоты, парикмахерская | Мастерская по ремонту обуви, г. Москва | Детская стоматологическая поликлиника №52",
19840254,added,1,1,Фирма по ремонту сотовых телефонов,
19847223,added,3,2,"АльпИндустрия, туроператор | Альпиндустрия, спортивный магазин",Мастерская по ремонту туристического снаряжения [area]
19847424,added,3,1,"АльпИндустрия, туроператор","Альпиндустрия, спортивный магазин [area] | Мастерская по ремонту туристического снаряжения [area]"
19849582,added,1,1,"Красная стрела, транспортная компания",
19852360,added,6,6,"Fresh Nail Bar, студия маникюра и педикюра | ТехноSale, магазин электротехники | Дай пять, ногтевая студия",
19852367,added,6,6,"Fresh Nail Bar, студия маникюра и педикюра | ТехноSale, магазин электротехники | Дай пять, ногтевая студия",
19852861,added,5,4,"Башмачникъ, магазин-мастерская | The Authentic Pirates, вейп-шоп | ЭЭГ Лаб, центр медицинских комиссий","Столички, аптека [floor]"
19853923,added,2,2,"Wildberries, пункт выдачи товара | PROF-MK, дизайнерское агентство",
19854915,added,2,2,"Runatex, оптовый шоурум | Ткани микс, торговая компания",
19856396,added,12,12,"Бережно и Нежно, центр психологии | Лемикс, юридический центр | Литера ПРО, агентство переводов",
19856432,added,3,3,"OZON | Горздрав, аптека №760 | Мосводосток",
19856820,added,1,1,27-й Центральный НИИ Министерства обороны РФ,
19859150,added,3,2,"Фонбет, букмекерская контора | Аквазона Фараон, сауна","Верный, супермаркет [floor]"
19859299,added,1,1,"Limeceramica, компания",
19859409,added,2,1,"UP TO YOU STUDIO, салон красоты","Равновесие, центр йоги и творчества [area]"
19859569,added,3,3,"АптекаГрад, аптека | ФОРТЕ, гомеопатическая аптека | Китайский ресторан",
19859669,added,1,1,"Фрагмент-3, салон-парикмахерская",
19864924,added,7,6,"OZON | Апрель, аптека | Школа английского языка","GoodYogaDay, студия йоги и растяжки [area]"
19866021,added,3,2,"Точка буккроссинга, г. Москва | Yes, сеть центров иностранных языков","Пушкин, салон красоты [area]"
19866064,added,2,1,"Евразия, буровая компания","Столички, аптека [floor]"
19866586,added,14,14,"Суши Лавка | Винлаб, супермаркет напитков | Apivas, магазин разливного пива",
19867625,added,1,1,"Wildberries, пункт выдачи товара",
19867766,added,3,3,"Ozon | ТопГир, автошкола | Студия краски и декоративной штукатурки",
19867781,added,1,1,"Wildberries, пункт выдачи товара",
19867868,added,3,3,"Ozon | ТопГир, автошкола | Студия краски и декоративной штукатурки",
19870658,added,7,6,"OZON | Апрель, аптека | Школа английского языка","GoodYogaDay, студия йоги и растяжки [area]"
19874597,added,5,5,"RASVERO, рекламное агентство | Центр драматургии и режиссуры, театр | MediaSniper, рекламное агентство",
19875454,added,14,13,Магазин одежды | Мастерская по ремонту тонометров и ингаляторов | Магазин бытовой химии,Мастерская по ремонту обуви и изготовлению ключей [area]
19875758,added,6,5,"Рюмка, алко-буфет | Мама Ро, комплекс апартаментов | Правило, оздоровительный центр","Аида, салон красоты [area]"
19876167,added,2,2,"Кинто, хинкальный дом | Айсберри, киоск по продаже мороженого",
19876924,added,1,1,"Здравсити, аптека",
19876928,added,1,1,"Здравсити, аптека",
19877446,added,19,16,"Первая клиника Измайлово доктора Бандуриной, медицинский центр | Супер Лента, супермаркет | Домохозяин, магазин","ITALLCLEAN, сеть итальянских химчисток [area] | Ателье-мастерская [area] | Енот, дом быта [area]"
19880244,added,2,2,"Wildberries, пункт выдачи интернет-заказов | L&g, мини-отель",
19881585,added,1,1,"Буханка, пекарня",
19881605,added,3,3,"Дорзнак МК, Компания | Stylish Amadeo, компания | ЭКОМАРКЕТ, служба доставки натуральных продуктов",
19881684,added,5,5,"OZON | Диалог, аптека | Красное&Белое, магазин",
19881716,added,2,2,"РолМастер, производственная компания | Счастливые люди, семейный клуб",
19881735,added,11,11,"Bon Lavash, кафе быстрого питания | Маман, пекарня | Магазин товаров для курения",
19885117,added,24,23,"Il Ricco, клубный дом | Имэджин груп, рекламное агентство | СберПервый, отдел по работе с ВИП-клиентами","Dance Elite, танцевально-спортивный центр [area]"
19885236,added,1,1,"Буханка, пекарня",
19887751,added,2,2,"Дорожная азбука, автошкола | Швейная мастерская",
19888223,added,9,9,"Лавруша, зоомагазин | Магазин игрушек | Ригла, аптека",
19889275,added,11,11,"Химчистка №1 | Медвет, ветеринарный центр | ВЦ МедВет",
19890661,added,1,1,"Lure, меховое ателье-бутик",
19890673,added,11,11,"Химчистка №1 | Медвет, ветеринарный центр | ВЦ МедВет",
19890685,added,11,11,"Химчистка №1 | Медвет, ветеринарный центр | ВЦ МедВет",
19891342,added,2,1,"Визит, стоматологический коворкинг","Fit4ever-fitness&ems, фитнес-студия [area]"
19891636,added,4,3,"Федеральное казначейство, Межрегиональное контрактное управление | Maria German Flowers, бутик цветов | INVITRO, медицинская компания",Воин [area]
19893926,added,1,1,"Гандзак, ресторан",
19894445,added,5,4,"Акрил Мастер, компания по изготовлению столешниц | Мирта, офис | Thaihome spa","Велья, салон красоты [area]"
19898006,added,3,3,"Ozon | ТопГир, автошкола | Студия краски и декоративной штукатурки",
19909887,added,3,3,"Теремок, детский развивающий центр | Пиксель, школа программирования для детей | Здравсити, аптека",
19912082,added,1,1,Ozon,
19912382,added,5,5,"Детская стоматологическая поликлиника №1 | МамаМай, кафе вьетнамской кухни | Барс-консалтинг, многофункциональный консультационный центр",
19914365,added,3,3,"Маро, мини-гостиница | Sofie, салон красоты | Натали, салон красоты",
19915279,added,3,3,"РЕСО-Гарантия, страховая компания | Коралайна Инжиниринг, представительство в г. Москве | СВ-Кадр, студия звукозаписи",
19915287,added,3,3,"РЕСО-Гарантия, страховая компания | Коралайна Инжиниринг, представительство в г. Москве | СВ-Кадр, студия звукозаписи",
19915325,added,3,3,"РЕСО-Гарантия, страховая компания | Коралайна Инжиниринг, представительство в г. Москве | СВ-Кадр, студия звукозаписи",
19917261,added,3,3,"РЕСО-Гарантия, страховая компания | Коралайна Инжиниринг, представительство в г. Москве | СВ-Кадр, студия звукозаписи",
19918306,added,2,2,"Реабилитационно-образовательный центр №76, дошкольный отдел | Департамент труда и социальной защиты населения г. Москвы, служба ранней помощи",
19918329,added,2,2,"Реабилитационно-образовательный центр №76, дошкольный отдел | Департамент труда и социальной защиты населения г. Москвы, служба ранней помощи",
19918344,added,2,2,"Реабилитационно-образовательный центр №76, дошкольный отдел | Департамент труда и социальной защиты населения г. Москвы, служба ранней помощи",
19920564,added,1,1,"Салон-5, парикмахерская",
19923008,added,2,2,"Арт-Эль, багетная мастерская | Интерстом, стоматологическая клиника",
19923881,added,3,3,"ДЕНТА ЛЮКС, стоматологический центр | Ozon | Wildberries, пункт выдачи товара",
19924824,added,2,1,"RBT Service, сервис по ремонту бытовой техники","Стиль волос, салон красоты [area]"
19925041,added,16,16,"Акваремонт | Московский совет архитектуры и инженерии | ТЕРРЕМ, торгово-производственная компания",
19925007,added,3,3,"Студия перманентного макияжа Климовой Татьяны | Beauty Time, салон красоты | Greenbe, магазин-кафе",
19925530,added,3,3,"Авито, пункт выдачи заказов | Яндекс Маркет, пункт выдачи товара | ШАРОБОТ, центр робототехники и программирования",
19926119,added,4,4,"Бегаева и партнеры, юридическое бюро | Огулов Центр | Health club, центр врачебной косметологии, красоты и СПА",
19927643,added,4,4,"Бегаева и партнеры, юридическое бюро | Огулов Центр | Health club, центр врачебной косметологии, красоты и СПА",
19933900,added,2,2,"Дикси, супермаркет | Самокат, служба доставки",
19937360,added,4,4,"Почта России, Отделение №129164 | Адвокат Калмыков В. В. | Miragrill, ресторан",
19938078,added,1,1,"6 соток, магазин товаров для сада",
19940325,added,4,4,"Мастерская по ремонту одежды и обуви | Сервисный центр по ремонту бытовой техники | Медведь, студия меха",
19943144,added,6,5,"Яндекс Лавка, служба доставки продуктов | Рокс, автосервис | OZON","Винлаб, супермаркет напитков [floor]"
19943590,added,1,1,Dragon Freight,
19945206,added,2,1,"Дикси, супермаркет","Самокат, служба доставки [area]"
19945600,added,5,4,"Дикси, супермаркет | Университетский, продуктовый магазин | Магазин по продаже фруктов и овощей","Ароматный мир, винный супермаркет [area]"
19945846,added,7,7,"Академия конъюнктуры промышленных рынков | ГРАС-92, торговая фирма | Рескрипт, торговая компания",
19946069,added,7,7,"Академия конъюнктуры промышленных рынков | ГРАС-92, торговая фирма | Рескрипт, торговая компания",
19947408,added,4,4,"Александра, мастерская красоты | Тринити, Офис | Wave, студия красоты",
19950537,added,1,1,"Протон, образовательный центр",
19953002,added,8,8,"Радуга звуков, центр хорошего слуха | Барбершоп | Прикосновение, бутик для взрослых",
19959307,added,3,3,"Лолита, ресторан | Точка буккроссинга | Бизнес-центр",
19959506,added,3,3,"Лолита, ресторан | Точка буккроссинга | Бизнес-центр",
19960697,added,6,5,"Art Tattoo, школа тату | Ваш ломбард | Model-357, лаборатория танцевальных искусств","Самокат, служба доставки [floor]"
19960743,added,15,14,"Точка цвета, фотолаборатория | Beauty Toria, бьюти-коворкинг | Кабинет косметолога","Объединение культурных и досуговых центров Центрального административного округа, спортивный центр [area]"
19962064,added,1,1,"Обивка 112, мастерская",
19962151,added,1,1,"Твэл, проектно-строительная компания",
19967611,added,3,3,"Medpro Beauty, клиника красоты и здоровья | Wildberries, пункт выдачи заказов | Вход, барбершоп",
19967729,added,2,2,"Новатор, кофейня | Нотариус Хальме И.Ю.",
19968744,added,2,2,"СТАРТ, учебный центр | Дент-Актив, стоматологическая клиника",
19968754,added,3,3,"Ozon | ТопГир, автошкола | Студия краски и декоративной штукатурки",
19968770,added,1,1,"Вай тай, салон тайского массажа и спа",
19968925,added,8,7,"OZON | Wildberries, пункт выдачи интернет-заказов | Апрель, аптека","GoodYogaDay, студия йоги и растяжки [area]"
19968989,added,2,2,"ТЕХНИЧЕСКОЕ СНАБЖЕНИЕ, компания | Панвет, ветеринарная клиника",
19968991,added,7,7,"Солнцево, адвокатский кабинет | Компания по изготовлению номерных знаков | Vesta, юридический центр",
19969959,added,3,2,"Wildberries, Пункт выдачи товара | Defiparis school, школа макияжа, бровей и причесок","КласТек, магазин мебельных и портьерных тканей [area]"
19970050,added,31,27,"КоинсМос, пункт продажи товаров для коллекционеров | Синергия, центр интеллекта | Golden Horse Hotel","ChessFirst, школа шахмат [area] | БМ-Банк, банк [area] | CREDIT AGRICOLE, корпоративный и инвестиционный банк [area]"
19970338,added,1,1,"Дошкольное отделение, школа ордена Трудового Красного Знамени им. героев Советского Союза Зои и Александра Космодемьянских",
19973072,no_valid_candidates,1,0,,"РЕСО-Гарантия, страховая компания [area]"
19974211,added,4,4,"OZON, Пункт выдачи товара | Lamoda, пункт выдачи товара | Яндекс Маркет, пункт выдачи товара",
19974550,added,14,10,"Тр-клуб, досуговый клуб | Freedom art studio | Портрет Маслом, арт-студия","Школа настольного тенниса, г. Москва [area] | Ydan, центр настольного тенниса и китайской гимнастики тайцзицюань [area] | Торюмонкай, союз клубов айкидо айкикай [area]"
19974586,added,9,9,"Авилек, аптека | Стоматология доктора Халидова | Окофе, кофейня",
19974634,added,9,9,"Авилек, аптека | Стоматология доктора Халидова | Окофе, кофейня",
19975628,added,7,7,"Академия конъюнктуры промышленных рынков | ГРАС-92, торговая фирма | Рескрипт, торговая компания",
19975737,added,4,4,"Атв, бизнес-центр | Росатом, техническая академия | Симметрия, медицинский центр лечения боли в спине и суставах",
19975890,added,9,9,"Авилек, аптека | Стоматология доктора Халидова | Окофе, кофейня",
19976789,added,9,9,"Авилек, аптека | Стоматология доктора Халидова | Окофе, кофейня",
19977097,added,1,1,Школа №2033,
19979692,added,8,7,"Verba lab, шоурум женской одежды и обуви | Цветы Любимой, цветочный салон | Центр гигиены и эпидемиологии в городе Москве в ТиНАО, лаборатория","Ароматный мир, винный супермаркет [floor]"
19979734,added,2,2,"Дикси, супермаркет | Самокат, служба доставки",
19981337,added,2,2,"Восток-Сервис, магазин функциональной одежды | Яндекс заправка, станция зарядки электромобилей",
19981511,added,7,3,"Art Tattoo, школа тату | Ваш ломбард | Бриллианты Москвы, салон-магазин ювелирных изделий","Model-357, лаборатория танцевальных искусств [area] | She dance space, танцевальная студия [area] | ФирмаЧи [area]"
19985826,added,3,1,"Серт-инфо, сертификационный центр","Ozon [area] | Яндекс Маркет, пункт выдачи интернет-заказов [area]"
19993312,added,1,1,"Дикси, супермаркет",
19993321,added,1,1,"Дикси, супермаркет",
19993774,added,6,6,"Florcat, служба доставки цветов | Мир, ателье | Ингосстрах, страховая компания",
