url,dataset,номер_лота,площадь_м²,начальная_цена_руб,цена_за_м2_calc,округ,этаж_кат,этажность,тип_входа,наличие_метро,время_до_метро,расстояние_до_центра,расстояние_до_центра_округа,latitude,longitude,итоговая_цена_руб,превышение_цены_%,участники,год_торгов,статус,log_площадь,log_цена_за_м2,этаж_группа,is_floor_floor_1,is_floor_basement,is_floor_other,is_floor_floor_3_plus,is_floor_floor_2,is_small_area,is_center,metro_zone,price_category,area_per_metro,price_density
https://investmoscow.ru/tenders/tender/19764313,completed,19764313.0,274.2,60314550.0,219965.53610503284,СВАО,1,14.0,Отдельный,1,21.0,11.571159234166675,3.190353340956209,55.8511635,37.6746256,117613372.5,95.0,11.0,2025.0,Завершено,5.617498106059188,12.301230705151324,floor_1,1,0,0,0,0,0,0,10+,expensive,12.463636363636365,2545256.244300174
https://investmoscow.ru/tenders/tender/19847691,completed,19847691.0,315.6,23693000.0,75072.87705956907,ЦАО,basement,8.0,Вход через места общего пользования,1,6.0,4.172970762743653,3.758866830767818,55.7891488,37.6277539,31985550.0,35.0,6.0,2025.0,Завершено,5.757639147446912,11.226227935158168,basement,0,1,0,0,0,0,1,5-10,medium,45.08571428571429,313276.92104463046
https://investmoscow.ru/tenders/tender/19778673,completed,19778673.0,94.2,29711000.0,315403.39702760085,ЦАО,1,8.0,Отдельный,1,0.0,4.172970762743653,3.758866830767818,55.7891488,37.6277539,43080950.0,45.0,2.0,2025.0,Завершено,4.55597994179732,12.661610894528676,floor_1,1,0,0,0,0,0,1,0-5,expensive,94.2,1316169.1542662068
https://investmoscow.ru/tenders/tender/19890661,completed,19890661.0,86.4,5600000.0,64814.81481481481,ЮЗАО,basement,5.0,Вход через места общего пользования,1,8.0,8.38089194471371,1.6244783161217344,55.679565,37.5796409,5040000.0,-10.0,5.0,2025.0,Завершено,4.470495282661489,11.079304908347776,basement,0,1,0,0,0,0,0,5-10,cheap,9.6,543205.9593795923
https://investmoscow.ru/tenders/tender/19816439,completed,19816439.0,86.4,5600000.0,64814.81481481481,ЮЗАО,basement,5.0,Вход через места общего пользования,1,8.0,8.38089194471371,1.6244783161217344,55.679565,37.5796409,,0.0,0.0,2025.0,Завершено,4.470495282661489,11.079304908347776,basement,0,1,0,0,0,0,0,5-10,cheap,9.6,543205.9593795923
https://investmoscow.ru/tenders/tender/19798087,completed,19798087.0,86.4,5600000.0,64814.81481481481,ЮЗАО,basement,5.0,Вход через места общего пользования,1,8.0,8.38089194471371,1.6244783161217344,55.679565,37.5796409,,0.0,0.0,2025.0,Завершено,4.470495282661489,11.079304908347776,basement,0,1,0,0,0,0,0,5-10,cheap,9.6,543205.9593795923
https://investmoscow.ru/tenders/tender/19778383,completed,19778383.0,86.4,5600000.0,64814.81481481481,ЮЗАО,basement,5.0,Вход через места общего пользования,1,8.0,8.38089194471371,1.6244783161217344,55.679565,37.5796409,,0.0,0.0,2025.0,Завершено,4.470495282661489,11.079304908347776,basement,0,1,0,0,0,0,0,5-10,cheap,9.6,543205.9593795923
https://investmoscow.ru/tenders/tender/19783247,completed,19783247.0,178.4,36647100.0,205420.9641255605,ЮЗАО,1,17.0,Вход через подъезд,1,0.0,13.568983951998788,3.8273411804219775,55.6406069,37.5280358,36647100.0,0.0,1.0,2025.0,Завершено,5.189617949624696,12.232821504184942,floor_1,1,0,0,0,0,0,0,0-5,expensive,178.4,2787353.7656238494
https://investmoscow.ru/tenders/tender/19864342,completed,19864342.0,150.7,12135600.0,80528.20172528202,СВАО,basement,5.0,Отдельный,1,18.0,9.004737998654512,1.3617404863149425,55.8291986,37.661796,,0.0,0.0,2025.0,Завершено,5.021904886354487,11.296375151978532,basement,0,1,0,0,0,0,0,10+,cheap,7.93157894736842,725135.3580389629
https://investmoscow.ru/tenders/tender/19859352,completed,19859352.0,131.3,9196000.0,70038.08073115002,СВАО,basement,7.0,Вход через места общего пользования,1,3.0,6.966903495251247,3.206812933089556,55.813745,37.5974763,,0.0,0.0,2025.0,Завершено,4.88507207112091,11.156808661401463,basement,0,1,0,0,0,0,0,0-5,cheap,32.825,487948.54944653815
https://investmoscow.ru/tenders/tender/19815757,completed,19815757.0,131.3,9196000.0,70038.08073115002,СВАО,basement,7.0,Вход через места общего пользования,1,3.0,6.966903495251247,3.206812933089556,55.813745,37.5974763,,0.0,0.0,2025.0,Завершено,4.88507207112091,11.156808661401463,basement,0,1,0,0,0,0,0,0-5,cheap,32.825,487948.54944653815
https://investmoscow.ru/tenders/tender/19732940,completed,19732940.0,126.1,9498600.0,75325.9318001586,ЮАО,basement,9.0,Вход через места общего пользования,1,1.0,5.392821629119156,5.704155085643386,55.7108341,37.6633487,,0.0,0.0,2025.0,Завершено,4.844974178195408,11.22959300987155,basement,0,1,0,0,0,0,0,0-5,cheap,63.05,406219.3142454498
https://investmoscow.ru/tenders/tender/19969065,completed,19969065.0,343.1,47622000.0,138799.18391139607,ЮАО,1,17.0,Отдельный,1,16.0,15.518256749669073,7.961704383483433,55.6432644,37.773643,,0.0,0.0,2026.0,Завершено,5.840932312803435,11.84079065206402,floor_1,1,0,0,0,0,0,0,10+,expensive,20.18235294117647,2153921.372581581
https://investmoscow.ru/tenders/tender/19916800,completed,19916800.0,343.1,47622000.0,138799.18391139607,ЮАО,1,17.0,Отдельный,1,16.0,15.518256749669073,7.961704383483433,55.6432644,37.773643,,0.0,0.0,2025.0,Завершено,5.840932312803435,11.84079065206402,floor_1,1,0,0,0,0,0,0,10+,expensive,20.18235294117647,2153921.372581581
https://investmoscow.ru/tenders/tender/19768163,completed,19768163.0,90.3,6311000.0,69889.25802879292,ВАО,basement,4.0,Отдельный,1,12.0,,,,,7099875.0,12.5,17.0,2025.0,Завершено,4.514150787600923,11.154681548391572,basement,0,1,0,0,0,0,0,10+,cheap,6.946153846153846,878828.9638206724
https://investmoscow.ru/tenders/tender/19761285,completed,19761285.0,181.5,8954000.0,49333.333333333336,ВАО,basement,4.0,Отдельный,1,12.0,,,,,7834750.0,-12.5,8.0,2025.0,Завершено,5.206750173022546,10.806375534142974,basement,0,1,0,0,0,0,0,10+,cheap,13.961538461538462,620346.5802611838
https://investmoscow.ru/tenders/tender/19736764,completed,19736764.0,181.5,8954000.0,49333.333333333336,ВАО,basement,4.0,Отдельный,1,12.0,,,,,,0.0,0.0,2025.0,Завершено,5.206750173022546,10.806375534142974,basement,0,1,0,0,0,0,0,10+,cheap,13.961538461538462,620346.5802611838
https://investmoscow.ru/tenders/tender/19729877,completed,19729877.0,90.3,6311000.0,69889.25802879292,ВАО,basement,4.0,Отдельный,1,12.0,,,,,,0.0,0.0,2025.0,Завершено,4.514150787600923,11.154681548391572,basement,0,1,0,0,0,0,0,10+,cheap,6.946153846153846,878828.9638206724
https://investmoscow.ru/tenders/tender/19728599,completed,19728599.0,147.7,17092000.0,115721.05619498984,Зеленоград,1,16.0,Вход через места общего пользования,1,1.0,36.6619228994357,2.5074808578128245,55.991971,37.214241,15382800.0,-10.0,10.0,2025.0,Завершено,5.001930853466109,11.658946527641074,floor_1,1,0,0,0,0,0,0,0-5,medium,73.85,4242556.440061984
https://investmoscow.ru/tenders/tender/19727108,completed,19727108.0,147.7,17092000.0,115721.05619498984,Зеленоград,1,16.0,Вход через места общего пользования,1,1.0,36.6619228994357,2.5074808578128245,55.991971,37.214241,,0.0,0.0,2025.0,Завершено,5.001930853466109,11.658946527641074,floor_1,1,0,0,0,0,0,0,0-5,medium,73.85,4242556.440061984
https://investmoscow.ru/tenders/tender/19765137,completed,19765137.0,84.6,6694000.0,79125.29550827424,ЦАО,basement,5.0,Отдельный,1,1.0,1.5659109870975836,1.3130336822725155,55.7619694,37.6352359,11045100.0,65.0,9.0,2025.0,Завершено,4.449685283147696,11.278800532244816,basement,0,1,0,0,0,0,1,0-5,cheap,42.3,123903.16959374971
https://investmoscow.ru/tenders/tender/19757424,completed,19757424.0,38.2,12057000.0,315628.2722513089,ЦАО,mezzanine,5.0,Вход через подъезд,1,4.0,1.5659109870975836,1.3130336822725155,55.7619694,37.6352359,17482650.0,45.0,2.0,2025.0,Завершено,3.6686767467964168,12.662323614765883,other,0,0,1,0,0,1,1,0-5,cheap,7.640000000000001,494245.779356952
https://investmoscow.ru/tenders/tender/19798601,completed,19798601.0,143.3,20307000.0,141709.69993021633,ВАО,1,15.0,Отдельный,1,0.0,19.684576588791508,13.73689344871139,55.7009065,37.9192519,20307000.0,0.0,1.0,2025.0,Завершено,4.971894465779825,11.861542933979791,floor_1,1,0,0,0,0,0,0,0-5,medium,143.3,2789495.4416510058
https://investmoscow.ru/tenders/tender/19799020,completed,19799020.0,111.0,10384000.0,93549.54954954956,САО,basement,10.0,Вход через места общего пользования,1,0.0,7.837498671570963,1.1355833018401276,55.8000721,37.525605,18691200.0,80.0,9.0,2025.0,Завершено,4.718498871295094,11.446257206078885,basement,0,1,0,0,0,0,0,0-5,cheap,111.0,733194.4703206567
https://investmoscow.ru/tenders/tender/19923881,completed,19923881.0,140.5,20977000.0,149302.49110320286,САО,1,14.0,Отдельный,1,39.0,18.296862941022503,11.56848142900329,55.9131797,37.5561463,20977000.0,0.0,1.0,2025.0,Завершено,4.952299717083292,11.913736366396586,floor_1,1,0,0,0,0,0,0,10+,medium,3.5125,2731767.2164685344
https://investmoscow.ru/tenders/tender/19727388,completed,19727388.0,149.2,21089000.0,141347.18498659518,ЗАО,1,4.0,Вход через места общего пользования,1,12.0,7.0035948939186286,3.624647111831509,55.7514831,37.5053891,18980100.0,-10.0,9.0,2025.0,Завершено,5.011967739330034,11.858981522477537,floor_1,1,0,0,0,0,0,0,10+,medium,11.476923076923075,989938.4230418898
https://investmoscow.ru/tenders/tender/19727394,completed,19727394.0,206.1,26112000.0,126695.7787481805,ЗАО,unknown,15.0,Отдельный,0,7.0,7.0035948939186286,3.624647111831509,55.7514831,37.5053891,,0.0,0.0,2025.0,Завершено,5.333201768401539,11.749551941741204,other,0,0,1,0,0,0,0,5-10,expensive,25.7625,887325.9091218013
https://investmoscow.ru/tenders/tender/19969955,completed,19969955.0,39.5,1907000.0,48278.48101265823,Зеленоград,basement,12.0,Вход через места общего пользования,1,316.0,36.6619228994357,2.5074808578128245,55.991971,37.214241,2383750.0,25.0,2.0,2026.0,Завершено,3.701301974112493,10.784761925623,basement,0,1,0,0,0,1,0,10+,cheap,0.1246056782334384,1769981.9485879466
https://investmoscow.ru/tenders/tender/19924985,completed,19924985.0,39.5,1907000.0,48278.48101265823,Зеленоград,basement,12.0,Вход через места общего пользования,1,316.0,36.6619228994357,2.5074808578128245,55.991971,37.214241,,0.0,0.0,2025.0,Завершено,3.701301974112493,10.784761925623,basement,0,1,0,0,0,1,0,10+,cheap,0.1246056782334384,1769981.9485879466
https://investmoscow.ru/tenders/tender/19853650,completed,19853650.0,228.8,9717000.0,42469.4055944056,Зеленоград,basement,12.0,Отдельный,1,0.0,36.6619228994357,2.5074808578128245,55.991971,37.214241,7773600.0,-20.0,5.0,2025.0,Завершено,5.437209365414655,10.656562773400768,basement,0,1,0,0,0,0,0,0-5,cheap,228.8,1557010.0734869614
https://investmoscow.ru/tenders/tender/19803412,completed,19803412.0,228.8,9717000.0,42469.4055944056,Зеленоград,basement,12.0,Отдельный,1,0.0,36.6619228994357,2.5074808578128245,55.991971,37.214241,,0.0,0.0,2025.0,Завершено,5.437209365414655,10.656562773400768,basement,0,1,0,0,0,0,0,0-5,cheap,228.8,1557010.0734869614
https://investmoscow.ru/tenders/tender/19780614,completed,19780614.0,228.8,9717000.0,42469.4055944056,Зеленоград,basement,12.0,Отдельный,1,0.0,36.6619228994357,2.5074808578128245,55.991971,37.214241,,0.0,0.0,2025.0,Завершено,5.437209365414655,10.656562773400768,basement,0,1,0,0,0,0,0,0-5,cheap,228.8,1557010.0734869614
https://investmoscow.ru/tenders/tender/19763356,completed,19763356.0,103.0,13891500.0,134868.93203883496,Зеленоград,1,12.0,Отдельный,1,1.0,36.6619228994357,2.5074808578128245,55.991971,37.214241,,0.0,0.0,2025.0,Завершено,4.6443908991413725,11.8120661266095,floor_1,1,0,0,0,0,0,0,0-5,medium,51.5,4944554.387937001
https://investmoscow.ru/tenders/tender/19726802,completed,19726802.0,103.0,13891500.0,134868.93203883496,Зеленоград,1,12.0,Отдельный,1,1.0,36.6619228994357,2.5074808578128245,55.991971,37.214241,,0.0,0.0,2025.0,Завершено,4.6443908991413725,11.8120661266095,floor_1,1,0,0,0,0,0,0,0-5,medium,51.5,4944554.387937001
https://investmoscow.ru/tenders/tender/19732135,completed,19732135.0,269.7,14074000.0,52183.90804597701,ВАО,basement,6.0,Отдельный,1,5.0,7.106986692663226,2.3711251957389328,55.7862176,37.71366,14074000.0,0.0,1.0,2025.0,Завершено,5.601011196620256,10.862548614174932,basement,0,1,0,0,0,0,0,0-5,medium,44.95,370870.3400539201
https://investmoscow.ru/tenders/tender/19732000,completed,19732000.0,532.4,42286000.0,79425.24417731029,ВАО,basement,6.0,Отдельный,1,5.0,7.106986692663226,2.3711251957389328,55.7862176,37.71366,42286000.0,0.0,1.0,2025.0,Завершено,6.279271611747914,11.282584123822206,basement,0,1,0,0,0,0,0,0-5,expensive,88.73333333333333,564474.1534296717
https://investmoscow.ru/tenders/tender/19947296,completed,19947296.0,1275.1,175837000.0,137900.556819073,ЮАО,1,5.0,Отдельный,1,5.0,5.725986273329115,4.975490832505432,55.7047581,37.6543151,,0.0,0.0,2026.0,Завершено,7.1515638307399305,11.83429535319608,floor_1,1,0,0,0,0,0,0,0-5,expensive,212.51666666666665,789616.6954304538
https://investmoscow.ru/tenders/tender/19887183,completed,19887183.0,1275.1,175837000.0,137900.556819073,ЮАО,1,5.0,Отдельный,1,5.0,5.725986273329115,4.975490832505432,55.7047581,37.6543151,,0.0,0.0,2025.0,Завершено,7.1515638307399305,11.83429535319608,floor_1,1,0,0,0,0,0,0,0-5,expensive,212.51666666666665,789616.6954304538
https://investmoscow.ru/tenders/tender/19886951,completed,19886951.0,333.1,51430000.0,154398.07865505852,ЮАО,4,5.0,Вход через места общего пользования,1,5.0,5.725986273329115,4.975490832505432,55.7047581,37.6543151,51430000.0,0.0,1.0,2025.0,Завершено,5.811440349362711,11.947295949295023,floor_3_plus,0,0,0,1,0,0,0,0-5,expensive,55.51666666666667,884081.279007254
https://investmoscow.ru/tenders/tender/19736715,completed,19736715.0,75.0,5326000.0,71013.33333333333,СВАО,basement,5.0,Вход через места общего пользования,1,15.0,9.076041460964417,1.470617691577,55.8295457,37.6635752,6124900.0,15.0,5.0,2025.0,Завершено,4.330733340286331,11.170637013583116,basement,0,1,0,0,0,0,0,10+,cheap,4.6875,644519.9576146198
https://investmoscow.ru/tenders/tender/19887751,completed,19887751.0,67.6,6544000.0,96804.73372781066,ЗАО,basement,5.0,Вход через места общего пользования,1,7.0,10.66915964939267,2.2959947293753062,55.7241618,37.4540265,8180000.0,25.0,2.0,2025.0,Завершено,4.22829253473184,11.480461504235796,basement,0,1,0,0,0,0,0,5-10,cheap,8.45,1032825.1589589592
https://investmoscow.ru/tenders/tender/19833406,completed,19833406.0,67.6,6544000.0,96804.73372781066,ЗАО,basement,5.0,Вход через места общего пользования,1,7.0,10.66915964939267,2.2959947293753062,55.7241618,37.4540265,,0.0,0.0,2025.0,Завершено,4.22829253473184,11.480461504235796,basement,0,1,0,0,0,0,0,5-10,cheap,8.45,1032825.1589589592
https://investmoscow.ru/tenders/tender/19762115,completed,19762115.0,220.4,33057000.0,149986.38838475497,ЮЗАО,1,17.0,Отдельный,1,1.0,24.44778802079125,14.74974512020538,55.5399141,37.5119305,33057000.0,0.0,1.0,2025.0,Завершено,5.399971020274537,11.91830649210872,floor_1,1,0,0,0,0,0,0,0-5,expensive,110.2,3666835.429234557
https://investmoscow.ru/tenders/tender/19830201,completed,19830201.0,64.4,12393000.0,192437.8881987577,САО,1,17.0,Отдельный,1,14.0,13.654161531587205,6.9012525739612816,55.870252,37.5572936,12393000.0,0.0,2.0,2025.0,Завершено,4.180522258463153,12.167533918405086,floor_1,1,0,0,0,0,0,0,10+,cheap,4.293333333333334,2627578.010263357
https://investmoscow.ru/tenders/tender/19920564,completed,19920564.0,59.5,5479250.0,92088.23529411764,САО,basement,9.0,Отдельный,1,0.0,8.793978649549894,2.0576506391941045,55.7987253,37.5038148,8766800.0,60.0,11.0,2025.0,Завершено,4.102643365036796,11.430513334783852,basement,0,1,0,0,0,0,0,0-5,cheap,59.5,809821.9750511975
https://investmoscow.ru/tenders/tender/19919895,completed,19919895.0,59.5,5039100.0,84690.75630252101,САО,basement,9.0,Отдельный,1,0.0,8.793978649549894,2.0576506391941045,55.7987253,37.5038148,,0.0,0.0,2025.0,Завершено,4.102643365036796,11.346773547715976,basement,0,1,0,0,0,0,0,0-5,cheap,59.5,744768.7027386029
https://investmoscow.ru/tenders/tender/19762304,completed,19762304.0,59.5,5039100.0,84690.75630252101,САО,basement,9.0,Отдельный,1,0.0,8.793978649549894,2.0576506391941045,55.7987253,37.5038148,9322335.0,85.0,14.0,2025.0,Завершено,4.102643365036796,11.346773547715976,basement,0,1,0,0,0,0,0,0-5,cheap,59.5,744768.7027386029
https://investmoscow.ru/tenders/tender/19999655,completed,19999655.0,38.9,8235000.0,211696.6580976864,ЮАО,1,24.0,Вход через подъезд,0,7.0,19.55417777802938,9.158075141752889,55.5805542,37.6894594,,0.0,0.0,2026.0,Завершено,3.686376323895818,12.262914394698454,floor_1,1,0,0,0,0,1,0,5-10,cheap,4.8625,4139554.087456863
https://investmoscow.ru/tenders/tender/19940311,completed,19940311.0,145.4,12878350.0,88571.87070151306,ЦАО,basement,5.0,Отдельный,1,0.0,3.6754540263194886,3.572487952213302,55.7627736,37.6731358,,0.0,0.0,2026.0,Завершено,4.986342601527212,11.391580889947264,basement,0,1,0,0,0,0,1,0-5,cheap,145.4,325541.8387885253
https://investmoscow.ru/tenders/tender/19879517,completed,19879517.0,145.4,12878350.0,88571.87070151306,ЦАО,basement,5.0,Отдельный,1,0.0,3.6754540263194886,3.572487952213302,55.7627736,37.6731358,,0.0,0.0,2025.0,Завершено,4.986342601527212,11.391580889947264,basement,0,1,0,0,0,0,1,0-5,cheap,145.4,325541.8387885253
https://investmoscow.ru/tenders/tender/19772923,completed,19772923.0,145.4,13166000.0,90550.20632737275,ЦАО,basement,5.0,Вход через места общего пользования,1,0.0,3.6754540263194886,3.572487952213302,55.7627736,37.6731358,,0.0,0.0,2025.0,Завершено,4.986342601527212,11.413670785446705,basement,0,1,0,0,0,0,1,0-5,medium,145.4,332813.12043000263
https://investmoscow.ru/tenders/tender/19800065,completed,19800065.0,128.3,20163000.0,157155.1052221356,ЮЗАО,1,17.0,Вход через места общего пользования,1,31.0,27.535663508719185,18.52540947703533,55.5042608,37.5947766,,0.0,0.0,2025.0,Завершено,4.862135285777812,11.964994891118783,floor_1,1,0,0,0,0,0,0,10+,medium,4.009375,4327370.096074083
https://investmoscow.ru/tenders/tender/19761291,completed,19761291.0,73.8,11732000.0,158970.18970189703,ЮЗАО,1,17.0,Вход через места общего пользования,1,0.0,27.535663508719185,18.52540947703533,55.5042608,37.5947766,,0.0,0.0,2025.0,Завершено,4.314817884980432,11.976478267940822,floor_1,1,0,0,0,0,0,0,0-5,cheap,73.8,4377349.651548693
https://investmoscow.ru/tenders/tender/19779688,completed,19779688.0,98.5,17872000.0,181441.62436548225,СВАО,2,15.0,Вход через места общего пользования,1,0.0,7.822710075747496,3.2920408714938216,55.820734,37.5898382,19659200.0,10.0,4.0,2025.0,Завершено,4.600157644164547,12.108694763512393,floor_2,0,0,0,0,1,0,0,0-5,medium,98.5,1419365.2230838505
https://investmoscow.ru/tenders/tender/19734289,completed,19734289.0,347.1,14132000.0,40714.49150100835,САО,basement,5.0,Отдельный,1,1.0,10.955145496655442,3.313880453190446,55.8396123,37.5367575,16251800.0,15.0,2.0,2025.0,Завершено,5.8524897948173935,10.614363925571174,basement,0,1,0,0,0,0,0,0-5,medium,173.55,446033.1782158879
https://investmoscow.ru/tenders/tender/19744671,completed,19744671.0,25.5,8942000.0,350666.6666666667,ЦАО,4,4.0,Вход через места общего пользования,1,1.0,0.8875495840671082,0.6397217608826624,55.7580963,37.6266937,14307200.0,60.0,10.0,2025.0,Завершено,3.277144732992177,12.767594235318644,floor_3_plus,0,0,0,1,0,1,1,0-5,cheap,12.75,311234.05414619925
https://investmoscow.ru/tenders/tender/19744697,completed,19744697.0,12.2,4471000.0,366475.4098360656,ЦАО,4,4.0,Вход через места общего пользования,1,1.0,0.8875495840671082,0.6397217608826624,55.7580963,37.6266937,6482950.0,45.0,6.0,2025.0,Завершено,2.580216829592325,12.811689432169224,floor_3_plus,0,0,0,1,0,1,1,0-5,cheap,6.1,325265.09757082304
https://investmoscow.ru/tenders/tender/19744639,completed,19744639.0,13.6,5079000.0,373455.8823529412,ЦАО,4,4.0,Вход через места общего пользования,1,1.0,0.8875495840671082,0.6397217608826624,55.7580963,37.6266937,8380350.0,65.0,9.0,2025.0,Завершено,2.681021528714291,12.83055783473025,floor_3_plus,0,0,0,1,0,1,1,0-5,cheap,6.8,331460.61304976785
https://investmoscow.ru/tenders/tender/19744711,completed,19744711.0,15.7,5854000.0,372866.24203821656,ЦАО,4,4.0,Вход через места общего пользования,1,1.0,0.8875495840671082,0.6397217608826624,55.7580963,37.6266937,8195600.0,40.0,7.0,2025.0,Завершено,2.815408719422709,12.828977715802996,floor_3_plus,0,0,0,1,0,1,1,0-5,cheap,7.85,330937.2780336848
https://investmoscow.ru/tenders/tender/19744660,completed,19744660.0,15.8,5901000.0,373481.0126582278,ЦАО,4,4.0,Вход через места общего пользования,1,1.0,0.8875495840671082,0.6397217608826624,55.7580963,37.6266937,10326750.0,75.0,11.0,2025.0,Завершено,2.8213788864092133,12.830625123515086,floor_3_plus,0,0,0,1,0,1,1,0-5,cheap,7.9,331482.9174417725
https://investmoscow.ru/tenders/tender/19727303,completed,19727303.0,265.4,62400000.0,235116.80482290883,ЦАО,other,4.0,Вход через подъезд,1,1.0,0.8875495840671082,0.6397217608826624,55.7580963,37.6266937,45240000.0,-27.5,3.0,2025.0,Завершено,5.584998938666234,12.367841964637632,other,0,0,1,0,0,0,1,0-5,expensive,132.7,208677.8223277602
https://investmoscow.ru/tenders/tender/19781909,completed,19781909.0,19.6,5430000.0,277040.8163265306,САО,1,15.0,Отдельный,1,0.0,8.983622138385464,1.6181994820002614,55.8035927,37.506697,9231000.0,70.0,8.0,2025.0,Завершено,3.025291075795536,12.53192373524356,floor_1,1,0,0,0,0,1,0,0-5,cheap,19.6,2488830.0107874013
https://investmoscow.ru/tenders/tender/19927244,completed,19927244.0,81.2,7832000.0,96453.20197044336,ЮЗАО,other,16.0,Отдельный,1,5.0,,,,,9398400.0,20.0,2.0,2026.0,Завершено,4.409155302062135,11.476823583693273,other,0,0,1,0,0,0,0,0-5,cheap,13.533333333333331,1212859.7431947123
https://investmoscow.ru/tenders/tender/19850424,completed,19850424.0,254.6,35723000.0,140310.29065200314,ВАО,1,12.0,Вход через места общего пользования,1,0.0,13.362807541063122,5.831650860454293,55.7541978,37.8313783,26792250.0,-25.0,8.0,2025.0,Завершено,5.54361372250338,11.851618737920342,floor_1,1,0,0,0,0,0,0,0-5,expensive,254.6,1874939.410013346
https://investmoscow.ru/tenders/tender/19789941,completed,19789941.0,254.6,35723000.0,140310.29065200314,ВАО,1,12.0,Вход через места общего пользования,1,0.0,13.362807541063122,5.831650860454293,55.7541978,37.8313783,,0.0,0.0,2025.0,Завершено,5.54361372250338,11.851618737920342,floor_1,1,0,0,0,0,0,0,0-5,expensive,254.6,1874939.410013346
https://investmoscow.ru/tenders/tender/19773158,completed,19773158.0,13.6,1453000.0,106838.23529411764,САО,1,14.0,Вход через места общего пользования,1,0.0,15.179835089820552,7.337239005158342,55.875382,37.5126944,2542750.0,75.0,6.0,2025.0,Завершено,2.681021528714291,11.57908050971155,floor_1,1,0,0,0,0,1,0,0-5,cheap,13.6,1621786.793052151
https://investmoscow.ru/tenders/tender/19803831,completed,19803831.0,111.0,15682000.0,141279.2792792793,ВАО,basement,10.0,Вход через места общего пользования,1,0.0,8.54992556856185,0.6585998534697928,55.7839129,37.7420689,15682000.0,0.0,3.0,2025.0,Завершено,4.718498871295094,11.858500992614424,basement,0,1,0,0,0,0,0,0-5,medium,111.0,1207927.3222179003
https://investmoscow.ru/tenders/tender/19780616,completed,19780616.0,111.0,15682000.0,141279.2792792793,ВАО,basement,10.0,Вход через места общего пользования,1,0.0,8.54992556856185,0.6585998534697928,55.7839129,37.7420689,,0.0,0.0,2025.0,Завершено,4.718498871295094,11.858500992614424,basement,0,1,0,0,0,0,0,0-5,medium,111.0,1207927.3222179003
https://investmoscow.ru/tenders/tender/19973506,completed,19973506.0,198.7,10618000.0,53437.34272773025,ЮЗАО,basement,8.0,Вход через места общего пользования,1,16.0,9.849415279473758,2.5969697553792503,55.6808621,37.5232565,12741600.0,20.0,5.0,2026.0,Завершено,5.296816240421769,10.886283795898256,basement,0,1,0,0,0,0,0,10+,cheap,11.688235294117646,526326.5799569822
https://investmoscow.ru/tenders/tender/19752474,completed,19752474.0,74.4,9885000.0,132862.90322580645,ЗАО,1,2.0,Вход через подъезд,1,1.0,12.432426517398746,10.75216592004651,55.8145192,37.45237,9885000.0,0.0,2.0,2025.0,Завершено,4.32280727501391,11.79708059927487,floor_1,1,0,0,0,0,0,0,0-5,cheap,37.2,1651808.2812430996
https://investmoscow.ru/tenders/tender/19973951,completed,19973951.0,360.0,49473000.0,137425.0,НАО,1,14.0,Отдельный,1,112.0,,,,,,0.0,0.0,2026.0,Завершено,5.8888779583328805,11.830840869398768,floor_1,1,0,0,0,0,0,0,10+,expensive,3.185840707964602,1728063.4214674293
https://investmoscow.ru/tenders/tender/19820082,completed,19820082.0,270.1,43835000.0,162291.7437985931,ЦАО,1,10.0,Отдельный,1,7.0,4.9631542258847965,4.773455091164424,55.7747288,37.6859204,48218500.0,10.0,4.0,2025.0,Завершено,5.60248775650462,11.99715704393017,floor_1,1,0,0,0,0,0,1,5-10,expensive,33.7625,805478.9540602
https://investmoscow.ru/tenders/tender/19805617,completed,19805617.0,270.1,43835000.0,162291.7437985931,ЦАО,1,10.0,Отдельный,1,7.0,4.9631542258847965,4.773455091164424,55.7747288,37.6859204,,0.0,0.0,2025.0,Завершено,5.60248775650462,11.99715704393017,floor_1,1,0,0,0,0,0,1,5-10,expensive,33.7625,805478.9540602
https://investmoscow.ru/tenders/tender/19768146,completed,19768146.0,193.8,29552000.0,152487.10010319916,ВАО,1,5.0,Отдельный,1,16.0,10.108880597576904,5.0927427695260565,55.8226028,37.7197172,17731200.0,-40.0,7.0,2025.0,Завершено,5.271973391208435,11.934841839874773,floor_1,1,0,0,0,0,0,0,10+,expensive,11.4,1541473.887613997
https://investmoscow.ru/tenders/tender/19729842,completed,19729842.0,193.8,29552000.0,152487.10010319916,ВАО,1,5.0,Отдельный,1,16.0,10.108880597576904,5.0927427695260565,55.8226028,37.7197172,,0.0,0.0,2025.0,Завершено,5.271973391208435,11.934841839874773,floor_1,1,0,0,0,0,0,0,10+,expensive,11.4,1541473.887613997
https://investmoscow.ru/tenders/tender/19761979,completed,19761979.0,197.5,31766000.0,160840.50632911394,ЦАО,basement,5.0,Вход через места общего пользования,1,0.0,1.848101191757892,1.5257049278542072,55.7657915,37.6340741,,0.0,0.0,2025.0,Завершено,5.290789100127245,11.988174726356029,basement,0,1,0,0,0,0,1,0-5,expensive,197.5,297249.53142977826
https://investmoscow.ru/tenders/tender/19787194,completed,19787194.0,150.2,8572000.0,57070.5725699068,ЮЗАО,basement,8.0,Вход через подъезд,1,10.0,10.16459140848843,2.219304473927581,55.6761708,37.5262783,7071900.0,-17.5,5.0,2025.0,Завершено,5.018603463745433,10.952061418257248,basement,0,1,0,0,0,0,0,5-10,cheap,13.654545454545454,580099.0516215902
https://investmoscow.ru/tenders/tender/19743606,completed,19743606.0,150.2,8572000.0,57070.5725699068,ЮЗАО,basement,8.0,Вход через подъезд,1,10.0,10.16459140848843,2.219304473927581,55.6761708,37.5262783,,0.0,0.0,2025.0,Завершено,5.018603463745433,10.952061418257248,basement,0,1,0,0,0,0,0,5-10,cheap,13.654545454545454,580099.0516215902
https://investmoscow.ru/tenders/tender/19962991,completed,19962991.0,103.1,7416250.0,71932.5897187197,ВАО,basement,5.0,Отдельный,1,0.0,10.106681652930687,3.1134386693542893,55.7571902,37.7790263,,0.0,0.0,2026.0,Завершено,4.645351975620923,11.183498607340049,basement,0,1,0,0,0,0,0,0-5,cheap,103.1,726999.7847579749
https://investmoscow.ru/tenders/tender/19797627,completed,19797627.0,103.1,8223000.0,79757.51697381184,ВАО,basement,5.0,Отдельный,1,0.0,10.106681652930687,3.1134386693542893,55.7571902,37.7790263,8223000.0,0.0,1.0,2025.0,Завершено,4.645351975620923,11.28675881085468,basement,0,1,0,0,0,0,0,0-5,cheap,103.1,806083.8334825321
https://investmoscow.ru/tenders/tender/19799794,completed,19799794.0,214.0,31252000.0,146037.3831775701,ЮЗАО,1,10.0,Отдельный,1,13.0,20.28666289864684,11.262250282193223,55.5699157,37.5895442,,0.0,0.0,2025.0,Завершено,5.3706380281276624,11.891624764615232,floor_1,1,0,0,0,0,0,0,10+,expensive,15.285714285714286,2962611.163123884
https://investmoscow.ru/tenders/tender/19778378,completed,19778378.0,214.0,31252000.0,146037.3831775701,ЮЗАО,1,10.0,Отдельный,1,13.0,20.28666289864684,11.262250282193223,55.5699157,37.5895442,,0.0,0.0,2025.0,Завершено,5.3706380281276624,11.891624764615232,floor_1,1,0,0,0,0,0,0,10+,expensive,15.285714285714286,2962611.163123884
https://investmoscow.ru/tenders/tender/19727861,completed,19727861.0,156.7,7029000.0,44856.41352903638,ВАО,basement,5.0,Вход через места общего пользования,1,5.0,9.432746549728916,5.596169156478359,55.7301526,37.7634254,4393125.0,-37.5,2.0,2025.0,Завершено,5.060694493968993,10.71124414990367,basement,0,1,0,0,0,0,0,0-5,cheap,26.116666666666664,423119.1799492314
https://investmoscow.ru/tenders/tender/19889114,completed,19889114.0,282.1,18151000.0,64342.4317617866,САО,basement,10.0,Отдельный,1,0.0,9.642680191413149,1.871007331213549,55.8084264,37.500135,12705700.0,-30.0,3.0,2025.0,Завершено,5.6458001921178536,11.071990137290816,basement,0,1,0,0,0,0,0,0-5,medium,282.1,620433.4922167319
https://investmoscow.ru/tenders/tender/19815277,completed,19815277.0,282.1,18151000.0,64342.4317617866,САО,basement,10.0,Отдельный,1,0.0,9.642680191413149,1.871007331213549,55.8084264,37.500135,,0.0,0.0,2025.0,Завершено,5.6458001921178536,11.071990137290816,basement,0,1,0,0,0,0,0,0-5,medium,282.1,620433.4922167319
https://investmoscow.ru/tenders/tender/19799782,completed,19799782.0,282.1,18151000.0,64342.4317617866,САО,basement,10.0,Отдельный,1,0.0,9.642680191413149,1.871007331213549,55.8084264,37.500135,,0.0,0.0,2025.0,Завершено,5.6458001921178536,11.071990137290816,basement,0,1,0,0,0,0,0,0-5,medium,282.1,620433.4922167319
https://investmoscow.ru/tenders/tender/19934193,completed,19934193.0,683.6,89104000.0,130345.2311293154,ЗАО,basement,22.0,Отдельный,1,6.0,,,,,,0.0,0.0,2026.0,Завершено,6.528834726096085,11.77794950547464,basement,0,1,0,0,0,0,0,5-10,expensive,97.65714285714286,1639038.2104950894
https://investmoscow.ru/tenders/tender/19771997,completed,19771997.0,683.6,90899000.0,132971.03569338794,ЗАО,basement,22.0,Отдельный,1,6.0,,,,,,0.0,0.0,2025.0,Завершено,6.528834726096085,11.79789412715214,basement,0,1,0,0,0,0,0,5-10,expensive,97.65714285714286,1672056.6337739397
https://investmoscow.ru/tenders/tender/19750297,completed,19750297.0,683.6,90899000.0,132971.03569338794,ЗАО,basement,22.0,Отдельный,1,6.0,,,,,,0.0,0.0,2025.0,Завершено,6.528834726096085,11.79789412715214,basement,0,1,0,0,0,0,0,5-10,expensive,97.65714285714286,1672056.6337739397
https://investmoscow.ru/tenders/tender/19741395,completed,19741395.0,683.6,90899000.0,132971.03569338794,ЗАО,basement,22.0,Отдельный,1,6.0,,,,,,0.0,0.0,2025.0,Завершено,6.528834726096085,11.79789412715214,basement,0,1,0,0,0,0,0,5-10,expensive,97.65714285714286,1672056.6337739397
https://investmoscow.ru/tenders/tender/19816366,completed,19816366.0,87.5,15919000.0,181931.4285714285,ВАО,1,10.0,Вход через места общего пользования,1,1.0,7.465850534306709,3.1576161613626472,55.795897,37.7080516,25470400.0,60.0,19.0,2025.0,Завершено,4.483002552013883,12.111390625535016,floor_1,1,0,0,0,0,0,0,0-5,medium,43.75,1358272.8532071826
https://investmoscow.ru/tenders/tender/19785083,completed,19785083.0,87.5,15919000.0,181931.4285714285,ВАО,1,10.0,Вход через места общего пользования,1,1.0,7.465850534306709,3.1576161613626472,55.795897,37.7080516,,0.0,0.0,2025.0,Завершено,4.483002552013883,12.111390625535016,floor_1,1,0,0,0,0,0,0,0-5,medium,43.75,1358272.8532071826
https://investmoscow.ru/tenders/tender/19762521,completed,19762521.0,87.5,15919000.0,181931.4285714285,ВАО,1,10.0,Вход через места общего пользования,1,1.0,7.465850534306709,3.1576161613626472,55.795897,37.7080516,,0.0,0.0,2025.0,Завершено,4.483002552013883,12.111390625535016,floor_1,1,0,0,0,0,0,0,0-5,medium,43.75,1358272.8532071826
https://investmoscow.ru/tenders/tender/19732053,completed,19732053.0,260.7,29844000.0,114476.40966628309,ЮЗАО,2,22.0,Вход через подъезд,1,10.0,20.399987562374545,11.390977382642028,55.5688406,37.5906063,29844000.0,0.0,3.0,2025.0,Завершено,5.5671988095361,11.648132787020138,floor_2,0,0,0,0,1,0,0,5-10,expensive,23.7,2335317.333377468
https://investmoscow.ru/tenders/tender/20000600,completed,20000600.0,107.3,7663000.0,71416.5890027959,ВАО,basement,5.0,Отдельный,1,12.0,6.386137084726522,2.5011331094701124,55.7687133,37.7153216,,0.0,0.0,2026.0,Завершено,4.684905154006945,11.176299462566806,basement,0,1,0,0,0,0,0,10+,cheap,8.253846153846153,456076.1274954272
https://investmoscow.ru/tenders/tender/19788741,completed,19788741.0,69.8,4790000.0,68624.64183381089,ЮАО,basement,8.0,Вход через места общего пользования,1,0.0,10.026474519799516,1.871268402350844,55.6616848,37.6202645,7185000.0,50.0,12.0,2025.0,Завершено,4.259859000699674,11.136421531537652,basement,0,1,0,0,0,0,0,0-5,cheap,69.8,688063.2227770728
https://investmoscow.ru/tenders/tender/19766221,completed,19766221.0,209.6,20269000.0,96703.24427480916,ЗАО,basement,5.0,Вход через места общего пользования,1,0.0,9.61500976836515,8.74380868701625,55.7987645,37.4879393,,0.0,0.0,2025.0,Завершено,5.349960599699875,11.479412571634445,basement,0,1,0,0,0,0,0,0-5,medium,209.6,929802.6383348912
https://investmoscow.ru/tenders/tender/19772944,completed,19772944.0,72.7,10090000.0,138789.54607977992,ВАО,2,5.0,Вход через места общего пользования,1,13.0,6.950109982716427,3.686778212444744,55.7954092,37.6976797,12108000.0,20.0,3.0,2025.0,Завершено,4.300002799195291,11.84072121291798,floor_2,0,0,0,0,1,0,0,10+,cheap,5.192857142857143,964602.60970576
https://investmoscow.ru/tenders/tender/19742667,completed,19742667.0,72.7,10090000.0,138789.54607977992,ВАО,2,5.0,Вход через места общего пользования,1,13.0,6.950109982716427,3.686778212444744,55.7954092,37.6976797,,0.0,0.0,2025.0,Завершено,4.300002799195291,11.84072121291798,floor_2,0,0,0,0,1,0,0,10+,cheap,5.192857142857143,964602.60970576
https://investmoscow.ru/tenders/tender/19720850,completed,19720850.0,166.2,23909000.0,143856.79903730447,ВАО,4,5.0,Вход через подъезд,1,13.0,6.950109982716427,3.686778212444744,55.7954092,37.6976797,,0.0,0.0,2025.0,Завершено,5.119190700650601,11.876580583966792,floor_3_plus,0,0,0,1,0,0,0,10+,medium,11.87142857142857,999820.5750708008
https://investmoscow.ru/tenders/tender/19996483,completed,19996483.0,274.6,75665000.0,275546.2490895848,ЦАО,1,14.0,Отдельный,1,7.0,4.303499078621619,4.572284080851684,55.7293305,37.6733872,,0.0,0.0,2026.0,Завершено,5.618950539139504,12.526514395917635,floor_1,1,0,0,0,0,0,1,5-10,expensive,34.325,1185813.0290746712
https://investmoscow.ru/tenders/tender/19996479,completed,19996479.0,470.0,124252000.0,264365.9574468085,ЦАО,1,14.0,Отдельный,1,7.0,4.303499078621619,4.572284080851684,55.7293305,37.6733872,,0.0,0.0,2026.0,Завершено,6.154858094016418,12.485093407314972,floor_1,1,0,0,0,0,0,1,5-10,expensive,58.75,1137698.6542912626
https://investmoscow.ru/tenders/tender/19996485,completed,19996485.0,650.1,157636000.0,242479.61852022764,ЦАО,1,14.0,Отдельный,1,7.0,4.303499078621619,4.572284080851684,55.7293305,37.6733872,,0.0,0.0,2026.0,Завершено,6.478663240242817,12.398677062537685,floor_1,1,0,0,0,0,0,1,5-10,expensive,81.2625,1043510.8148863212
https://investmoscow.ru/tenders/tender/19536774,completed,19536774.0,129.6,30581200.0,235966.04938271607,САО,1,17.0,Отдельный,1,22.0,13.92296046920108,7.031556578781816,55.8720352,37.5528256,,0.0,0.0,2025.0,Завершено,4.8721392168423305,12.371447453000114,floor_1,1,0,0,0,0,0,0,10+,expensive,5.634782608695652,3285345.9776291056
https://investmoscow.ru/tenders/tender/19778617,completed,19778617.0,72.8,8244000.0,113241.75824175825,ЦАО,basement,9.0,Отдельный,1,0.0,2.670055854570624,2.9474137809631835,55.7378288,37.6520378,15663600.0,90.0,16.0,2025.0,Завершено,4.301358731606427,11.637289096415582,basement,0,1,0,0,0,0,1,0-5,cheap,72.8,302361.81957527786
https://investmoscow.ru/tenders/tender/19667778,completed,19667778.0,135.8,27303800.0,201058.91016200293,САО,1,17.0,Отдельный,1,38.0,15.750652090564076,7.88599801128622,55.8800418,37.5088284,27303800.0,0.0,1.0,2025.0,Завершено,4.918520005188451,12.21135820313748,floor_1,1,0,0,0,0,0,0,10+,expensive,3.4820512820512826,3166808.943669686
https://investmoscow.ru/tenders/tender/19667754,completed,19667754.0,169.3,33007800.0,194966.3319551093,САО,1,17.0,Отдельный,1,38.0,15.750652090564076,7.88599801128622,55.8800418,37.5088284,,0.0,0.0,2025.0,Завершено,5.1375615876686425,12.18058729507609,floor_1,1,0,0,0,0,0,0,10+,expensive,4.341025641025642,3070846.863998352
https://investmoscow.ru/tenders/tender/19667752,completed,19667752.0,217.5,40844200.0,187789.4252873563,САО,1,18.0,Отдельный,1,38.0,15.750652090564076,7.88599801128622,55.8800418,37.5088284,,0.0,0.0,2025.0,Завершено,5.3867860145356445,12.14308186089619,floor_1,1,0,0,0,0,0,0,10+,expensive,5.576923076923077,2957805.903988125
https://investmoscow.ru/tenders/tender/19667741,completed,19667741.0,199.1,38009100.0,190904.570567554,САО,1,18.0,Отдельный,1,38.0,15.750652090564076,7.88599801128622,55.8800418,37.5088284,,0.0,0.0,2025.0,Завершено,5.298817241589688,12.159534189841024,floor_1,1,0,0,0,0,0,0,10+,expensive,5.105128205128205,3006871.473508082
https://investmoscow.ru/tenders/tender/19667736,completed,19667736.0,225.1,42271500.0,187789.87116836963,САО,1,18.0,Отдельный,1,38.0,15.750652090564076,7.88599801128622,55.8800418,37.5088284,,0.0,0.0,2025.0,Завершено,5.420977379283924,12.143084235247724,floor_1,1,0,0,0,0,0,0,10+,expensive,5.771794871794872,2957812.9269048395
https://investmoscow.ru/tenders/tender/19993855,completed,19993855.0,7.8,1945800.0,249461.53846153847,ЦАО,basement,5.0,Вход через места общего пользования,1,0.0,2.800133808464988,2.579104582484619,55.7671851,37.6532942,1945800.0,0.0,3.0,2026.0,Завершено,2.174751721484161,12.427064036453864,basement,0,1,0,0,0,1,1,0-5,cheap,7.8,698525.6877578428
https://investmoscow.ru/tenders/tender/19943387,completed,19943387.0,7.8,1945800.0,249461.53846153847,ЦАО,basement,5.0,Вход через места общего пользования,1,0.0,2.800133808464988,2.579104582484619,55.7671851,37.6532942,,0.0,0.0,2026.0,Завершено,2.174751721484161,12.427064036453864,basement,0,1,0,0,0,1,1,0-5,cheap,7.8,698525.6877578428
https://investmoscow.ru/tenders/tender/19800047,completed,19800047.0,7.8,2249000.0,288333.3333333333,ЦАО,basement,5.0,Отдельный,1,0.0,2.800133808464988,2.579104582484619,55.7671851,37.6532942,,0.0,0.0,2025.0,Завершено,2.174751721484161,12.571875965447983,basement,0,1,0,0,0,1,1,0-5,cheap,7.8,807371.9147740715
https://investmoscow.ru/tenders/tender/19923794,completed,19923794.0,108.0,8277000.0,76638.88888888889,ВАО,basement,5.0,Вход через места общего пользования,1,7.0,5.3601997319808,8.918949421644575,55.7136026,37.6695355,14070900.0,70.0,8.0,2025.0,Завершено,4.691347882229144,11.246872962864058,basement,0,1,0,0,0,0,0,5-10,cheap,13.5,410799.7516815286
https://investmoscow.ru/tenders/tender/19731253,completed,19731253.0,76.0,9351000.0,123039.47368421052,ВАО,1,17.0,Отдельный,1,1.0,19.49019751536645,13.516852527790862,55.7023162,37.9167514,17299350.0,85.0,15.0,2025.0,Завершено,4.343805421853684,11.720268634571225,floor_1,1,0,0,0,0,0,0,0-5,cheap,38.0,2398063.644291996
https://investmoscow.ru/tenders/tender/19962151,completed,19962151.0,100.2,7060000.0,70459.08183632734,СВАО,basement,15.0,Вход через места общего пользования,1,18.0,7.687594367194163,1.9466057730280444,55.8168563,37.660671,8825000.0,25.0,14.0,2026.0,Завершено,4.617098756853365,11.162801613352508,basement,0,1,0,0,0,0,0,10+,cheap,5.273684210526316,541660.8406426227
https://investmoscow.ru/tenders/tender/19864832,completed,19864832.0,100.2,7060000.0,70459.08183632734,СВАО,basement,15.0,Вход через места общего пользования,1,18.0,7.687594367194163,1.9466057730280444,55.8168563,37.660671,,0.0,0.0,2025.0,Завершено,4.617098756853365,11.162801613352508,basement,0,1,0,0,0,0,0,10+,cheap,5.273684210526316,541660.8406426227
https://investmoscow.ru/tenders/tender/19920371,completed,19920371.0,51.9,4311000.0,83063.5838150289,ЮЗАО,1,8.0,Вход через места общего пользования,1,0.0,6.73242269631082,3.272944865623807,55.6994073,37.5638172,12286350.0,185.0,9.0,2025.0,Завершено,3.968403338864253,11.327373702455038,floor_1,1,0,0,0,0,0,0,0-5,cheap,51.9,559219.1569132167
https://investmoscow.ru/tenders/tender/19762439,completed,19762439.0,51.9,18700000.0,360308.2851637765,ЮЗАО,1,8.0,Вход через места общего пользования,1,0.0,6.73242269631082,3.272944865623807,55.6994073,37.5638172,,0.0,0.0,2025.0,Завершено,3.968403338864253,12.79471806705019,floor_1,1,0,0,0,0,0,0,0-5,medium,51.9,2425747.67670544
https://investmoscow.ru/tenders/tender/19767136,completed,19767136.0,138.3,5464000.0,39508.31525668836,ВАО,basement,4.0,Отдельный,1,1.0,1072.732075528597,1080.5065578831611,54.8097336,20.5268522,4644400.0,-15.0,3.0,2025.0,Завершено,4.93662988078576,10.584291752369108,basement,0,1,0,0,0,0,0,0-5,cheap,69.15,42381837.02594544
https://investmoscow.ru/tenders/tender/19731097,completed,19731097.0,138.3,5464000.0,39508.31525668836,ВАО,basement,4.0,Отдельный,1,1.0,1072.732075528597,1080.5065578831611,54.8097336,20.5268522,,0.0,0.0,2025.0,Завершено,4.93662988078576,10.584291752369108,basement,0,1,0,0,0,0,0,0-5,cheap,69.15,42381837.02594544
https://investmoscow.ru/tenders/tender/19855428,completed,19855428.0,326.6,50972000.0,156068.58542559706,СВАО,1,5.0,Отдельный,1,12.0,5.997716200530251,3.209329124525309,55.8059274,37.6114867,58617800.0,15.0,3.0,2025.0,Завершено,5.791793351978915,11.958057247196791,floor_1,1,0,0,0,0,0,0,10+,expensive,25.12307692307693,936055.0832009428
https://investmoscow.ru/tenders/tender/19667551,completed,19667551.0,127.3,23938400.0,188047.1327572663,САО,1,17.0,Отдельный,1,37.0,15.750652090564076,7.88599801128622,55.8800418,37.5088284,,0.0,0.0,2025.0,Завершено,4.854371271621591,12.144453234347807,floor_1,1,0,0,0,0,0,0,10+,medium,3.35,2961864.964687817
https://investmoscow.ru/tenders/tender/19996488,completed,19996488.0,64.7,20950000.0,323802.1638330757,ЗАО,1,16.0,Отдельный,1,5.0,,,,,20950000.0,0.0,1.0,2026.0,Завершено,4.185098925490565,12.687891091126286,floor_1,1,0,0,0,0,0,0,0-5,medium,10.783333333333331,4071680.371926082
https://investmoscow.ru/tenders/tender/19667766,completed,19667766.0,130.6,24558900.0,188046.70750382848,САО,1,17.0,Отдельный,1,38.0,15.750652090564076,7.88599801128622,55.8800418,37.5088284,,0.0,0.0,2025.0,Завершено,4.879767018891217,12.144450972937856,floor_1,1,0,0,0,0,0,0,10+,medium,3.3487179487179484,2961858.266668868
https://investmoscow.ru/tenders/tender/19667773,completed,19667773.0,167.2,30183700.0,180524.5215311005,САО,1,17.0,Отдельный,1,38.0,15.750652090564076,7.88599801128622,55.8800418,37.5088284,,0.0,0.0,2025.0,Завершено,5.125153747538848,12.103627440284052,floor_1,1,0,0,0,0,0,0,10+,expensive,4.287179487179487,2843378.9324519075
https://investmoscow.ru/tenders/tender/19667709,completed,19667709.0,215.9,37540600.0,173879.5738767948,САО,1,17.0,Отдельный,1,36.0,15.750652090564076,7.88599801128622,55.8800418,37.5088284,,0.0,0.0,2025.0,Завершено,5.379436417832829,12.066123985515931,floor_1,1,0,0,0,0,0,0,10+,expensive,5.835135135135135,2738716.673788929
https://investmoscow.ru/tenders/tender/19667706,completed,19667706.0,198.4,35070000.0,176764.1129032258,САО,1,17.0,Отдельный,1,36.0,15.750652090564076,7.88599801128622,55.8800418,37.5088284,,0.0,0.0,2025.0,Завершено,5.295312857527738,12.0825770845065,floor_1,1,0,0,0,0,0,0,10+,expensive,5.3621621621621625,2784150.044435898
https://investmoscow.ru/tenders/tender/19667705,completed,19667705.0,226.2,39133300.0,173003.0946065429,САО,1,17.0,Отдельный,1,36.0,15.750652090564076,7.88599801128622,55.8800418,37.5088284,,0.0,0.0,2025.0,Завершено,5.4258306868469965,12.06107054144574,floor_1,1,0,0,0,0,0,0,10+,expensive,6.113513513513513,2724911.5537386
https://investmoscow.ru/tenders/tender/19768639,completed,19768639.0,650.2,39553000.0,60832.05167640725,ВАО,basement,15.0,Вход через места общего пользования,1,0.0,13.50969261035399,6.1194239989658,55.7513578,37.8337623,39553000.0,0.0,1.0,2025.0,Завершено,6.47881681468833,11.015888533348988,basement,0,1,0,0,0,0,0,0-5,expensive,650.2,821822.3190054311
https://investmoscow.ru/tenders/tender/19797870,completed,19797870.0,98.7,9158000.0,92786.22087132726,ЗАО,basement,8.0,Вход через места общего пользования,1,0.0,10.618706849995826,9.202542957925528,55.8023485,37.4729617,9158000.0,0.0,1.0,2025.0,Завершено,4.602165676967792,11.438064203163991,basement,0,1,0,0,0,0,0,0-5,cheap,98.7,985269.6791515884
https://investmoscow.ru/tenders/tender/19810682,completed,19810682.0,41.2,8219000.0,199490.2912621359,ЦАО,other,15.0,Вход через места общего пользования,1,5.0,1.6619670927267856,1.409001446592734,55.7625107,37.6364477,16027050.0,95.0,6.0,2025.0,Завершено,3.742420221041966,12.20352586153787,other,0,0,1,0,0,1,1,0-5,cheap,6.866666666666667,331546.2993961517
https://investmoscow.ru/tenders/tender/19968549,completed,19968549.0,138.9,32139000.0,231382.28941684664,СВАО,1,14.0,Отдельный,1,10.0,5.874246804035809,3.3065645140229885,55.8048191,37.6116632,,0.0,0.0,2026.0,Завершено,4.940927881671436,12.351830875995123,floor_1,1,0,0,0,0,0,0,5-10,expensive,12.627272727272729,1359196.6741174
https://investmoscow.ru/tenders/tender/18938297,completed,18938297.0,215.1,29824618.0,138654.6629474663,СВАО,1,14.0,Отдельный,1,34.0,15.916814740568702,7.493713533861744,55.8865241,37.7057268,,0.0,0.0,2025.0,Завершено,5.3757412635128405,11.839748893682382,floor_1,1,0,0,0,0,0,0,10+,expensive,6.145714285714286,2206940.583050817
https://investmoscow.ru/tenders/tender/19880867,completed,19880867.0,233.0,11654000.0,50017.16738197425,ВАО,basement,9.0,Отдельный,1,17.0,10.26899779682448,2.751821813257349,55.7622997,37.7808658,22142600.0,90.0,8.0,2025.0,Завершено,5.455321115357702,10.820141566055,basement,0,1,0,0,0,0,0,10+,cheap,12.944444444444445,513626.18164889485
https://investmoscow.ru/tenders/tender/19968532,completed,19968532.0,99.7,17476000.0,175285.85757271817,САО,1,17.0,Отдельный,1,19.0,20.46220636074815,13.453162967935873,55.9310758,37.5397486,,0.0,0.0,2026.0,Завершено,4.612145799724517,12.07417909703621,floor_1,1,0,0,0,0,0,0,10+,medium,4.985,3586735.3897736683
https://investmoscow.ru/tenders/tender/19968522,completed,19968522.0,97.7,17222000.0,176274.30910951894,САО,1,17.0,Отдельный,1,19.0,20.46220636074815,13.453162967935873,55.9310758,37.5397486,,0.0,0.0,2026.0,Завершено,4.592084946439436,12.079802308149844,floor_1,1,0,0,0,0,0,0,10+,medium,4.885,3606961.289097285
https://investmoscow.ru/tenders/tender/19968694,completed,19968694.0,150.0,24907000.0,166046.66666666666,САО,1,17.0,Отдельный,1,19.0,20.46220636074815,13.453162967935873,55.9310758,37.5397486,24907000.0,0.0,1.0,2026.0,Завершено,5.017279836814924,12.02003017471379,floor_1,1,0,0,0,0,0,0,10+,medium,7.5,3397681.1588476948
https://investmoscow.ru/tenders/tender/19969959,completed,19969959.0,14.3,2885000.0,201748.25174825173,ЮЗАО,1,10.0,Вход через подъезд,1,13.0,5.782845406648017,4.137791457521458,55.7066717,37.5718672,3750500.0,30.0,4.0,2026.0,Завершено,2.72785282839839,12.214780877318637,floor_1,1,0,0,0,0,1,0,10+,cheap,1.0214285714285716,1166678.9509216452
https://investmoscow.ru/tenders/tender/19922350,completed,19922350.0,265.6,21841200.0,82233.43373493975,ЮЗАО,basement,9.0,Вход через подъезд,1,19.0,7.1664521583018646,2.9423945806952925,55.6965006,37.558885,,0.0,0.0,2026.0,Завершено,5.585749407744609,11.317329395214283,basement,0,1,0,0,0,0,0,10+,medium,13.28,589321.9686743324
https://investmoscow.ru/tenders/tender/19866067,completed,19866067.0,265.6,21841200.0,82233.43373493975,ЮЗАО,basement,9.0,Вход через подъезд,1,19.0,7.1664521583018646,2.9423945806952925,55.6965006,37.558885,,0.0,0.0,2025.0,Завершено,5.585749407744609,11.317329395214283,basement,0,1,0,0,0,0,0,10+,medium,13.28,589321.9686743324
https://investmoscow.ru/tenders/tender/19790368,completed,19790368.0,265.8,14240000.0,53574.11587659895,ЮЗАО,basement,8.0,Вход через места общего пользования,1,0.0,10.31029226122848,2.2579706665534505,55.6750502,37.5250591,23496000.0,65.0,4.0,2025.0,Завершено,5.586499314041468,10.888839983225092,basement,0,1,0,0,0,0,0,0-5,medium,265.8,552364.792324656
https://investmoscow.ru/tenders/tender/19743190,completed,19743190.0,163.5,17246000.0,105480.12232415902,ЦАО,basement,15.0,Вход через подъезд,1,13.0,1.6721985302129736,1.842971140014755,55.747915,37.6432659,20695200.0,20.0,3.0,2025.0,Завершено,5.1029105702054265,11.566287280571396,basement,0,1,0,0,0,0,1,10+,medium,11.678571428571429,176383.7055171434
https://investmoscow.ru/tenders/tender/19721983,completed,19721983.0,98.7,5956000.0,60344.47821681864,ЮЗАО,basement,9.0,Вход через подъезд,1,1.0,5.705734008448547,4.11540509813026,55.7056687,37.5779392,11316400.0,90.0,7.0,2025.0,Завершено,4.602165676967792,11.007841297733808,basement,0,1,0,0,0,0,0,0-5,cheap,49.35,344309.5415837847
https://investmoscow.ru/tenders/tender/19768252,completed,19768252.0,80.1,4522000.0,56454.43196004994,ВАО,basement,9.0,Вход через подъезд,1,10.0,12.322631953278286,3.633047432768488,55.8012145,37.7943195,3165400.0,-30.0,3.0,2025.0,Завершено,4.395682961121367,10.941206790990009,basement,0,1,0,0,0,0,0,5-10,cheap,7.281818181818181,695667.1871750862
https://investmoscow.ru/tenders/tender/19731664,completed,19731664.0,80.1,4522000.0,56454.43196004994,ВАО,basement,9.0,Вход через подъезд,1,10.0,12.322631953278286,3.633047432768488,55.8012145,37.7943195,,0.0,0.0,2025.0,Завершено,4.395682961121367,10.941206790990009,basement,0,1,0,0,0,0,0,5-10,cheap,7.281818181818181,695667.1871750862
https://investmoscow.ru/tenders/tender/19813468,completed,19813468.0,286.5,46030000.0,160663.1762652705,ВАО,1,1.0,Отдельный,1,0.0,11.862360036094426,3.1644987383736938,55.7986424,37.7883537,46030000.0,0.0,1.0,2025.0,Завершено,5.661222860237405,11.987071603820867,floor_1,1,0,0,0,0,0,0,0-5,expensive,286.5,1905844.44140114
https://investmoscow.ru/tenders/tender/19797725,completed,19797725.0,286.5,46030000.0,160663.1762652705,ВАО,1,1.0,Отдельный,1,0.0,11.862360036094426,3.1644987383736938,55.7986424,37.7883537,,0.0,0.0,2025.0,Завершено,5.661222860237405,11.987071603820867,floor_1,1,0,0,0,0,0,0,0-5,expensive,286.5,1905844.44140114
https://investmoscow.ru/tenders/tender/20000315,completed,20000315.0,64.3,6482000.0,100808.70917573872,ЦАО,basement,12.0,Отдельный,1,6.0,2.5681861457622297,2.6395959991532143,55.7492364,37.5766824,,0.0,0.0,2026.0,Завершено,4.178992036282385,11.5209899511687,basement,0,1,0,0,0,0,1,5-10,cheap,9.185714285714283,258895.53027730595
https://investmoscow.ru/tenders/tender/19924965,completed,19924965.0,113.4,10467000.0,92301.5873015873,ЦАО,basement,7.0,Вход через места общего пользования,1,8.0,2.068868146252389,2.2847957768447573,55.7433662,37.5881488,10467000.0,0.0,2.0,2026.0,Завершено,4.739701078945697,11.432827451534552,basement,0,1,0,0,0,0,1,5-10,cheap,12.6,190959.813816788
https://investmoscow.ru/tenders/tender/19875572,completed,19875572.0,113.4,10467000.0,92301.5873015873,ЦАО,basement,7.0,Вход через места общего пользования,1,8.0,2.068868146252389,2.2847957768447573,55.7433662,37.5881488,,0.0,0.0,2025.0,Завершено,4.739701078945697,11.432827451534552,basement,0,1,0,0,0,0,1,5-10,cheap,12.6,190959.813816788
https://investmoscow.ru/tenders/tender/19789820,completed,19789820.0,47.1,9353000.0,198577.4946921444,ЦАО,6,6.0,Вход через места общего пользования,1,0.0,3.8669249437779687,3.591840488700746,55.7765301,37.6614547,14964800.0,60.0,8.0,2025.0,Завершено,3.873282177111716,12.19893974019902,floor_3_plus,0,0,0,1,0,1,1,0-5,cheap,47.1,767884.2674979903
https://investmoscow.ru/tenders/tender/19985826,completed,19985826.0,651.7,111327000.0,170825.53322080712,САО,1,17.0,Отдельный,1,20.0,13.697110139997497,6.7076107467036925,55.8693857,37.5498955,111327000.0,0.0,1.0,2026.0,Завершено,6.481117605641172,12.048403894997591,floor_1,1,0,0,0,0,0,0,10+,expensive,31.03333333333333,2339816.1432491965
https://investmoscow.ru/tenders/tender/19985818,completed,19985818.0,707.6,120465000.0,170244.48841153193,САО,1,17.0,Отдельный,1,20.0,13.697110139997497,6.7076107467036925,55.8693857,37.5498955,,0.0,0.0,2026.0,Завершено,6.563291192431372,12.044996723875212,floor_1,1,0,0,0,0,0,0,10+,expensive,33.695238095238096,2331857.5085002803
https://investmoscow.ru/tenders/tender/19985829,completed,19985829.0,595.8,101778000.0,170825.7804632427,САО,1,17.0,Отдельный,1,20.0,13.697110139997497,6.7076107467036925,55.8693857,37.5498955,,0.0,0.0,2026.0,Завершено,6.391582048889551,12.048405342326948,floor_1,1,0,0,0,0,0,0,10+,expensive,28.37142857142857,2339819.529756068
https://investmoscow.ru/tenders/tender/19667638,completed,19667638.0,651.7,102356000.0,157059.99693110326,САО,1,17.0,Отдельный,1,20.0,13.697110139997497,6.7076107467036925,55.8693857,37.5498955,,0.0,0.0,2025.0,Завершено,6.481117605641172,11.96438952436258,floor_1,1,0,0,0,0,0,0,10+,expensive,31.03333333333333,2151268.0765529904
https://investmoscow.ru/tenders/tender/19667639,completed,19667639.0,595.8,95701600.0,160627.05605908023,САО,1,17.0,Отдельный,1,20.0,13.697110139997497,6.7076107467036925,55.8693857,37.5498955,,0.0,0.0,2025.0,Завершено,6.391582048889551,11.986846760499375,floor_1,1,0,0,0,0,0,0,10+,expensive,28.37142857142857,2200126.478304774
https://investmoscow.ru/tenders/tender/19667635,completed,19667635.0,707.6,113454100.0,160336.48954211417,САО,1,17.0,Отдельный,1,20.0,13.697110139997497,6.7076107467036925,55.8693857,37.5498955,,0.0,0.0,2025.0,Завершено,6.563291192431372,11.9850361823839,floor_1,1,0,0,0,0,0,0,10+,expensive,33.695238095238096,2196146.5567188947
https://investmoscow.ru/tenders/tender/19734641,completed,19734641.0,84.4,4550000.0,53909.952606635066,ВАО,basement,9.0,Вход через места общего пользования,1,13.0,5.025970221870676,4.084618356759439,55.7582809,37.6971787,4550000.0,0.0,1.0,2025.0,Завершено,4.447346100794524,10.895088938603733,basement,0,1,0,0,0,0,0,10+,cheap,6.028571428571429,270949.81646340725
https://investmoscow.ru/tenders/tender/19968607,completed,19968607.0,102.1,17997000.0,176268.36434867777,САО,1,17.0,Отдельный,1,19.0,20.253441052830443,13.250435322619817,55.92923,37.5404054,,0.0,0.0,2026.0,Завершено,4.635699391022914,12.07976858328438,floor_1,1,0,0,0,0,0,0,10+,medium,5.105,3570040.9268147843
https://investmoscow.ru/tenders/tender/19968591,completed,19968591.0,92.6,16607000.0,179341.25269978403,САО,1,17.0,Отдельный,1,19.0,20.253441052830443,13.250435322619817,55.92923,37.5404054,,0.0,0.0,2026.0,Завершено,4.539030383483547,12.097051285483154,floor_1,1,0,0,0,0,0,0,10+,medium,4.63,3632277.489895845
https://investmoscow.ru/tenders/tender/19968529,completed,19968529.0,120.7,20781000.0,172170.67108533555,САО,1,17.0,Отдельный,1,19.0,20.253441052830443,13.250435322619817,55.92923,37.5404054,,0.0,0.0,2026.0,Завершено,4.801558999993482,12.056247345742673,floor_1,1,0,0,0,0,0,0,10+,medium,6.035,3487048.537853102
https://investmoscow.ru/tenders/tender/19968675,completed,19968675.0,92.6,16607000.0,179341.25269978403,САО,1,17.0,Отдельный,1,19.0,20.253441052830443,13.250435322619817,55.92923,37.5404054,,0.0,0.0,2026.0,Завершено,4.539030383483547,12.097051285483154,floor_1,1,0,0,0,0,0,0,10+,medium,4.63,3632277.489895845
https://investmoscow.ru/tenders/tender/19968582,completed,19968582.0,101.9,17962000.0,176270.85377821393,САО,1,17.0,Отдельный,1,19.0,20.253441052830443,13.250435322619817,55.92923,37.5404054,,0.0,0.0,2026.0,Завершено,4.633757642840004,12.07978270605589,floor_1,1,0,0,0,0,0,0,10+,medium,5.095000000000001,3570091.3463291503
https://investmoscow.ru/tenders/tender/19968632,completed,19968632.0,92.8,16548000.0,178318.9655172414,САО,1,17.0,Отдельный,1,19.0,20.253441052830443,13.250435322619817,55.92923,37.5404054,,0.0,0.0,2026.0,Завершено,4.541164856012179,12.091334774684013,floor_1,1,0,0,0,0,0,0,10+,medium,4.64,3611572.6567051527
https://investmoscow.ru/tenders/tender/19968574,completed,19968574.0,128.3,21827000.0,170124.70771628994,САО,1,17.0,Отдельный,1,19.0,20.253441052830443,13.250435322619817,55.92923,37.5404054,,0.0,0.0,2026.0,Завершено,4.862135285777812,12.044292899923306,floor_1,1,0,0,0,0,0,0,10+,medium,6.415000000000001,3445610.7393618864
https://investmoscow.ru/tenders/tender/19769161,completed,19769161.0,50.6,10417000.0,205869.5652173913,ЮАО,1,17.0,Вход через места общего пользования,1,0.0,15.172842662570169,6.986290921565196,55.6395128,37.7554983,10417000.0,0.0,2.0,2025.0,Завершено,3.943521672487517,12.235002926105931,floor_1,1,0,0,0,0,0,0,0-5,cheap,50.6,3123626.5220552064
https://investmoscow.ru/tenders/tender/19968685,completed,19968685.0,113.9,19615000.0,172212.46707638277,САО,1,15.0,Отдельный,1,16.0,20.253441052830443,13.250435322619817,55.92923,37.5404054,,0.0,0.0,2026.0,Завершено,4.74406218485471,12.05649007393632,floor_1,1,0,0,0,0,0,0,10+,medium,6.7,3487895.0504940217
https://investmoscow.ru/tenders/tender/19968677,completed,19968677.0,133.7,22478000.0,168122.66267763652,САО,1,15.0,Отдельный,1,16.0,20.253441052830443,13.250435322619817,55.92923,37.5404054,,0.0,0.0,2026.0,Завершено,4.903050083416319,12.032455074972844,floor_1,1,0,0,0,0,0,0,10+,medium,7.864705882352941,3405062.438186408
https://investmoscow.ru/tenders/tender/19731835,completed,19731835.0,151.2,9021000.0,59662.69841269842,ВАО,unknown,15.0,Отдельный,0,7.0,6.394862869351468,4.2302901975574265,55.7460194,37.7193169,,0.0,0.0,2025.0,Завершено,5.025195445427586,10.996479047644137,other,0,0,1,0,0,0,0,5-10,cheap,18.9,381534.7747646799
https://investmoscow.ru/tenders/tender/19890862,completed,19890862.0,44.5,15579650.0,350104.4943820225,ЦАО,1,4.0,Отдельный,1,12.0,3.692927931042493,3.4939199389332964,55.768295,37.5659593,25706422.5,65.0,5.0,2025.0,Завершено,3.817712325956905,12.765989800570033,floor_1,1,0,0,0,0,1,1,10+,medium,3.423076923076923,1292910.6660868805
https://investmoscow.ru/tenders/tender/19731414,completed,19731414.0,234.8,23095000.0,98360.3066439523,ЦАО,basement,6.0,Вход через места общего пользования,1,1.0,1.0555610646742517,0.8905183876766309,55.7570922,37.6032292,23095000.0,0.0,2.0,2025.0,Завершено,5.462983988103271,11.49640278054397,basement,0,1,0,0,0,0,1,0-5,medium,117.4,103825.31000277615
https://investmoscow.ru/tenders/tender/19733742,completed,19733742.0,62.0,4418000.0,71258.06451612903,ВАО,basement,3.0,Вход через места общего пользования,1,1.0,10.248256545493852,9.20458135888616,55.6970766,37.7493702,9719600.0,120.0,27.0,2025.0,Завершено,4.143134726391533,11.17407731131796,basement,0,1,0,0,0,0,0,0-5,cheap,31.0,730270.9260966425
https://investmoscow.ru/tenders/tender/19960743,completed,19960743.0,129.2,38834000.0,300572.7554179567,ЦАО,3,5.0,Вход через места общего пользования,1,3.0,1.458279789136229,1.0705661861548863,55.7642296,37.6089718,38834000.0,0.0,1.0,2026.0,Завершено,4.869071729774468,12.61344844516401,floor_3_plus,0,0,0,1,0,0,1,0-5,expensive,32.3,438319.1743909932
https://investmoscow.ru/tenders/tender/19962852,completed,19962852.0,181.7,13268500.0,73024.21574023116,ВАО,basement,9.0,Вход через места общего пользования,1,13.0,7.408186328893784,2.2045871457894086,55.7620919,37.7347278,,0.0,0.0,2026.0,Завершено,5.207845463383961,11.198560081585452,basement,0,1,0,0,0,0,0,10+,medium,12.978571428571428,540976.9967249708
https://investmoscow.ru/tenders/tender/19904767,completed,19904767.0,11.2,1561000.0,139375.0,ВАО,1,9.0,Вход через места общего пользования,1,13.0,7.408186328893784,2.2045871457894086,55.7620919,37.7347278,1561000.0,0.0,2.0,2025.0,Завершено,2.501435951739211,11.844930596058672,floor_1,1,0,0,0,0,1,0,10+,cheap,0.7999999999999999,1032515.9695895712
https://investmoscow.ru/tenders/tender/19847303,completed,19847303.0,11.2,1561000.0,139375.0,ВАО,1,9.0,Вход через места общего пользования,1,13.0,7.408186328893784,2.2045871457894086,55.7620919,37.7347278,,0.0,0.0,2025.0,Завершено,2.501435951739211,11.844930596058672,floor_1,1,0,0,0,0,1,0,10+,cheap,0.7999999999999999,1032515.9695895712
https://investmoscow.ru/tenders/tender/19804597,completed,19804597.0,181.7,14455000.0,79554.21023665383,ВАО,basement,9.0,Вход через места общего пользования,1,13.0,7.408186328893784,2.2045871457894086,55.7620919,37.7347278,,0.0,0.0,2025.0,Завершено,5.207845463383961,11.284206527996425,basement,0,1,0,0,0,0,0,10+,medium,12.978571428571428,589352.4126811208
https://investmoscow.ru/tenders/tender/19918172,completed,19918172.0,59.8,8058000.0,134749.16387959867,СВАО,3,5.0,Вход через места общего пользования,1,12.0,4.9118143663917815,4.5295482365484245,55.7953419,37.6016473,15713100.0,95.0,8.0,2025.0,Завершено,4.107589788972121,11.811177704945631,floor_3_plus,0,0,0,1,0,0,1,10+,cheap,4.6,661862.8790030932
https://investmoscow.ru/tenders/tender/19916547,completed,19916547.0,63.2,8493000.0,134382.91139240505,СВАО,3,5.0,nsi:1032:1032004,1,12.0,4.9118143663917815,4.5295482365484245,55.7953419,37.6016473,12314850.0,45.0,6.0,2025.0,Завершено,4.162003210695915,11.808455993003996,floor_3_plus,0,0,0,1,0,0,1,10+,cheap,4.861538461538462,660063.9147747689
https://investmoscow.ru/tenders/tender/19859382,completed,19859382.0,97.4,18333000.0,188223.81930184804,СВАО,1,22.0,Отдельный,1,4.0,16.6179809751418,8.48082668200993,55.9008567,37.5891124,18333000.0,0.0,2.0,2025.0,Завершено,4.589040804058207,12.145392374706429,floor_1,1,0,0,0,0,0,0,0-5,medium,19.48,3127899.848226639
https://investmoscow.ru/tenders/tender/19975737,completed,19975737.0,56.3,11284000.0,200426.28774422736,ЦАО,other,3.0,Вход через места общего пользования,1,7.0,2.089408128948928,2.5095731371972763,55.7333387,37.6218814,25389000.0,125.0,12.0,2026.0,Завершено,4.048300623720694,12.208206805311406,other,0,0,1,0,0,0,1,5-10,cheap,7.0375,418772.3148678456
https://investmoscow.ru/tenders/tender/19813470,completed,19813470.0,131.1,12766500.0,97379.86270022884,ЮАО,basement,5.0,Отдельный,1,0.0,3.951423958735152,6.691216089037448,55.7165018,37.612757,12766500.0,0.0,2.0,2025.0,Завершено,4.883559211528279,11.486384988808446,basement,0,1,0,0,0,0,1,0-5,cheap,131.1,384789.12257202377
https://investmoscow.ru/tenders/tender/19799184,completed,19799184.0,131.1,12766500.0,97379.86270022884,ЮАО,basement,5.0,Отдельный,1,0.0,3.951423958735152,6.691216089037448,55.7165018,37.612757,,0.0,0.0,2025.0,Завершено,4.883559211528279,11.486384988808446,basement,0,1,0,0,0,0,1,0-5,cheap,131.1,384789.12257202377
https://investmoscow.ru/tenders/tender/19920251,completed,19920251.0,140.2,23868000.0,170242.51069900143,Зеленоград,1,15.0,Отдельный,1,37.0,36.6619228994357,2.5074808578128245,55.991971,37.214241,,0.0,0.0,2025.0,Завершено,4.950177325059141,12.044985106979889,floor_1,1,0,0,0,0,0,0,10+,medium,3.689473684210526,6241417.801453148
https://investmoscow.ru/tenders/tender/19733436,completed,19733436.0,192.0,14885000.0,77526.04166666667,ЦАО,basement,8.0,Вход через подъезд,1,14.0,2.950311759790984,2.900871342276102,55.7561961,37.5708632,14885000.0,0.0,1.0,2025.0,Завершено,5.262690188904886,11.258382079212543,basement,0,1,0,0,0,0,1,10+,medium,12.8,228725.9924192125
https://investmoscow.ru/tenders/tender/19815418,completed,19815418.0,54.6,14518000.0,265897.4358974359,ЦАО,1,6.0,Вход через места общего пользования,1,8.0,3.033328906865299,3.203587075781371,55.7433116,37.6635384,15969800.0,10.0,2.0,2025.0,Завершено,4.018183201256536,12.490869694917594,floor_1,1,0,0,0,0,0,1,5-10,medium,6.066666666666666,806554.378569055
https://investmoscow.ru/tenders/tender/19993010,completed,19993010.0,111.0,30102000.0,271189.1891891892,СВАО,1,19.0,Отдельный,1,13.0,14.123013439521662,5.491147434919734,55.8745458,37.6783083,,0.0,0.0,2026.0,Завершено,4.718498871295094,12.51057565883794,floor_1,1,0,0,0,0,0,0,10+,expensive,7.928571428571429,3830008.563571901
https://investmoscow.ru/tenders/tender/19946099,completed,19946099.0,111.0,30102000.0,271189.1891891892,СВАО,1,19.0,Отдельный,1,13.0,14.123013439521662,5.491147434919734,55.8745458,37.6783083,,0.0,0.0,2026.0,Завершено,4.718498871295094,12.51057565883794,floor_1,1,0,0,0,0,0,0,10+,expensive,7.928571428571429,3830008.563571901
https://investmoscow.ru/tenders/tender/19684067,completed,19684067.0,111.0,29049200.0,261704.5045045045,СВАО,1,17.0,Отдельный,1,12.0,14.123013439521662,5.491147434919734,55.8745458,37.6783083,29049200.0,0.0,0.0,2025.0,Завершено,4.718498871295094,12.474975121940536,floor_1,1,0,0,0,0,0,0,10+,expensive,8.538461538461538,3696056.234300474
https://investmoscow.ru/tenders/tender/19968559,completed,19968559.0,334.4,98031000.0,293154.9043062201,ЮЗАО,1,21.0,Отдельный,1,7.0,7.68974891529157,2.1940997151592363,55.6858472,37.5809496,,0.0,0.0,2026.0,Завершено,5.815323849389109,12.58845984309426,floor_1,1,0,0,0,0,0,0,5-10,expensive,41.8,2254287.6074011605
https://investmoscow.ru/tenders/tender/19945720,completed,19945720.0,335.3,91462000.0,272776.61795407097,ЮЗАО,1,21.0,Отдельный,1,7.0,7.68974891529157,2.1940997151592363,55.6858472,37.5809496,91462000.0,0.0,1.0,2026.0,Завершено,5.818003618746224,12.51641215596261,floor_1,1,0,0,0,0,0,0,5-10,expensive,41.9125,2097583.7020292203
https://investmoscow.ru/tenders/tender/19946193,completed,19946193.0,129.3,38844000.0,300417.63341067283,ЮАО,1,16.0,Отдельный,1,9.0,8.614907898270872,2.775859845678155,55.6811288,37.6737149,48555000.0,25.0,3.0,2026.0,Завершено,4.869839484130799,12.612932225612443,floor_1,1,0,0,0,0,0,0,5-10,expensive,12.93,2588070.2428494487
https://investmoscow.ru/tenders/tender/19683601,completed,19683601.0,119.7,35596400.0,297380.1169590643,ЗАО,1,18.0,Отдельный,1,13.0,11.21058020225108,2.5625239965966244,55.7053356,37.4583437,35596400.0,0.0,1.0,2025.0,Завершено,4.793308128103486,12.602769817243436,floor_1,1,0,0,0,0,0,0,10+,expensive,8.55,3333803.651724397
https://investmoscow.ru/tenders/tender/19606727,completed,19606727.0,105.9,34627900.0,326986.77998111426,ЮЗАО,1,21.0,Отдельный,1,7.0,12.875692109912112,3.2094861839174995,55.6476565,37.5274582,,0.0,0.0,2025.0,Завершено,4.671893818030999,12.697678079092777,floor_1,1,0,0,0,0,0,0,5-10,expensive,13.2375,4210181.103048401
https://investmoscow.ru/tenders/tender/19606719,completed,19606719.0,137.0,26654500.0,194558.394160584,СВАО,1,19.0,Отдельный,1,22.0,13.343377302177048,4.63096596311938,55.8716929,37.6373027,,0.0,0.0,2025.0,Завершено,4.927253685157205,12.178492763860069,floor_1,1,0,0,0,0,0,0,10+,expensive,5.956521739130435,2596066.0605903515
https://investmoscow.ru/tenders/tender/19996136,completed,19996136.0,155.8,56295000.0,361328.62644415913,ЗАО,1,23.0,Отдельный,1,2.0,9.654234905066645,2.4407097760073992,55.7370119,37.4652655,,0.0,0.0,2026.0,Завершено,5.054971107916307,12.797545913342615,floor_1,1,0,0,0,0,0,0,0-5,expensive,51.93333333333334,3488351.437616988
https://investmoscow.ru/tenders/tender/19606710,completed,19606710.0,155.8,55791100.0,358094.351732991,ЗАО,1,23.0,Отдельный,1,3.0,9.654234905066645,2.4407097760073992,55.7370119,37.4652655,,0.0,0.0,2025.0,Завершено,5.054971107916307,12.78855457554202,floor_1,1,0,0,0,0,0,0,0-5,expensive,38.95,3457126.989807854
https://investmoscow.ru/tenders/tender/19908386,completed,19908386.0,32.9,8975000.0,272796.35258358665,ЮЗАО,basement,3.0,Отдельный,1,8.0,13.340484871636068,3.796912553807249,55.6460452,37.5167022,8975000.0,0.0,1.0,2025.0,Завершено,3.5234150143864045,12.516484500298734,basement,0,1,0,0,0,1,0,5-10,cheap,3.655555555555555,3639235.614678837
https://investmoscow.ru/tenders/tender/19741839,completed,19741839.0,27.2,3563000.0,130992.64705882354,ЮЗАО,other,3.0,Отдельный,1,1.0,13.340484871636068,3.796912553807249,55.6460452,37.5167022,10332700.0,190.0,5.0,2025.0,Завершено,3.339321977944068,11.78290410527316,other,0,0,1,0,0,1,0,0-5,cheap,13.6,1747505.4263837982
https://investmoscow.ru/tenders/tender/19859569,completed,19859569.0,75.0,12312900.0,164172.0,ЗАО,basement,8.0,Вход через места общего пользования,1,30.0,6.045310716570391,2.727879626382588,55.7263074,37.532171,12312900.0,0.0,1.0,2025.0,Завершено,4.330733340286331,12.008676028862237,basement,0,1,0,0,0,0,0,10+,cheap,2.419354838709677,992470.7509607944
https://investmoscow.ru/tenders/tender/19834937,completed,19834937.0,46.1,10597000.0,229869.8481561822,САО,1,18.0,Отдельный,1,20.0,14.01434271836587,6.368759169395861,55.8673373,37.5262404,14835800.0,40.0,9.0,2025.0,Завершено,3.852273001022372,12.345272900432724,floor_1,1,0,0,0,0,1,0,10+,cheap,2.1952380952380954,3221474.8326794608
https://investmoscow.ru/tenders/tender/19992983,completed,19992983.0,177.0,60050000.0,339265.53672316385,ЮЗАО,1,19.0,Отдельный,1,19.0,8.000039895366454,2.4952221049072643,55.6810809,37.594681,,0.0,0.0,2026.0,Завершено,5.181783550292085,12.734541321455808,floor_1,1,0,0,0,0,0,0,10+,expensive,8.85,2714137.828908224
https://investmoscow.ru/tenders/tender/19945727,completed,19945727.0,177.0,60050000.0,339265.53672316385,ЮЗАО,1,19.0,Отдельный,1,19.0,8.000039895366454,2.4952221049072643,55.6810809,37.594681,,0.0,0.0,2026.0,Завершено,5.181783550292085,12.734541321455808,floor_1,1,0,0,0,0,0,0,10+,expensive,8.85,2714137.828908224
https://investmoscow.ru/tenders/tender/19824790,completed,19824790.0,167.3,27096000.0,161960.5499103407,ЦАО,basement,15.0,Отдельный,1,0.0,0.9283877183185398,1.31538690760554,55.7447516,37.6249152,27096000.0,0.0,1.0,2025.0,Завершено,5.12574810119676,11.99511423981098,basement,0,1,0,0,0,0,1,0-5,expensive,167.3,150362.18538887717
https://investmoscow.ru/tenders/tender/19803592,completed,19803592.0,167.3,27096000.0,161960.5499103407,ЦАО,basement,15.0,Отдельный,1,0.0,0.9283877183185398,1.31538690760554,55.7447516,37.6249152,,0.0,0.0,2025.0,Завершено,5.12574810119676,11.99511423981098,basement,0,1,0,0,0,0,1,0-5,expensive,167.3,150362.18538887717
https://investmoscow.ru/tenders/tender/19802238,completed,19802238.0,46.5,7157000.0,153913.97849462365,ЦАО,basement,8.0,Вход через места общего пользования,1,0.0,4.741941768844656,5.044727500666317,55.7213522,37.5646172,9661950.0,35.0,2.0,2025.0,Завершено,3.8607297110405954,11.94415564124199,basement,0,1,0,0,0,1,1,0-5,cheap,46.5,729851.123432714
https://investmoscow.ru/tenders/tender/19726424,completed,19726424.0,93.1,16495000.0,177175.08055853922,ЦАО,basement,8.0,Отдельный,1,1.0,4.741941768844656,5.044727500666317,55.7213522,37.5646172,35464250.0,115.0,16.0,2025.0,Завершено,4.544358046591334,12.084899322480457,basement,0,1,0,0,0,0,1,0-5,medium,46.55,840153.914898954
https://investmoscow.ru/tenders/tender/19997242,completed,19997242.0,18.3,3653000.0,199617.4863387978,ЗАО,1,5.0,Вход через подъезд,1,9.0,16.605759146497068,8.59090284633736,55.655234,37.4147697,,0.0,0.0,2026.0,Завершено,2.96010509591084,12.204163255498662,floor_1,1,0,0,0,0,1,0,5-10,cheap,1.83,3314799.899571245
https://investmoscow.ru/tenders/tender/19968991,completed,19968991.0,400.8,36547000.0,91185.12974051895,ЗАО,2,5.0,Вход через места общего пользования,1,9.0,16.605759146497068,8.59090284633736,55.655234,37.4147697,52993150.0,45.0,2.0,2026.0,Завершено,5.995954452380834,11.420658078317627,floor_2,0,0,0,0,1,0,0,5-10,expensive,40.08,1514198.3022131445
https://investmoscow.ru/tenders/tender/19917513,completed,19917513.0,400.8,36547000.0,91185.12974051895,ЗАО,2,5.0,Вход через места общего пользования,1,9.0,16.605759146497068,8.59090284633736,55.655234,37.4147697,,0.0,0.0,2025.0,Завершено,5.995954452380834,11.420658078317627,floor_2,0,0,0,0,1,0,0,5-10,expensive,40.08,1514198.3022131445
https://investmoscow.ru/tenders/tender/19785200,completed,19785200.0,145.3,18849000.0,129724.70750172056,ЗАО,1,5.0,Вход через подъезд,1,0.0,16.605759146497068,8.59090284633736,55.655234,37.4147697,24503700.0,30.0,2.0,2025.0,Завершено,4.985659308026079,11.773177558079002,floor_1,1,0,0,0,0,0,0,0-5,medium,145.3,2154177.248123353
https://investmoscow.ru/tenders/tender/19762780,completed,19762780.0,145.3,18849000.0,129724.70750172056,ЗАО,1,5.0,Вход через подъезд,1,0.0,16.605759146497068,8.59090284633736,55.655234,37.4147697,,0.0,0.0,2025.0,Завершено,4.985659308026079,11.773177558079002,floor_1,1,0,0,0,0,0,0,0-5,medium,145.3,2154177.248123353
https://investmoscow.ru/tenders/tender/19890624,completed,19890624.0,345.3,48512000.0,140492.32551404575,ЗАО,1,5.0,Вход через места общего пользования,1,0.0,13.903467560927677,5.551719242421968,55.7222696,37.4012915,50937600.0,5.0,11.0,2025.0,Завершено,5.847305451408376,11.85291526138942,floor_1,1,0,0,0,0,0,0,0-5,expensive,345.3,1953330.4903438268
https://investmoscow.ru/tenders/tender/19817377,completed,19817377.0,345.3,48512000.0,140492.32551404575,ЗАО,1,5.0,Вход через места общего пользования,1,0.0,13.903467560927677,5.551719242421968,55.7222696,37.4012915,,0.0,0.0,2025.0,Завершено,5.847305451408376,11.85291526138942,floor_1,1,0,0,0,0,0,0,0-5,expensive,345.3,1953330.4903438268
https://investmoscow.ru/tenders/tender/19791611,completed,19791611.0,345.3,48512000.0,140492.32551404575,ЗАО,1,5.0,Вход через места общего пользования,1,0.0,13.903467560927677,5.551719242421968,55.7222696,37.4012915,,0.0,0.0,2025.0,Завершено,5.847305451408376,11.85291526138942,floor_1,1,0,0,0,0,0,0,0-5,expensive,345.3,1953330.4903438268
https://investmoscow.ru/tenders/tender/19767430,completed,19767430.0,345.3,48512000.0,140492.32551404575,ЗАО,1,5.0,Вход через места общего пользования,1,0.0,13.903467560927677,5.551719242421968,55.7222696,37.4012915,,0.0,0.0,2025.0,Завершено,5.847305451408376,11.85291526138942,floor_1,1,0,0,0,0,0,0,0-5,expensive,345.3,1953330.4903438268
https://investmoscow.ru/tenders/tender/19924693,completed,19924693.0,57.1,4828000.0,84553.41506129596,ЮЗАО,basement,10.0,Вход через места общего пользования,1,14.0,10.393717858913856,2.6766067376970573,55.6765886,37.5188693,7966200.0,65.0,8.0,2025.0,Завершено,4.062165663857866,11.345150571311072,basement,0,1,0,0,0,0,0,10+,cheap,3.806666666666666,878824.3401547477
https://investmoscow.ru/tenders/tender/19787395,completed,19787395.0,134.6,15603000.0,115921.24814264488,ВАО,3,3.0,Вход через места общего пользования,1,1.0,5.123016532513521,5.458079044987719,55.7898819,37.6643473,12092325.0,-22.5,9.0,2025.0,Завершено,4.909709375506295,11.66067497072166,floor_3_plus,0,0,0,1,0,0,0,0-5,medium,67.3,593866.470704372
https://investmoscow.ru/tenders/tender/19741254,completed,19741254.0,134.6,15603000.0,115921.24814264488,ВАО,3,3.0,Вход через места общего пользования,1,1.0,5.123016532513521,5.458079044987719,55.7898819,37.6643473,,0.0,0.0,2025.0,Завершено,4.909709375506295,11.66067497072166,floor_3_plus,0,0,0,1,0,0,0,0-5,medium,67.3,593866.470704372
https://investmoscow.ru/tenders/tender/19683818,completed,19683818.0,113.5,24752000.0,218079.29515418503,ЗАО,1,17.0,Отдельный,1,13.0,16.405219599684596,15.25609085220916,55.852457,37.4248742,,0.0,0.0,2025.0,Завершено,4.740574822994295,12.292618600351055,floor_1,1,0,0,0,0,0,0,10+,medium,8.107142857142858,3577638.7271488383
https://investmoscow.ru/tenders/tender/19962140,completed,19962140.0,216.5,34575000.0,159699.76905311778,САО,1,5.0,Отдельный,1,14.0,12.230751878660437,4.231274667433913,55.8477537,37.5206237,28524375.0,-17.5,12.0,2026.0,Завершено,5.382198850528739,11.981057149802766,floor_1,1,0,0,0,0,0,0,10+,expensive,14.433333333333334,1953248.2503680584
https://investmoscow.ru/tenders/tender/19864939,completed,19864939.0,216.5,34575000.0,159699.76905311778,САО,1,5.0,Отдельный,1,14.0,12.230751878660437,4.231274667433913,55.8477537,37.5206237,,0.0,0.0,2025.0,Завершено,5.382198850528739,11.981057149802766,floor_1,1,0,0,0,0,0,0,10+,expensive,14.433333333333334,1953248.2503680584
https://investmoscow.ru/tenders/tender/19969265,completed,19969265.0,247.8,47183000.0,190407.5867635189,ЗАО,1,5.0,Отдельный,1,13.0,12.284360290893076,4.397293208904825,55.7332254,37.4237004,,0.0,0.0,2026.0,Завершено,5.516649360865024,12.156927498870386,floor_1,1,0,0,0,0,0,0,10+,expensive,17.7,2339035.39792255
https://investmoscow.ru/tenders/tender/19742810,completed,19742810.0,55.7,7405000.0,132944.34470377018,ЮЗАО,1,14.0,Отдельный,1,16.0,27.4435337280893,18.25211681067616,55.5058338,37.5766178,7775250.0,5.0,3.0,2025.0,Завершено,4.037774210733707,11.79769338066714,floor_1,1,0,0,0,0,0,0,10+,cheap,3.2764705882352945,3648462.607836647
https://investmoscow.ru/tenders/tender/19946227,completed,19946227.0,130.5,31218000.0,239218.3908045977,СВАО,1,15.0,Отдельный,1,17.0,14.365892826684986,5.608769499365056,55.8804077,37.6462417,31218000.0,0.0,1.0,2026.0,Завершено,4.879006851617819,12.385136363009618,floor_1,1,0,0,0,0,0,0,10+,expensive,7.25,3436585.764470896
https://investmoscow.ru/tenders/tender/19889168,completed,19889168.0,282.9,35890000.0,126864.61647225168,ВАО,basement,5.0,Отдельный,1,0.0,8.334393312625558,0.9693318470579432,55.7850344,37.7373118,32301000.0,-10.0,1.0,2025.0,Завершено,5.648622063478926,11.750883667203704,basement,0,1,0,0,0,0,0,0-5,expensive,282.9,1057339.6111351403
https://investmoscow.ru/tenders/tender/19817400,completed,19817400.0,282.9,35890000.0,126864.61647225168,ВАО,basement,5.0,Отдельный,1,0.0,8.334393312625558,0.9693318470579432,55.7850344,37.7373118,,0.0,0.0,2025.0,Завершено,5.648622063478926,11.750883667203704,basement,0,1,0,0,0,0,0,0-5,expensive,282.9,1057339.6111351403
https://investmoscow.ru/tenders/tender/19801792,completed,19801792.0,282.9,35890000.0,126864.61647225168,ВАО,basement,5.0,Отдельный,1,0.0,8.334393312625558,0.9693318470579432,55.7850344,37.7373118,,0.0,0.0,2025.0,Завершено,5.648622063478926,11.750883667203704,basement,0,1,0,0,0,0,0,0-5,expensive,282.9,1057339.6111351403
https://investmoscow.ru/tenders/tender/19981511,completed,19981511.0,11.1,4054000.0,365225.22522522527,ЦАО,1,10.0,Отдельный,1,5.0,2.4104348494306,2.674484218351312,55.7400923,37.6497681,7905300.0,95.0,13.0,2026.0,Завершено,2.4932054526026954,12.808272235708554,floor_1,1,0,0,0,0,1,1,0-5,cheap,1.85,880351.6107740229
https://investmoscow.ru/tenders/tender/19960697,completed,19960697.0,457.6,34084000.0,74484.26573426573,ЦАО,basement,10.0,Вход через места общего пользования,1,0.0,2.4104348494306,2.674484218351312,55.7400923,37.6497681,34936100.0,2.5,11.0,2026.0,Завершено,6.128178370423804,11.218356609428538,basement,0,1,0,0,0,0,1,0-5,expensive,457.6,179539.46986012362
https://investmoscow.ru/tenders/tender/19863515,completed,19863515.0,457.6,34084000.0,74484.26573426573,ЦАО,basement,10.0,Вход через места общего пользования,1,0.0,2.4104348494306,2.674484218351312,55.7400923,37.6497681,,0.0,0.0,2025.0,Завершено,6.128178370423804,11.218356609428538,basement,0,1,0,0,0,0,1,0-5,expensive,457.6,179539.46986012362
https://investmoscow.ru/tenders/tender/19815685,completed,19815685.0,457.6,34084000.0,74484.26573426573,ЦАО,basement,10.0,Вход через места общего пользования,1,0.0,2.4104348494306,2.674484218351312,55.7400923,37.6497681,,0.0,0.0,2025.0,Завершено,6.128178370423804,11.218356609428538,basement,0,1,0,0,0,0,1,0-5,expensive,457.6,179539.46986012362
https://investmoscow.ru/tenders/tender/19888223,completed,19888223.0,414.0,86278000.0,208400.96618357487,САО,1,12.0,Вход через места общего пользования,1,8.0,4.159889748464556,4.2875970439945,55.7813972,37.5761973,86278000.0,0.0,3.0,2025.0,Завершено,6.028278520230698,12.24722402347891,floor_1,1,0,0,0,0,0,1,5-10,expensive,46.0,866925.0427971617
https://investmoscow.ru/tenders/tender/19805661,completed,19805661.0,20.3,3872000.0,190738.9162561576,САО,3,10.0,Вход через места общего пользования,1,0.0,11.78178690071365,3.3649298034285464,55.8296668,37.4889468,5808000.0,50.0,8.0,2025.0,Завершено,3.05870707271538,12.158666084085716,floor_3_plus,0,0,0,1,0,1,0,0-5,cheap,20.3,2247245.2650031154
https://investmoscow.ru/tenders/tender/19768298,completed,19768298.0,80.0,18548000.0,231850.0,ЦАО,2,10.0,Вход через подъезд,1,12.0,2.8083202960848475,2.391130104341926,55.7771484,37.622417,13447300.0,-27.5,4.0,2025.0,Завершено,4.394449154672439,12.353850202943796,floor_2,0,0,0,0,1,0,1,10+,medium,6.153846153846154,651109.0606472719
https://investmoscow.ru/tenders/tender/19730905,completed,19730905.0,80.0,18548000.0,231850.0,ЦАО,2,10.0,Вход через подъезд,1,12.0,2.8083202960848475,2.391130104341926,55.7771484,37.622417,,0.0,0.0,2025.0,Завершено,4.394449154672439,12.353850202943796,floor_2,0,0,0,0,1,0,1,10+,medium,6.153846153846154,651109.0606472719
https://investmoscow.ru/tenders/tender/19968474,completed,19968474.0,60.6,10092000.0,166534.65346534652,Зеленоград,1,9.0,Отдельный,1,255.0,36.6619228994357,2.5074808578128245,55.991971,37.214241,,0.0,0.0,2026.0,Завершено,4.120661870539474,12.02296470040603,floor_1,1,0,0,0,0,0,0,10+,cheap,0.23671875,6105480.625430777
https://investmoscow.ru/tenders/tender/19949149,completed,19949149.0,1956.4,365528700.0,186837.4054385606,ЗАО,basement,19.0,Отдельный,1,5.0,8.680941987449213,5.93204672725837,55.7733277,37.4838014,,0.0,0.0,2026.0,Завершено,7.579372340991719,12.137999380210973,basement,0,1,0,0,0,0,0,0-5,expensive,326.06666666666666,1621924.6776976727
https://investmoscow.ru/tenders/tender/19877131,completed,19877131.0,145.0,26519000.0,182889.6551724138,ЮЗАО,1,9.0,Вход через места общего пользования,1,14.0,7.971734075178989,2.4487406925482613,55.691244,37.5494547,50386100.0,90.0,10.0,2025.0,Завершено,4.983606621708336,12.116643740522642,floor_1,1,0,0,0,0,0,0,10+,expensive,9.666666666666666,1457947.6961356662
https://investmoscow.ru/tenders/tender/19743023,completed,19743023.0,85.4,4204000.0,49227.1662763466,ЗАО,basement,5.0,Отдельный,1,1.0,13.844600390545756,5.259397773768563,55.7135755,37.4066526,10089600.0,140.0,14.0,2025.0,Завершено,4.45898767581001,10.804221223964808,basement,0,1,0,0,0,0,0,0-5,cheap,42.7,681530.445454969
https://investmoscow.ru/tenders/tender/19726456,completed,19726456.0,130.2,14416000.0,110721.9662058372,СВАО,2,3.0,Вход через места общего пользования,1,1.0,13.923890729551076,5.321588368646358,55.8724772,37.6795787,23065600.0,60.0,4.0,2025.0,Завершено,4.876722876509988,11.614786560646523,floor_2,0,0,0,0,1,0,0,0-5,medium,65.1,1541680.5588111242
https://investmoscow.ru/tenders/tender/19993089,completed,19993089.0,248.1,31827000.0,128282.95042321645,САО,1,16.0,Отдельный,1,39.0,1072.6494556731227,1066.2895545673698,54.8086407,20.5283715,,0.0,0.0,2026.0,Завершено,5.517854422268135,11.76200144864955,floor_1,1,0,0,0,0,0,0,10+,expensive,6.2025,137602636.9436053
https://investmoscow.ru/tenders/tender/19968537,completed,19968537.0,267.8,33899000.0,126583.2710978342,САО,1,16.0,Отдельный,1,39.0,1072.6494556731227,1066.2895545673698,54.8086407,20.5283715,33899000.0,0.0,1.0,2026.0,Завершено,5.593967608648994,11.74866354004029,floor_1,1,0,0,0,0,0,0,10+,expensive,6.695,135779476.84041518
https://investmoscow.ru/tenders/tender/19945552,completed,19945552.0,248.1,31827000.0,128282.95042321645,САО,1,16.0,Отдельный,1,39.0,1072.6494556731227,1066.2895545673698,54.8086407,20.5283715,,0.0,0.0,2026.0,Завершено,5.517854422268135,11.76200144864955,floor_1,1,0,0,0,0,0,0,10+,expensive,6.2025,137602636.9436053
https://investmoscow.ru/tenders/tender/18938685,completed,18938685.0,248.1,30373291.0,122423.58323256751,САО,1,14.0,Отдельный,1,86.0,1072.6494556731227,1066.2895545673698,54.8086407,20.5283715,,0.0,0.0,2025.0,Завершено,5.517854422268135,11.715250472297356,floor_1,1,0,0,0,0,0,0,10+,expensive,2.8517241379310345,131317589.91596678
https://investmoscow.ru/tenders/tender/19682659,completed,19682659.0,101.7,14188500.0,139513.27433628318,ВАО,1,17.0,Отдельный,1,23.0,21.16196028480692,14.515341596696585,55.7121486,37.9487804,15607350.0,10.0,2.0,2025.0,Завершено,4.631812116934513,11.84592219999999,floor_1,1,0,0,0,0,0,0,10+,medium,4.2375,2952374.370707797
https://investmoscow.ru/tenders/tender/19798020,completed,19798020.0,79.0,17108000.0,216556.9620253165,ЮЗАО,1,14.0,Отдельный,1,0.0,16.300898062932816,6.997150795554428,55.6288649,37.4753018,17108000.0,0.0,2.0,2025.0,Завершено,4.382026634673881,12.285613513573956,floor_1,1,0,0,0,0,0,0,0-5,medium,79.0,3530072.962793097
https://investmoscow.ru/tenders/tender/19879643,completed,19879643.0,124.5,9111000.0,73180.72289156627,САО,basement,5.0,Вход через места общего пользования,1,4.0,10.712669647403,2.4614150693021584,55.8188559,37.4938221,,0.0,0.0,2025.0,Завершено,4.832305758571839,11.20070098149866,basement,0,1,0,0,0,0,0,0-5,cheap,24.9,783960.908895492
https://investmoscow.ru/tenders/tender/19815810,completed,19815810.0,140.2,33566000.0,239415.1212553495,СВАО,1,15.0,Отдельный,1,0.0,11.79486155273191,3.0585452254397056,55.8559969,37.6562608,35244300.0,5.0,4.0,2025.0,Завершено,4.950177325059141,12.385958410086667,floor_1,1,0,0,0,0,0,0,0-5,expensive,140.2,2823868.20883737
https://investmoscow.ru/tenders/tender/19786805,completed,19786805.0,967.0,240634800.0,248846.7425025853,ЦАО,basement,7.0,Отдельный,1,4.0,,,,,240634800.0,0.0,1.0,2025.0,Завершено,6.875232087276577,12.424596512525984,basement,0,1,0,0,0,0,0,0-5,expensive,193.4,3129146.4673097464
https://investmoscow.ru/tenders/tender/19764216,completed,19764216.0,967.0,240634800.0,248846.7425025853,ЦАО,basement,7.0,Отдельный,1,4.0,,,,,,0.0,0.0,2025.0,Завершено,6.875232087276577,12.424596512525984,basement,0,1,0,0,0,0,0,0-5,expensive,193.4,3129146.4673097464
https://investmoscow.ru/tenders/tender/19682137,completed,19682137.0,128.1,26904800.0,210029.6643247463,ЗАО,1,24.0,Отдельный,1,15.0,,,,,26904800.0,0.0,1.0,2025.0,Завершено,4.860587297852597,12.255008819633666,floor_1,1,0,0,0,0,0,0,10+,expensive,8.00625,2641037.5138633926
https://investmoscow.ru/tenders/tender/19740388,completed,19740388.0,265.3,28893000.0,108906.89785148887,ЮЗАО,basement,7.0,Вход через места общего пользования,1,13.0,9.970374945510631,2.6372642823998267,55.6800897,37.5218583,28893000.0,0.0,4.0,2025.0,Завершено,5.584623492819887,11.598257830180108,basement,0,1,0,0,0,0,0,10+,expensive,18.95,1085842.6057317702
https://investmoscow.ru/tenders/tender/19967487,completed,19967487.0,311.9,40108000.0,128592.49759538316,ЮАО,6,9.0,Вход через места общего пользования,1,18.0,15.729443445137584,5.771050346616148,55.6199128,37.7086911,,0.0,0.0,2026.0,Завершено,5.745883650674837,11.7644115264854,floor_3_plus,0,0,0,1,0,0,0,10+,expensive,16.41578947368421,2022688.41839557
https://investmoscow.ru/tenders/tender/19606709,completed,19606709.0,123.6,27804900.0,224958.73786407767,ЮЗАО,1,15.0,Отдельный,1,11.0,23.30858415214013,13.960423735426104,55.5442438,37.5632533,27804900.0,0.0,1.0,2025.0,Завершено,4.825108606353353,12.323676722348058,floor_1,1,0,0,0,0,0,0,10+,expensive,10.3,5243469.672264087
https://investmoscow.ru/tenders/tender/19683771,completed,19683771.0,113.7,19025500.0,167330.6948109059,ВАО,1,17.0,Отдельный,1,9.0,20.519593541477075,14.192760858936907,55.7062892,37.9357804,,0.0,0.0,2025.0,Завершено,4.742320024135325,12.027733317991116,floor_1,1,0,0,0,0,0,0,5-10,medium,11.37,3433557.844532736
https://investmoscow.ru/tenders/tender/19683651,completed,19683651.0,142.6,23225100.0,162868.86395511922,ВАО,1,17.0,Отдельный,1,9.0,20.519593541477075,14.192760858936907,55.7062892,37.9357804,,0.0,0.0,2025.0,Завершено,4.967031656614124,12.0007067802699,floor_1,1,0,0,0,0,0,0,5-10,medium,14.26,3342002.888921173
https://investmoscow.ru/tenders/tender/19993754,completed,19993754.0,110.5,8058000.0,72923.07692307692,САО,basement,5.0,Вход через места общего пользования,1,13.0,1072.7038747238466,1066.343245993303,54.8094453,20.527356,,0.0,0.0,2026.0,Завершено,4.7140245909001735,11.197174136761769,basement,0,1,0,0,0,0,0,10+,cheap,7.892857142857143,78224867.17216974
https://investmoscow.ru/tenders/tender/19941062,completed,19941062.0,110.5,8058000.0,72923.07692307692,САО,basement,5.0,Вход через места общего пользования,1,13.0,1072.7038747238466,1066.343245993303,54.8094453,20.527356,,0.0,0.0,2026.0,Завершено,4.7140245909001735,11.197174136761769,basement,0,1,0,0,0,0,0,10+,cheap,7.892857142857143,78224867.17216974
https://investmoscow.ru/tenders/tender/19798608,completed,19798608.0,110.5,8824000.0,79855.2036199095,САО,basement,5.0,Вход через места общего пользования,1,13.0,1072.7038747238466,1066.343245993303,54.8094453,20.527356,,0.0,0.0,2025.0,Завершено,4.7140245909001735,11.287982841544718,basement,0,1,0,0,0,0,0,10+,cheap,7.892857142857143,85660986.33993867
https://investmoscow.ru/tenders/tender/19788623,completed,19788623.0,38.7,5138000.0,132764.85788113694,ЮЗАО,4,5.0,Вход через подъезд,1,0.0,8.44087669305202,2.5380946357534087,55.6766901,37.5987708,6679400.0,30.0,6.0,2025.0,Завершено,3.681351187693145,11.796342388701529,floor_3_plus,0,0,0,1,0,1,0,0-5,cheap,38.7,1120651.7945452526
https://investmoscow.ru/tenders/tender/19962562,completed,19962562.0,122.8,9374650.0,76340.79804560261,ВАО,basement,4.0,Вход через места общего пользования,1,6.0,8.460730520424825,1.179939770352033,55.7877701,37.7371006,9374650.0,0.0,1.0,2026.0,Завершено,4.818667360250496,11.242975879147377,basement,0,1,0,0,0,0,0,5-10,cheap,17.54285714285714,645898.9199780178
https://investmoscow.ru/tenders/tender/19823482,completed,19823482.0,45.9,8121000.0,176928.1045751634,СВАО,1,14.0,Отдельный,1,0.0,13.225713372153162,4.622609812378695,55.8710243,37.6272446,17866200.0,120.0,8.0,2025.0,Завершено,3.8480176754522337,12.083504392195374,floor_1,1,0,0,0,0,1,0,0-5,cheap,45.9,2340000.398589452
https://investmoscow.ru/tenders/tender/19803093,completed,19803093.0,532.8,73633000.0,138200.0750750751,САО,1,5.0,nsi:1032:1032004,1,13.0,4.581318762346585,3.862552838358832,55.7831217,37.5693294,,0.0,0.0,2025.0,Завершено,6.280021236970423,11.83646496941045,floor_1,1,0,0,0,0,0,1,10+,expensive,38.05714285714286,633138.5968991482
https://investmoscow.ru/tenders/tender/19840337,completed,19840337.0,162.0,18359000.0,113327.16049382716,ЮАО,basement,8.0,Вход через места общего пользования,1,14.0,4.564871001549451,6.544398092025983,55.718671,37.6603098,,0.0,0.0,2025.0,Завершено,5.093750200806762,11.63804296418105,basement,0,1,0,0,0,0,1,10+,medium,10.8,517323.8686262122
https://investmoscow.ru/tenders/tender/19775671,completed,19775671.0,9.3,1583000.0,170215.05376344084,ЗАО,1,18.0,Вход через места общего пользования,1,0.0,13.69444137591468,5.1491342109788105,55.7156662,37.4079996,3166000.0,100.0,7.0,2025.0,Завершено,2.33214389523559,12.044823813607715,floor_1,1,0,0,0,0,1,0,0-5,cheap,9.3,2331000.0750616062
https://investmoscow.ru/tenders/tender/19798089,completed,19798089.0,130.9,23233000.0,177486.63101604278,ЮАО,1,9.0,Отдельный,1,0.0,16.739410947602778,6.597858348492481,55.6096657,37.7060471,23233000.0,0.0,3.0,2025.0,Завершено,4.882044059723269,12.086656201052875,floor_1,1,0,0,0,0,0,0,0-5,medium,130.9,2971021.654283081
https://investmoscow.ru/tenders/tender/19999695,completed,19999695.0,29.6,13523000.0,456858.1081081081,ЦАО,2,2.0,Вход через подъезд,1,0.0,2.7511509595531938,3.148358327727624,55.7291593,37.6345995,,0.0,0.0,2026.0,Завершено,3.4210000089583352,13.032130324986504,floor_2,0,0,0,0,1,1,1,0-5,medium,29.6,1256885.6225012783
https://investmoscow.ru/tenders/tender/19787703,completed,19787703.0,29.6,9983000.0,337263.5135135135,ЦАО,2,2.0,Вход через подъезд,1,0.0,2.7511509595531938,3.148358327727624,55.7291593,37.6345995,26454950.0,165.0,7.0,2025.0,Завершено,3.4210000089583352,12.72862280802472,floor_2,0,0,0,0,1,1,1,0-5,cheap,29.6,927862.8388249842
https://investmoscow.ru/tenders/tender/19973939,completed,19973939.0,630.2,47977000.0,76129.8000634719,ЮАО,basement,15.0,Отдельный,1,8.0,4.424330236133295,6.124611947526753,55.7121422,37.6180094,95954000.0,100.0,13.0,2026.0,Завершено,6.447622769531664,11.240208193419765,basement,0,1,0,0,0,0,1,5-10,expensive,70.02222222222223,336823.3762916012
https://investmoscow.ru/tenders/tender/19786902,completed,19786902.0,266.6,38636000.0,144921.2303075769,ВАО,1,5.0,Отдельный,1,1.0,10.003939056361158,9.034055659677506,55.6986352,37.746553,,0.0,0.0,2025.0,Завершено,5.589493328254074,11.883952534813146,floor_1,1,0,0,0,0,0,0,0-5,expensive,133.3,1449783.155969879
https://investmoscow.ru/tenders/tender/19763984,completed,19763984.0,266.6,38636000.0,144921.2303075769,ВАО,1,5.0,Отдельный,1,1.0,10.003939056361158,9.034055659677506,55.6986352,37.746553,,0.0,0.0,2025.0,Завершено,5.589493328254074,11.883952534813146,floor_1,1,0,0,0,0,0,0,0-5,expensive,133.3,1449783.155969879
https://investmoscow.ru/tenders/tender/19960234,completed,19960234.0,131.2,43530000.0,331783.5365853659,СВАО,1,19.0,Отдельный,1,11.0,5.305727424177056,3.90898055211474,55.7995334,37.6085529,,0.0,0.0,2026.0,Завершено,4.884315927417586,12.712241051027274,floor_1,1,0,0,0,0,0,0,10+,expensive,10.933333333333332,1760353.0089514274
https://investmoscow.ru/tenders/tender/19901280,completed,19901280.0,131.2,43530000.0,331783.5365853659,СВАО,1,15.0,Отдельный,1,10.0,5.305727424177056,3.90898055211474,55.7995334,37.6085529,,0.0,0.0,2025.0,Завершено,4.884315927417586,12.712241051027274,floor_1,1,0,0,0,0,0,0,5-10,expensive,11.927272727272726,1760353.0089514274
https://investmoscow.ru/tenders/tender/19820760,completed,19820760.0,131.2,43530000.0,331783.5365853659,СВАО,1,15.0,Отдельный,1,1.0,5.305727424177056,3.90898055211474,55.7995334,37.6085529,43530000.0,0.0,4.0,2025.0,Завершено,4.884315927417586,12.712241051027274,floor_1,1,0,0,0,0,0,0,0-5,expensive,65.6,1760353.0089514274
https://investmoscow.ru/tenders/tender/19793289,completed,19793289.0,131.2,43187000.0,329169.2073170732,СВАО,1,15.0,Отдельный,1,1.0,5.305727424177056,3.90898055211474,55.7995334,37.6085529,,0.0,0.0,2025.0,Завершено,4.884315927417586,12.704330243437752,floor_1,1,0,0,0,0,0,0,0-5,expensive,65.6,1746482.0904568182
https://investmoscow.ru/tenders/tender/19770093,completed,19770093.0,131.2,43187000.0,329169.2073170732,СВАО,1,15.0,Отдельный,1,1.0,5.305727424177056,3.90898055211474,55.7995334,37.6085529,,0.0,0.0,2025.0,Завершено,4.884315927417586,12.704330243437752,floor_1,1,0,0,0,0,0,0,0-5,expensive,65.6,1746482.0904568182
https://investmoscow.ru/tenders/tender/19734044,completed,19734044.0,131.2,43187000.0,329169.2073170732,СВАО,1,15.0,Отдельный,1,1.0,5.305727424177056,3.90898055211474,55.7995334,37.6085529,,0.0,0.0,2025.0,Завершено,4.884315927417586,12.704330243437752,floor_1,1,0,0,0,0,0,0,0-5,expensive,65.6,1746482.0904568182
https://investmoscow.ru/tenders/tender/19881735,completed,19881735.0,16.8,1832000.0,109047.61904761904,ЮАО,basement,8.0,Вход через подъезд,1,1.0,5.671805883394095,5.103731109344055,55.7058365,37.6564248,2015200.0,10.0,2.0,2025.0,Завершено,2.87919845729804,11.59954910807063,basement,0,1,0,0,0,1,0,0-5,cheap,8.4,618496.9272844036
https://investmoscow.ru/tenders/tender/19879646,completed,19879646.0,28.5,4554900.0,159821.05263157896,ВАО,1,5.0,Вход через подъезд,1,14.0,6.842280062505949,3.877176001818993,55.7957871,37.6945949,4554900.0,0.0,1.0,2025.0,Завершено,3.3843902633457743,11.981816304242168,floor_1,1,0,0,0,0,1,0,10+,cheap,1.9,1093540.4019897666
https://investmoscow.ru/tenders/tender/19866367,completed,19866367.0,137.7,8612000.0,62541.75744371824,СВАО,basement,5.0,Отдельный,1,10.0,9.466389472472407,1.3431330211666237,55.8337834,37.660464,8612000.0,0.0,1.0,2025.0,Завершено,4.932313327320786,11.043605720921184,basement,0,1,0,0,0,0,0,5-10,cheap,12.518181818181818,592044.6342551372
https://investmoscow.ru/tenders/tender/19734488,completed,19734488.0,92.8,18885000.0,203502.1551724138,ЦАО,1,4.0,Отдельный,1,1.0,4.488863377491182,4.240616702873398,55.7779384,37.6726302,18885000.0,0.0,2.0,2025.0,Завершено,4.541164856012179,12.223436788277338,floor_1,1,0,0,0,0,0,1,0-5,medium,46.4,913493.371593976
https://investmoscow.ru/tenders/tender/19721923,completed,19721923.0,120.4,34298000.0,284867.10963455145,ВАО,1,15.0,Отдельный,1,1.0,10.700415816911764,3.9077088674952303,55.7523698,37.7887927,44587400.0,30.0,17.0,2025.0,Завершено,4.799090878625398,12.559781578926115,floor_1,1,0,0,0,0,0,0,0-5,expensive,60.2,3048196.525651492
https://investmoscow.ru/tenders/tender/19973072,completed,19973072.0,18.3,3703000.0,202349.72677595628,СВАО,1,22.0,Вход через места общего пользования,1,9.0,16.9899333061868,8.815664284242196,55.9042737,37.5899243,5184200.0,40.0,19.0,2026.0,Завершено,2.96010509591084,12.21775774197513,floor_1,1,0,0,0,0,1,0,5-10,cheap,1.83,3437908.3624486183
https://investmoscow.ru/tenders/tender/19943525,completed,19943525.0,192.8,32517000.0,168656.63900414936,ЮЗАО,1,1.0,Отдельный,1,15.0,14.18313222441497,4.402998348905876,55.6324095,37.537543,32517000.0,0.0,2.0,2026.0,Завершено,5.266826699456666,12.035626134478235,floor_1,1,0,0,0,0,0,0,10+,expensive,12.05,2392079.4115212737
https://investmoscow.ru/tenders/tender/19865661,completed,19865661.0,270.5,13937000.0,51523.10536044362,ЮАО,basement,5.0,Вход через места общего пользования,1,13.0,4.389609343519172,6.964595700589216,55.7145362,37.594999,11149600.0,-20.0,5.0,2025.0,Завершено,5.60396213937399,10.84980504239479,basement,0,1,0,0,0,0,1,10+,medium,19.321428571428573,226166.3046973261
https://investmoscow.ru/tenders/tender/19810908,completed,19810908.0,270.5,13937000.0,51523.10536044362,ЮАО,basement,5.0,Вход через места общего пользования,1,13.0,4.389609343519172,6.964595700589216,55.7145362,37.594999,,0.0,0.0,2025.0,Завершено,5.60396213937399,10.84980504239479,basement,0,1,0,0,0,0,1,10+,medium,19.321428571428573,226166.3046973261
https://investmoscow.ru/tenders/tender/19790825,completed,19790825.0,270.5,13937000.0,51523.10536044362,ЮАО,basement,5.0,Вход через места общего пользования,1,13.0,4.389609343519172,6.964595700589216,55.7145362,37.594999,,0.0,0.0,2025.0,Завершено,5.60396213937399,10.84980504239479,basement,0,1,0,0,0,0,1,10+,medium,19.321428571428573,226166.3046973261
https://investmoscow.ru/tenders/tender/19912640,completed,19912640.0,122.8,28587840.0,232800.0,ВАО,1,15.0,Отдельный,1,13.0,9.192579905473329,4.082963314742198,55.7440665,37.7639795,33447772.8,17.0,7.0,2025.0,Завершено,4.818667360250496,12.35793929036284,floor_1,1,0,0,0,0,0,0,10+,expensive,8.77142857142857,2140032.601994191
https://investmoscow.ru/tenders/tender/19814462,completed,19814462.0,187.6,7285000.0,38832.62260127932,ЮЗАО,basement,40.0,Вход через подъезд,1,1.0,10.454087977777776,0.8721850626245516,55.6664313,37.5475871,8377750.0,15.0,5.0,2025.0,Завершено,5.239628370199357,10.567041712252022,basement,0,1,0,0,0,0,0,0-5,cheap,93.8,405959.6530816157
https://investmoscow.ru/tenders/tender/19772332,completed,19772332.0,187.6,7285000.0,38832.62260127932,ЮЗАО,basement,40.0,Вход через подъезд,1,1.0,10.454087977777776,0.8721850626245516,55.6664313,37.5475871,,0.0,0.0,2025.0,Завершено,5.239628370199357,10.567041712252022,basement,0,1,0,0,0,0,0,0-5,cheap,93.8,405959.6530816157
https://investmoscow.ru/tenders/tender/19750708,completed,19750708.0,187.6,7285000.0,38832.62260127932,ЮЗАО,basement,40.0,Вход через подъезд,1,1.0,10.454087977777776,0.8721850626245516,55.6664313,37.5475871,,0.0,0.0,2025.0,Завершено,5.239628370199357,10.567041712252022,basement,0,1,0,0,0,0,0,0-5,cheap,93.8,405959.6530816157
https://investmoscow.ru/tenders/tender/19995938,completed,19995938.0,293.7,22570050.0,76847.29315628193,САО,basement,8.0,Отдельный,1,12.0,5.958492981246158,2.74863933195342,55.7981061,37.5686502,,0.0,0.0,2026.0,Завершено,5.685957889743649,11.249588538652196,basement,0,1,0,0,0,0,0,10+,medium,22.59230769230769,457894.0568994718
https://investmoscow.ru/tenders/tender/19955711,completed,19955711.0,293.7,22570050.0,76847.29315628193,САО,basement,8.0,Отдельный,1,12.0,5.958492981246158,2.74863933195342,55.7981061,37.5686502,,0.0,0.0,2026.0,Завершено,5.685957889743649,11.249588538652196,basement,0,1,0,0,0,0,0,10+,medium,22.59230769230769,457894.0568994718
https://investmoscow.ru/tenders/tender/19776952,completed,19776952.0,163.2,43361000.0,265692.40196078434,ЗАО,2,11.0,Вход через места общего пользования,1,0.0,4.066096075083307,4.960692929790457,55.747189,37.5529731,49865150.0,15.0,2.0,2025.0,Завершено,5.101085197018328,12.490098298774098,floor_2,0,0,0,0,1,0,1,0-5,expensive,163.2,1080330.8327922015
https://investmoscow.ru/tenders/tender/19800512,completed,19800512.0,70.8,7980000.0,112711.86440677968,СВАО,basement,5.0,Отдельный,1,0.0,11.580302193571136,2.8467995918442552,55.8540945,37.6556454,,0.0,0.0,2025.0,Завершено,4.273884476054178,11.632598840867413,basement,0,1,0,0,0,0,0,0-5,cheap,70.8,1305237.4506313233
https://investmoscow.ru/tenders/tender/19804541,completed,19804541.0,99.3,5840000.0,58811.681772406846,ЮЗАО,basement,7.0,Вход через места общего пользования,1,12.0,8.961811871201188,2.181995804772796,55.6849957,37.5374624,7884000.0,35.0,6.0,2025.0,Завершено,4.60816569496789,10.982112787033383,basement,0,1,0,0,0,0,0,10+,cheap,7.638461538461538,527059.2278732623
https://investmoscow.ru/tenders/tender/19851468,completed,19851468.0,126.4,28389000.0,224596.51898734173,САО,1,22.0,Отдельный,1,16.0,10.642772437264446,4.337508190508146,55.8434082,37.5660717,29240670.0,3.0,8.0,2025.0,Завершено,4.847331743138063,12.322065274864569,floor_1,1,0,0,0,0,0,0,10+,expensive,7.435294117647059,2390329.641784021
https://investmoscow.ru/tenders/tender/19935077,completed,19935077.0,226.1,23480000.0,103847.85493144629,ЮЗАО,basement,5.0,Вход через места общего пользования,1,7.0,7.819045331755184,2.066500641004884,55.6847816,37.5800692,,0.0,0.0,2026.0,Завершено,5.425390449111513,11.550691803065774,basement,0,1,0,0,0,0,0,5-10,medium,28.2625,811991.0853145147
https://investmoscow.ru/tenders/tender/19727150,completed,19727150.0,119.7,59818500.0,499736.8421052632,ЦАО,3,5.0,Вход через места общего пользования,1,3.0,0.9387326802065984,0.5245525261028445,55.7603308,37.6149131,59818500.0,0.0,3.0,2025.0,Завершено,4.793308128103486,13.121838924113266,floor_3_plus,0,0,0,1,0,0,1,0-5,expensive,29.925,469119.3051874554
https://investmoscow.ru/tenders/tender/19976789,completed,19976789.0,53.7,8904000.0,165810.05586592178,ВАО,4,6.0,Вход через места общего пользования,1,13.0,6.989432805534087,3.576682251878264,55.7949796,37.6992706,14246400.0,60.0,5.0,2026.0,Завершено,4.001863709427935,12.018604201401818,floor_3_plus,0,0,0,1,0,0,0,10+,cheap,3.835714285714286,1158918.2439567137
https://investmoscow.ru/tenders/tender/19975890,completed,19975890.0,58.3,9666000.0,165797.59862778732,ВАО,4,6.0,Вход через места общего пользования,1,13.0,6.989432805534087,3.576682251878264,55.7949796,37.6992706,9666000.0,0.0,3.0,2026.0,Завершено,4.08260930600368,12.018529069462977,floor_3_plus,0,0,0,1,0,0,0,10+,cheap,4.164285714285714,1158831.17492783
https://investmoscow.ru/tenders/tender/19974586,completed,19974586.0,102.2,14649000.0,143336.59491193737,ВАО,4,6.0,nsi:1032:1032004,1,13.0,6.989432805534087,3.576682251878264,55.7949796,37.6992706,19043700.0,30.0,5.0,2026.0,Завершено,4.636668853047462,11.872957930503398,floor_3_plus,0,0,0,1,0,0,0,10+,medium,7.3,1001841.4987110454
https://investmoscow.ru/tenders/tender/19974634,completed,19974634.0,28.8,5084000.0,176527.77777777778,ВАО,4,6.0,nsi:1032:1032004,1,13.0,6.989432805534087,3.576682251878264,55.7949796,37.6992706,7117600.0,40.0,9.0,2026.0,Завершено,3.3945083935113587,12.081239188964378,floor_3_plus,0,0,0,1,0,1,0,10+,cheap,2.0571428571428574,1233829.0410880314
https://investmoscow.ru/tenders/tender/19875329,completed,19875329.0,267.3,18171000.0,67979.79797979798,ЗАО,basement,7.0,Отдельный,1,19.0,13.2866931142418,12.46257289009097,55.8307571,37.457328,,0.0,0.0,2025.0,Завершено,5.592105757431579,11.126980561630726,basement,0,1,0,0,0,0,0,10+,medium,13.365,903226.7137257304
https://investmoscow.ru/tenders/tender/19806854,completed,19806854.0,53.6,10386000.0,193768.6567164179,САО,1,16.0,Отдельный,1,15.0,10.313885520532969,1.8673349319733328,55.8228384,37.5106541,16617600.0,60.0,7.0,2025.0,Завершено,4.000033882750859,12.174425396089704,floor_1,1,0,0,0,0,0,0,10+,cheap,3.35,1998507.742840586
https://investmoscow.ru/tenders/tender/19852861,completed,19852861.0,171.1,9666000.0,56493.278784336646,ЗАО,basement,5.0,Отдельный,1,0.0,13.829543552697116,12.750924897859951,55.8324678,37.4484816,9907650.0,2.5,13.0,2025.0,Завершено,5.1480757032174935,10.941894651553127,basement,0,1,0,0,0,0,0,0-5,cheap,171.1,781276.2593826436
https://investmoscow.ru/tenders/tender/19791590,completed,19791590.0,171.1,9666000.0,56493.278784336646,ЗАО,basement,5.0,Отдельный,1,0.0,13.829543552697116,12.750924897859951,55.8324678,37.4484816,,0.0,0.0,2025.0,Завершено,5.1480757032174935,10.941894651553127,basement,0,1,0,0,0,0,0,0-5,cheap,171.1,781276.2593826436
https://investmoscow.ru/tenders/tender/19773694,completed,19773694.0,171.1,9666000.0,56493.278784336646,ЗАО,basement,5.0,Отдельный,1,0.0,13.829543552697116,12.750924897859951,55.8324678,37.4484816,,0.0,0.0,2025.0,Завершено,5.1480757032174935,10.941894651553127,basement,0,1,0,0,0,0,0,0-5,cheap,171.1,781276.2593826436
https://investmoscow.ru/tenders/tender/19943144,completed,19943144.0,206.4,13170000.0,63808.13953488372,СВАО,basement,8.0,Вход через места общего пользования,1,8.0,6.901743321028494,1.9909869192735392,55.814014,37.625516,13170000.0,0.0,1.0,2026.0,Завершено,5.334649295795427,11.063651711971028,basement,0,1,0,0,0,0,0,5-10,medium,22.933333333333334,440387.4008621379
https://investmoscow.ru/tenders/tender/19856456,completed,19856456.0,121.4,13524000.0,111400.3294892916,ЦАО,basement,6.0,Вход через места общего пользования,1,11.0,2.1315652303936887,2.0859610273189246,55.7564996,37.6506725,16905000.0,25.0,7.0,2025.0,Завершено,4.807294370078226,11.62089454077836,basement,0,1,0,0,0,0,1,10+,medium,10.116666666666667,237457.06899377468
https://investmoscow.ru/tenders/tender/19742519,completed,19742519.0,74.9,5687000.0,75927.9038718291,СВАО,basement,5.0,Отдельный,1,10.0,6.868242873592126,2.208895025475664,55.8110085,37.6505831,12227050.0,115.0,17.0,2025.0,Завершено,4.329416684401584,11.23755270606764,basement,0,1,0,0,0,0,0,5-10,cheap,6.8090909090909095,521491.28467447823
https://investmoscow.ru/tenders/tender/19729356,completed,19729356.0,47.6,7713000.0,162037.8151260504,ВАО,1,9.0,Вход через места общего пользования,1,1.0,8.25681734813403,5.131445358093587,55.7338348,37.7456747,8098650.0,5.0,2.0,2025.0,Завершено,3.883623530906448,11.995591185058656,floor_1,1,0,0,0,0,1,0,0-5,cheap,23.8,1337916.642986508
https://investmoscow.ru/tenders/tender/19778709,completed,19778709.0,431.4,24951000.0,57837.27399165508,ЮАО,other,1.0,Вход через места общего пользования,1,0.0,15.207170668616884,5.956784299703461,55.6302726,37.7292031,24951000.0,0.0,1.0,2025.0,Завершено,6.069351085765053,10.965406015302593,other,0,0,1,0,0,0,0,0-5,expensive,431.4,879541.2965986553
https://investmoscow.ru/tenders/tender/19751826,completed,19751826.0,165.5,11532000.0,69679.7583081571,ЮАО,other,1.0,Отдельный,1,1.0,15.207170668616884,5.956784299703461,55.6302726,37.7292031,11532000.0,0.0,1.0,2025.0,Завершено,5.1149953094204985,11.151679494190432,other,0,0,1,0,0,0,0,0-5,cheap,82.75,1059631.9767401204
https://investmoscow.ru/tenders/tender/19768402,completed,19768402.0,197.8,36690000.0,185490.39433771485,ЮЗАО,1,9.0,Отдельный,1,0.0,20.25187399457914,11.244884185263455,55.5701784,37.5906306,,0.0,0.0,2025.0,Завершено,5.292299294222474,12.130763768243066,floor_1,1,0,0,0,0,0,0,0-5,expensive,197.8,3756528.093332197
https://investmoscow.ru/tenders/tender/19781894,completed,19781894.0,34.2,2410000.0,70467.83625730993,САО,basement,10.0,Отдельный,1,0.0,8.90448201753165,1.318905774773402,55.8051354,37.5107086,2410000.0,0.0,1.0,2025.0,Завершено,3.561046082604052,11.162925852168955,basement,0,1,0,0,0,1,0,0-5,cheap,34.2,627479.5807675811
https://investmoscow.ru/tenders/tender/19813759,completed,19813759.0,120.2,23760000.0,197670.54908485856,ЦАО,basement,5.0,Вход через подъезд,1,3.0,0.8830839434956732,0.5103586313416016,55.7595245,37.6220909,23760000.0,0.0,1.0,2025.0,Завершено,4.797442073635214,12.194362089267374,basement,0,1,0,0,0,0,1,0-5,medium,30.05,174559.68799881195
https://investmoscow.ru/tenders/tender/19934707,completed,19934707.0,450.7,71828000.0,159369.86909252274,ЮЗАО,1,5.0,Отдельный,1,14.0,8.624757012079751,1.4321449801824988,55.6774302,37.5787034,104150600.0,45.0,7.0,2026.0,Завершено,6.113018242660559,11.97898927513945,floor_1,1,0,0,0,0,0,0,10+,expensive,30.046666666666667,1374526.3959699676
https://investmoscow.ru/tenders/tender/19918305,completed,19918305.0,108.7,23404000.0,215308.1876724931,НАО,1,15.0,Отдельный,1,49.0,22.272493151398145,22.63105310263164,55.5787019,37.4377826,23404000.0,0.0,1.0,2025.0,Завершено,4.697749367281185,12.279830356257529,floor_1,1,0,0,0,0,0,0,10+,medium,2.174,4795450.135375549
https://investmoscow.ru/tenders/tender/19918288,completed,19918288.0,90.4,20081000.0,222134.9557522124,НАО,1,15.0,Отдельный,1,49.0,22.272493151398145,22.63105310263164,55.5787019,37.4377826,20081000.0,0.0,1.0,2025.0,Завершено,4.515245478460105,12.311044886704174,floor_1,1,0,0,0,0,0,0,10+,medium,1.808,4947499.28067728
https://investmoscow.ru/tenders/tender/19742214,completed,19742214.0,213.8,11662000.0,54546.30495790458,ЮАО,basement,5.0,Отдельный,1,1.0,4.225190586659963,6.576058293008112,55.7143095,37.6080383,18659200.0,60.0,2.0,2025.0,Завершено,5.36970736263471,10.90682358505275,basement,0,1,0,0,0,0,1,0-5,cheap,106.9,230468.53424522208
https://investmoscow.ru/tenders/tender/19970050,completed,19970050.0,21.5,2638000.0,122697.67441860466,ЦАО,basement,14.0,Отдельный,1,8.0,1.1936746638904567,0.9593588835788084,55.7595155,37.6311674,6595000.0,150.0,22.0,2026.0,Завершено,3.1135153092103742,11.71748682720629,basement,0,1,0,0,0,1,1,5-10,cheap,2.388888888888889,146461.1052717686
https://investmoscow.ru/tenders/tender/19830071,completed,19830071.0,260.1,26226000.0,100830.4498269896,САО,basement,7.0,Отдельный,1,3.0,10.702580151782264,2.587355481361967,55.8165135,37.4901719,,0.0,0.0,2025.0,Завершено,5.564903475705084,11.521205588208703,basement,0,1,0,0,0,0,0,0-5,expensive,65.025,1079145.9710136163
https://investmoscow.ru/tenders/tender/19766533,completed,19766533.0,193.8,30797000.0,158911.24871001032,ЦАО,basement,3.0,Вход через подъезд,1,0.0,1.4436034706093013,1.5481728943404351,55.7501751,37.5946192,30797000.0,0.0,2.0,2025.0,Завершено,5.271973391208435,11.976107433946725,basement,0,1,0,0,0,0,1,0-5,expensive,193.8,229404.8301566288
https://investmoscow.ru/tenders/tender/19878333,completed,19878333.0,493.9,63053000.0,127663.4946345414,ЗАО,1,8.0,Отдельный,1,25.0,12.689790910595416,4.421817825857328,55.7254141,37.4199291,70934625.0,12.5,16.0,2025.0,Завершено,6.204355721957841,11.75716096604348,floor_1,1,0,0,0,0,0,0,10+,expensive,18.996153846153845,1620023.0538282502
https://investmoscow.ru/tenders/tender/19823527,completed,19823527.0,493.9,63053000.0,127663.4946345414,ЗАО,1,8.0,Отдельный,1,25.0,12.689790910595416,4.421817825857328,55.7254141,37.4199291,,0.0,0.0,2025.0,Завершено,6.204355721957841,11.75716096604348,floor_1,1,0,0,0,0,0,0,10+,expensive,18.996153846153845,1620023.0538282502
https://investmoscow.ru/tenders/tender/19803119,completed,19803119.0,493.9,63053000.0,127663.4946345414,ЗАО,1,8.0,Отдельный,1,25.0,12.689790910595416,4.421817825857328,55.7254141,37.4199291,,0.0,0.0,2025.0,Завершено,6.204355721957841,11.75716096604348,floor_1,1,0,0,0,0,0,0,10+,expensive,18.996153846153845,1620023.0538282502
https://investmoscow.ru/tenders/tender/19801657,completed,19801657.0,448.4,18133000.0,40439.33987511151,САО,basement,5.0,nsi:1032:1032004,1,14.0,8.729054698132542,0.2933543229708638,55.8114957,37.5261226,,0.0,0.0,2025.0,Завершено,6.107913359751229,10.607583077528158,basement,0,1,0,0,0,0,0,10+,medium,29.89333333333333,352997.20972622075
https://investmoscow.ru/tenders/tender/19974140,completed,19974140.0,153.9,29288000.0,190305.39311241065,ЗАО,1,17.0,Отдельный,1,1.0,17.653431713205084,16.07139920834731,55.8565546,37.4045526,,0.0,0.0,2026.0,Завершено,5.042779747422823,12.156390647635398,floor_1,1,0,0,0,0,0,0,0-5,expensive,76.95,3359543.2619645903
https://investmoscow.ru/tenders/tender/19924673,completed,19924673.0,153.9,29288000.0,190305.39311241065,ЗАО,1,17.0,Отдельный,1,1.0,17.653431713205084,16.07139920834731,55.8565546,37.4045526,,0.0,0.0,2025.0,Завершено,5.042779747422823,12.156390647635398,floor_1,1,0,0,0,0,0,0,0-5,expensive,76.95,3359543.2619645903
https://investmoscow.ru/tenders/tender/19875661,completed,19875661.0,153.9,29288000.0,190305.39311241065,ЗАО,1,17.0,Отдельный,1,1.0,17.653431713205084,16.07139920834731,55.8565546,37.4045526,,0.0,0.0,2025.0,Завершено,5.042779747422823,12.156390647635398,floor_1,1,0,0,0,0,0,0,0-5,expensive,76.95,3359543.2619645903
https://investmoscow.ru/tenders/tender/19820710,completed,19820710.0,153.9,30024000.0,195087.7192982456,ЗАО,1,17.0,Отдельный,1,1.0,17.653431713205084,16.07139920834731,55.8565546,37.4045526,,0.0,0.0,2025.0,Завершено,5.042779747422823,12.181209704838304,floor_1,1,0,0,0,0,0,0,0-5,expensive,76.95,3443967.7307165
https://investmoscow.ru/tenders/tender/19803708,completed,19803708.0,153.9,30024000.0,195087.7192982456,СЗАО,1,17.0,Отдельный,1,1.0,17.653431713205084,17.368490723625087,55.8565546,37.4045526,,0.0,0.0,2025.0,Завершено,5.042779747422823,12.181209704838304,floor_1,1,0,0,0,0,0,0,0-5,expensive,76.95,3443967.7307165
https://investmoscow.ru/tenders/tender/19774420,completed,19774420.0,153.9,30024000.0,195087.7192982456,СЗАО,1,17.0,Отдельный,1,1.0,17.653431713205084,17.368490723625087,55.8565546,37.4045526,30024000.0,0.0,1.0,2025.0,Завершено,5.042779747422823,12.181209704838304,floor_1,1,0,0,0,0,0,0,0-5,expensive,76.95,3443967.7307165
https://investmoscow.ru/tenders/tender/19770092,completed,19770092.0,144.4,27845000.0,192832.40997229915,СЗАО,1,17.0,nsi:1032:1032004,1,1.0,17.653431713205084,17.368490723625087,55.8565546,37.4045526,,0.0,0.0,2025.0,Завершено,4.979488565099419,12.169581934383976,floor_1,1,0,0,0,0,0,0,0-5,expensive,72.2,3404153.78153875
https://investmoscow.ru/tenders/tender/19721965,completed,19721965.0,144.4,27845000.0,192832.40997229915,СЗАО,1,17.0,nsi:1032:1032004,1,1.0,17.653431713205084,17.368490723625087,55.8565546,37.4045526,,0.0,0.0,2025.0,Завершено,4.979488565099419,12.169581934383976,floor_1,1,0,0,0,0,0,0,0-5,expensive,72.2,3404153.78153875
https://investmoscow.ru/tenders/tender/19721966,completed,19721966.0,153.9,25531696.0,165897.95971410006,СЗАО,1,17.0,Отдельный,1,1.0,17.653431713205084,17.368490723625087,55.8565546,37.4045526,,0.0,0.0,2025.0,Завершено,5.042779747422823,12.0191342055989,floor_1,1,0,0,0,0,0,0,0-5,expensive,76.95,2928668.3031729134
https://investmoscow.ru/tenders/tender/19924536,completed,19924536.0,292.0,26688000.0,91397.2602739726,ВАО,3,3.0,Вход через подъезд,1,20.0,12.665416209452347,13.611649986709445,55.6577957,37.7319003,,0.0,0.0,2025.0,Завершено,5.680172609017068,11.422981723059475,floor_3_plus,0,0,0,1,0,0,0,10+,expensive,13.904761904761903,1157584.3417735077
https://investmoscow.ru/tenders/tender/19859318,completed,19859318.0,61.1,15023000.0,245875.61374795416,ЦАО,1,8.0,Вход через места общего пользования,1,5.0,1.7501198874805814,1.4219351740954576,55.7652693,37.6326318,,0.0,0.0,2025.0,Завершено,4.128745988939433,12.412585118955858,floor_1,1,0,0,0,0,0,1,0-5,medium,10.183333333333334,430311.80146678846
https://investmoscow.ru/tenders/tender/19823542,completed,19823542.0,1703.2,123277000.0,72379.63832785345,ЦАО,basement,8.0,Вход через места общего пользования,1,5.0,1.7501198874805814,1.4219351740954576,55.7652693,37.6326318,,0.0,0.0,2025.0,Завершено,7.440851071393856,11.189694116198124,basement,0,1,0,0,0,0,1,0-5,expensive,283.8666666666667,126673.04448622806
https://investmoscow.ru/tenders/tender/19814496,completed,19814496.0,61.1,15023000.0,245875.61374795416,ЦАО,1,8.0,Вход через места общего пользования,1,5.0,1.7501198874805814,1.4219351740954576,55.7652693,37.6326318,,0.0,0.0,2025.0,Завершено,4.128745988939433,12.412585118955858,floor_1,1,0,0,0,0,0,1,0-5,medium,10.183333333333334,430311.80146678846
https://investmoscow.ru/tenders/tender/19805744,completed,19805744.0,94.2,28632000.0,303949.0445859872,ЦАО,1,8.0,Отдельный,1,5.0,1.7501198874805814,1.4219351740954576,55.7652693,37.6326318,44379600.0,55.0,11.0,2025.0,Завершено,4.55597994179732,12.624618639865416,floor_1,1,0,0,0,0,0,1,0-5,expensive,15.7,531947.2677106583
https://investmoscow.ru/tenders/tender/19806408,completed,19806408.0,129.3,33373000.0,258105.1817478732,ЦАО,1,8.0,Отдельный,1,0.0,1.7501198874805814,1.4219351740954576,55.7652693,37.6326318,58402750.0,75.0,13.0,2025.0,Завершено,4.869839484130799,12.461126336399634,floor_1,1,0,0,0,0,0,1,0-5,expensive,129.3,451715.0116387428
https://investmoscow.ru/tenders/tender/19805826,completed,19805826.0,72.6,20056000.0,276253.4435261708,ЦАО,1,8.0,Вход через места общего пользования,1,5.0,1.7501198874805814,1.4219351740954576,55.7652693,37.6326318,20056000.0,0.0,3.0,2025.0,Завершено,4.298645025734831,12.529077616847344,floor_1,1,0,0,0,0,0,1,0-5,medium,12.1,483476.6455001452
https://investmoscow.ru/tenders/tender/19803918,completed,19803918.0,1703.2,123277000.0,72379.63832785345,ЦАО,basement,8.0,Вход через места общего пользования,1,5.0,1.7501198874805814,1.4219351740954576,55.7652693,37.6326318,,0.0,0.0,2025.0,Завершено,7.440851071393856,11.189694116198124,basement,0,1,0,0,0,0,1,0-5,expensive,283.8666666666667,126673.04448622806
https://investmoscow.ru/tenders/tender/19920611,completed,19920611.0,73.3,7583000.0,103451.56889495226,ЮАО,basement,5.0,Вход через места общего пользования,1,14.0,10.568216778570044,1.986482717089684,55.6567936,37.6187882,,0.0,0.0,2025.0,Завершено,4.308110951723713,11.546868515102709,basement,0,1,0,0,0,0,0,10+,cheap,4.886666666666667,1093298.606165029
https://investmoscow.ru/tenders/tender/19773239,completed,19773239.0,52.3,3593000.0,68699.8087954111,ЮАО,basement,5.0,Вход через места общего пользования,1,0.0,10.568216778570044,1.986482717089684,55.6567936,37.6187882,3593000.0,0.0,1.0,2025.0,Завершено,3.975936331171799,11.13751625100011,basement,0,1,0,0,0,0,0,0-5,cheap,52.3,726034.4719962174
https://investmoscow.ru/tenders/tender/19814948,completed,19814948.0,212.5,10383000.0,48861.17647058824,ЮЗАО,basement,2.0,Отдельный,1,21.0,12.056971174471874,3.030869151769741,55.6599737,37.5149653,22842600.0,120.0,8.0,2025.0,Завершено,5.363636832668679,10.796758888858276,basement,0,1,0,0,0,0,0,10+,cheap,9.659090909090908,589117.7962566657
https://investmoscow.ru/tenders/tender/19771035,completed,19771035.0,558.5,22285000.0,39901.52193375112,ЮАО,basement,7.0,Вход через подъезд,1,0.0,4.145734840494008,6.371370582169082,55.7146598,37.6189375,22285000.0,0.0,2.0,2025.0,Завершено,6.32704352775198,10.594194807240196,basement,0,1,0,0,0,0,1,0-5,medium,558.5,165421.12966948783
https://investmoscow.ru/tenders/tender/19799840,completed,19799840.0,493.5,71666000.0,145219.85815602838,САО,basement,9.0,Вход через места общего пользования,1,0.0,26.736489676244656,18.302157884113125,55.9442441,37.359633,,0.0,0.0,2025.0,Завершено,6.203547151062767,11.886011022268304,basement,0,1,0,0,0,0,0,0-5,expensive,493.5,3882669.238374366
https://investmoscow.ru/tenders/tender/19781371,completed,19781371.0,493.5,71666000.0,145219.85815602838,САО,basement,9.0,Вход через места общего пользования,1,0.0,26.736489676244656,18.302157884113125,55.9442441,37.359633,,0.0,0.0,2025.0,Завершено,6.203547151062767,11.886011022268304,basement,0,1,0,0,0,0,0,0-5,expensive,493.5,3882669.238374366
https://investmoscow.ru/tenders/tender/19762712,completed,19762712.0,74.8,14614000.0,195374.33155080213,ЮЗАО,1,5.0,Вход через места общего пользования,1,0.0,7.780318396886289,2.0847983700340205,55.6852678,37.5793964,17536800.0,20.0,6.0,2025.0,Завершено,4.328098292648326,12.182677764719406,floor_1,1,0,0,0,0,0,0,0-5,medium,74.8,1520074.506044067
https://investmoscow.ru/tenders/tender/19789925,completed,19789925.0,975.5,126826000.0,130011.27626858022,ВАО,14,14.0,Вход через места общего пользования,1,4.0,10.602983428031196,4.022343148931231,55.7504157,37.7872109,,0.0,0.0,2025.0,Завершено,6.883974750316733,11.775384157814452,floor_3_plus,0,0,0,1,0,0,0,0-5,expensive,195.1,1378507.4077329417
https://investmoscow.ru/tenders/tender/19801779,completed,19801779.0,274.6,53726000.0,195651.8572469045,САО,1,9.0,Отдельный,1,0.0,9.911565498942304,1.5936508421647675,55.8159338,37.5067348,,0.0,0.0,2025.0,Завершено,5.618950539139504,12.184097231400589,floor_1,1,0,0,0,0,0,0,0-5,expensive,274.6,1939216.198092404
https://investmoscow.ru/tenders/tender/19783558,completed,19783558.0,274.6,53726000.0,195651.8572469045,САО,1,9.0,Отдельный,1,0.0,9.911565498942304,1.5936508421647675,55.8159338,37.5067348,,0.0,0.0,2025.0,Завершено,5.618950539139504,12.184097231400589,floor_1,1,0,0,0,0,0,0,0-5,expensive,274.6,1939216.198092404
https://investmoscow.ru/tenders/tender/19749403,completed,19749403.0,183.7,12626000.0,68731.62765378335,ЮЗАО,basement,5.0,Вход через места общего пользования,1,1.0,8.79571744014708,1.4981710246635676,55.6753199,37.5819952,12626000.0,0.0,1.0,2025.0,Завершено,5.218732887205194,11.137979294925412,basement,0,1,0,0,0,0,0,0-5,cheap,91.85,604543.9760440774
https://investmoscow.ru/tenders/tender/19737107,completed,19737107.0,441.7,17329000.0,39232.51075390536,СВАО,basement,5.0,Вход через подъезд,1,11.0,9.382865325446378,1.2497463621835083,55.8332046,37.6592171,,0.0,0.0,2025.0,Завершено,6.092892339738095,10.577286526759634,basement,0,1,0,0,0,0,0,10+,medium,36.80833333333333,368113.3647830207
https://investmoscow.ru/tenders/tender/19790704,completed,19790704.0,166.6,34774750.0,208731.99279711884,СВАО,1,5.0,Отдельный,1,0.0,9.53823904451441,1.4030808991166484,55.8343468,37.6611332,74765712.5,115.0,11.0,2025.0,Завершено,5.121580188047982,12.24881116776354,floor_1,1,0,0,0,0,0,0,0-5,expensive,166.6,1990935.64353678
https://investmoscow.ru/tenders/tender/19723391,completed,19723391.0,150.4,29712000.0,197553.1914893617,ЦАО,basement,3.0,Отдельный,1,3.0,2.4752545602925804,2.870882958450933,55.7315773,37.6334115,,0.0,0.0,2025.0,Завершено,5.019925341003349,12.193768212973914,basement,0,1,0,0,0,0,1,0-5,expensive,37.6,488994.4381343959
https://investmoscow.ru/tenders/tender/19810873,completed,19810873.0,33.1,6311243.0,190671.993957704,ЮАО,1,22.0,Вход через места общего пользования,1,0.0,13.26727210210758,3.4057778179651312,55.6398714,37.6910518,,0.0,0.0,2025.0,Завершено,3.529297384289471,12.158315166236063,floor_1,1,0,0,0,0,1,0,0-5,cheap,33.1,2529697.2260882705
https://investmoscow.ru/tenders/tender/19790763,completed,19790763.0,33.1,6311243.0,190671.993957704,ЮАО,1,22.0,Вход через места общего пользования,1,0.0,13.26727210210758,3.4057778179651312,55.6398714,37.6910518,,0.0,0.0,2025.0,Завершено,3.529297384289471,12.158315166236063,floor_1,1,0,0,0,0,1,0,0-5,cheap,33.1,2529697.2260882705
https://investmoscow.ru/tenders/tender/19769518,completed,19769518.0,33.1,6311243.0,190671.993957704,ЮАО,1,22.0,Вход через места общего пользования,1,0.0,13.26727210210758,3.4057778179651312,55.6398714,37.6910518,,0.0,0.0,2025.0,Завершено,3.529297384289471,12.158315166236063,floor_1,1,0,0,0,0,1,0,0-5,cheap,33.1,2529697.2260882705
https://investmoscow.ru/tenders/tender/19967729,completed,19967729.0,86.6,4551000.0,52551.96304849885,ЮЗАО,basement,9.0,Вход через места общего пользования,1,11.0,8.576404715652517,2.3254172366263264,55.6879261,37.5407755,4551000.0,0.0,1.0,2026.0,Завершено,4.472780997942346,10.869576760034228,basement,0,1,0,0,0,0,0,10+,cheap,7.216666666666666,450706.9037059424
https://investmoscow.ru/tenders/tender/19724311,completed,19724311.0,86.6,4475000.0,51674.36489607391,ЮЗАО,basement,9.0,Вход через подъезд,1,11.0,8.576404715652517,2.3254172366263264,55.6879261,37.5407755,4475000.0,0.0,5.0,2025.0,Завершено,4.472780997942346,10.852736445890764,basement,0,1,0,0,0,0,0,10+,cheap,7.216666666666666,443180.2667730372
https://investmoscow.ru/tenders/tender/19813381,completed,19813381.0,134.4,14899000.0,110855.65476190476,ЗАО,basement,9.0,Вход через места общего пользования,1,0.0,11.603475994626963,9.52017451209286,55.8035959,37.455952,16388900.0,10.0,2.0,2025.0,Завершено,4.908233360478175,11.615993247179388,basement,0,1,0,0,0,0,0,0-5,medium,134.4,1286310.9288984162
https://investmoscow.ru/tenders/tender/19794697,completed,19794697.0,134.4,14899000.0,110855.65476190476,ЗАО,basement,9.0,Вход через места общего пользования,1,0.0,11.603475994626963,9.52017451209286,55.8035959,37.455952,,0.0,0.0,2025.0,Завершено,4.908233360478175,11.615993247179388,basement,0,1,0,0,0,0,0,0-5,medium,134.4,1286310.9288984162
https://investmoscow.ru/tenders/tender/19885117,completed,19885117.0,83.8,11005000.0,131324.58233890214,ЦАО,basement,6.0,Вход через места общего пользования,1,8.0,2.244176832137144,2.18154664631936,55.7574288,37.6521058,16507500.0,50.0,4.0,2025.0,Завершено,4.440295542797857,11.785434880146251,basement,0,1,0,0,0,0,1,5-10,cheap,9.31111111111111,294715.58517505095
https://investmoscow.ru/tenders/tender/19721117,completed,19721117.0,173.3,30063000.0,173473.7449509521,ЗАО,1,22.0,Отдельный,1,15.0,10.199107873211355,1.8348490119446776,55.7244575,37.4617387,,0.0,0.0,2025.0,Завершено,5.160777952525975,12.063787305531488,floor_1,1,0,0,0,0,0,0,10+,expensive,10.83125,1769277.437924714
https://investmoscow.ru/tenders/tender/19924919,completed,19924919.0,156.5,12955000.0,82779.55271565495,ЦАО,basement,5.0,Отдельный,1,5.0,1072.7038747238466,1072.6291620603165,54.8094453,20.527356,14898250.0,15.0,4.0,2025.0,Завершено,5.059425458265688,11.323948442203058,basement,0,1,0,0,0,0,0,0-5,medium,26.08333333333333,88797946.94598998
https://investmoscow.ru/tenders/tender/19777153,completed,19777153.0,188.6,44480541.0,235845.9225874868,ЦАО,1,5.0,Отдельный,1,1.0,1072.7038747238466,1072.6291620603165,54.8094453,20.527356,,0.0,0.0,2025.0,Завершено,5.244916589820922,12.370938240450416,floor_1,1,0,0,0,0,0,0,0-5,expensive,94.3,252992834.99741745
https://investmoscow.ru/tenders/tender/19828525,completed,19828525.0,336.5,63118000.0,187572.06537890044,СВАО,1,1.0,Отдельный,1,21.0,14.497911515254396,5.902439866915299,55.8772043,37.6835887,110456500.0,75.0,12.0,2025.0,Завершено,5.821565510312585,12.141923730507084,floor_1,1,0,0,0,0,0,0,10+,expensive,15.295454545454543,2719403.206596812
https://investmoscow.ru/tenders/tender/19875454,completed,19875454.0,20.3,1142000.0,56256.15763546798,СВАО,basement,4.0,Вход через места общего пользования,1,11.0,12.283542395399651,3.596627483533683,55.8595919,37.6635003,2626600.0,130.0,16.0,2025.0,Завершено,3.05870707271538,10.937688558824236,basement,0,1,0,0,0,1,0,10+,cheap,1.6916666666666669,691024.8973175567
https://investmoscow.ru/tenders/tender/19803879,completed,19803879.0,226.8,36900000.0,162698.4126984127,ЦАО,1,2.0,Вход через места общего пользования,1,5.0,4.751131041756096,4.568594809397959,55.7731358,37.6836375,,0.0,0.0,2025.0,Завершено,5.428468051013081,11.999659683479733,floor_1,1,0,0,0,0,0,1,0-5,expensive,37.8,773001.4790158728
https://investmoscow.ru/tenders/tender/19786916,completed,19786916.0,226.8,36900000.0,162698.4126984127,ЦАО,1,2.0,Вход через места общего пользования,1,5.0,4.751131041756096,4.568594809397959,55.7731358,37.6836375,,0.0,0.0,2025.0,Завершено,5.428468051013081,11.999659683479733,floor_1,1,0,0,0,0,0,1,0-5,expensive,37.8,773001.4790158728
https://investmoscow.ru/tenders/tender/19760729,completed,19760729.0,34.5,8257000.0,239333.3333333333,ЗАО,1,17.0,Отдельный,1,0.0,13.61742042051544,5.053924368924349,55.7150265,37.409646,10734100.0,30.0,2.0,2025.0,Завершено,3.56953269648137,12.385616737626505,floor_1,1,0,0,0,0,1,0,0-5,cheap,34.5,3259102.620643362
https://investmoscow.ru/tenders/tender/19960718,completed,19960718.0,274.8,11844000.0,43100.43668122271,ЮЗАО,basement,5.0,Вход через места общего пользования,1,0.0,10.678671213549157,3.105836575281894,55.6561378,37.6030977,11844000.0,0.0,9.0,2026.0,Завершено,5.619675965359201,10.671311609207343,basement,0,1,0,0,0,0,0,0-5,cheap,274.8,460255.3924791711
https://investmoscow.ru/tenders/tender/19864873,completed,19864873.0,274.8,11844000.0,43100.43668122271,ЮЗАО,basement,5.0,Вход через места общего пользования,1,0.0,10.678671213549157,3.105836575281894,55.6561378,37.6030977,,0.0,0.0,2025.0,Завершено,5.619675965359201,10.671311609207343,basement,0,1,0,0,0,0,0,0-5,cheap,274.8,460255.3924791711
https://investmoscow.ru/tenders/tender/19816464,completed,19816464.0,274.8,11844000.0,43100.43668122271,ЮЗАО,basement,5.0,Вход через места общего пользования,1,0.0,10.678671213549157,3.105836575281894,55.6561378,37.6030977,,0.0,0.0,2025.0,Завершено,5.619675965359201,10.671311609207343,basement,0,1,0,0,0,0,0,0-5,cheap,274.8,460255.3924791711
https://investmoscow.ru/tenders/tender/19802849,completed,19802849.0,579.2,75620000.0,130559.39226519335,СВАО,1,4.0,Отдельный,1,0.0,12.180510221981084,3.544287605515883,55.8581775,37.6667418,83182000.0,10.0,2.0,2025.0,Завершено,6.363372871687304,11.7795911746756,floor_1,1,0,0,0,0,0,0,0-5,expensive,579.2,1590280.0120618255
https://investmoscow.ru/tenders/tender/19851549,completed,19851549.0,113.2,26670000.0,235600.7067137809,СВАО,1,19.0,Отдельный,1,21.0,15.234343778594932,6.578883411418391,55.8843358,37.6821509,27336750.0,2.5,9.0,2025.0,Завершено,4.73795129722191,12.369897974849549,floor_1,1,0,0,0,0,0,0,10+,expensive,5.1454545454545455,3589222.160557657
https://investmoscow.ru/tenders/tender/19720198,completed,19720198.0,123.3,31639000.0,256601.78426601784,СВАО,1,18.0,Отдельный,1,19.0,15.234343778594932,6.578883411418391,55.8843358,37.6821509,32904560.0,4.0,7.0,2025.0,Завершено,4.822697998516666,12.455284581712826,floor_1,1,0,0,0,0,0,0,10+,expensive,6.165,3909159.795709368
https://investmoscow.ru/tenders/tender/19881261,completed,19881261.0,481.0,45438000.0,94465.69646569648,ЗАО,3,5.0,Вход через места общего пользования,1,16.0,13.446864341535356,12.479317853850793,55.8305425,37.453613,49981800.0,10.0,2.0,2025.0,Завершено,6.1779441140506,11.456002633015476,floor_3_plus,0,0,0,1,0,0,0,10+,expensive,28.294117647058822,1270267.4053028766
https://investmoscow.ru/tenders/tender/19827258,completed,19827258.0,280.3,39277000.0,140124.8662147699,СВАО,1,8.0,Вход через подъезд,1,1.0,8.150576481388864,1.9062564272436724,55.8203304,37.6652693,48114325.0,22.5,19.0,2025.0,Завершено,5.639421715495812,11.85029634208431,floor_1,1,0,0,0,0,0,0,0-5,expensive,140.15,1142098.4390278645
https://investmoscow.ru/tenders/tender/19783751,completed,19783751.0,280.3,39277000.0,140124.8662147699,СВАО,1,8.0,Вход через подъезд,1,1.0,8.150576481388864,1.9062564272436724,55.8203304,37.6652693,,0.0,0.0,2025.0,Завершено,5.639421715495812,11.85029634208431,floor_1,1,0,0,0,0,0,0,0-5,expensive,140.15,1142098.4390278645
https://investmoscow.ru/tenders/tender/19765255,completed,19765255.0,280.3,39277000.0,140124.8662147699,СВАО,1,8.0,Вход через подъезд,1,1.0,8.150576481388864,1.9062564272436724,55.8203304,37.6652693,,0.0,0.0,2025.0,Завершено,5.639421715495812,11.85029634208431,floor_1,1,0,0,0,0,0,0,0-5,expensive,140.15,1142098.4390278645
https://investmoscow.ru/tenders/tender/19974550,completed,19974550.0,14.7,4441000.0,302108.84353741497,ЦАО,1,5.0,Отдельный,1,9.0,3.963945244461143,3.5589816973078148,55.7861212,37.5987762,6661500.0,50.0,8.0,2026.0,Завершено,2.7536607123542622,12.618545950549372,floor_1,1,0,0,0,0,1,1,5-10,cheap,1.47,1197542.9136497916
https://investmoscow.ru/tenders/tender/19826187,completed,19826187.0,168.8,8838000.0,52357.81990521327,ВАО,basement,5.0,Вход через места общего пользования,1,6.0,8.435289586852733,0.8947235144637219,55.7851648,37.7389957,8838000.0,0.0,1.0,2025.0,Завершено,5.134621273877247,10.865875681672318,basement,0,1,0,0,0,0,0,5-10,cheap,24.11428571428572,441653.3730367562
https://investmoscow.ru/tenders/tender/19945055,completed,19945055.0,514.3,43993000.0,85539.56834532374,ЗАО,basement,7.0,Отдельный,1,10.0,3.805455685612101,5.100272541454159,55.7457068,37.5576168,46192650.0,5.0,2.0,2026.0,Завершено,6.244749255334178,11.356746025964156,basement,0,1,0,0,0,0,1,5-10,expensive,46.75454545454545,325517.03670451714
https://investmoscow.ru/tenders/tender/19746757,completed,19746757.0,35.7,13508100.0,378378.15126050415,ЗАО,1,7.0,Отдельный,1,1.0,3.805455685612101,5.100272541454159,55.7457068,37.5576168,15534315.0,15.0,5.0,2025.0,Завершено,3.6027767550605247,12.84365201755027,floor_1,1,0,0,0,0,1,1,0-5,medium,17.85,1439901.2870256812
https://investmoscow.ru/tenders/tender/19922325,completed,19922325.0,132.4,9318550.0,70381.79758308157,САО,basement,5.0,Вход через места общего пользования,1,0.0,11.822748897382349,3.398095374893084,55.8303735,37.4893379,,0.0,0.0,2026.0,Завершено,4.893352133481524,11.161704159774148,basement,0,1,0,0,0,0,0,0-5,cheap,132.4,832106.3197711653
https://investmoscow.ru/tenders/tender/19865962,completed,19865962.0,132.4,9318550.0,70381.79758308157,САО,basement,5.0,Вход через места общего пользования,1,0.0,11.822748897382349,3.398095374893084,55.8303735,37.4893379,,0.0,0.0,2025.0,Завершено,4.893352133481524,11.161704159774148,basement,0,1,0,0,0,0,0,0-5,cheap,132.4,832106.3197711653
https://investmoscow.ru/tenders/tender/19762355,completed,19762355.0,132.4,9827000.0,74222.05438066465,САО,basement,5.0,Вход через места общего пользования,1,0.0,11.822748897382349,3.398095374893084,55.8303735,37.4893379,,0.0,0.0,2025.0,Завершено,4.893352133481524,11.214830086835256,basement,0,1,0,0,0,0,0,0-5,cheap,132.4,877508.7115904556
https://investmoscow.ru/tenders/tender/19826091,completed,19826091.0,250.8,32645000.0,130163.4768740032,СВАО,basement,8.0,Отдельный,1,0.0,7.4649029757718495,2.026475046914693,55.8151071,37.6588008,31828875.0,-2.5,19.0,2025.0,Завершено,5.528635121610247,11.776554136461248,basement,0,1,0,0,0,0,0,0-5,expensive,250.8,971657.7258535568
https://investmoscow.ru/tenders/tender/19786811,completed,19786811.0,250.8,32645000.0,130163.4768740032,СВАО,basement,8.0,Отдельный,1,0.0,7.4649029757718495,2.026475046914693,55.8151071,37.6588008,,0.0,0.0,2025.0,Завершено,5.528635121610247,11.776554136461248,basement,0,1,0,0,0,0,0,0-5,expensive,250.8,971657.7258535568
https://investmoscow.ru/tenders/tender/19782076,completed,19782076.0,52.9,7372000.0,139357.27788279773,СВАО,basement,8.0,Вход через места общего пользования,1,0.0,7.4649029757718495,2.026475046914693,55.8151071,37.6588008,8109200.0,10.0,3.0,2025.0,Завершено,3.9871304779149512,11.844803434682175,basement,0,1,0,0,0,0,0,0-5,cheap,52.9,1040288.5583627612
https://investmoscow.ru/tenders/tender/19764155,completed,19764155.0,250.8,32645000.0,130163.4768740032,СВАО,basement,8.0,Отдельный,1,0.0,7.4649029757718495,2.026475046914693,55.8151071,37.6588008,,0.0,0.0,2025.0,Завершено,5.528635121610247,11.776554136461248,basement,0,1,0,0,0,0,0,0-5,expensive,250.8,971657.7258535568
https://investmoscow.ru/tenders/tender/19795081,completed,19795081.0,165.8,36445800.0,219817.85283474065,ЗАО,1,12.0,Отдельный,1,0.0,16.87628314379957,15.692403714057953,55.8557733,37.4200568,58313280.0,60.0,16.0,2025.0,Завершено,5.116795489924646,12.30055908995192,floor_1,1,0,0,0,0,0,0,0-5,expensive,165.8,3709708.324501148
https://investmoscow.ru/tenders/tender/19778507,completed,19778507.0,27.5,5253000.0,191018.18181818185,ВАО,2,19.0,Вход через места общего пользования,1,0.0,3.84890856222916,7.517874285497909,55.7311027,37.6666676,8404800.0,60.0,6.0,2025.0,Завершено,3.349904087274605,12.16012913035362,floor_2,0,0,0,0,1,1,1,0-5,cheap,27.5,735211.5155414465
https://investmoscow.ru/tenders/tender/19722603,completed,19722603.0,66.8,11693000.0,175044.91017964072,ВАО,2,19.0,Вход через подъезд,1,1.0,3.84890856222916,7.517874285497909,55.7311027,37.6666676,11693000.0,0.0,1.0,2025.0,Завершено,4.216562194946349,12.072803562383172,floor_2,0,0,0,0,1,0,1,0-5,cheap,33.4,673731.8535650534
https://investmoscow.ru/tenders/tender/19950353,completed,19950353.0,708.7,48856000.0,68937.4911810357,ЦАО,basement,10.0,Вход через подъезд,1,7.0,3.391690153513499,3.5094583560675576,55.746087,37.6707684,48856000.0,0.0,1.0,2026.0,Завершено,6.564842345530938,11.140969953858562,basement,0,1,0,0,0,0,1,5-10,expensive,88.5875,233814.61004664245
https://investmoscow.ru/tenders/tender/19993099,completed,19993099.0,151.0,23879000.0,158139.0728476821,САО,1,14.0,Отдельный,1,35.0,1072.6494556731227,1066.2895545673698,54.8086407,20.5283715,,0.0,0.0,2026.0,Завершено,5.0238805208462765,11.971236456277918,floor_1,1,0,0,0,0,0,0,10+,medium,4.194444444444445,169627790.4107185
https://investmoscow.ru/tenders/tender/19993102,completed,19993102.0,162.3,22061000.0,135927.29513247072,САО,1,14.0,Отдельный,1,35.0,1072.6494556731227,1066.2895545673698,54.8086407,20.5283715,,0.0,0.0,2026.0,Завершено,5.095588999976419,11.819882784004417,floor_1,1,0,0,0,0,0,0,10+,medium,4.508333333333334,145802339.13496462
https://investmoscow.ru/tenders/tender/19945592,completed,19945592.0,162.3,22061000.0,135927.29513247072,САО,1,14.0,Отдельный,1,35.0,1072.6494556731227,1066.2895545673698,54.8086407,20.5283715,,0.0,0.0,2026.0,Завершено,5.095588999976419,11.819882784004417,floor_1,1,0,0,0,0,0,0,10+,medium,4.508333333333334,145802339.13496462
https://investmoscow.ru/tenders/tender/19945574,completed,19945574.0,151.0,23879000.0,158139.0728476821,САО,1,14.0,Отдельный,1,35.0,1072.6494556731227,1066.2895545673698,54.8086407,20.5283715,,0.0,0.0,2026.0,Завершено,5.0238805208462765,11.971236456277918,floor_1,1,0,0,0,0,0,0,10+,medium,4.194444444444445,169627790.4107185
https://investmoscow.ru/tenders/tender/19606623,completed,19606623.0,151.0,22277100.0,147530.46357615897,САО,1,14.0,Отдельный,1,85.0,1072.6494556731227,1066.2895545673698,54.8086407,20.5283715,,0.0,0.0,2025.0,Завершено,5.0238805208462765,11.9017967443949,floor_1,1,0,0,0,0,0,0,10+,medium,1.755813953488372,158248471.45017037
https://investmoscow.ru/tenders/tender/18938426,completed,18938426.0,250.9,29002645.0,115594.4400159426,САО,1,14.0,Отдельный,1,84.0,1072.6494556731227,1066.2895545673698,54.8086407,20.5283715,29002645.0,0.0,1.0,2025.0,Завершено,5.529032183358565,11.65785178821352,floor_1,1,0,0,0,0,0,0,10+,expensive,2.951764705882353,123992313.16194026
https://investmoscow.ru/tenders/tender/18938419,completed,18938419.0,161.0,19566646.0,121531.96273291926,САО,1,14.0,Отдельный,1,84.0,1072.6494556731227,1066.2895545673698,54.8086407,20.5283715,,0.0,0.0,2025.0,Завершено,5.087596335232384,11.707940803181362,floor_1,1,0,0,0,0,0,0,10+,medium,1.894117647058824,130361193.67235208
https://investmoscow.ru/tenders/tender/18938368,completed,18938368.0,161.2,19582117.0,121477.15260545906,САО,1,14.0,Отдельный,1,84.0,1072.6494556731227,1066.2895545673698,54.8086407,20.5283715,,0.0,0.0,2025.0,Завершено,5.088830141681313,11.707489711647437,floor_1,1,0,0,0,0,0,0,10+,medium,1.896470588235294,130302401.61896652
https://investmoscow.ru/tenders/tender/19987435,completed,19987435.0,158.1,31344000.0,198254.2694497154,ЮАО,1,22.0,Отдельный,1,25.0,14.204087833432864,4.862832623418867,55.6365602,37.7156108,,0.0,0.0,2026.0,Завершено,5.069532935343741,12.197310718965875,floor_1,1,0,0,0,0,0,0,10+,expensive,6.080769230769231,2816021.056616823
https://investmoscow.ru/tenders/tender/19945182,completed,19945182.0,158.1,31344000.0,198254.2694497154,ЮАО,1,22.0,Отдельный,1,25.0,14.204087833432864,4.862832623418867,55.6365602,37.7156108,,0.0,0.0,2026.0,Завершено,5.069532935343741,12.197310718965875,floor_1,1,0,0,0,0,0,0,10+,expensive,6.080769230769231,2816021.056616823
https://investmoscow.ru/tenders/tender/19824121,completed,19824121.0,99.6,12212400.0,122614.45783132532,ВАО,3,3.0,nsi:1032:1032004,1,1.0,12.351633306163995,3.5457345642395453,55.7961839,37.7989718,,0.0,0.0,2025.0,Завершено,4.611152257665639,11.716808377989295,floor_3_plus,0,0,0,1,0,0,0,0-5,cheap,49.8,1514488.8211666383
https://investmoscow.ru/tenders/tender/19849868,completed,19849868.0,94.2,29845000.0,316825.90233545646,ЗАО,1,28.0,Отдельный,1,11.0,13.169743403109951,5.9968762411535765,55.7469514,37.4068676,29845000.0,0.0,1.0,2025.0,Завершено,4.55597994179732,12.666110854305176,floor_1,1,0,0,0,0,0,0,10+,expensive,7.85,4172515.837216736
https://investmoscow.ru/tenders/tender/19721296,completed,19721296.0,201.6,37723000.0,187118.0555555556,ЗАО,1,25.0,Отдельный,1,5.0,,,,,75446000.0,100.0,9.0,2025.0,Завершено,5.311233591814583,12.13950035397916,floor_1,1,0,0,0,0,0,0,0-5,expensive,33.6,2352933.3622096847
https://investmoscow.ru/tenders/tender/19885058,completed,19885058.0,101.1,24051000.0,237893.175074184,ЮАО,1,10.0,Вход через места общего пользования,1,13.0,3.722000353165507,6.7192071029399045,55.7186265,37.6232779,24051000.0,0.0,1.0,2025.0,Завершено,4.625952725170619,12.379581211225355,floor_1,1,0,0,0,0,0,1,10+,medium,7.221428571428571,885438.4816417766
https://investmoscow.ru/tenders/tender/19775433,completed,19775433.0,28.7,3192000.0,111219.51219512196,ЮАО,basement,10.0,Вход через места общего пользования,1,0.0,3.722000353165507,6.7192071029399045,55.7186265,37.6232779,4468800.0,40.0,3.0,2025.0,Завершено,3.391147045808654,11.61927010597391,basement,0,1,0,0,0,1,1,0-5,cheap,28.7,413959.06366913934
https://investmoscow.ru/tenders/tender/19945605,completed,19945605.0,248.3,31853000.0,128284.33346757952,САО,1,14.0,Отдельный,1,38.0,1072.6494556731227,1066.2895545673698,54.8086407,20.5283715,31853000.0,0.0,1.0,2026.0,Завершено,5.518656990529513,11.76201222970909,floor_1,1,0,0,0,0,0,0,10+,expensive,6.366666666666667,137604120.46538854
https://investmoscow.ru/tenders/tender/19945620,completed,19945620.0,160.0,21882000.0,136762.5,САО,1,14.0,Отдельный,1,38.0,1072.6494556731227,1066.2895545673698,54.8086407,20.5283715,21882000.0,0.0,1.0,2026.0,Завершено,5.081404364984463,11.826008435704203,floor_1,1,0,0,0,0,0,0,10+,medium,4.102564102564102,146698221.18149546
https://investmoscow.ru/tenders/tender/19898426,completed,19898426.0,133.7,25135600.0,188000.00000000003,ЮВАО,1,15.0,Отдельный,1,9.0,11.88506879068736,12.17170961860911,55.6825034,37.7622364,34435772.0,37.0,9.0,2025.0,Завершено,4.903050083416319,12.144202560946876,floor_1,1,0,0,0,0,0,0,5-10,expensive,13.37,2234392.932649224
https://investmoscow.ru/tenders/tender/19803713,completed,19803713.0,71.6,16379000.0,228756.9832402235,ЮВАО,1,15.0,Отдельный,1,8.0,11.88506879068736,12.17170961860911,55.6825034,37.7622364,16379000.0,0.0,1.0,2025.0,Завершено,4.28496492183075,12.34041988193961,floor_1,1,0,0,0,0,0,0,5-10,medium,7.955555555555555,2718792.4821601715
https://investmoscow.ru/tenders/tender/19774600,completed,19774600.0,71.6,16379000.0,228756.9832402235,ЮВАО,1,15.0,Отдельный,1,8.0,11.88506879068736,12.17170961860911,55.6825034,37.7622364,16379000.0,0.0,1.0,2025.0,Завершено,4.28496492183075,12.34041988193961,floor_1,1,0,0,0,0,0,0,5-10,medium,7.955555555555555,2718792.4821601715
https://investmoscow.ru/tenders/tender/19758528,completed,19758528.0,113.5,8164000.0,71929.5154185022,ЮЗАО,basement,8.0,Вход через подъезд,1,1.0,9.34297471153411,2.482904370985925,55.6840749,37.5291728,10613200.0,30.0,3.0,2025.0,Завершено,4.740574822994295,11.183455868392551,basement,0,1,0,0,0,0,0,0-5,cheap,56.75,672035.6435679689
https://investmoscow.ru/tenders/tender/19853603,completed,19853603.0,55.8,2778000.0,49784.94623655914,ВАО,basement,5.0,Вход через места общего пользования,1,3.0,11.24466829560898,2.411038311049018,55.7895924,37.7846536,2083500.0,-25.0,5.0,2025.0,Завершено,4.039536325727106,10.81548801910052,basement,0,1,0,0,0,0,0,0-5,cheap,13.95,559815.2065448342
https://investmoscow.ru/tenders/tender/19804540,completed,19804540.0,55.8,2778000.0,49784.94623655914,ВАО,basement,5.0,Вход через места общего пользования,1,3.0,11.24466829560898,2.411038311049018,55.7895924,37.7846536,,0.0,0.0,2025.0,Завершено,4.039536325727106,10.81548801910052,basement,0,1,0,0,0,0,0,0-5,cheap,13.95,559815.2065448342
https://investmoscow.ru/tenders/tender/19781520,completed,19781520.0,55.8,2778000.0,49784.94623655914,ВАО,basement,5.0,Вход через места общего пользования,1,3.0,11.24466829560898,2.411038311049018,55.7895924,37.7846536,,0.0,0.0,2025.0,Завершено,4.039536325727106,10.81548801910052,basement,0,1,0,0,0,0,0,0-5,cheap,13.95,559815.2065448342
https://investmoscow.ru/tenders/tender/19804508,completed,19804508.0,125.0,12714000.0,101712.0,ЮЗАО,basement,8.0,Вход через места общего пользования,1,13.0,7.912186834961027,2.652484781408514,55.6927561,37.5470678,15892500.0,25.0,5.0,2025.0,Завершено,4.836281906951478,11.52991040080947,basement,0,1,0,0,0,0,0,10+,cheap,8.928571428571429,804764.347357556
https://investmoscow.ru/tenders/tender/19733120,completed,19733120.0,418.7,68697350.0,164072.96393599236,ВАО,1,1.0,Отдельный,1,1.0,13.001221614519634,6.412794417123285,55.7402677,37.8245789,82436820.0,20.0,4.0,2025.0,Завершено,6.039540170339545,12.008072604746287,floor_1,1,0,0,0,0,0,0,0-5,expensive,209.35,2133148.9650829243
https://investmoscow.ru/tenders/tender/19815561,completed,19815561.0,245.2,31648000.0,129070.14681892331,ЗАО,basement,5.0,Вход через места общего пользования,1,1.0,13.949214377306731,5.513988617486442,55.7194726,37.4018085,22944800.0,-27.5,8.0,2025.0,Завершено,5.506144213750353,11.76811905703748,basement,0,1,0,0,0,0,0,0-5,expensive,122.6,1800427.1476876158
https://investmoscow.ru/tenders/tender/19778833,completed,19778833.0,245.2,31648000.0,129070.14681892331,ЗАО,basement,5.0,Вход через места общего пользования,1,1.0,13.949214377306731,5.513988617486442,55.7194726,37.4018085,,0.0,0.0,2025.0,Завершено,5.506144213750353,11.76811905703748,basement,0,1,0,0,0,0,0,0-5,expensive,122.6,1800427.1476876158
https://investmoscow.ru/tenders/tender/19752109,completed,19752109.0,245.2,31648000.0,129070.14681892331,ЗАО,basement,5.0,Вход через места общего пользования,1,1.0,13.949214377306731,5.513988617486442,55.7194726,37.4018085,,0.0,0.0,2025.0,Завершено,5.506144213750353,11.76811905703748,basement,0,1,0,0,0,0,0,0-5,expensive,122.6,1800427.1476876158
https://investmoscow.ru/tenders/tender/19803155,completed,19803155.0,212.9,39552000.0,185777.3602630343,ЦАО,basement,6.0,Отдельный,1,7.0,1.7233538209076908,1.8318580669616664,55.7493232,37.5903254,,0.0,0.0,2025.0,Завершено,5.36550861608836,12.132309630672797,basement,0,1,0,0,0,0,1,5-10,expensive,26.6125,320160.1236474448
https://investmoscow.ru/tenders/tender/19786336,completed,19786336.0,212.9,39552000.0,185777.3602630343,ЦАО,basement,6.0,Отдельный,1,7.0,1.7233538209076908,1.8318580669616664,55.7493232,37.5903254,,0.0,0.0,2025.0,Завершено,5.36550861608836,12.132309630672797,basement,0,1,0,0,0,0,1,5-10,expensive,26.6125,320160.1236474448
https://investmoscow.ru/tenders/tender/19764742,completed,19764742.0,212.9,39552000.0,185777.3602630343,ЦАО,basement,6.0,Отдельный,1,7.0,1.7233538209076908,1.8318580669616664,55.7493232,37.5903254,,0.0,0.0,2025.0,Завершено,5.36550861608836,12.132309630672797,basement,0,1,0,0,0,0,1,5-10,expensive,26.6125,320160.1236474448
https://investmoscow.ru/tenders/tender/19996101,completed,19996101.0,124.2,30491000.0,245499.19484702093,САО,1,8.0,Отдельный,1,9.0,7.195315996892043,2.4507279111429723,55.8108638,37.56926,,0.0,0.0,2026.0,Завершено,4.829912458665998,12.411053019890616,floor_1,1,0,0,0,0,0,0,5-10,expensive,12.42,1766444.283906886
https://investmoscow.ru/tenders/tender/19804567,completed,19804567.0,92.7,11133000.0,120097.08737864078,САО,basement,9.0,Отдельный,1,14.0,9.881428671687887,1.4363686835188982,55.8194719,37.5143103,11133000.0,0.0,1.0,2025.0,Завершено,4.540098189244376,11.696064082700971,basement,0,1,0,0,0,0,0,10+,cheap,6.180000000000001,1186730.8026095063
https://investmoscow.ru/tenders/tender/19791429,completed,19791429.0,103.8,20580000.0,198265.8959537572,ВАО,1,7.0,Вход через подъезд,1,0.0,10.718764536167518,4.569370815655284,55.7450375,37.7886411,40131000.0,95.0,11.0,2025.0,Завершено,4.6520537718869415,12.197369361357447,floor_1,1,0,0,0,0,0,0,0-5,medium,103.8,2125165.454280612
https://investmoscow.ru/tenders/tender/19864703,completed,19864703.0,12.4,1885000.0,152016.12903225806,ЗАО,1,17.0,Отдельный,1,26.0,17.469400809450047,9.745740968666231,55.6425686,37.4165143,3016000.0,60.0,6.0,2025.0,Завершено,2.5952547069568657,11.931748484480956,floor_1,1,0,0,0,0,1,0,10+,cheap,0.4592592592592592,2655630.687565592
https://investmoscow.ru/tenders/tender/19828535,completed,19828535.0,108.9,14552000.0,133627.18089990815,ЗАО,1,17.0,Отдельный,1,27.0,17.469400809450047,9.745740968666231,55.6425686,37.4165143,22555600.0,55.0,4.0,2025.0,Завершено,4.699570861409576,11.8028164527206,floor_1,1,0,0,0,0,0,0,10+,medium,3.889285714285714,2334386.7821773835
https://investmoscow.ru/tenders/tender/19802129,completed,19802129.0,4.9,10488000.0,2140408.163265306,ЦАО,1,2.0,Вход через подъезд,1,0.0,2.004222603854702,1.7205711916792066,55.765535,37.6387357,20976000.0,100.0,4.0,2025.0,Завершено,1.7749523509116738,14.576507566509592,floor_1,1,0,0,0,0,1,1,0-5,cheap,4.9,4289854.422291452
https://investmoscow.ru/tenders/tender/19955547,completed,19955547.0,516.3,30352000.0,58787.52663180322,СВАО,basement,12.0,Вход через подъезд,1,11.0,11.720757532452753,3.584050973849625,55.8575055,37.609889,66774400.0,120.0,8.0,2026.0,Завершено,6.248622977009469,10.981701989537829,basement,0,1,0,0,0,0,0,10+,expensive,43.025,689034.3455839744
https://investmoscow.ru/tenders/tender/19912417,completed,19912417.0,277.9,55779000.0,200716.0849226341,ВАО,1,5.0,Отдельный,0,7.0,8.183907674702269,1.0315115764982452,55.7842537,37.7353083,,0.0,0.0,2025.0,Завершено,5.630853294633443,12.209651657831186,floor_1,1,0,0,0,0,0,0,5-10,expensive,34.7375,1642641.9078345376
https://investmoscow.ru/tenders/tender/19840474,completed,19840474.0,58.6,19185000.0,327389.0784982936,ЦАО,1,3.0,Вход через места общего пользования,1,8.0,3.849539854397505,3.443285393133593,55.7857733,37.6315031,,0.0,0.0,2025.0,Завершено,4.087655574071304,12.698907639545196,floor_1,1,0,0,0,0,0,1,5-10,medium,6.511111111111111,1260297.3055736544
https://investmoscow.ru/tenders/tender/19974100,completed,19974100.0,193.1,32329000.0,167421.02537545314,ЗАО,1,26.0,Отдельный,1,19.0,13.454819643445893,10.40078934191431,55.8062195,37.4248616,,0.0,0.0,2026.0,Завершено,5.268373490174964,12.028273001712568,floor_1,1,0,0,0,0,0,0,10+,expensive,9.655,2252619.7009475003
https://investmoscow.ru/tenders/tender/19742164,completed,19742164.0,140.5,22767000.0,162042.7046263345,ВАО,1,10.0,Отдельный,1,1.0,14.178087863242462,12.584057678307902,55.6688623,37.7898068,,0.0,0.0,2025.0,Завершено,4.952299717083292,11.995621359474038,floor_1,1,0,0,0,0,0,0,0-5,medium,70.25,2297455.7037896165
https://investmoscow.ru/tenders/tender/19947309,completed,19947309.0,383.2,69944000.0,182526.0960334029,САО,1,12.0,Отдельный,1,7.0,6.87335740193182,2.7651900045804734,55.7852672,37.5246978,83932800.0,20.0,2.0,2026.0,Завершено,5.9511632503344565,12.1146539123998,floor_1,1,0,0,0,0,0,0,5-10,expensive,47.9,1254567.093216908
https://investmoscow.ru/tenders/tender/19917846,completed,19917846.0,138.8,31470000.0,226729.1066282421,САО,1,12.0,Отдельный,1,7.0,6.87335740193182,2.7651900045804734,55.7852672,37.5246978,47205000.0,50.0,2.0,2025.0,Завершено,4.94021282979971,12.331515631507887,floor_1,1,0,0,0,0,0,0,5-10,expensive,17.35,1558390.1832766165
https://investmoscow.ru/tenders/tender/19877935,completed,19877935.0,383.2,69944000.0,182526.0960334029,САО,1,12.0,Отдельный,1,7.0,6.87335740193182,2.7651900045804734,55.7852672,37.5246978,,0.0,0.0,2025.0,Завершено,5.9511632503344565,12.1146539123998,floor_1,1,0,0,0,0,0,0,5-10,expensive,47.9,1254567.093216908
https://investmoscow.ru/tenders/tender/19856396,completed,19856396.0,101.4,14826000.0,146213.0177514793,САО,1,6.0,Вход через места общего пользования,0,7.0,7.32807158451797,2.9369761723675105,55.8138717,37.5765788,14826000.0,0.0,1.0,2025.0,Завершено,4.628886712605407,11.892826702354633,floor_1,1,0,0,0,0,0,0,5-10,medium,12.675,1071459.4606712367
https://investmoscow.ru/tenders/tender/19872935,completed,19872935.0,60.9,5596000.0,91888.34154351396,ЮАО,basement,2.0,Вход через подъезд,1,66.0,19.635001064543783,9.224371407823716,55.5782727,37.6766891,,0.0,0.0,2025.0,Завершено,4.12552017969055,11.42834032276585,basement,0,1,0,0,0,0,0,10+,cheap,0.908955223880597,1804227.6840260592
https://investmoscow.ru/tenders/tender/19746185,completed,19746185.0,26.3,2319000.0,88174.90494296578,ЮАО,basement,2.0,Вход через места общего пользования,1,1.0,19.635001064543783,9.224371407823716,55.5782727,37.6766891,,0.0,0.0,2025.0,Завершено,3.3068867021909143,11.38708901808494,basement,0,1,0,0,0,1,0,0-5,cheap,13.15,1731314.35242118
https://investmoscow.ru/tenders/tender/19727332,completed,19727332.0,1620.2,155113000.0,95736.94605604246,ЮАО,1,2.0,Вход через подъезд,1,60.0,19.635001064543783,9.224371407823716,55.5782727,37.6766891,120212575.0,-22.5,3.0,2025.0,Завершено,7.390921894754154,11.469370009363988,floor_1,1,0,0,0,0,0,0,10+,expensive,26.56065573770492,1879795.0377265648
https://investmoscow.ru/tenders/tender/19780103,completed,19780103.0,216.3,23909400.0,110538.1414701803,Зеленоград,1,12.0,Отдельный,0,7.0,,,,,23909400.0,0.0,1.0,2025.0,Завершено,5.381278887262384,11.613124958667932,floor_1,1,0,0,0,0,0,0,5-10,medium,27.0375,1389972.1226240532
https://investmoscow.ru/tenders/tender/19746394,completed,19746394.0,216.3,23909400.0,110538.1414701803,Зеленоград,1,12.0,Отдельный,0,7.0,,,,,,0.0,0.0,2025.0,Завершено,5.381278887262384,11.613124958667932,floor_1,1,0,0,0,0,0,0,5-10,medium,27.0375,1389972.1226240532
https://investmoscow.ru/tenders/tender/19746360,completed,19746360.0,282.3,28552399.0,101142.04392490258,Зеленоград,1,12.0,Отдельный,0,7.0,,,,,,0.0,0.0,2025.0,Завершено,5.646506406836471,11.524291070333977,floor_1,1,0,0,0,0,0,0,5-10,expensive,35.2875,1271820.0216778328
https://investmoscow.ru/tenders/tender/19947408,completed,19947408.0,33.9,3654000.0,107787.61061946904,ЮАО,1,6.0,Отдельный,1,12.0,17.73173594980877,8.13605658147911,55.5925961,37.5989503,12789000.0,250.0,25.0,2026.0,Завершено,3.552486829208381,11.587927278994751,floor_1,1,0,0,0,0,1,0,10+,cheap,2.607692307692308,1911261.4501652285
https://investmoscow.ru/tenders/tender/19766110,completed,19766110.0,44.3,4496000.0,101489.84198645598,ЮАО,1,6.0,Отдельный,1,1.0,17.73173594980877,8.13605658147911,55.5925961,37.5989503,12588800.0,180.0,15.0,2025.0,Завершено,3.813307032488989,11.527723846658878,floor_1,1,0,0,0,0,1,0,0-5,cheap,22.15,1799591.079691653
https://investmoscow.ru/tenders/tender/19735724,completed,19735724.0,37.1,3143000.0,84716.98113207547,ЮАО,5,6.0,Вход через подъезд,1,11.0,17.73173594980877,8.13605658147911,55.5925961,37.5989503,3143000.0,0.0,1.0,2025.0,Завершено,3.6402142821326553,11.347083150105558,floor_3_plus,0,0,0,1,0,1,0,10+,cheap,3.091666666666667,1502179.1398988937
https://investmoscow.ru/tenders/tender/19733721,completed,19733721.0,37.0,3136000.0,84756.75675675676,ЮАО,4,6.0,Вход через подъезд,1,11.0,17.73173594980877,8.13605658147911,55.5925961,37.5989503,3136000.0,0.0,1.0,2025.0,Завершено,3.6375861597263857,11.347552546207998,floor_3_plus,0,0,0,1,0,1,0,10+,cheap,3.083333333333333,1502884.4307729811
https://investmoscow.ru/tenders/tender/19742464,completed,19742464.0,114.3,23061000.0,201758.53018372704,ЦАО,1,17.0,Отдельный,1,1.0,4.224178499725826,4.372818098257217,55.7413025,37.6823947,29979300.0,30.0,6.0,2025.0,Завершено,4.747537427275013,12.21483182260626,floor_1,1,0,0,0,0,0,1,0-5,medium,57.15,852264.0453383839
https://investmoscow.ru/tenders/tender/19946163,completed,19946163.0,90.4,8169000.0,90365.0442477876,ЮАО,basement,5.0,Отдельный,1,11.0,4.098489096191084,6.43337127072581,55.7150778,37.6180122,12253500.0,50.0,5.0,2026.0,Завершено,4.515245478460105,11.41162385909062,basement,0,1,0,0,0,0,1,10+,cheap,7.533333333333334,370360.1485263824
https://investmoscow.ru/tenders/tender/19968280,completed,19968280.0,113.0,17923000.0,158610.61946902654,ЮЗАО,1,10.0,Отдельный,1,7.0,23.190151873803504,13.827351589879742,55.545434,37.5619259,19715300.0,10.0,4.0,2026.0,Завершено,4.736198448394496,11.974213848229608,floor_1,1,0,0,0,0,0,0,5-10,medium,14.125,3678204.354284781
https://investmoscow.ru/tenders/tender/19926119,completed,19926119.0,62.3,5043000.0,80947.03049759229,ЗАО,basement,48.0,Вход через подъезд,1,0.0,10.913772586860109,7.119363975695356,55.7800636,37.4500583,6681975.0,32.5,4.0,2026.0,Завершено,4.147885329150131,11.301562628946831,basement,0,1,0,0,0,0,0,0-5,cheap,62.3,883437.4824323519
https://investmoscow.ru/tenders/tender/19927643,completed,19927643.0,87.1,6675000.0,76636.05051664753,ЗАО,basement,48.0,Вход через места общего пользования,1,0.0,10.913772586860109,7.119363975695356,55.7800636,37.4500583,3337500.0,-50.0,2.0,2026.0,Завершено,4.478472532942134,11.246835926996136,basement,0,1,0,0,0,0,0,0-5,cheap,87.1,836388.4272938144
https://investmoscow.ru/tenders/tender/19932528,completed,19932528.0,85.5,6628000.0,77520.4678362573,ЗАО,basement,48.0,Вход через подъезд,1,29.0,10.913772586860109,7.119363975695356,55.7800636,37.4500583,,0.0,0.0,2026.0,Завершено,4.460144413937834,11.258310181321624,basement,0,1,0,0,0,0,0,10+,cheap,2.85,846040.7567919157
https://investmoscow.ru/tenders/tender/19817314,completed,19817314.0,50.7,4240000.0,83629.191321499,ЗАО,basement,48.0,Вход через места общего пользования,1,29.0,10.913772586860109,7.119363975695356,55.7800636,37.4500583,,0.0,0.0,2025.0,Завершено,3.945457781514384,11.334159874086682,basement,0,1,0,0,0,0,0,10+,cheap,1.6900000000000002,912709.9757058552
https://investmoscow.ru/tenders/tender/19817144,completed,19817144.0,63.6,5123000.0,80550.31446540881,ЗАО,basement,48.0,Вход через места общего пользования,1,29.0,10.913772586860109,7.119363975695356,55.7800636,37.4500583,,0.0,0.0,2025.0,Завершено,4.168214410788556,11.29664970709902,basement,0,1,0,0,0,0,0,10+,cheap,2.12,879107.8138755399
https://investmoscow.ru/tenders/tender/19816585,completed,19816585.0,86.8,6652000.0,76635.94470046084,ЗАО,basement,48.0,Вход через места общего пользования,1,29.0,10.913772586860109,7.119363975695356,55.7800636,37.4500583,,0.0,0.0,2025.0,Завершено,4.475061500641071,11.246834546250671,basement,0,1,0,0,0,0,0,10+,cheap,2.893333333333333,836387.2724400167
https://investmoscow.ru/tenders/tender/19816742,completed,19816742.0,45.1,3828000.0,84878.0487804878,ЗАО,basement,48.0,Вход через места общего пользования,1,0.0,10.913772586860109,7.119363975695356,55.7800636,37.4500583,,0.0,0.0,2025.0,Завершено,3.830812950002602,11.348982566586145,basement,0,1,0,0,0,1,0,0-5,cheap,45.1,926339.7220066627
https://investmoscow.ru/tenders/tender/19817803,completed,19817803.0,60.4,4922000.0,81490.06622516556,ЗАО,basement,48.0,Вход через места общего пользования,1,29.0,10.913772586860109,7.119363975695356,55.7800636,37.4500583,,0.0,0.0,2025.0,Завершено,4.117409835153096,11.308248676351452,basement,0,1,0,0,0,0,0,10+,cheap,2.013333333333333,889364.0508696267
https://investmoscow.ru/tenders/tender/19816071,completed,19816071.0,85.5,6628000.0,77520.4678362573,ЗАО,basement,48.0,Вход через подъезд,1,29.0,10.913772586860109,7.119363975695356,55.7800636,37.4500583,,0.0,0.0,2025.0,Завершено,4.460144413937834,11.258310181321624,basement,0,1,0,0,0,0,0,10+,cheap,2.85,846040.7567919157
https://investmoscow.ru/tenders/tender/19817795,completed,19817795.0,43.6,3700000.0,84862.38532110091,ЗАО,basement,48.0,Вход через места общего пользования,1,29.0,10.913772586860109,7.119363975695356,55.7800636,37.4500583,,0.0,0.0,2025.0,Завершено,3.7977338590260175,11.34879801097382,basement,0,1,0,0,0,1,0,10+,cheap,1.4533333333333334,926168.7745729908
https://investmoscow.ru/tenders/tender/19816074,completed,19816074.0,45.7,3879000.0,84879.64989059081,ЗАО,basement,48.0,Вход через подъезд,1,29.0,10.913772586860109,7.119363975695356,55.7800636,37.4500583,,0.0,0.0,2025.0,Завершено,3.843744164674852,11.3490014298395,basement,0,1,0,0,0,1,0,10+,cheap,1.5233333333333334,926357.1961582137
https://investmoscow.ru/tenders/tender/19814461,completed,19814461.0,44.2,3751000.0,84864.25339366516,ЗАО,basement,48.0,Вход через места общего пользования,1,0.0,10.913772586860109,7.119363975695356,55.7800636,37.4500583,,0.0,0.0,2025.0,Завершено,3.8110970868381857,11.34882002343534,basement,0,1,0,0,0,1,0,0-5,cheap,44.2,926189.1622921329
https://investmoscow.ru/tenders/tender/19814808,completed,19814808.0,87.1,6675000.0,76636.05051664753,ЗАО,basement,48.0,Вход через места общего пользования,1,0.0,10.913772586860109,7.119363975695356,55.7800636,37.4500583,,0.0,0.0,2025.0,Завершено,4.478472532942134,11.246835926996136,basement,0,1,0,0,0,0,0,0-5,cheap,87.1,836388.4272938144
https://investmoscow.ru/tenders/tender/19814481,completed,19814481.0,62.3,5043000.0,80947.03049759229,ЗАО,basement,48.0,Вход через подъезд,1,0.0,10.913772586860109,7.119363975695356,55.7800636,37.4500583,,0.0,0.0,2025.0,Завершено,4.147885329150131,11.301562628946831,basement,0,1,0,0,0,0,0,0-5,cheap,62.3,883437.4824323519
https://investmoscow.ru/tenders/tender/19801486,completed,19801486.0,63.6,5123000.0,80550.31446540881,ЗАО,basement,48.0,Вход через места общего пользования,1,29.0,10.913772586860109,7.119363975695356,55.7800636,37.4500583,,0.0,0.0,2025.0,Завершено,4.168214410788556,11.29664970709902,basement,0,1,0,0,0,0,0,10+,cheap,2.12,879107.8138755399
https://investmoscow.ru/tenders/tender/19800226,completed,19800226.0,86.8,6652000.0,76635.94470046084,ЗАО,basement,48.0,Вход через места общего пользования,1,29.0,10.913772586860109,7.119363975695356,55.7800636,37.4500583,,0.0,0.0,2025.0,Завершено,4.475061500641071,11.246834546250671,basement,0,1,0,0,0,0,0,10+,cheap,2.893333333333333,836387.2724400167
https://investmoscow.ru/tenders/tender/19799229,completed,19799229.0,45.4,3853000.0,84867.84140969164,ЗАО,basement,48.0,Вход через места общего пользования,1,29.0,10.913772586860109,7.119363975695356,55.7800636,37.4500583,,0.0,0.0,2025.0,Завершено,3.8372994592322094,11.348862301517787,basement,0,1,0,0,0,1,0,10+,cheap,1.5133333333333332,926228.3210830836
https://investmoscow.ru/tenders/tender/19799086,completed,19799086.0,50.7,4240000.0,83629.191321499,ЗАО,basement,48.0,Вход через места общего пользования,1,29.0,10.913772586860109,7.119363975695356,55.7800636,37.4500583,,0.0,0.0,2025.0,Завершено,3.945457781514384,11.334159874086682,basement,0,1,0,0,0,0,0,10+,cheap,1.6900000000000002,912709.9757058552
https://investmoscow.ru/tenders/tender/19799224,completed,19799224.0,45.1,3828000.0,84878.0487804878,ЗАО,basement,48.0,Вход через места общего пользования,1,0.0,10.913772586860109,7.119363975695356,55.7800636,37.4500583,,0.0,0.0,2025.0,Завершено,3.830812950002602,11.348982566586145,basement,0,1,0,0,0,1,0,0-5,cheap,45.1,926339.7220066627
https://investmoscow.ru/tenders/tender/19799841,completed,19799841.0,60.4,4922000.0,81490.06622516556,ЗАО,basement,48.0,Вход через места общего пользования,1,29.0,10.913772586860109,7.119363975695356,55.7800636,37.4500583,,0.0,0.0,2025.0,Завершено,4.117409835153096,11.308248676351452,basement,0,1,0,0,0,0,0,10+,cheap,2.013333333333333,889364.0508696267
https://investmoscow.ru/tenders/tender/19800044,completed,19800044.0,45.7,3879000.0,84879.64989059081,ЗАО,basement,48.0,Вход через подъезд,1,29.0,10.913772586860109,7.119363975695356,55.7800636,37.4500583,,0.0,0.0,2025.0,Завершено,3.843744164674852,11.3490014298395,basement,0,1,0,0,0,1,0,10+,cheap,1.5233333333333334,926357.1961582137
https://investmoscow.ru/tenders/tender/19800034,completed,19800034.0,85.5,6628000.0,77520.4678362573,ЗАО,basement,48.0,Вход через подъезд,1,29.0,10.913772586860109,7.119363975695356,55.7800636,37.4500583,,0.0,0.0,2025.0,Завершено,4.460144413937834,11.258310181321624,basement,0,1,0,0,0,0,0,10+,cheap,2.85,846040.7567919157
https://investmoscow.ru/tenders/tender/19801228,completed,19801228.0,43.6,3700000.0,84862.38532110091,ЗАО,basement,48.0,Вход через места общего пользования,1,29.0,10.913772586860109,7.119363975695356,55.7800636,37.4500583,,0.0,0.0,2025.0,Завершено,3.7977338590260175,11.34879801097382,basement,0,1,0,0,0,1,0,10+,cheap,1.4533333333333334,926168.7745729908
https://investmoscow.ru/tenders/tender/19799946,completed,19799946.0,87.1,6675000.0,76636.05051664753,ЗАО,basement,48.0,Вход через места общего пользования,1,0.0,10.913772586860109,7.119363975695356,55.7800636,37.4500583,,0.0,0.0,2025.0,Завершено,4.478472532942134,11.246835926996136,basement,0,1,0,0,0,0,0,0-5,cheap,87.1,836388.4272938144
https://investmoscow.ru/tenders/tender/19799586,completed,19799586.0,44.2,3751000.0,84864.25339366516,ЗАО,basement,48.0,Вход через места общего пользования,1,0.0,10.913772586860109,7.119363975695356,55.7800636,37.4500583,,0.0,0.0,2025.0,Завершено,3.8110970868381857,11.34882002343534,basement,0,1,0,0,0,1,0,0-5,cheap,44.2,926189.1622921329
https://investmoscow.ru/tenders/tender/19799871,completed,19799871.0,62.3,5043000.0,80947.03049759229,ЗАО,basement,48.0,Вход через подъезд,1,0.0,10.913772586860109,7.119363975695356,55.7800636,37.4500583,,0.0,0.0,2025.0,Завершено,4.147885329150131,11.301562628946831,basement,0,1,0,0,0,0,0,0-5,cheap,62.3,883437.4824323519
https://investmoscow.ru/tenders/tender/19778163,completed,19778163.0,63.6,5123000.0,80550.31446540881,ЗАО,basement,48.0,Вход через места общего пользования,1,29.0,10.913772586860109,7.119363975695356,55.7800636,37.4500583,,0.0,0.0,2025.0,Завершено,4.168214410788556,11.29664970709902,basement,0,1,0,0,0,0,0,10+,cheap,2.12,879107.8138755399
https://investmoscow.ru/tenders/tender/19783376,completed,19783376.0,28.1,2556000.0,90960.85409252669,ЗАО,basement,48.0,Вход через подъезд,1,29.0,10.913772586860109,7.119363975695356,55.7800636,37.4500583,,0.0,0.0,2025.0,Завершено,3.370738174177447,11.41819551181965,basement,0,1,0,0,0,1,0,10+,cheap,0.9366666666666668,992726.0758723998
https://investmoscow.ru/tenders/tender/19771257,completed,19771257.0,33.1,2940000.0,88821.75226586103,ЗАО,basement,48.0,Вход через подъезд,1,0.0,10.913772586860109,7.119363975695356,55.7800636,37.4500583,,0.0,0.0,2025.0,Завершено,3.529297384289471,11.394398115371873,basement,0,1,0,0,0,1,0,0-5,cheap,33.1,969380.4049960338
https://investmoscow.ru/tenders/tender/19778259,completed,19778259.0,23.1,2172000.0,94025.97402597402,ЗАО,basement,48.0,Вход через подъезд,1,29.0,10.913772586860109,7.119363975695356,55.7800636,37.4500583,,0.0,0.0,2025.0,Завершено,3.1822118404966093,11.451336977810776,basement,0,1,0,0,0,1,0,10+,cheap,0.77,1026178.097777496
https://investmoscow.ru/tenders/tender/19783478,completed,19783478.0,20.6,1964000.0,95339.80582524271,ЗАО,basement,48.0,Вход через подъезд,1,0.0,10.913772586860109,7.119363975695356,55.7800636,37.4500583,,0.0,0.0,2025.0,Завершено,3.0726933146901194,11.465213180844376,basement,0,1,0,0,0,1,0,0-5,cheap,20.6,1040516.9592520996
https://investmoscow.ru/tenders/tender/19783488,completed,19783488.0,85.5,6628000.0,77520.4678362573,ЗАО,basement,48.0,Вход через подъезд,1,29.0,10.913772586860109,7.119363975695356,55.7800636,37.4500583,,0.0,0.0,2025.0,Завершено,4.460144413937834,11.258310181321624,basement,0,1,0,0,0,0,0,10+,cheap,2.85,846040.7567919157
https://investmoscow.ru/tenders/tender/19783354,completed,19783354.0,60.4,4922000.0,81490.06622516556,ЗАО,basement,48.0,Вход через места общего пользования,1,29.0,10.913772586860109,7.119363975695356,55.7800636,37.4500583,,0.0,0.0,2025.0,Завершено,4.117409835153096,11.308248676351452,basement,0,1,0,0,0,0,0,10+,cheap,2.013333333333333,889364.0508696267
https://investmoscow.ru/tenders/tender/19783496,completed,19783496.0,45.7,3879000.0,84879.64989059081,ЗАО,basement,48.0,Вход через подъезд,1,29.0,10.913772586860109,7.119363975695356,55.7800636,37.4500583,,0.0,0.0,2025.0,Завершено,3.843744164674852,11.3490014298395,basement,0,1,0,0,0,1,0,10+,cheap,1.5233333333333334,926357.1961582137
https://investmoscow.ru/tenders/tender/19783468,completed,19783468.0,24.1,2245000.0,93153.52697095436,ЗАО,basement,48.0,Вход через места общего пользования,1,29.0,10.913772586860109,7.119363975695356,55.7800636,37.4500583,,0.0,0.0,2025.0,Завершено,3.2228678461377385,11.442014973570856,basement,0,1,0,0,0,1,0,10+,cheap,0.8033333333333333,1016656.4090249356
https://investmoscow.ru/tenders/tender/19781448,completed,19781448.0,43.6,3700000.0,84862.38532110091,ЗАО,basement,48.0,Вход через места общего пользования,1,29.0,10.913772586860109,7.119363975695356,55.7800636,37.4500583,,0.0,0.0,2025.0,Завершено,3.7977338590260175,11.34879801097382,basement,0,1,0,0,0,1,0,10+,cheap,1.4533333333333334,926168.7745729908
https://investmoscow.ru/tenders/tender/19783485,completed,19783485.0,32.0,2854000.0,89187.5,ЗАО,basement,48.0,Вход через подъезд,1,0.0,10.913772586860109,7.119363975695356,55.7800636,37.4500583,,0.0,0.0,2025.0,Завершено,3.49650756146648,11.398507386489902,basement,0,1,0,0,0,1,0,0-5,cheap,32.0,973372.092590586
https://investmoscow.ru/tenders/tender/19783322,completed,19783322.0,87.1,6675000.0,76636.05051664753,ЗАО,basement,48.0,Вход через места общего пользования,1,0.0,10.913772586860109,7.119363975695356,55.7800636,37.4500583,,0.0,0.0,2025.0,Завершено,4.478472532942134,11.246835926996136,basement,0,1,0,0,0,0,0,0-5,cheap,87.1,836388.4272938144
https://investmoscow.ru/tenders/tender/19782273,completed,19782273.0,62.3,5043000.0,80947.03049759229,ЗАО,basement,48.0,Вход через подъезд,1,0.0,10.913772586860109,7.119363975695356,55.7800636,37.4500583,,0.0,0.0,2025.0,Завершено,4.147885329150131,11.301562628946831,basement,0,1,0,0,0,0,0,0-5,cheap,62.3,883437.4824323519
https://investmoscow.ru/tenders/tender/19771397,completed,19771397.0,44.2,3751000.0,84864.25339366516,ЗАО,basement,48.0,Вход через места общего пользования,1,0.0,10.913772586860109,7.119363975695356,55.7800636,37.4500583,,0.0,0.0,2025.0,Завершено,3.8110970868381857,11.34882002343534,basement,0,1,0,0,0,1,0,0-5,cheap,44.2,926189.1622921329
https://investmoscow.ru/tenders/tender/19771929,completed,19771929.0,45.1,3828000.0,84878.0487804878,ЗАО,basement,48.0,Вход через места общего пользования,1,0.0,10.913772586860109,7.119363975695356,55.7800636,37.4500583,,0.0,0.0,2025.0,Завершено,3.830812950002602,11.348982566586145,basement,0,1,0,0,0,1,0,0-5,cheap,45.1,926339.7220066627
https://investmoscow.ru/tenders/tender/19783503,completed,19783503.0,86.8,6652000.0,76635.94470046084,ЗАО,basement,48.0,Вход через места общего пользования,1,29.0,10.913772586860109,7.119363975695356,55.7800636,37.4500583,,0.0,0.0,2025.0,Завершено,4.475061500641071,11.246834546250671,basement,0,1,0,0,0,0,0,10+,cheap,2.893333333333333,836387.2724400167
https://investmoscow.ru/tenders/tender/19783312,completed,19783312.0,50.7,4240000.0,83629.191321499,ЗАО,basement,48.0,Вход через места общего пользования,1,29.0,10.913772586860109,7.119363975695356,55.7800636,37.4500583,,0.0,0.0,2025.0,Завершено,3.945457781514384,11.334159874086682,basement,0,1,0,0,0,0,0,10+,cheap,1.6900000000000002,912709.9757058552
https://investmoscow.ru/tenders/tender/19783365,completed,19783365.0,45.4,3853000.0,84867.84140969164,ЗАО,basement,48.0,Вход через места общего пользования,1,29.0,10.913772586860109,7.119363975695356,55.7800636,37.4500583,,0.0,0.0,2025.0,Завершено,3.8372994592322094,11.348862301517787,basement,0,1,0,0,0,1,0,10+,cheap,1.5133333333333332,926228.3210830836
https://investmoscow.ru/tenders/tender/19753486,completed,19753486.0,70.2,15590000.0,222079.77207977208,ЦАО,1,7.0,Вход через подъезд,1,1.0,1.7255218977305475,1.327783757374257,55.766992,37.6248036,,0.0,0.0,2025.0,Завершено,4.26549281841793,12.310796432878522,floor_1,1,0,0,0,0,0,1,0-5,medium,35.1,383203.5097666558
https://investmoscow.ru/tenders/tender/19792795,completed,19792795.0,325.1,19528000.0,60067.6714856967,ЗАО,basement,1.0,Отдельный,1,0.0,16.85239850376496,11.109549642769784,55.7843681,37.3539264,,0.0,0.0,2025.0,Завершено,5.787204082795274,11.003243711496708,basement,0,1,0,0,0,0,0,0-5,medium,325.1,1012284.3370702002
https://investmoscow.ru/tenders/tender/19774018,completed,19774018.0,325.1,19528000.0,60067.6714856967,ЗАО,basement,1.0,Отдельный,1,0.0,16.85239850376496,11.109549642769784,55.7843681,37.3539264,,0.0,0.0,2025.0,Завершено,5.787204082795274,11.003243711496708,basement,0,1,0,0,0,0,0,0-5,medium,325.1,1012284.3370702002
https://investmoscow.ru/tenders/tender/19999323,completed,19999323.0,152.5,28040000.0,183868.8524590164,ЮЗАО,basement,8.0,Вход через места общего пользования,1,17.0,10.065226694221847,2.62235647615304,55.6792072,37.5214212,,0.0,0.0,2026.0,Завершено,5.033700567027251,12.121983462727464,basement,0,1,0,0,0,0,0,10+,expensive,8.472222222222221,1850681.68200643
https://investmoscow.ru/tenders/tender/19780058,completed,19780058.0,133.8,21399300.0,159934.97757847531,ЮЗАО,basement,8.0,Вход через места общего пользования,1,15.0,10.065226694221847,2.62235647615304,55.6792072,37.5214212,21399300.0,0.0,1.0,2025.0,Завершено,4.903792198478207,11.982528874004007,basement,0,1,0,0,0,0,0,10+,medium,8.3625,1609781.8056626422
https://investmoscow.ru/tenders/tender/19746292,completed,19746292.0,133.8,21399300.0,159934.97757847531,ЮЗАО,basement,8.0,Вход через места общего пользования,1,15.0,10.065226694221847,2.62235647615304,55.6792072,37.5214212,,0.0,0.0,2025.0,Завершено,4.903792198478207,11.982528874004007,basement,0,1,0,0,0,0,0,10+,medium,8.3625,1609781.8056626422
https://investmoscow.ru/tenders/tender/19801211,completed,19801211.0,71.8,14730000.0,205153.2033426184,ЗАО,1,17.0,Отдельный,1,0.0,12.033853577799835,4.569167966174084,55.7399339,37.426057,20622000.0,40.0,6.0,2025.0,Завершено,4.28771595520264,12.23151718677873,floor_1,1,0,0,0,0,0,0,0-5,medium,71.8,2468783.6100416654
https://investmoscow.ru/tenders/tender/19775749,completed,19775749.0,611.0,87291000.0,142865.7937806874,ЮАО,1,14.0,Отдельный,1,0.0,8.126801854979588,2.5631918745896467,55.6789669,37.6266505,87291000.0,0.0,2.0,2025.0,Завершено,6.416732282512326,11.869667963091937,floor_1,1,0,0,0,0,0,0,0-5,expensive,611.0,1161041.9979100218
https://investmoscow.ru/tenders/tender/19742802,completed,19742802.0,575.5,82171800.0,142783.31885317116,СВАО,1,5.0,Вход через места общего пользования,1,1.0,4.372033731786262,4.832554928254659,55.7908581,37.6060616,,0.0,0.0,2025.0,Завершено,6.3569753397091135,11.869090510905265,floor_1,1,0,0,0,0,0,1,0-5,expensive,287.75,624253.4863624576
https://investmoscow.ru/tenders/tender/19823015,completed,19823015.0,31.1,6977000.0,224340.8360128617,ВАО,1,17.0,Отдельный,1,16.0,8.792595543514047,3.5986064176815704,55.8071593,37.7185196,,0.0,0.0,2025.0,Завершено,3.4688560301359703,12.320926221229476,floor_1,1,0,0,0,0,1,0,10+,cheap,1.8294117647058823,1972538.2349549031
https://investmoscow.ru/tenders/tender/19657137,completed,19657137.0,177.5,24821000.0,139836.61971830987,Зеленоград,1,17.0,Отдельный,1,9.0,36.6619228994357,2.5074808578128245,55.991971,37.214241,,0.0,0.0,2025.0,Завершено,5.184588601219693,11.84823716927932,floor_1,1,0,0,0,0,0,0,5-10,medium,17.75,5126679.370630386
https://investmoscow.ru/tenders/tender/19803153,completed,19803153.0,31.8,5284000.0,166163.5220125786,ЮАО,1,17.0,Вход через места общего пользования,1,0.0,18.51317031508974,8.812588978312347,55.6014563,37.7450657,5284000.0,0.0,2.0,2025.0,Завершено,3.490428515390098,12.020733672988166,floor_1,1,0,0,0,0,1,0,0-5,cheap,31.8,3076213.583174031
https://investmoscow.ru/tenders/tender/19859150,completed,19859150.0,265.4,18824000.0,70926.90278824416,ЮЗАО,basement,8.0,Отдельный,1,16.0,10.16459140848843,2.219304473927581,55.6761708,37.5262783,18824000.0,0.0,2.0,2025.0,Завершено,5.584998938666234,11.169419186414364,basement,0,1,0,0,0,0,0,10+,medium,15.61176470588235,720942.9867120807
https://investmoscow.ru/tenders/tender/19785056,completed,19785056.0,312.3,21991500.0,70417.86743515849,ЮЗАО,basement,8.0,Вход через места общего пользования,1,15.0,10.16459140848843,2.219304473927581,55.6761708,37.5262783,,0.0,0.0,2025.0,Завершено,5.747161197958146,11.162216509579974,basement,0,1,0,0,0,0,0,10+,medium,19.51875,715768.8503354893
https://investmoscow.ru/tenders/tender/19761183,completed,19761183.0,312.3,21991500.0,70417.86743515849,ЮЗАО,basement,8.0,Вход через места общего пользования,1,15.0,10.16459140848843,2.219304473927581,55.6761708,37.5262783,,0.0,0.0,2025.0,Завершено,5.747161197958146,11.162216509579974,basement,0,1,0,0,0,0,0,10+,medium,19.51875,715768.8503354893
https://investmoscow.ru/tenders/tender/19803405,completed,19803405.0,399.2,43597000.0,109210.92184368738,САО,basement,9.0,Отдельный,1,0.0,9.068569166462549,0.931610616768378,55.8182659,37.5325883,,0.0,0.0,2025.0,Завершено,5.991964422149633,11.601045510726593,basement,0,1,0,0,0,0,0,0-5,expensive,399.2,990386.7984726146
https://investmoscow.ru/tenders/tender/19782541,completed,19782541.0,399.2,43597000.0,109210.92184368738,САО,basement,9.0,Отдельный,1,0.0,9.068569166462549,0.931610616768378,55.8182659,37.5325883,,0.0,0.0,2025.0,Завершено,5.991964422149633,11.601045510726593,basement,0,1,0,0,0,0,0,0-5,expensive,399.2,990386.7984726146
https://investmoscow.ru/tenders/tender/19935429,completed,19935429.0,491.1,109577125.0,223125.8908572592,ВАО,1,10.0,Вход через места общего пользования,1,1.0,13.488511066079228,9.53722072223436,55.7020748,37.814361,238878132.5,118.0,17.0,2026.0,Завершено,6.198681947871933,12.315495905910426,floor_1,1,0,0,0,0,0,0,0-5,expensive,245.55,3009636.0479569267
https://investmoscow.ru/tenders/tender/19725708,completed,19725708.0,491.1,104139000.0,212052.53512522907,ВАО,1,10.0,Вход через места общего пользования,1,1.0,13.488511066079228,9.53722072223436,55.7020748,37.814361,271802790.0,161.0,21.0,2025.0,Завершено,6.198681947871933,12.264594045950895,floor_1,1,0,0,0,0,0,0,0-5,expensive,245.55,2860272.9666268067
https://investmoscow.ru/tenders/tender/19746191,completed,19746191.0,259.3,16374000.0,63146.93405322021,ВАО,basement,5.0,Вход через подъезд,1,1.0,13.15894105862365,4.323401078517043,55.7964216,37.8128028,,0.0,0.0,2025.0,Завершено,5.561834812000519,11.053235412330116,basement,0,1,0,0,0,0,0,0-5,medium,129.65,830946.7832391195
https://investmoscow.ru/tenders/tender/19894328,completed,19894328.0,197.9,35855000.0,181177.36230419404,ВАО,1,5.0,Вход через места общего пользования,1,12.0,6.947750015852539,2.7466909518171025,55.7880655,37.7084019,,0.0,0.0,2025.0,Завершено,5.292802185859927,12.107237252128414,floor_1,1,0,0,0,0,0,0,10+,expensive,15.223076923076924,1258775.0218210854
https://investmoscow.ru/tenders/tender/19849817,completed,19849817.0,197.9,35855000.0,181177.36230419404,ВАО,1,5.0,Вход через места общего пользования,1,12.0,6.947750015852539,2.7466909518171025,55.7880655,37.7084019,,0.0,0.0,2025.0,Завершено,5.292802185859927,12.107237252128414,floor_1,1,0,0,0,0,0,0,10+,expensive,15.223076923076924,1258775.0218210854
https://investmoscow.ru/tenders/tender/19636506,completed,19636506.0,368.0,26784000.0,72782.60869565218,САО,basement,5.0,Вход через места общего пользования,1,16.0,5.947099672778673,2.837344548976415,55.7986851,37.5707891,,0.0,0.0,2025.0,Завершено,5.910796644040527,11.19524605355402,basement,0,1,0,0,0,0,0,10+,expensive,21.647058823529413,432845.4283578913
https://investmoscow.ru/tenders/tender/19779709,completed,19779709.0,55.2,10527000.0,190706.52173913043,ЮЗАО,1,8.0,Вход через места общего пользования,1,16.0,9.374422369502188,2.285312572682133,55.6828171,37.5314301,12632400.0,20.0,4.0,2025.0,Завершено,4.028916756899646,12.158496233595828,floor_1,1,0,0,0,0,0,0,10+,cheap,3.247058823529412,1787763.4834012596
https://investmoscow.ru/tenders/tender/19847668,completed,19847668.0,19.4,4624000.0,238350.5154639176,ЗАО,2,9.0,Вход через места общего пользования,1,19.0,10.344734329423488,1.8012331697875943,55.7072021,37.4722864,7398400.0,60.0,15.0,2025.0,Завершено,3.0155349008501706,12.381501818757997,floor_2,0,0,0,0,1,1,0,10+,cheap,0.97,2465672.759755372
https://investmoscow.ru/tenders/tender/19781904,completed,19781904.0,113.7,17816000.0,156693.05189094107,САО,1,15.0,Отдельный,1,0.0,14.316859064584069,7.485053025539022,55.8760123,37.5545019,18706800.0,5.0,4.0,2025.0,Завершено,4.742320024135325,11.962050469046392,floor_1,1,0,0,0,0,0,0,0-5,medium,113.7,2243352.3403221616
https://investmoscow.ru/tenders/tender/19797633,completed,19797633.0,11.1,3982000.0,358738.7387387388,ЮЗАО,basement,15.0,Отдельный,1,0.0,9.318249385869729,1.806637092650189,55.6696145,37.5888522,6172100.0,55.0,0.0,2025.0,Завершено,2.4932054526026954,12.790352442828054,basement,0,1,0,0,0,1,0,0-5,cheap,11.1,3342817.031939934
https://investmoscow.ru/tenders/tender/19751442,completed,19751442.0,175.5,25269000.0,143982.90598290597,ЗАО,1,22.0,Отдельный,1,1.0,10.199107873211355,1.8348490119446776,55.7244575,37.4617387,31586250.0,25.0,5.0,2025.0,Завершено,5.173320876373351,11.877456808304478,floor_1,1,0,0,0,0,0,0,0-5,expensive,87.75,1468497.1900181067
https://investmoscow.ru/tenders/tender/19681785,completed,19681785.0,100.2,30005000.0,299451.09780439123,ЦАО,1,6.0,Отдельный,1,7.0,2.3304847976197727,2.737711578409938,55.7320537,37.6291452,,0.0,0.0,2025.0,Завершено,4.617098756853365,12.609709743192836,floor_1,1,0,0,0,0,0,1,5-10,expensive,12.525,697866.2310636855
https://investmoscow.ru/tenders/tender/19881605,completed,19881605.0,164.3,11732000.0,71405.96469872184,ЮАО,basement,4.0,Отдельный,1,12.0,5.175283327921158,6.328467016597313,55.7073434,37.5936867,17598000.0,50.0,8.0,2025.0,Завершено,5.107762004826979,11.176150688370518,basement,0,1,0,0,0,0,0,10+,cheap,12.63846153846154,369546.09861942194
https://investmoscow.ru/tenders/tender/19969926,completed,19969926.0,145.7,30370000.0,208442.0041180508,САО,1,15.0,Отдельный,1,5.0,13.307372176309109,6.395463660335667,55.8661945,37.5526411,37962500.0,25.0,2.0,2026.0,Завершено,4.988389685148936,12.247420921306794,floor_1,1,0,0,0,0,0,0,0-5,expensive,24.28333333333333,2773815.3259746577
https://investmoscow.ru/tenders/tender/19967611,completed,19967611.0,152.7,9212000.0,60327.439423706615,ЮАО,basement,5.0,Вход через места общего пользования,1,18.0,3.996292046728004,6.434135403773531,55.7173143,37.6346443,10593800.0,15.0,2.0,2026.0,Завершено,5.03500265054455,11.007558903765691,basement,0,1,0,0,0,0,1,10+,cheap,8.036842105263156,241086.0663684242
https://investmoscow.ru/tenders/tender/19878249,completed,19878249.0,189.0,15491700.0,81966.66666666667,ЮАО,basement,9.0,Вход через места общего пользования,1,14.0,9.99992152433722,1.3960900043773403,55.6621053,37.6280183,,0.0,0.0,2025.0,Завершено,5.247024072160486,11.314080139543089,basement,0,1,0,0,0,0,0,10+,medium,12.6,819660.2342781741
https://investmoscow.ru/tenders/tender/19729909,completed,19729909.0,189.0,18868500.0,99833.33333333331,ЮАО,basement,9.0,Вход через места общего пользования,1,14.0,9.99992152433722,1.3960900043773403,55.6621053,37.6280183,,0.0,0.0,2025.0,Завершено,5.247024072160486,11.511267424513855,basement,0,1,0,0,0,0,0,10+,medium,12.6,998325.4988463322
https://investmoscow.ru/tenders/tender/19952562,completed,19952562.0,69.5,25848000.0,371913.6690647482,ЗАО,1,22.0,Отдельный,1,6.0,12.496434136632631,4.809439078704313,55.7369974,37.4192393,25848000.0,0.0,3.0,2026.0,Завершено,4.255612709818223,12.826419722708147,floor_1,1,0,0,0,0,0,0,5-10,expensive,9.928571428571429,4647594.669981011
https://investmoscow.ru/tenders/tender/19952430,completed,19952430.0,53.3,19811000.0,371688.5553470919,ЗАО,1,22.0,Отдельный,1,6.0,12.496434136632631,4.809439078704313,55.7369974,37.4192393,25754300.0,30.0,3.0,2026.0,Завершено,3.9945242269398897,12.825814256205556,floor_1,1,0,0,0,0,0,0,5-10,medium,7.614285714285714,4644781.551235067
https://investmoscow.ru/tenders/tender/19946115,completed,19946115.0,53.6,19923000.0,371697.7611940298,ЗАО,1,22.0,Отдельный,1,7.0,12.496434136632631,4.809439078704313,55.7369974,37.4192393,26896050.0,35.0,3.0,2026.0,Завершено,4.000033882750859,12.825839023468465,floor_1,1,0,0,0,0,0,0,5-10,medium,6.7,4644896.591494998
https://investmoscow.ru/tenders/tender/19830111,completed,19830111.0,51.6,19740000.0,382558.1395348837,ЗАО,1,22.0,Отдельный,1,6.0,12.496434136632631,12.546094405030145,55.7369974,37.4192393,19740000.0,0.0,1.0,2025.0,Завершено,3.962716119743664,12.85463853346044,floor_1,1,0,0,0,0,0,0,5-10,medium,7.371428571428572,4780612.59413039
https://investmoscow.ru/tenders/tender/19974211,completed,19974211.0,145.2,48401000.0,333340.22038567497,ЗАО,1,22.0,Отдельный,1,7.0,12.496434136632631,4.809439078704313,55.7369974,37.4192393,48401000.0,0.0,2.0,2026.0,Завершено,4.984975547315679,12.71692193017327,floor_1,1,0,0,0,0,0,0,5-10,expensive,18.15,4165564.109140193
https://investmoscow.ru/tenders/tender/19743185,completed,19743185.0,157.0,8080000.0,51464.96815286624,ЦАО,basement,8.0,Вход через подъезд,1,13.0,5.075729182372294,5.242971258615828,55.7367008,37.6940704,14948000.0,85.0,13.0,2025.0,Завершено,5.062595033026967,10.848676055653266,basement,0,1,0,0,0,0,0,10+,cheap,11.214285714285714,261222.2407233639
https://investmoscow.ru/tenders/tender/19765425,completed,19765425.0,126.5,17833000.0,140972.33201581027,ЦАО,basement,6.0,Отдельный,1,0.0,3.265221027711974,3.5009248397148864,55.7361213,37.573499,17833000.0,0.0,1.0,2025.0,Завершено,4.848116364598481,11.856326016832451,basement,0,1,0,0,0,0,1,0-5,medium,126.5,460305.8228236176
https://investmoscow.ru/tenders/tender/19889275,completed,19889275.0,15.4,1634000.0,106103.8961038961,ЮЗАО,basement,29.0,Вход через места общего пользования,1,0.0,14.534084978762374,5.685294013873138,55.6467619,37.4790652,1021250.0,-37.5,5.0,2025.0,Завершено,2.797281334830153,11.572183469662692,basement,0,1,0,0,0,1,0,0-5,cheap,15.4,1542123.0425518
https://investmoscow.ru/tenders/tender/19890673,completed,19890673.0,12.3,1329000.0,108048.78048780488,ЮЗАО,basement,29.0,Вход через места общего пользования,1,0.0,14.534084978762374,5.685294013873138,55.6467619,37.4790652,1229325.0,-7.5,5.0,2025.0,Завершено,2.5877640352277083,11.59034733035319,basement,0,1,0,0,0,1,0,0-5,cheap,12.3,1570390.157461398
https://investmoscow.ru/tenders/tender/19890685,completed,19890685.0,11.9,1293000.0,108655.46218487396,ЮЗАО,basement,29.0,Вход через места общего пользования,1,0.0,14.534084978762374,5.685294013873138,55.6467619,37.4790652,1810200.0,40.0,6.0,2025.0,Завершено,2.5572273113676265,11.595946460997098,basement,0,1,0,0,0,1,0,0-5,cheap,11.9,1579207.72080166
https://investmoscow.ru/tenders/tender/19815260,completed,19815260.0,15.4,1634000.0,106103.8961038961,ЮЗАО,basement,29.0,Вход через места общего пользования,1,0.0,14.534084978762374,5.685294013873138,55.6467619,37.4790652,,0.0,0.0,2025.0,Завершено,2.797281334830153,11.572183469662692,basement,0,1,0,0,0,1,0,0-5,cheap,15.4,1542123.0425518
https://investmoscow.ru/tenders/tender/19815246,completed,19815246.0,11.9,1293000.0,108655.46218487396,ЮЗАО,basement,29.0,Вход через места общего пользования,1,0.0,14.534084978762374,5.685294013873138,55.6467619,37.4790652,,0.0,0.0,2025.0,Завершено,2.5572273113676265,11.595946460997098,basement,0,1,0,0,0,1,0,0-5,cheap,11.9,1579207.72080166
https://investmoscow.ru/tenders/tender/19815215,completed,19815215.0,12.3,1329000.0,108048.78048780488,ЮЗАО,basement,29.0,Вход через места общего пользования,1,0.0,14.534084978762374,5.685294013873138,55.6467619,37.4790652,,0.0,0.0,2025.0,Завершено,2.5877640352277083,11.59034733035319,basement,0,1,0,0,0,1,0,0-5,cheap,12.3,1570390.157461398
https://investmoscow.ru/tenders/tender/19799319,completed,19799319.0,12.3,1329000.0,108048.78048780488,ЮЗАО,basement,29.0,Вход через места общего пользования,1,0.0,14.534084978762374,5.685294013873138,55.6467619,37.4790652,,0.0,0.0,2025.0,Завершено,2.5877640352277083,11.59034733035319,basement,0,1,0,0,0,1,0,0-5,cheap,12.3,1570390.157461398
https://investmoscow.ru/tenders/tender/19799454,completed,19799454.0,15.4,1634000.0,106103.8961038961,ЮЗАО,basement,29.0,Вход через места общего пользования,1,0.0,14.534084978762374,5.685294013873138,55.6467619,37.4790652,,0.0,0.0,2025.0,Завершено,2.797281334830153,11.572183469662692,basement,0,1,0,0,0,1,0,0-5,cheap,15.4,1542123.0425518
https://investmoscow.ru/tenders/tender/19799327,completed,19799327.0,11.9,1293000.0,108655.46218487396,ЮЗАО,basement,29.0,Вход через места общего пользования,1,0.0,14.534084978762374,5.685294013873138,55.6467619,37.4790652,,0.0,0.0,2025.0,Завершено,2.5572273113676265,11.595946460997098,basement,0,1,0,0,0,1,0,0-5,cheap,11.9,1579207.72080166
https://investmoscow.ru/tenders/tender/19723441,completed,19723441.0,70.4,5527000.0,78508.52272727272,ЮЗАО,basement,29.0,Вход через подъезд,1,6.0,14.534084978762374,5.685294013873138,55.6467619,37.4790652,,0.0,0.0,2025.0,Завершено,4.268297869345539,11.270975205040882,basement,0,1,0,0,0,0,0,5-10,cheap,10.05714285714286,1141049.5408752789
https://investmoscow.ru/tenders/tender/19723402,completed,19723402.0,97.4,7352000.0,75482.54620123203,ЮЗАО,basement,29.0,Вход через подъезд,1,6.0,14.534084978762374,5.685294013873138,55.6467619,37.4790652,3676000.0,-50.0,2.0,2025.0,Завершено,4.589040804058207,11.231669980377172,basement,0,1,0,0,0,0,0,5-10,cheap,13.914285714285716,1097069.7409020634
https://investmoscow.ru/tenders/tender/19871741,completed,19871741.0,615.1,97216000.0,158049.0977076898,ЗАО,2,7.0,Вход через подъезд,1,0.0,13.975957079202626,8.111486015249557,55.7704843,37.3961947,,0.0,0.0,2025.0,Завершено,6.423409288020525,11.970667335851038,floor_2,0,0,0,0,1,0,0,0-5,expensive,615.1,2208887.405969375
https://investmoscow.ru/tenders/tender/19863624,completed,19863624.0,495.4,87840000.0,177311.26362535323,ЗАО,1,7.0,Отдельный,1,0.0,13.975957079202626,8.111486015249557,55.7704843,37.3961947,,0.0,0.0,2025.0,Завершено,6.207382053330452,12.085667658453968,floor_1,1,0,0,0,0,0,0,0-5,expensive,495.4,2478094.6100871186
https://investmoscow.ru/tenders/tender/19828830,completed,19828830.0,615.1,97216000.0,158049.0977076898,ЗАО,2,7.0,Вход через подъезд,1,0.0,13.975957079202626,8.111486015249557,55.7704843,37.3961947,,0.0,0.0,2025.0,Завершено,6.423409288020525,11.970667335851038,floor_2,0,0,0,0,1,0,0,0-5,expensive,615.1,2208887.405969375
https://investmoscow.ru/tenders/tender/19820665,completed,19820665.0,495.4,87840000.0,177311.26362535323,ЗАО,1,7.0,Отдельный,1,0.0,13.975957079202626,8.111486015249557,55.7704843,37.3961947,,0.0,0.0,2025.0,Завершено,6.207382053330452,12.085667658453968,floor_1,1,0,0,0,0,0,0,0-5,expensive,495.4,2478094.6100871186
https://investmoscow.ru/tenders/tender/19810042,completed,19810042.0,615.1,97216000.0,158049.0977076898,ЗАО,2,7.0,Вход через места общего пользования,1,0.0,13.975957079202626,8.111486015249557,55.7704843,37.3961947,,0.0,0.0,2025.0,Завершено,6.423409288020525,11.970667335851038,floor_2,0,0,0,0,1,0,0,0-5,expensive,615.1,2208887.405969375
https://investmoscow.ru/tenders/tender/19801724,completed,19801724.0,495.4,87840000.0,177311.26362535323,ЗАО,1,7.0,Отдельный,1,0.0,13.975957079202626,8.111486015249557,55.7704843,37.3961947,,0.0,0.0,2025.0,Завершено,6.207382053330452,12.085667658453968,floor_1,1,0,0,0,0,0,0,0-5,expensive,495.4,2478094.6100871186
https://investmoscow.ru/tenders/tender/19740370,completed,19740370.0,147.1,20836800.0,141650.5778382053,ЗАО,basement,9.0,Отдельный,1,24.0,12.574592843132104,4.169524401002661,55.7219789,37.4234009,20836800.0,0.0,4.0,2025.0,Завершено,4.997887721273753,11.861125644188544,basement,0,1,0,0,0,0,0,10+,medium,5.884,1781198.3423098233
https://investmoscow.ru/tenders/tender/19918068,completed,19918068.0,187.4,15523000.0,82833.51120597652,САО,basement,8.0,Отдельный,1,5.0,8.84389755886634,1.4857082731690905,55.803381,37.5092974,21732200.0,40.0,6.0,2025.0,Завершено,5.238567362142263,11.324600055540072,basement,0,1,0,0,0,0,0,0-5,medium,31.23333333333333,732571.0875468634
https://investmoscow.ru/tenders/tender/19798812,completed,19798812.0,66.5,4755000.0,71503.75939849624,ЗАО,basement,5.0,Вход через места общего пользования,1,0.0,9.36173446328905,8.436549834599083,55.7960047,37.4896515,4755000.0,0.0,3.0,2025.0,Завершено,4.212127597878484,11.17751929148068,basement,0,1,0,0,0,0,0,0-5,cheap,66.5,669399.2086156306
https://investmoscow.ru/tenders/tender/19962064,completed,19962064.0,43.4,3546200.0,81709.67741935485,ЮАО,basement,7.0,Вход через места общего пользования,1,13.0,14.794063751190796,5.189853264601338,55.6187718,37.6109072,3546200.0,0.0,2.0,2026.0,Завершено,3.7932394694381792,11.310939962876205,basement,0,1,0,0,0,1,0,10+,cheap,3.1,1208818.1768311707
https://investmoscow.ru/tenders/tender/19874597,completed,19874597.0,91.8,26702000.0,290871.45969498914,ЦАО,2,6.0,Вход через места общего пользования,1,8.0,1.4561958308029237,1.4213914825348548,55.7545861,37.5946464,65419900.0,145.0,9.0,2025.0,Завершено,4.530446639792155,12.580640167244546,floor_2,0,0,0,0,1,0,1,5-10,expensive,10.2,423565.8069074039
https://investmoscow.ru/tenders/tender/19763048,completed,19763048.0,27.3,5607000.0,205384.6153846153,ЮАО,1,14.0,Вход через места общего пользования,1,1.0,12.872942330769089,2.546464698197773,55.639699,37.6689412,5607000.0,0.0,1.0,2025.0,Завершено,3.342861804649192,12.2326445418169,floor_1,1,0,0,0,0,1,0,0-5,cheap,13.65,2643904.309473343
https://investmoscow.ru/tenders/tender/19726484,completed,19726484.0,27.3,5607000.0,205384.6153846153,ЮАО,1,14.0,Вход через места общего пользования,1,1.0,12.872942330769089,2.546464698197773,55.639699,37.6689412,,0.0,0.0,2025.0,Завершено,3.342861804649192,12.2326445418169,floor_1,1,0,0,0,0,1,0,0-5,cheap,13.65,2643904.309473343
https://investmoscow.ru/tenders/tender/19778856,completed,19778856.0,86.0,26398800.0,306962.79069767444,ЦАО,2,3.0,Вход через подъезд,1,0.0,1.9867413300036127,1.6215740906111065,55.7677176,37.6022853,,0.0,0.0,2025.0,Завершено,4.465908118654584,12.634485074003022,floor_2,0,0,0,0,1,0,1,0-5,expensive,86.0,609855.6630523185
https://investmoscow.ru/tenders/tender/19759036,completed,19759036.0,86.0,26398800.0,306962.79069767444,ЦАО,2,3.0,Вход через подъезд,1,0.0,1.9867413300036127,1.6215740906111065,55.7677176,37.6022853,,0.0,0.0,2025.0,Завершено,4.465908118654584,12.634485074003022,floor_2,0,0,0,0,1,0,1,0-5,expensive,86.0,609855.6630523185
https://investmoscow.ru/tenders/tender/19763449,completed,19763449.0,79.8,10247400.0,128413.53383458647,Зеленоград,1,9.0,Вход через места общего пользования,1,1.0,36.6619228994357,2.5074808578128245,55.991971,37.214241,10247400.0,0.0,2.0,2025.0,Завершено,4.39197696552705,11.763018855690431,floor_1,1,0,0,0,0,0,0,0-5,cheap,39.9,4707887.076687687
https://investmoscow.ru/tenders/tender/19727278,completed,19727278.0,79.8,10247400.0,128413.53383458647,Зеленоград,1,9.0,Вход через места общего пользования,1,1.0,36.6619228994357,2.5074808578128245,55.991971,37.214241,10247400.0,0.0,1.0,2025.0,Завершено,4.39197696552705,11.763018855690431,floor_1,1,0,0,0,0,0,0,0-5,cheap,39.9,4707887.076687687
https://investmoscow.ru/tenders/tender/19866021,completed,19866021.0,175.3,15804000.0,90154.02167712493,ЮАО,basement,8.0,Вход через подъезд,1,0.0,9.655721471999607,7.068296178451283,55.676432,37.5409388,12248100.0,-22.5,8.0,2025.0,Завершено,5.172187089403825,11.409285930653288,basement,0,1,0,0,0,0,0,0-5,medium,175.3,870502.1228949332
https://investmoscow.ru/tenders/tender/19813463,completed,19813463.0,175.3,15804000.0,90154.02167712493,ЮАО,basement,8.0,Вход через подъезд,1,0.0,9.655721471999607,7.068296178451283,55.676432,37.5409388,,0.0,0.0,2025.0,Завершено,5.172187089403825,11.409285930653288,basement,0,1,0,0,0,0,0,0-5,medium,175.3,870502.1228949332
https://investmoscow.ru/tenders/tender/19792154,completed,19792154.0,175.3,15804000.0,90154.02167712493,ЮАО,basement,8.0,Вход через подъезд,1,0.0,9.655721471999607,7.068296178451283,55.676432,37.5409388,,0.0,0.0,2025.0,Завершено,5.172187089403825,11.409285930653288,basement,0,1,0,0,0,0,0,0-5,medium,175.3,870502.1228949332
https://investmoscow.ru/tenders/tender/19781390,completed,19781390.0,113.4,18168000.0,160211.64021164022,САО,1,17.0,Отдельный,1,0.0,13.272733991706602,6.51439461521357,55.8666604,37.5572166,20893200.0,15.0,3.0,2025.0,Завершено,4.739701078945697,11.984257213198124,floor_1,1,0,0,0,0,0,0,0-5,medium,113.4,2126446.482904105
https://investmoscow.ru/tenders/tender/19779536,completed,19779536.0,81.3,11843000.0,145670.35670356703,Зеленоград,1,17.0,Отдельный,1,0.0,36.6619228994357,2.5074808578128245,55.991971,37.214241,11843000.0,0.0,1.0,2025.0,Завершено,4.410371107683024,11.889108381940964,floor_1,1,0,0,0,0,0,0,0-5,cheap,81.3,5340555.386199471
https://investmoscow.ru/tenders/tender/19764515,completed,19764515.0,44.4,8017000.0,180563.06306306308,ЮАО,basement,8.0,Вход через места общего пользования,1,0.0,13.158072659359531,3.116920138587127,55.6395387,37.6840918,,0.0,0.0,2025.0,Завершено,3.8155121050473024,12.103840913802832,basement,0,1,0,0,0,1,0,0-5,cheap,44.4,2375861.9033803013
https://investmoscow.ru/tenders/tender/19859669,completed,19859669.0,142.9,21699900.0,151853.74387683693,ЗАО,1,16.0,Отдельный,1,1.0,14.46535529807986,5.82733206938693,55.7091835,37.3987914,21699900.0,0.0,4.0,2025.0,Завершено,4.969118613893322,11.930679710531438,floor_1,1,0,0,0,0,0,0,0-5,medium,71.45,2196618.358522065
https://investmoscow.ru/tenders/tender/19743182,completed,19743182.0,142.9,23177000.0,162190.34289713085,ЗАО,1,16.0,Отдельный,1,1.0,14.46535529807986,5.82733206938693,55.7091835,37.3987914,,0.0,0.0,2025.0,Завершено,4.969118613893322,11.99653204622507,floor_1,1,0,0,0,0,0,0,0-5,medium,71.45,2346140.935924401
https://investmoscow.ru/tenders/tender/19942642,completed,19942642.0,9097.4,442606705.0,48652.00002198431,ВАО,basement,7.0,Отдельный,1,0.0,20.47259381470139,14.861980864063986,55.6898812,37.9260813,,0.0,0.0,2026.0,Завершено,9.115853852870234,10.792468751118555,basement,0,1,0,0,0,0,0,0-5,expensive,9097.4,996032.634722928
https://investmoscow.ru/tenders/tender/19890691,completed,19890691.0,9097.4,442606705.0,48652.00002198431,ВАО,basement,7.0,Отдельный,1,0.0,20.47259381470139,14.861980864063986,55.6898812,37.9260813,,0.0,0.0,2025.0,Завершено,9.115853852870234,10.792468751118555,basement,0,1,0,0,0,0,0,0-5,expensive,9097.4,996032.634722928
https://investmoscow.ru/tenders/tender/19790227,completed,19790227.0,9097.4,432426715.0,47533.00008793722,ВАО,basement,7.0,Отдельный,1,0.0,20.47259381470139,14.861980864063986,55.6898812,37.9260813,,0.0,0.0,2025.0,Завершено,9.115853852870234,10.769200525291298,basement,0,1,0,0,0,0,0,0-5,expensive,9097.4,973123.803594504
https://investmoscow.ru/tenders/tender/19770602,completed,19770602.0,9097.4,432426715.0,47533.00008793722,ВАО,basement,7.0,Отдельный,1,0.0,20.47259381470139,14.861980864063986,55.6898812,37.9260813,,0.0,0.0,2025.0,Завершено,9.115853852870234,10.769200525291298,basement,0,1,0,0,0,0,0,0-5,expensive,9097.4,973123.803594504
https://investmoscow.ru/tenders/tender/19783257,completed,19783257.0,49.3,5840000.0,118458.4178498986,ЦАО,basement,6.0,Вход через подъезд,1,0.0,3.3753860343744555,3.2405923319380534,55.76256,37.566829,,0.0,0.0,2025.0,Завершено,3.918005077105693,11.682325715500957,basement,0,1,0,0,0,1,1,0-5,cheap,49.3,399842.8892646415
https://investmoscow.ru/tenders/tender/19911224,completed,19911224.0,1221.3,196159000.0,160614.91852943585,ЦАО,5,5.0,Вход через подъезд,1,1.0,3.0660443588603465,2.7399183080496954,55.7736053,37.5869193,196159000.0,0.0,4.0,2026.0,Завершено,7.108489608783217,11.986771194695129,floor_3_plus,0,0,0,1,0,0,1,0-5,expensive,610.65,492452.4649059909
https://investmoscow.ru/tenders/tender/19862236,completed,19862236.0,1221.3,196159000.0,160614.91852943585,ЦАО,5,5.0,Вход через подъезд,1,1.0,3.0660443588603465,2.7399183080496954,55.7736053,37.5869193,,0.0,0.0,2025.0,Завершено,7.108489608783217,11.986771194695129,floor_3_plus,0,0,0,1,0,0,1,0-5,expensive,610.65,492452.4649059909
https://investmoscow.ru/tenders/tender/19861471,completed,19861471.0,115.3,9922000.0,86053.77276669558,СВАО,basement,9.0,Отдельный,1,7.0,4.769799190611024,4.954984809755121,55.793107,37.5952542,,0.0,0.0,2025.0,Завершено,4.7561730595246186,11.3627392651416,basement,0,1,0,0,0,0,1,5-10,cheap,14.4125,410459.2156916096
https://investmoscow.ru/tenders/tender/19848980,completed,19848980.0,65.3,11707000.0,179280.24502297092,ВАО,1,17.0,Отдельный,1,9.0,12.357569544085102,7.662409879660495,55.7186384,37.8062309,22243300.0,90.0,5.0,2025.0,Завершено,4.194189897191817,12.096711053023268,floor_1,1,0,0,0,0,0,0,5-10,cheap,6.529999999999999,2215468.0957519803
https://investmoscow.ru/tenders/tender/19792289,completed,19792289.0,196.9,47804000.0,242783.1386490604,ЗАО,1,7.0,Отдельный,1,0.0,9.541457679918745,8.07092070731396,55.7926,37.4828696,57364800.0,20.0,2.0,2025.0,Завершено,5.28776185260852,12.399928009217527,floor_1,1,0,0,0,0,0,0,0-5,expensive,196.9,2316505.042817855
https://investmoscow.ru/tenders/tender/19892258,completed,19892258.0,89.4,10491800.0,117357.94183445188,ЮЗАО,basement,5.0,Отдельный,1,16.0,8.397089400672126,2.3155968835669105,55.6774619,37.5945434,15737700.0,50.0,5.0,2025.0,Завершено,4.504244267398131,11.672992396369022,basement,0,1,0,0,0,0,0,10+,cheap,5.258823529411765,985465.1294627716
https://investmoscow.ru/tenders/tender/19940325,completed,19940325.0,176.8,12516300.0,70793.5520361991,СВАО,basement,16.0,Отдельный,1,8.0,16.36522015938948,8.465220856333048,55.8977064,37.5775077,14393745.0,15.0,2.0,2026.0,Завершено,5.180659323079804,11.167537328079856,basement,0,1,0,0,0,0,0,5-10,cheap,19.64444444444445,1158552.0649375936
https://investmoscow.ru/tenders/tender/19878503,completed,19878503.0,176.8,12516300.0,70793.5520361991,СВАО,basement,16.0,Отдельный,1,8.0,16.36522015938948,8.465220856333048,55.8977064,37.5775077,,0.0,0.0,2025.0,Завершено,5.180659323079804,11.167537328079856,basement,0,1,0,0,0,0,0,5-10,cheap,19.64444444444445,1158552.0649375936
https://investmoscow.ru/tenders/tender/19764299,completed,19764299.0,176.8,13311900.0,75293.5520361991,СВАО,basement,16.0,Отдельный,1,8.0,16.36522015938948,8.465220856333048,55.8977064,37.5775077,,0.0,0.0,2025.0,Завершено,5.180659323079804,11.229163061053711,basement,0,1,0,0,0,0,0,5-10,medium,19.64444444444445,1232195.555654846
https://investmoscow.ru/tenders/tender/19737839,completed,19737839.0,176.8,13311900.0,75293.5520361991,СВАО,basement,16.0,Отдельный,1,8.0,16.36522015938948,8.465220856333048,55.8977064,37.5775077,,0.0,0.0,2025.0,Завершено,5.180659323079804,11.229163061053711,basement,0,1,0,0,0,0,0,5-10,medium,19.64444444444445,1232195.555654846
https://investmoscow.ru/tenders/tender/19858001,completed,19858001.0,77.9,13543200.0,173853.65853658534,САО,1,5.0,Вход через места общего пользования,1,6.0,15.992620784684542,8.875598402923565,55.8896743,37.5420252,13543200.0,0.0,1.0,2025.0,Завершено,4.368181227851829,12.065974933376015,floor_1,1,0,0,0,0,0,0,5-10,medium,11.12857142857143,2780375.633005644
https://investmoscow.ru/tenders/tender/19763646,completed,19763646.0,126.6,8911800.0,70393.36492890996,САО,basement,5.0,Отдельный,1,1.0,10.327497170941086,4.333716595740524,55.8413513,37.5714071,,0.0,0.0,2025.0,Завершено,4.848900370910689,11.161868495319034,basement,0,1,0,0,0,0,0,0-5,cheap,63.3,726987.277156341
https://investmoscow.ru/tenders/tender/19733045,completed,19733045.0,126.6,8911800.0,70393.36492890996,САО,basement,5.0,Отдельный,1,1.0,10.327497170941086,4.333716595740524,55.8413513,37.5714071,,0.0,0.0,2025.0,Завершено,4.848900370910689,11.161868495319034,basement,0,1,0,0,0,0,0,0-5,cheap,63.3,726987.277156341
https://investmoscow.ru/tenders/tender/19778907,completed,19778907.0,2756.9,333164050.0,120847.3466574776,ЗАО,basement,16.0,Отдельный,1,16.0,14.03894203271786,7.052210204700212,55.6577215,37.4676911,333164050.0,0.0,2.0,2025.0,Завершено,7.922224799537819,11.702291705090405,basement,0,1,0,0,0,0,0,10+,expensive,162.17058823529413,1696568.8945320882
https://investmoscow.ru/tenders/tender/19741411,completed,19741411.0,2756.9,333164050.0,120847.3466574776,ЗАО,basement,16.0,Отдельный,1,16.0,14.03894203271786,7.052210204700212,55.6577215,37.4676911,,0.0,0.0,2025.0,Завершено,7.922224799537819,11.702291705090405,basement,0,1,0,0,0,0,0,10+,expensive,162.17058823529413,1696568.8945320882
https://investmoscow.ru/tenders/tender/19865990,completed,19865990.0,113.1,5736000.0,50716.180371352784,САО,basement,5.0,Вход через подъезд,1,0.0,5.527272644270414,3.909504339068679,55.7751582,37.5391696,2868000.0,-50.0,2.0,2025.0,Завершено,4.73707525686803,10.834019995518352,basement,0,1,0,0,0,0,0,0-5,cheap,113.1,280322.15638846235
https://investmoscow.ru/tenders/tender/19813441,completed,19813441.0,113.1,5736000.0,50716.180371352784,САО,basement,5.0,Вход через места общего пользования,1,0.0,5.527272644270414,3.909504339068679,55.7751582,37.5391696,,0.0,0.0,2025.0,Завершено,4.73707525686803,10.834019995518352,basement,0,1,0,0,0,0,0,0-5,cheap,113.1,280322.15638846235
https://investmoscow.ru/tenders/tender/19795755,completed,19795755.0,113.1,5736000.0,50716.180371352784,САО,basement,5.0,Вход через места общего пользования,1,0.0,5.527272644270414,3.909504339068679,55.7751582,37.5391696,,0.0,0.0,2025.0,Завершено,4.73707525686803,10.834019995518352,basement,0,1,0,0,0,0,0,0-5,cheap,113.1,280322.15638846235
https://investmoscow.ru/tenders/tender/19784084,completed,19784084.0,38.4,2860000.0,74479.16666666667,САО,basement,6.0,Вход через места общего пользования,1,6.0,5.107771977257356,3.788742107157444,55.7777096,37.5496863,2860000.0,0.0,1.0,2025.0,Завершено,3.673765816303888,11.218288149685645,basement,0,1,0,0,0,1,0,5-10,cheap,5.485714285714286,380422.6003894802
https://investmoscow.ru/tenders/tender/19924824,completed,19924824.0,245.8,12400000.0,50447.51830756712,ВАО,basement,5.0,Отдельный,1,8.0,7.663021364543352,1.5131688267505,55.783561,37.7266012,14880000.0,20.0,3.0,2025.0,Завершено,5.508578292031233,10.82870865582751,basement,0,1,0,0,0,0,0,5-10,cheap,27.31111111111112,386580.4105790787
https://investmoscow.ru/tenders/tender/19784268,completed,19784268.0,29.4,2987000.0,101598.63945578232,ЮЗАО,basement,5.0,Вход через места общего пользования,1,0.0,8.477518242626118,1.338358075637031,55.6801254,37.5716078,4331150.0,45.0,6.0,2025.0,Завершено,3.414442608412176,11.528795265456662,basement,0,1,0,0,0,1,0,0-5,cheap,29.4,861304.3194123884
https://investmoscow.ru/tenders/tender/19778918,completed,19778918.0,138.8,16494000.0,118832.8530259366,ЮЗАО,3,5.0,Вход через подъезд,1,1.0,8.477518242626118,1.338358075637031,55.6801254,37.5716078,16494000.0,0.0,1.0,2025.0,Завершено,4.94021282979971,11.685481603448604,floor_3_plus,0,0,0,1,0,0,0,0-5,medium,69.4,1007407.6793506858
https://investmoscow.ru/tenders/tender/19777561,completed,19777561.0,653.5,69650000.0,106579.95409334352,ЮЗАО,2,5.0,Вход через места общего пользования,1,0.0,8.477518242626118,1.338358075637031,55.6801254,37.5716078,104475000.0,50.0,5.0,2025.0,Завершено,6.483871585349955,11.576660107709218,floor_2,0,0,0,0,1,0,0,0-5,expensive,653.5,903533.505124574
https://investmoscow.ru/tenders/tender/19769953,completed,19769953.0,15.6,2658000.0,170384.61538461538,ЮЗАО,3,5.0,Вход через подъезд,1,1.0,8.477518242626118,1.338358075637031,55.6801254,37.5716078,3322500.0,25.0,5.0,2025.0,Завершено,2.8094026953624978,12.045819473057106,floor_3_plus,0,0,0,1,0,1,0,0-5,cheap,7.8,1444438.6851859116
https://investmoscow.ru/tenders/tender/19757478,completed,19757478.0,138.8,16494000.0,118832.8530259366,ЮЗАО,3,5.0,Вход через подъезд,1,1.0,8.477518242626118,1.338358075637031,55.6801254,37.5716078,,0.0,0.0,2025.0,Завершено,4.94021282979971,11.685481603448604,floor_3_plus,0,0,0,1,0,0,0,0-5,medium,69.4,1007407.6793506858
https://investmoscow.ru/tenders/tender/19729653,completed,19729653.0,48.2,6231000.0,129273.85892116182,ЮЗАО,3,5.0,Вход через подъезд,1,7.0,8.477518242626118,1.338358075637031,55.6801254,37.5716078,9034950.0,45.0,42.0,2025.0,Завершено,3.8958936234982624,11.769696105955854,floor_3_plus,0,0,0,1,0,1,0,5-10,cheap,6.025,1095921.4972988246
https://investmoscow.ru/tenders/tender/19758543,completed,19758543.0,233.5,35020000.0,149978.58672376873,ЗАО,1,17.0,Отдельный,1,17.0,17.289867154319097,9.43904786496546,55.6466407,37.413643,35020000.0,0.0,1.0,2025.0,Завершено,5.457455587886334,11.918254475309302,floor_1,1,0,0,0,0,0,0,10+,expensive,12.97222222222222,2593109.840446487
https://investmoscow.ru/tenders/tender/19969975,completed,19969975.0,178.1,27717000.0,155626.05277933745,НАО,1,10.0,Отдельный,1,33.0,,,,,,0.0,0.0,2026.0,Завершено,5.187944309066666,11.955217736664077,floor_1,1,0,0,0,0,0,0,10+,expensive,5.238235294117647,1956934.249483956
https://investmoscow.ru/tenders/tender/19922103,completed,19922103.0,178.1,27717000.0,155626.05277933745,ЮЗАО,1,10.0,Отдельный,1,33.0,27.535663508719185,18.52540947703533,55.5042608,37.5947766,,0.0,0.0,2025.0,Завершено,5.187944309066666,11.955217736664077,floor_1,1,0,0,0,0,0,0,10+,expensive,5.238235294117647,4285266.622522009
https://investmoscow.ru/tenders/tender/19922369,completed,19922369.0,216.9,34815375.0,160513.48547717842,САО,1,6.0,Отдельный,1,1.0,6.969484820650957,2.9530594436032365,55.8105777,37.5773323,34815375.0,0.0,2.0,2026.0,Завершено,5.384036241950574,11.98613946967398,floor_1,1,0,0,0,0,0,0,0-5,expensive,108.45,1118696.300542973
https://investmoscow.ru/tenders/tender/19859303,completed,19859303.0,216.9,34815375.0,160513.48547717842,САО,1,6.0,Отдельный,1,1.0,6.969484820650957,2.9530594436032365,55.8105777,37.5773323,,0.0,0.0,2025.0,Завершено,5.384036241950574,11.98613946967398,floor_1,1,0,0,0,0,0,0,0-5,expensive,108.45,1118696.300542973
https://investmoscow.ru/tenders/tender/19763603,completed,19763603.0,216.9,35784000.0,164979.25311203318,САО,1,6.0,Вход через места общего пользования,1,1.0,6.969484820650957,2.9530594436032365,55.8105777,37.5773323,,0.0,0.0,2025.0,Завершено,5.384036241950574,12.013581067611833,floor_1,1,0,0,0,0,0,0,0-5,expensive,108.45,1149820.4002866475
https://investmoscow.ru/tenders/tender/19727523,completed,19727523.0,216.9,35784000.0,164979.25311203318,САО,1,6.0,Вход через места общего пользования,1,1.0,6.969484820650957,2.9530594436032365,55.8105777,37.5773323,,0.0,0.0,2025.0,Завершено,5.384036241950574,12.013581067611833,floor_1,1,0,0,0,0,0,0,0-5,expensive,108.45,1149820.4002866475
https://investmoscow.ru/tenders/tender/19944408,completed,19944408.0,425.2,25655000.0,60336.31232361242,ЮЗАО,basement,16.0,Отдельный,1,8.0,10.589794487344804,0.8786251586877114,55.6645145,37.5498812,,0.0,0.0,2026.0,Завершено,6.054908719664517,11.007705969520362,basement,0,1,0,0,0,0,0,5-10,expensive,47.24444444444444,638949.1476313052
https://investmoscow.ru/tenders/tender/19682163,completed,19682163.0,143.2,39836500.0,278187.8491620112,ЮЗАО,1,17.0,Отдельный,1,6.0,10.74936494555797,2.563906813021504,55.6561622,37.592794,39836500.0,0.0,1.0,2025.0,Завершено,4.971201224850849,12.536055475576193,floor_1,1,0,0,0,0,0,0,5-10,expensive,20.457142857142856,2990342.7140622907
https://investmoscow.ru/tenders/tender/19536763,completed,19536763.0,210.7,90223800.0,428209.7769340295,ЦАО,1,15.0,Отдельный,1,7.0,4.59934824012309,4.872274293406486,55.7272511,37.676551,90223800.0,0.0,1.0,2025.0,Завершено,5.35517017814082,12.967370822812672,floor_1,1,0,0,0,0,0,1,5-10,expensive,26.3375,1969485.8839450288
https://investmoscow.ru/tenders/tender/19798061,completed,19798061.0,81.8,5834000.0,71320.29339853302,ВАО,basement,5.0,Вход через места общего пользования,1,0.0,12.12624128493746,3.285861164545364,55.791769,37.7982995,5834000.0,0.0,1.0,2025.0,Завершено,4.416428061391214,11.17495020695752,basement,0,1,0,0,0,0,0,0-5,cheap,81.8,864847.0862631437
https://investmoscow.ru/tenders/tender/19769930,completed,19769930.0,42.1,2985000.0,70902.61282660332,ЮЗАО,basement,5.0,Вход через подъезд,1,1.0,8.555728152364354,1.5571997652073848,55.6777503,37.5807349,3731250.0,25.0,2.0,2025.0,Завершено,3.763522997109702,11.16907666787364,basement,0,1,0,0,0,1,0,0-5,cheap,21.05,606623.48063676
https://investmoscow.ru/tenders/tender/19769881,completed,19769881.0,75.5,6383000.0,84543.0463576159,ЮЗАО,basement,5.0,Вход через подъезд,1,1.0,8.555728152364354,1.5571997652073848,55.6777503,37.5807349,6383000.0,0.0,2.0,2025.0,Завершено,4.33729074083249,11.345027936207169,basement,0,1,0,0,0,0,0,0-5,cheap,37.75,723327.3218084989
https://investmoscow.ru/tenders/tender/19944078,completed,19944078.0,106.0,17010000.0,160471.69811320756,СВАО,1,25.0,Отдельный,0,7.0,8.03572985677245,2.8512132917074737,55.8233585,37.595821,24664500.0,45.0,10.0,2026.0,Завершено,4.672828834461906,11.985879101869015,floor_1,1,0,0,0,0,0,0,5-10,medium,13.25,1289507.215695277
https://investmoscow.ru/tenders/tender/19993423,completed,19993423.0,94.0,16718000.0,177851.06382978722,ВАО,1,17.0,Отдельный,1,22.0,21.05018982121053,14.444267700801868,55.7114478,37.9466804,,0.0,0.0,2026.0,Завершено,4.553876891600541,12.088707381637567,floor_1,1,0,0,0,0,0,0,10+,medium,4.086956521739131,3743798.6535212514
https://investmoscow.ru/tenders/tender/19945614,completed,19945614.0,94.0,16718000.0,177851.06382978722,ВАО,1,17.0,Отдельный,1,22.0,21.05018982121053,14.444267700801868,55.7114478,37.9466804,,0.0,0.0,2026.0,Завершено,4.553876891600541,12.088707381637567,floor_1,1,0,0,0,0,0,0,10+,medium,4.086956521739131,3743798.6535212514
https://investmoscow.ru/tenders/tender/19945156,completed,19945156.0,115.2,41219000.0,357803.81944444444,ЦАО,1,16.0,Отдельный,1,12.0,5.323570539040313,5.125210553743868,55.7772014,37.6900069,70072300.0,70.0,3.0,2026.0,Завершено,4.755312844417811,12.78774291962631,floor_1,1,0,0,0,0,0,0,10+,expensive,8.861538461538462,1904793.871950544
https://investmoscow.ru/tenders/tender/19726250,completed,19726250.0,262.8,82592400.0,314278.5388127853,ЦАО,1,16.0,Отдельный,1,1.0,5.323570539040313,5.125210553743868,55.7772014,37.6900069,173444040.0,110.0,6.0,2025.0,Завершено,5.575191240283214,12.658038119848136,floor_1,1,0,0,0,0,0,0,0-5,expensive,131.4,1673083.9702763814
https://investmoscow.ru/tenders/tender/19741203,completed,19741203.0,606.9,35574000.0,58615.9169550173,ЦАО,basement,8.0,Вход через подъезд,1,2.0,4.202182134534565,3.9248376645209806,55.7787475,37.6651052,49803600.0,40.0,5.0,2025.0,Завершено,6.410010394754677,10.97877861914274,basement,0,1,0,0,0,0,1,0-5,expensive,202.3,246314.75902773545
https://investmoscow.ru/tenders/tender/19747193,completed,19747193.0,252.5,19361000.0,76677.22772277228,ЦАО,basement,5.0,Вход через места общего пользования,1,1.0,2.032706574287354,2.273518271643559,55.7423601,37.5898335,19361000.0,0.0,4.0,2025.0,Завершено,5.535363823031238,11.247373084252578,basement,0,1,0,0,0,0,1,0-5,medium,126.25,155862.30489020774
https://investmoscow.ru/tenders/tender/19853923,completed,19853923.0,149.5,10634000.0,71130.43478260869,ЦАО,basement,5.0,Вход через места общего пользования,1,0.0,3.28226279885342,3.694047800289448,55.7234494,37.6311769,10634000.0,0.0,1.0,2025.0,Завершено,5.01396308418893,11.172284638796564,basement,0,1,0,0,0,0,1,0-5,cheap,149.5,233468.7799532259
https://investmoscow.ru/tenders/tender/19815103,completed,19815103.0,149.5,10634000.0,71130.43478260869,ЦАО,basement,5.0,Вход через места общего пользования,1,0.0,3.28226279885342,3.694047800289448,55.7234494,37.6311769,,0.0,0.0,2025.0,Завершено,5.01396308418893,11.172284638796564,basement,0,1,0,0,0,0,1,0-5,cheap,149.5,233468.7799532259
https://investmoscow.ru/tenders/tender/19757083,completed,19757083.0,75.0,5257000.0,70093.33333333333,ВАО,basement,5.0,Отдельный,1,0.0,10.605901762532612,3.2207397479918383,55.7596277,37.7867391,6834100.0,30.0,3.0,2025.0,Завершено,4.330733340286331,11.157597232855537,basement,0,1,0,0,0,0,0,0-5,cheap,75.0,743403.0075417858
https://investmoscow.ru/tenders/tender/19760733,completed,19760733.0,121.5,29622000.0,243802.46913580247,ЮЗАО,1,18.0,Отдельный,1,0.0,10.265063374964075,10.676528724223042,55.6613335,37.5851342,,0.0,0.0,2025.0,Завершено,4.808111029984782,12.404117725361225,floor_1,1,0,0,0,0,0,0,0-5,expensive,121.5,2502647.7966517354
https://investmoscow.ru/tenders/tender/19865728,completed,19865728.0,76.9,12037500.0,156534.46033810143,ВАО,1,12.0,Отдельный,1,6.0,17.762986655774107,11.622233069367256,55.7131971,37.8933668,13241250.0,10.0,2.0,2025.0,Завершено,4.355425952876702,11.961037846926192,floor_1,1,0,0,0,0,0,0,5-10,cheap,10.985714285714286,2780519.530154497
https://investmoscow.ru/tenders/tender/19787096,completed,19787096.0,197.4,7218000.0,36565.34954407295,СВАО,basement,5.0,Вход через подъезд,1,59.0,14.944154094409388,6.886607049796012,55.8743903,37.7171715,7218000.0,0.0,9.0,2025.0,Завершено,5.290285194850773,10.50688368510746,basement,0,1,0,0,0,0,0,10+,cheap,3.29,546438.2181025683
https://investmoscow.ru/tenders/tender/19732399,completed,19732399.0,197.4,7218000.0,36565.34954407295,СВАО,basement,5.0,Вход через подъезд,1,59.0,14.944154094409388,6.886607049796012,55.8743903,37.7171715,,0.0,0.0,2025.0,Завершено,5.290285194850773,10.50688368510746,basement,0,1,0,0,0,0,0,10+,cheap,3.29,546438.2181025683
https://investmoscow.ru/tenders/tender/19974340,completed,19974340.0,105.3,9618000.0,91339.03133903134,ВАО,basement,5.0,Отдельный,1,16.0,9.892545797785068,6.068403631436481,55.7264055,37.7691905,10098900.0,5.0,3.0,2026.0,Завершено,4.666265285347902,11.422344429841967,basement,0,1,0,0,0,0,0,10+,cheap,6.194117647058824,903575.5506466932
https://investmoscow.ru/tenders/tender/19864415,completed,19864415.0,294.4,40965750.0,139149.9660326087,ЦАО,basement,5.0,Отдельный,1,14.0,4.0729481732080615,3.91849245453101,55.7680328,37.6761471,,0.0,0.0,2025.0,Завершено,5.68833037009728,11.843314709313042,basement,0,1,0,0,0,0,1,10+,expensive,19.626666666666665,566750.5999544774
https://investmoscow.ru/tenders/tender/19865655,completed,19865655.0,29.2,6239000.0,213664.38356164383,ЮАО,1,15.0,Отдельный,1,305.0,12.838004486874704,2.47639344710236,55.6396233,37.6661035,9670450.0,55.0,7.0,2025.0,Завершено,3.407841924380824,12.272166442044952,floor_1,1,0,0,0,0,1,0,10+,cheap,0.0954248366013071,2743024.314849701
https://investmoscow.ru/tenders/tender/19925530,completed,19925530.0,113.2,24566000.0,217014.1342756184,САО,1,17.0,Отдельный,1,16.0,13.935177835559214,7.178460715385488,55.8728525,37.5570982,25794300.0,5.0,2.0,2026.0,Завершено,4.73795129722191,12.287722373296267,floor_1,1,0,0,0,0,0,0,10+,medium,6.658823529411765,3024130.5539606684
https://investmoscow.ru/tenders/tender/19817116,completed,19817116.0,64.2,11766000.0,183271.0280373832,САО,1,17.0,Отдельный,1,16.0,13.935177835559214,7.178460715385488,55.8728525,37.5570982,18825600.0,60.0,23.0,2025.0,Завершено,4.177459468932607,12.118726820095532,floor_1,1,0,0,0,0,0,0,10+,cheap,3.776470588235296,2553914.367806693
https://investmoscow.ru/tenders/tender/19997957,completed,19997957.0,87.3,15523000.0,177812.14203894616,ВАО,1,17.0,Отдельный,1,19.0,20.839069860088085,14.17373652177458,55.713737,37.9440932,,0.0,0.0,2026.0,Завершено,4.480740107609915,12.088488514060112,floor_1,1,0,0,0,0,0,0,10+,medium,4.365,3705439.649921504
https://investmoscow.ru/tenders/tender/19722010,completed,19722010.0,666.6,35886000.0,53834.38343834383,ЮЗАО,basement,5.0,Вход через места общего пользования,1,9.0,8.38089194471371,1.6244783161217344,55.679565,37.5796409,57417600.0,60.0,7.0,2025.0,Завершено,6.5036891917876805,10.893686214697636,basement,0,1,0,0,0,0,0,5-10,expensive,66.66,451180.150507045
https://investmoscow.ru/tenders/tender/19865850,completed,19865850.0,98.6,6836400.0,69334.68559837728,Зеленоград,other,2.0,Отдельный,1,263.0,36.6619228994357,2.5074808578128245,55.991971,37.214241,,0.0,0.0,2025.0,Завершено,4.601162164590552,11.146714996339512,other,0,0,1,0,0,0,0,10+,cheap,0.3734848484848485,2541942.897664323
https://investmoscow.ru/tenders/tender/19968746,completed,19968746.0,85.0,28477000.0,335023.5294117647,ЗАО,1,14.0,Отдельный,1,9.0,13.182277170836027,13.201056703262523,55.7447399,37.4068707,46987050.0,65.0,13.0,2026.0,Завершено,4.454347296253507,12.721959030251265,floor_1,1,0,0,0,0,0,0,5-10,expensive,8.5,4416373.023457618
https://investmoscow.ru/tenders/tender/19787643,completed,19787643.0,49.8,16091000.0,323112.4497991968,ЗАО,1,14.0,Отдельный,1,0.0,13.182277170836027,13.201056703262523,55.7447399,37.4068707,21722850.0,35.0,4.0,2025.0,Завершено,3.927896354584436,12.68575877830366,floor_1,1,0,0,0,0,1,0,0-5,medium,49.8,4259357.870600854
https://investmoscow.ru/tenders/tender/19785269,completed,19785269.0,108.0,32241000.0,298527.7777777777,ЗАО,1,14.0,Отдельный,1,0.0,13.182277170836027,5.878097578622461,55.7447399,37.4068707,61257900.0,90.0,8.0,2025.0,Завершено,4.691347882229144,12.6066216151336,floor_1,1,0,0,0,0,0,0,0-5,expensive,108.0,3935275.909860409
https://investmoscow.ru/tenders/tender/19778190,completed,19778190.0,66.6,21312000.0,320000.0,ЗАО,1,14.0,Отдельный,1,0.0,13.182277170836027,13.201056703262523,55.7447399,37.4068707,30902400.0,45.0,6.0,2025.0,Завершено,4.213607983048918,12.676079399771028,floor_1,1,0,0,0,0,0,0,0-5,medium,66.6,4218328.694667528
https://investmoscow.ru/tenders/tender/19772328,completed,19772328.0,74.6,23467000.0,314571.0455764075,ЗАО,1,14.0,Отдельный,1,0.0,13.182277170836027,13.201056703262523,55.7447399,37.4068707,39893900.0,70.0,12.0,2025.0,Завершено,4.325456283185488,12.658968408622082,floor_1,1,0,0,0,0,0,0,0-5,medium,74.6,4146762.712707896
https://investmoscow.ru/tenders/tender/19772749,completed,19772749.0,97.4,29410000.0,301950.7186858316,ЗАО,1,33.0,Отдельный,1,0.0,13.182277170836027,5.878097578622461,55.7447399,37.4068707,48526500.0,65.0,9.0,2025.0,Завершено,4.589040804058207,12.618022411674913,floor_1,1,0,0,0,0,0,0,0-5,expensive,97.4,3980398.065649769
https://investmoscow.ru/tenders/tender/19772506,completed,19772506.0,108.0,32241000.0,298527.7777777777,ЗАО,1,14.0,Отдельный,1,0.0,13.182277170836027,5.878097578622461,55.7447399,37.4068707,,0.0,0.0,2025.0,Завершено,4.691347882229144,12.6066216151336,floor_1,1,0,0,0,0,0,0,0-5,expensive,108.0,3935275.909860409
https://investmoscow.ru/tenders/tender/19765614,completed,19765614.0,85.0,27046000.0,318188.23529411765,ЗАО,1,33.0,Отдельный,1,9.0,13.182277170836027,13.201056703262523,55.7447399,37.4068707,45978200.0,70.0,9.0,2025.0,Завершено,4.454347296253507,12.670401564313948,floor_1,1,0,0,0,0,0,0,5-10,expensive,8.5,4194445.510146249
https://investmoscow.ru/tenders/tender/19925035,completed,19925035.0,11.1,1572000.0,141621.62162162163,ВАО,1,1.0,Вход через подъезд,1,24.0,,,,,2672400.0,70.0,6.0,2026.0,Завершено,2.4932054526026954,11.860921204696773,floor_1,1,0,0,0,0,1,0,10+,cheap,0.444,1780834.229676006
https://investmoscow.ru/tenders/tender/19924725,completed,19924725.0,11.9,1702000.0,143025.2100840336,ВАО,1,1.0,Вход через подъезд,1,24.0,,,,,2382800.0,40.0,6.0,2025.0,Завершено,2.5572273113676265,11.870783179747914,floor_1,1,0,0,0,0,1,0,10+,cheap,0.476,1798483.7831101546
https://investmoscow.ru/tenders/tender/19880244,completed,19880244.0,12.5,1824000.0,145920.0,ВАО,1,1.0,Вход через подъезд,1,24.0,13.914709807428457,12.930898388312702,55.6644999,37.7770093,2462400.0,35.0,4.0,2025.0,Завершено,2.602689685444384,11.890820658354851,floor_1,1,0,0,0,0,1,0,10+,cheap,0.5,2030434.4550999603
https://investmoscow.ru/tenders/tender/19875352,completed,19875352.0,11.1,1572000.0,141621.62162162163,ВАО,1,1.0,Вход через подъезд,1,24.0,,,,,,0.0,0.0,2025.0,Завершено,2.4932054526026954,11.860921204696773,floor_1,1,0,0,0,0,1,0,10+,cheap,0.444,1780834.229676006
https://investmoscow.ru/tenders/tender/19875231,completed,19875231.0,9.3,1322000.0,142150.5376344086,ВАО,1,1.0,Вход через подъезд,1,24.0,,,,,1322000.0,0.0,1.0,2025.0,Завершено,2.33214389523559,11.864648934005578,floor_1,1,0,0,0,0,1,0,10+,cheap,0.372,1787485.133185015
https://investmoscow.ru/tenders/tender/19875402,completed,19875402.0,13.3,1916000.0,144060.15037593985,ВАО,1,1.0,Вход через подъезд,1,24.0,,,,,1916000.0,0.0,2.0,2025.0,Завершено,2.660259537265861,11.877993143806028,floor_1,1,0,0,0,0,1,0,10+,cheap,0.532,1811497.735897828
https://investmoscow.ru/tenders/tender/19769527,completed,19769527.0,32.4,5424000.0,167407.40740740742,Зеленоград,1,14.0,Вход через подъезд,1,0.0,36.6619228994357,2.5074808578128245,55.991971,37.214241,5424000.0,0.0,1.0,2025.0,Завершено,3.5085558999826545,12.02819165923757,floor_1,1,0,0,0,0,1,0,0-5,cheap,32.4,6137477.463164791
https://investmoscow.ru/tenders/tender/19769033,completed,19769033.0,1009.9,114977000.0,113849.88612733934,ВАО,basement,2.0,Отдельный,1,1.0,9.252934005246033,3.5974968359250914,55.8092473,37.7251693,,0.0,0.0,2025.0,Завершено,6.918596302160012,11.642644854749602,basement,0,1,0,0,0,0,0,0-5,expensive,504.95,1053445.4828410468
https://investmoscow.ru/tenders/tender/19738334,completed,19738334.0,1009.9,114977000.0,113849.88612733934,ВАО,basement,2.0,Отдельный,1,1.0,9.252934005246033,3.5974968359250914,55.8092473,37.7251693,,0.0,0.0,2025.0,Завершено,6.918596302160012,11.642644854749602,basement,0,1,0,0,0,0,0,0-5,expensive,504.95,1053445.4828410468
https://investmoscow.ru/tenders/tender/19998645,completed,19998645.0,50.3,9214000.0,183180.9145129225,ВАО,1,14.0,Отдельный,1,20.0,20.839069860088085,14.17373652177458,55.713737,37.9440932,,0.0,0.0,2026.0,Завершено,3.937690752176724,12.118235006441408,floor_1,1,0,0,0,0,0,0,10+,cheap,2.395238095238095,3817319.874569615
https://investmoscow.ru/tenders/tender/19774364,completed,19774364.0,608.0,25832000.0,42486.84210526316,ЗАО,basement,9.0,Вход через места общего пользования,1,1.0,10.959109007216073,2.3933626699285604,55.7196949,37.4517219,,0.0,0.0,2025.0,Завершено,6.411818267709897,10.656973245875768,basement,0,1,0,0,0,0,0,0-5,expensive,304.0,465617.9340039566
https://investmoscow.ru/tenders/tender/19753046,completed,19753046.0,608.0,25832000.0,42486.84210526316,ЗАО,basement,9.0,Вход через места общего пользования,1,1.0,,,,,,0.0,0.0,2025.0,Завершено,6.411818267709897,10.656973245875768,basement,0,1,0,0,0,0,0,0-5,expensive,304.0,534254.7406641259
https://investmoscow.ru/tenders/tender/19815367,completed,19815367.0,62.3,5438000.0,87287.31942215089,ВАО,basement,8.0,Отдельный,1,3.0,6.042645752688077,4.271383952925778,55.7912355,37.6845555,8428900.0,55.0,9.0,2025.0,Завершено,4.147885329150131,11.376971934733325,basement,0,1,0,0,0,0,0,0-5,cheap,15.575,527446.3499697875
https://investmoscow.ru/tenders/tender/19974591,completed,19974591.0,340.6,35020000.0,102818.5554903112,ЦАО,basement,5.0,Отдельный,1,6.0,2.200952196450128,1.7907206125847652,55.7714958,37.6239262,,0.0,0.0,2026.0,Завершено,5.833640461914415,11.540730842417029,basement,0,1,0,0,0,0,1,5-10,expensive,48.65714285714286,226298.72554222983
https://investmoscow.ru/tenders/tender/19881665,completed,19881665.0,75.9,23128000.0,304716.73254281946,ЦАО,1,5.0,Вход через места общего пользования,1,6.0,2.200952196450128,1.7907206125847652,55.7714958,37.6239262,27753600.0,20.0,2.0,2025.0,Завершено,4.342505876511599,12.627141160007772,floor_1,1,0,0,0,0,0,1,5-10,medium,10.842857142857143,670666.9617852247
https://investmoscow.ru/tenders/tender/19998640,completed,19998640.0,102.0,17598000.0,172529.41176470587,ВАО,1,17.0,Отдельный,1,20.0,20.839069860088085,14.17373652177458,55.713737,37.9440932,,0.0,0.0,2026.0,Завершено,4.634728988229636,12.058328799999767,floor_1,1,0,0,0,0,0,0,10+,medium,4.857142857142857,3595352.464684609
https://investmoscow.ru/tenders/tender/19997987,completed,19997987.0,50.1,9177000.0,183173.6526946108,ВАО,1,17.0,Отдельный,1,20.0,20.839069860088085,14.17373652177458,55.713737,37.9440932,,0.0,0.0,2026.0,Завершено,3.933784497209659,12.118195362995854,floor_1,1,0,0,0,0,0,0,10+,cheap,2.3857142857142857,3817168.5450305054
https://investmoscow.ru/tenders/tender/19606674,completed,19606674.0,87.6,11503000.0,131312.78538812787,ВАО,1,17.0,Отдельный,1,21.0,20.839069860088085,14.17373652177458,55.713737,37.9440932,14378750.0,25.0,2.0,2025.0,Завершено,4.484131857611035,11.785345046311482,floor_1,1,0,0,0,0,0,0,10+,cheap,3.9818181818181815,2736436.3082259507
https://investmoscow.ru/tenders/tender/19606697,completed,19606697.0,70.9,9598000.0,135373.7658674189,ВАО,1,17.0,Отдельный,1,21.0,20.839069860088085,14.17373652177458,55.713737,37.9440932,15836700.0,65.0,3.0,2025.0,Завершено,4.275276264727001,11.815802254790578,floor_1,1,0,0,0,0,0,0,10+,cheap,3.222727272727273,2821063.3641343503
https://investmoscow.ru/tenders/tender/19606691,completed,19606691.0,138.1,17012500.0,123189.71759594497,ВАО,1,17.0,Отдельный,1,21.0,20.839069860088085,14.17373652177458,55.713737,37.9440932,18713750.0,10.0,2.0,2025.0,Завершено,4.935193098929397,11.721488983054282,floor_1,1,0,0,0,0,0,0,10+,medium,6.277272727272727,2567159.13102642
https://investmoscow.ru/tenders/tender/19803661,completed,19803661.0,237.5,35064000.0,147637.8947368421,СВАО,1,12.0,Отдельный,1,0.0,8.565555474094825,3.4293472034197165,55.8270027,37.5852519,35064000.0,0.0,2.0,2025.0,Завершено,5.474369310328396,11.902524670911918,floor_1,1,0,0,0,0,0,0,0-5,expensive,237.5,1264600.5774469934
https://investmoscow.ru/tenders/tender/19778828,completed,19778828.0,237.5,35064000.0,147637.8947368421,СВАО,1,12.0,Отдельный,1,0.0,8.565555474094825,3.4293472034197165,55.8270027,37.5852519,,0.0,0.0,2025.0,Завершено,5.474369310328396,11.902524670911918,floor_1,1,0,0,0,0,0,0,0-5,expensive,237.5,1264600.5774469934
https://investmoscow.ru/tenders/tender/19815344,completed,19815344.0,77.2,13521000.0,175142.48704663213,ЗАО,1,18.0,Отдельный,1,0.0,8.738981027523316,1.896382407759056,55.7051664,37.505049,22985700.0,70.0,18.0,2025.0,Завершено,4.359269647551265,12.073360842930724,floor_1,1,0,0,0,0,0,0,0-5,medium,77.2,1530566.8714137664
https://investmoscow.ru/tenders/tender/19734038,completed,19734038.0,93.0,24544000.0,263913.9784946237,ВАО,1,25.0,Отдельный,1,15.0,4.863642965326662,4.904600091642931,55.7508771,37.6953324,29084640.0,18.5,6.0,2025.0,Завершено,4.543294782270004,12.483382279102116,floor_1,1,0,0,0,0,0,1,10+,medium,5.8125,1283583.3649567484
https://investmoscow.ru/tenders/tender/19723315,completed,19723315.0,110.7,7990000.0,72177.05510388437,ЦАО,basement,5.0,Вход через подъезд,1,6.0,4.483737236169517,4.806765480729448,55.7210657,37.5713433,8988750.0,12.5,10.0,2025.0,Завершено,4.715816706075155,11.186891332750411,basement,0,1,0,0,0,0,1,5-10,cheap,15.814285714285717,323622.9495663455
https://investmoscow.ru/tenders/tender/19723308,completed,19723308.0,103.9,16826000.0,161944.177093359,ВАО,1,5.0,Вход через подъезд,1,17.0,13.598638980233748,4.75699923006884,55.7933657,37.8224046,14302100.0,-15.0,12.0,2025.0,Завершено,4.653007515402251,11.995013143935962,floor_1,1,0,0,0,0,0,0,10+,medium,5.772222222222222,2202220.399243629
https://investmoscow.ru/tenders/tender/19973273,completed,19973273.0,219.8,12641000.0,57511.373976342125,ЮЗАО,basement,8.0,Вход через места общего пользования,1,15.0,9.848089307939532,2.710470979655566,55.6814958,37.5217997,12641000.0,0.0,2.0,2026.0,Завершено,5.39725731440294,10.959755403221893,basement,0,1,0,0,0,0,0,10+,cheap,13.7375,566377.1471413267
https://investmoscow.ru/tenders/tender/19723413,completed,19723413.0,511.4,42837000.0,83764.17676965194,ЮАО,2,15.0,Отдельный,1,11.0,1072.671867655353,1076.2581603106264,54.8097401,20.5278195,,0.0,0.0,2025.0,Завершено,6.239105570022579,11.335772648429852,floor_2,0,0,0,0,1,0,0,10+,expensive,42.61666666666667,89851475.93811569
https://investmoscow.ru/tenders/tender/19723721,completed,19723721.0,107.7,6310000.0,58588.672237697305,ЮАО,basement,5.0,Вход через места общего пользования,1,22.0,12.332441681043484,2.1302331397561534,55.6451378,37.6715239,5205750.0,-17.5,9.0,2025.0,Завершено,4.688591794127164,10.978313718355194,basement,0,1,0,0,0,0,0,10+,cheap,4.682608695652174,722541.3835411734
https://investmoscow.ru/tenders/tender/19943590,completed,19943590.0,258.2,14595000.0,56525.94887683966,ЮАО,basement,5.0,Отдельный,1,21.0,12.435007440961204,2.129369158604796,55.6435742,37.667567,15324750.0,5.0,2.0,2026.0,Завершено,5.557599964478119,10.942472774691392,basement,0,1,0,0,0,0,0,10+,medium,11.736363636363636,702900.5948908938
https://investmoscow.ru/tenders/tender/19723689,completed,19723689.0,83.5,4939000.0,59149.7005988024,ВАО,other,2.0,Вход через подъезд,1,18.0,12.041696182486206,12.207416253593149,55.6700774,37.7438655,5803325.0,17.5,12.0,2025.0,Завершено,4.436751534363128,10.98784371377937,other,0,0,1,0,0,0,0,10+,cheap,4.394736842105263,712262.7238958009
https://investmoscow.ru/tenders/tender/19816084,completed,19816084.0,165.9,36091000.0,217546.71488848704,ЗАО,1,23.0,Отдельный,1,5.0,20.2247550387036,11.86031512331413,55.6438153,37.3569864,73986550.0,105.0,5.0,2025.0,Завершено,5.11739483066779,12.290173484248507,floor_1,1,0,0,0,0,0,0,0-5,expensive,27.65,4399829.018094343
https://investmoscow.ru/tenders/tender/19801401,completed,19801401.0,250.0,62698000.0,250792.0,ЗАО,1,23.0,Отдельный,1,5.0,20.2247550387036,11.86031512331413,55.6438153,37.3569864,62698000.0,0.0,2.0,2025.0,Завершено,5.525452939131784,12.432383176665589,floor_1,1,0,0,0,0,0,0,0-5,expensive,41.66666666666666,5072206.765666553
https://investmoscow.ru/tenders/tender/19800691,completed,19800691.0,135.4,28526000.0,210679.4682422452,ЗАО,1,23.0,Отдельный,1,0.0,20.2247550387036,11.86031512331413,55.6438153,37.3569864,35657500.0,25.0,5.0,2025.0,Завершено,4.915591745409362,12.258097896123076,floor_1,1,0,0,0,0,0,0,0-5,expensive,135.4,4260940.636883743
https://investmoscow.ru/tenders/tender/19787699,completed,19787699.0,337.1,77934000.0,231189.5579946603,ЗАО,1,23.0,Отдельный,1,0.0,20.2247550387036,11.86031512331413,55.6438153,37.3569864,113004300.0,45.0,5.0,2025.0,Завершено,5.823341709713841,12.350997575822978,floor_1,1,0,0,0,0,0,0,0-5,expensive,337.1,4675752.177948164
https://investmoscow.ru/tenders/tender/19724471,completed,19724471.0,45.7,3159000.0,69124.72647702407,ЮЗАО,basement,8.0,Вход через подъезд,1,7.0,30.945175677694152,23.500119720377384,55.5935305,37.2099385,3869775.0,22.5,7.0,2025.0,Завершено,3.843744164674852,11.14368224838278,basement,0,1,0,0,0,1,0,5-10,cheap,5.7125,2139076.8045040662
https://investmoscow.ru/tenders/tender/19787610,completed,19787610.0,199.6,20698000.0,103697.39478957916,САО,basement,4.0,Отдельный,1,0.0,8.309118666326842,1.2833608458736845,55.8010379,37.5170012,24837600.0,20.0,2.0,2025.0,Завершено,5.301312875527835,11.549241914730205,basement,0,1,0,0,0,0,0,0-5,medium,199.6,861633.958695556
https://investmoscow.ru/tenders/tender/19724449,completed,19724449.0,58.9,8222000.0,139592.52971137522,ВАО,1,9.0,Вход через места общего пользования,1,32.0,15.234403299920444,6.83241848020518,55.8258103,37.8231053,8222000.0,0.0,25.0,2025.0,Завершено,4.092676505121403,11.846490119463889,floor_1,1,0,0,0,0,0,0,10+,cheap,1.784848484848485,2126608.895279217
https://investmoscow.ru/tenders/tender/19800975,completed,19800975.0,72.9,22012000.0,301947.8737997256,ЗАО,1,23.0,Отдельный,1,3.0,20.2247550387036,11.86031512331413,55.6438153,37.3569864,,0.0,0.0,2025.0,Завершено,4.302712827954156,12.6180129899716,floor_1,1,0,0,0,0,0,0,0-5,medium,18.225,6106821.782056839
https://investmoscow.ru/tenders/tender/19800517,completed,19800517.0,187.2,46933000.0,250710.4700854701,ЗАО,1,23.0,Отдельный,1,0.0,20.2247550387036,11.86031512331413,55.6438153,37.3569864,89172700.0,90.0,15.0,2025.0,Завершено,5.23750522715128,12.432058035335404,floor_1,1,0,0,0,0,0,0,0-5,expensive,187.2,5070557.843116859
https://investmoscow.ru/tenders/tender/19801964,completed,19801964.0,73.7,22217000.0,301451.8317503392,ЗАО,1,23.0,Отдельный,1,3.0,20.2247550387036,11.86031512331413,55.6438153,37.3569864,43323150.0,95.0,14.0,2025.0,Завершено,4.313480092138772,12.616368837638031,floor_1,1,0,0,0,0,0,0,0-5,medium,18.425,6096789.453119102
https://investmoscow.ru/tenders/tender/19727072,completed,19727072.0,83.5,14628416.0,175190.6107784431,ВАО,1,15.0,Отдельный,1,14.0,11.684415458113278,8.711300102432487,55.7038625,37.7838425,30207679.04,106.5,53.0,2025.0,Завершено,4.436751534363128,12.073635572653282,floor_1,1,0,0,0,0,0,0,10+,medium,5.566666666666666,2046999.880695948
https://investmoscow.ru/tenders/tender/19925972,completed,19925972.0,707.1,71441000.0,101033.80002828456,ЦАО,basement,15.0,Вход через места общего пользования,1,0.0,1.796529553417235,1.4990629498935288,55.7646666,37.6354027,,0.0,0.0,2026.0,Завершено,6.562585326657728,11.523220291213535,basement,0,1,0,0,0,0,1,0-5,expensive,707.1,181510.2076448603
https://investmoscow.ru/tenders/tender/19545709,completed,19545709.0,707.1,79432000.0,112334.88898317068,ЦАО,basement,15.0,Вход через места общего пользования,1,0.0,1.796529553417235,1.4990629498935288,55.7646666,37.6354027,,0.0,0.0,2025.0,Завершено,6.562585326657728,11.629248670999624,basement,0,1,0,0,0,0,1,0-5,expensive,707.1,201812.94793811027
https://investmoscow.ru/tenders/tender/19727051,completed,19727051.0,182.2,11522000.0,63238.19978046104,ЦАО,basement,6.0,Вход через места общего пользования,1,8.0,3.171082356563499,3.5867579128455858,55.7240814,37.6282646,13538350.0,17.5,4.0,2025.0,Завершено,5.21057845224003,11.05467963755045,basement,0,1,0,0,0,0,1,5-10,cheap,20.244444444444444,200533.53958465773
https://investmoscow.ru/tenders/tender/19816905,completed,19816905.0,92.4,26910000.0,291233.7662337662,ЦАО,basement,3.0,Вход через подъезд,1,3.0,0.8262222294615059,1.1423080006733088,55.7470903,37.6075589,55165500.0,105.0,3.0,2025.0,Завершено,4.536891345234797,12.581884977717335,basement,0,1,0,0,0,0,1,0-5,expensive,23.1,240623.81163213332
https://investmoscow.ru/tenders/tender/19898452,completed,19898452.0,59.0,16691000.0,282898.30508474575,ЮВАО,1,15.0,Отдельный,1,19.0,10.83130757062588,11.145021752406048,55.6821754,37.73862,16691000.0,0.0,5.0,2025.0,Завершено,4.0943445622221,12.552846300887722,floor_1,1,0,0,0,0,0,0,10+,medium,2.95,3064158.5535816364
https://investmoscow.ru/tenders/tender/20008044,completed,20008044.0,127.5,40132000.0,314760.7843137255,ВАО,1,15.0,Отдельный,1,43.0,12.74687924126991,5.483805410945319,55.8280548,37.7703877,,0.0,0.0,2026.0,Завершено,4.855928904335275,12.65957139143996,floor_1,1,0,0,0,0,0,0,10+,expensive,2.897727272727273,4012217.707534463
https://investmoscow.ru/tenders/tender/20008047,completed,20008047.0,100.9,32846000.0,325530.2279484638,ВАО,1,15.0,Отдельный,1,43.0,12.74687924126991,5.483805410945319,55.8280548,37.7703877,,0.0,0.0,2026.0,Завершено,4.623991940228679,12.693213674426705,floor_1,1,0,0,0,0,0,0,10+,expensive,2.2931818181818184,4149494.5050421352
https://investmoscow.ru/tenders/tender/19974136,completed,19974136.0,100.9,32846000.0,325530.2279484638,ВАО,1,25.0,Отдельный,1,39.0,12.74687924126991,5.483805410945319,55.8280548,37.7703877,,0.0,0.0,2026.0,Завершено,4.623991940228679,12.693213674426705,floor_1,1,0,0,0,0,0,0,10+,expensive,2.5225,4149494.5050421352
https://investmoscow.ru/tenders/tender/19968999,completed,19968999.0,127.5,40132000.0,314760.7843137255,ВАО,1,15.0,Отдельный,1,43.0,12.74687924126991,5.483805410945319,55.8280548,37.7703877,,0.0,0.0,2026.0,Завершено,4.855928904335275,12.65957139143996,floor_1,1,0,0,0,0,0,0,10+,expensive,2.897727272727273,4012217.707534463
https://investmoscow.ru/tenders/tender/19969028,completed,19969028.0,100.9,32846000.0,325530.2279484638,ВАО,1,15.0,Отдельный,1,43.0,12.74687924126991,5.483805410945319,55.8280548,37.7703877,,0.0,0.0,2026.0,Завершено,4.623991940228679,12.693213674426705,floor_1,1,0,0,0,0,0,0,10+,expensive,2.2931818181818184,4149494.5050421352
https://investmoscow.ru/tenders/tender/19924681,completed,19924681.0,100.9,32846000.0,325530.2279484638,ВАО,1,25.0,Отдельный,1,39.0,12.74687924126991,5.483805410945319,55.8280548,37.7703877,,0.0,0.0,2025.0,Завершено,4.623991940228679,12.693213674426705,floor_1,1,0,0,0,0,0,0,10+,expensive,2.5225,4149494.5050421352
https://investmoscow.ru/tenders/tender/19916195,completed,19916195.0,127.5,40132000.0,314760.7843137255,ВАО,1,15.0,Отдельный,1,1.0,12.74687924126991,5.483805410945319,55.8280548,37.7703877,,0.0,0.0,2025.0,Завершено,4.855928904335275,12.65957139143996,floor_1,1,0,0,0,0,0,0,0-5,expensive,63.75,4012217.707534463
https://investmoscow.ru/tenders/tender/19916182,completed,19916182.0,100.9,32846000.0,325530.2279484638,ВАО,1,15.0,Отдельный,1,1.0,12.74687924126991,5.483805410945319,55.8280548,37.7703877,,0.0,0.0,2025.0,Завершено,4.623991940228679,12.693213674426705,floor_1,1,0,0,0,0,0,0,0-5,expensive,50.45,4149494.5050421352
https://investmoscow.ru/tenders/tender/19897660,completed,19897660.0,76.1,16527000.0,217174.77003942183,ВАО,1,15.0,Отдельный,1,34.0,12.74687924126991,5.483805410945319,55.8280548,37.7703877,16527000.0,0.0,1.0,2025.0,Завершено,4.345103280569283,12.288462304831157,floor_1,1,0,0,0,0,0,0,10+,medium,2.174285714285714,2768300.5679430724
https://investmoscow.ru/tenders/tender/19875673,completed,19875673.0,100.9,32846000.0,325530.2279484638,ВАО,1,25.0,Отдельный,1,39.0,12.74687924126991,5.483805410945319,55.8280548,37.7703877,,0.0,0.0,2025.0,Завершено,4.623991940228679,12.693213674426705,floor_1,1,0,0,0,0,0,0,10+,expensive,2.5225,4149494.5050421352
https://investmoscow.ru/tenders/tender/19848173,completed,19848173.0,76.1,16527000.0,217174.77003942183,ВАО,1,15.0,Отдельный,1,34.0,12.74687924126991,5.483805410945319,55.8280548,37.7703877,,0.0,0.0,2025.0,Завершено,4.345103280569283,12.288462304831157,floor_1,1,0,0,0,0,0,0,10+,medium,2.174285714285714,2768300.5679430724
https://investmoscow.ru/tenders/tender/19841838,completed,19841838.0,100.9,21852000.0,216570.8622398414,ВАО,1,15.0,Отдельный,1,1.0,12.74687924126991,5.483805410945319,55.8280548,37.7703877,,0.0,0.0,2025.0,Завершено,4.623991940228679,12.285677698553844,floor_1,1,0,0,0,0,0,0,0-5,medium,50.45,2760602.62814896
https://investmoscow.ru/tenders/tender/19841846,completed,19841846.0,127.5,26129000.0,204933.3333333333,ВАО,1,15.0,Отдельный,1,1.0,12.74687924126991,5.483805410945319,55.8280548,37.7703877,,0.0,0.0,2025.0,Завершено,4.855928904335275,12.230444881602216,floor_1,1,0,0,0,0,0,0,0-5,expensive,63.75,2612260.4525109134
https://investmoscow.ru/tenders/tender/19820718,completed,19820718.0,100.9,21938000.0,217423.1912784936,ВАО,1,25.0,Отдельный,1,39.0,12.74687924126991,5.483805410945319,55.8280548,37.7703877,,0.0,0.0,2025.0,Завершено,4.623991940228679,12.289605522908648,floor_1,1,0,0,0,0,0,0,10+,medium,2.5225,2771467.163478487
https://investmoscow.ru/tenders/tender/19808945,completed,19808945.0,127.5,26129000.0,204933.3333333333,ВАО,1,15.0,Отдельный,1,1.0,12.74687924126991,5.483805410945319,55.8280548,37.7703877,,0.0,0.0,2025.0,Завершено,4.855928904335275,12.230444881602216,floor_1,1,0,0,0,0,0,0,0-5,expensive,63.75,2612260.4525109134
https://investmoscow.ru/tenders/tender/19808940,completed,19808940.0,100.9,21852000.0,216570.8622398414,ВАО,1,15.0,Отдельный,1,1.0,12.74687924126991,5.483805410945319,55.8280548,37.7703877,,0.0,0.0,2025.0,Завершено,4.623991940228679,12.285677698553844,floor_1,1,0,0,0,0,0,0,0-5,medium,50.45,2760602.62814896
https://investmoscow.ru/tenders/tender/19806963,completed,19806963.0,121.0,22823000.0,188619.8347107438,ВАО,1,15.0,Отдельный,1,39.0,12.74687924126991,5.483805410945319,55.8280548,37.7703877,22823000.0,0.0,1.0,2025.0,Завершено,4.804021044733257,12.147494113444589,floor_1,1,0,0,0,0,0,0,10+,medium,3.025,2404314.255566142
https://investmoscow.ru/tenders/tender/19800886,completed,19800886.0,76.1,17004000.0,223442.83837056503,ВАО,1,15.0,Отдельный,1,34.0,12.74687924126991,5.483805410945319,55.8280548,37.7703877,,0.0,0.0,2025.0,Завершено,4.345103280569283,12.316915379000712,floor_1,1,0,0,0,0,0,0,10+,medium,2.174285714285714,2848198.878036184
https://investmoscow.ru/tenders/tender/19800889,completed,19800889.0,100.9,21938000.0,217423.1912784936,ВАО,1,25.0,Отдельный,1,39.0,12.74687924126991,5.483805410945319,55.8280548,37.7703877,,0.0,0.0,2025.0,Завершено,4.623991940228679,12.289605522908648,floor_1,1,0,0,0,0,0,0,10+,medium,2.5225,2771467.163478487
https://investmoscow.ru/tenders/tender/19793733,completed,19793733.0,100.9,21852000.0,216570.8622398414,ВАО,1,15.0,Отдельный,1,1.0,12.74687924126991,5.483805410945319,55.8280548,37.7703877,,0.0,0.0,2025.0,Завершено,4.623991940228679,12.285677698553844,floor_1,1,0,0,0,0,0,0,0-5,medium,50.45,2760602.62814896
https://investmoscow.ru/tenders/tender/19793732,completed,19793732.0,127.5,26129000.0,204933.3333333333,ВАО,1,15.0,Отдельный,1,1.0,12.74687924126991,5.483805410945319,55.8280548,37.7703877,,0.0,0.0,2025.0,Завершено,4.855928904335275,12.230444881602216,floor_1,1,0,0,0,0,0,0,0-5,expensive,63.75,2612260.4525109134
https://investmoscow.ru/tenders/tender/19790914,completed,19790914.0,121.0,22823000.0,188619.8347107438,ВАО,1,15.0,Отдельный,1,39.0,12.74687924126991,5.483805410945319,55.8280548,37.7703877,,0.0,0.0,2025.0,Завершено,4.804021044733257,12.147494113444589,floor_1,1,0,0,0,0,0,0,10+,medium,3.025,2404314.255566142
https://investmoscow.ru/tenders/tender/19783928,completed,19783928.0,100.9,21938000.0,217423.1912784936,ВАО,1,25.0,Отдельный,1,39.0,12.74687924126991,5.483805410945319,55.8280548,37.7703877,,0.0,0.0,2025.0,Завершено,4.623991940228679,12.289605522908648,floor_1,1,0,0,0,0,0,0,10+,medium,2.5225,2771467.163478487
https://investmoscow.ru/tenders/tender/19783220,completed,19783220.0,76.1,17004000.0,223442.83837056503,ВАО,1,15.0,Отдельный,1,34.0,12.74687924126991,5.483805410945319,55.8280548,37.7703877,,0.0,0.0,2025.0,Завершено,4.345103280569283,12.316915379000712,floor_1,1,0,0,0,0,0,0,10+,medium,2.174285714285714,2848198.878036184
https://investmoscow.ru/tenders/tender/19774441,completed,19774441.0,127.5,26129000.0,204933.3333333333,ВАО,1,15.0,Отдельный,1,1.0,12.74687924126991,5.483805410945319,55.8280548,37.7703877,,0.0,0.0,2025.0,Завершено,4.855928904335275,12.230444881602216,floor_1,1,0,0,0,0,0,0,0-5,expensive,63.75,2612260.4525109134
https://investmoscow.ru/tenders/tender/19774430,completed,19774430.0,100.9,21852000.0,216570.8622398414,ВАО,1,15.0,Отдельный,1,1.0,12.74687924126991,5.483805410945319,55.8280548,37.7703877,,0.0,0.0,2025.0,Завершено,4.623991940228679,12.285677698553844,floor_1,1,0,0,0,0,0,0,0-5,medium,50.45,2760602.62814896
https://investmoscow.ru/tenders/tender/19760697,completed,19760697.0,100.9,21938000.0,217423.1912784936,ВАО,1,25.0,Отдельный,1,39.0,12.74687924126991,5.483805410945319,55.8280548,37.7703877,,0.0,0.0,2025.0,Завершено,4.623991940228679,12.289605522908648,floor_1,1,0,0,0,0,0,0,10+,medium,2.5225,2771467.163478487
https://investmoscow.ru/tenders/tender/19753396,completed,19753396.0,76.1,17004000.0,223442.83837056503,ВАО,1,15.0,Отдельный,1,34.0,12.74687924126991,5.483805410945319,55.8280548,37.7703877,,0.0,0.0,2025.0,Завершено,4.345103280569283,12.316915379000712,floor_1,1,0,0,0,0,0,0,10+,medium,2.174285714285714,2848198.878036184
https://investmoscow.ru/tenders/tender/19749573,completed,19749573.0,121.0,22823000.0,188619.8347107438,ВАО,1,15.0,Отдельный,1,39.0,12.74687924126991,5.483805410945319,55.8280548,37.7703877,22823000.0,0.0,1.0,2025.0,Завершено,4.804021044733257,12.147494113444589,floor_1,1,0,0,0,0,0,0,10+,medium,3.025,2404314.255566142
https://investmoscow.ru/tenders/tender/19723016,completed,19723016.0,100.9,19181000.0,190099.10802775025,ВАО,1,15.0,Отдельный,1,1.0,12.74687924126991,5.483805410945319,55.8280548,37.7703877,,0.0,0.0,2025.0,Завершено,4.623991940228679,12.155306096744376,floor_1,1,0,0,0,0,0,0,0-5,medium,50.45,2423170.373902856
https://investmoscow.ru/tenders/tender/19721999,completed,19721999.0,99.4,16601515.0,167017.25352112675,ВАО,1,15.0,Отдельный,1,1.0,12.74687924126991,5.483805410945319,55.8280548,37.7703877,26147386.7,57.5,9.0,2025.0,Завершено,4.609162207257629,12.025858387947524,floor_1,1,0,0,0,0,0,0,0-5,medium,49.7,2128948.7618423644
https://investmoscow.ru/tenders/tender/19721975,completed,19721975.0,82.3,13745520.0,167017.2539489672,ВАО,1,15.0,Отдельный,1,1.0,12.74687924126991,5.483805410945319,55.8280548,37.7703877,18350269.2,33.5,16.0,2025.0,Завершено,4.422448549172797,12.025858390509162,floor_1,1,0,0,0,0,0,0,0-5,medium,41.15,2128948.767295996
https://investmoscow.ru/tenders/tender/19721973,completed,19721973.0,127.5,23347000.0,183113.72549019608,ВАО,1,15.0,Отдельный,1,1.0,12.74687924126991,5.483805410945319,55.8280548,37.7703877,,0.0,0.0,2025.0,Завершено,4.855928904335275,12.11786815064126,floor_1,1,0,0,0,0,0,0,0-5,medium,63.75,2334128.546242577
https://investmoscow.ru/tenders/tender/19721924,completed,19721924.0,92.1,15382289.0,167017.25298588493,ВАО,1,15.0,Отдельный,1,1.0,12.74687924126991,5.483805410945319,55.8280548,37.7703877,18074189.75,17.5,7.0,2025.0,Завершено,4.533674184283021,12.025858384742833,floor_1,1,0,0,0,0,0,0,0-5,medium,46.05,2128948.7550197016
https://investmoscow.ru/tenders/tender/19823506,completed,19823506.0,882.1,84771000.0,96101.3490533953,ЦАО,basement,2.0,Вход через места общего пользования,1,0.0,3.3254008572100098,3.1550926193765254,55.7664477,37.6641342,84771000.0,0.0,1.0,2025.0,Завершено,6.783438444474757,11.4731690385035,basement,0,1,0,0,0,0,1,0-5,expensive,882.1,319575.5085211991
https://investmoscow.ru/tenders/tender/19804723,completed,19804723.0,882.1,84771000.0,96101.3490533953,ЦАО,basement,2.0,Вход через места общего пользования,1,0.0,3.3254008572100098,3.1550926193765254,55.7664477,37.6641342,,0.0,0.0,2025.0,Завершено,6.783438444474757,11.4731690385035,basement,0,1,0,0,0,0,1,0-5,expensive,882.1,319575.5085211991
https://investmoscow.ru/tenders/tender/19727401,completed,19727401.0,232.4,11733000.0,50486.23063683305,ВАО,basement,8.0,Вход через подъезд,1,15.0,654.1519474677071,657.7378035805791,59.8500465,30.0920291,,0.0,0.0,2025.0,Завершено,5.452753719852455,10.829475724612731,basement,0,1,0,0,0,0,0,10+,cheap,14.525,33025666.09138816
https://investmoscow.ru/tenders/tender/19727397,completed,19727397.0,420.8,35089000.0,83386.40684410646,ЮЗАО,4,4.0,Вход через подъезд,1,13.0,9.264514389774767,1.1488560372896004,55.6780982,37.5485712,32457325.0,-7.5,3.0,2025.0,Завершено,6.0445312680446746,11.331252579872569,floor_3_plus,0,0,0,1,0,0,0,10+,expensive,30.057142857142857,772534.5661188375
https://investmoscow.ru/tenders/tender/19953002,completed,19953002.0,102.4,9194000.0,89785.15625,ВАО,basement,9.0,Отдельный,1,2.0,12.526585798512356,5.374913928649228,55.750299,37.8180048,11952200.0,30.0,4.0,2026.0,Завершено,4.638604962074329,11.405186080379378,basement,0,1,0,0,0,0,0,0-5,cheap,34.13333333333333,1124701.463198463
https://investmoscow.ru/tenders/tender/19826518,completed,19826518.0,106.0,18613800.0,175601.88679245283,ЦАО,basement,6.0,Вход через места общего пользования,1,10.0,4.04274915311529,3.951899061762012,55.7605778,37.5546035,18613800.0,0.0,2.0,2025.0,Завершено,4.672828834461906,12.07598039964058,basement,0,1,0,0,0,0,1,5-10,medium,9.636363636363637,709914.3791156356
https://investmoscow.ru/tenders/tender/19756655,completed,19756655.0,84.4,18469000.0,218827.01421800943,ЦАО,basement,6.0,Вход через места общего пользования,1,0.0,4.04274915311529,3.951899061762012,55.7605778,37.5546035,18469000.0,0.0,1.0,2025.0,Завершено,4.447346100794524,12.296041377065391,basement,0,1,0,0,0,0,1,0-5,medium,84.4,884662.7264086051
https://investmoscow.ru/tenders/tender/19649539,completed,19649539.0,116.1,24114200.0,207701.98105081823,ЗАО,1,22.0,Отдельный,1,14.0,14.737561329679211,13.590431312941242,55.8390728,37.4393975,26525620.0,10.0,2.0,2025.0,Завершено,4.763028270603671,12.243864362437268,floor_1,1,0,0,0,0,0,0,10+,medium,7.739999999999999,3061020.684032303
https://investmoscow.ru/tenders/tender/19649883,completed,19649883.0,78.4,13351200.0,170295.91836734692,НАО,1,13.0,Отдельный,1,96.0,30.85675240891005,10.768769304930968,55.4821177,37.4990816,,0.0,0.0,2025.0,Завершено,4.37449836825309,12.04529877116907,floor_1,1,0,0,0,0,0,0,10+,medium,0.8082474226804124,5254778.989309182
https://investmoscow.ru/tenders/tender/19649693,completed,19649693.0,60.2,10646100.0,176845.5149501661,НАО,1,13.0,Отдельный,1,96.0,30.85675240891005,31.26329230783254,55.4821177,37.4990816,,0.0,0.0,2025.0,Завершено,4.11414718951828,12.083037488192163,floor_1,1,0,0,0,0,0,0,10+,cheap,0.6206185567010309,5456878.2694434775
https://investmoscow.ru/tenders/tender/19649446,completed,19649446.0,226.9,33253000.0,146553.5478184222,НАО,1,13.0,Отдельный,1,96.0,30.85675240891005,10.768769304930968,55.4821177,37.4990816,,0.0,0.0,2025.0,Завершено,5.4289069362516384,11.89515297819539,floor_1,1,0,0,0,0,0,0,10+,expensive,2.339175257731959,4522166.539680414
https://investmoscow.ru/tenders/tender/19649861,completed,19649861.0,325.1,44982800.0,138366.04121808673,НАО,1,13.0,Отдельный,1,96.0,30.85675240891005,10.768769304930968,55.4821177,37.4990816,,0.0,0.0,2025.0,Завершено,5.787204082795274,11.837665152317706,floor_1,1,0,0,0,0,0,0,10+,expensive,3.3515463917525774,4269526.675667546
https://investmoscow.ru/tenders/tender/19649794,completed,19649794.0,59.7,10557700.0,176845.89614740366,НАО,1,13.0,Отдельный,1,96.0,30.85675240891005,10.768769304930968,55.4821177,37.4990816,,0.0,0.0,2025.0,Завершено,4.1059436980654525,12.083039643715706,floor_1,1,0,0,0,0,0,0,10+,cheap,0.6154639175257732,5456890.031952255
https://investmoscow.ru/tenders/tender/19649725,completed,19649725.0,333.3,46117400.0,138366.03660366035,НАО,1,13.0,Отдельный,1,96.0,30.85675240891005,10.768769304930968,55.4821177,37.4990816,57646750.0,25.0,3.0,2025.0,Завершено,5.812038793426053,11.837665118968534,floor_1,1,0,0,0,0,0,0,10+,expensive,3.4360824742268044,4269526.533281334
https://investmoscow.ru/tenders/tender/19649442,completed,19649442.0,59.3,10487000.0,176846.54300168634,НАО,1,13.0,Отдельный,1,96.0,30.85675240891005,10.768769304930968,55.4821177,37.4990816,,0.0,0.0,2025.0,Завершено,4.09933210373314,12.08304330141688,floor_1,1,0,0,0,0,0,0,10+,cheap,0.611340206185567,5456909.991774701
https://investmoscow.ru/tenders/tender/19649813,completed,19649813.0,216.3,31876500.0,147371.70596393896,НАО,1,13.0,Отдельный,1,96.0,30.85675240891005,10.768769304930968,55.4821177,37.4990816,,0.0,0.0,2025.0,Завершено,5.381278887262384,11.90072007174016,floor_1,1,0,0,0,0,0,0,10+,expensive,2.229896907216495,4547412.243007958
https://investmoscow.ru/tenders/tender/19649763,completed,19649763.0,78.4,13351200.0,170295.91836734692,НАО,1,13.0,Отдельный,1,96.0,30.85675240891005,10.768769304930968,55.4821177,37.4990816,,0.0,0.0,2025.0,Завершено,4.37449836825309,12.04529877116907,floor_1,1,0,0,0,0,0,0,10+,medium,0.8082474226804124,5254778.989309182
https://investmoscow.ru/tenders/tender/19649645,completed,19649645.0,216.3,31876500.0,147371.70596393896,НАО,1,13.0,Отдельный,1,96.0,30.85675240891005,10.768769304930968,55.4821177,37.4990816,,0.0,0.0,2025.0,Завершено,5.381278887262384,11.90072007174016,floor_1,1,0,0,0,0,0,0,10+,expensive,2.229896907216495,4547412.243007958
https://investmoscow.ru/tenders/tender/19649438,completed,19649438.0,354.8,48511300.0,136728.57948139796,НАО,1,13.0,Отдельный,1,96.0,30.85675240891005,10.768769304930968,55.4821177,37.4990816,,0.0,0.0,2025.0,Завершено,5.874368775231734,11.825760381758268,floor_1,1,0,0,0,0,0,0,10+,expensive,3.657731958762887,4218999.9242794765
https://investmoscow.ru/tenders/tender/19649292,completed,19649292.0,102.5,16784000.0,163746.34146341463,НАО,1,13.0,Отдельный,1,96.0,30.85675240891005,10.768769304930968,55.4821177,37.4990816,,0.0,0.0,2025.0,Завершено,4.639571612705423,12.006079918027778,floor_1,1,0,0,0,0,0,0,10+,medium,1.056701030927835,5052680.316401428
https://investmoscow.ru/tenders/tender/19800524,completed,19800524.0,159.5,13331000.0,83579.93730407524,ЗАО,basement,5.0,Вход через места общего пользования,1,0.0,10.579268792941816,2.223644841994305,55.7245069,37.4553445,13331000.0,0.0,2.0,2025.0,Завершено,5.07829394257007,11.333570750393145,basement,0,1,0,0,0,0,0,0-5,medium,159.5,884214.6224370367
https://investmoscow.ru/tenders/tender/19894445,completed,19894445.0,472.8,63533000.0,134376.0575296108,ЮАО,2,24.0,Вход через подъезд,1,6.0,15.199923012927536,5.720068315016907,55.6152537,37.6046885,63533000.0,0.0,2.0,2025.0,Завершено,6.160785291724685,11.808404989595106,floor_2,0,0,0,0,1,0,0,5-10,expensive,67.54285714285714,2042505.729230806
https://investmoscow.ru/tenders/tender/19735261,completed,19735261.0,472.8,67433000.0,142624.78849407783,ЮАО,2,24.0,Вход через подъезд,1,6.0,15.199923012927536,5.720068315016907,55.6152537,37.6046885,,0.0,0.0,2025.0,Завершено,6.160785291724685,11.86797961559136,floor_2,0,0,0,0,1,0,0,5-10,expensive,67.54285714285714,2167885.804845056
https://investmoscow.ru/tenders/tender/19727098,completed,19727098.0,471.1,67225000.0,142697.94098917427,ЮАО,3,24.0,Вход через подъезд,1,6.0,15.199923012927536,5.720068315016907,55.6152537,37.6046885,47057500.0,-30.0,3.0,2025.0,Завершено,6.157190827552241,11.868492382198246,floor_3_plus,0,0,0,1,0,0,0,5-10,expensive,67.3,2168997.7171387253
https://investmoscow.ru/tenders/tender/19727088,completed,19727088.0,484.1,68316000.0,141119.6033877298,ЮАО,4,24.0,Вход через подъезд,1,6.0,15.199923012927536,5.720068315016907,55.6152537,37.6046885,51237000.0,-25.0,4.0,2025.0,Завершено,6.184355055251171,11.85737014693818,floor_3_plus,0,0,0,1,0,0,0,5-10,expensive,69.15714285714286,2145007.1071083606
https://investmoscow.ru/tenders/tender/19724768,completed,19724768.0,87.7,14741379.0,168088.7001140251,ЮЗАО,1,15.0,Отдельный,1,1.0,12.834248285864076,3.053165538191345,55.6439129,37.5445374,28671983.1,94.5,51.0,2025.0,Завершено,4.485259889315534,12.03225304514604,floor_1,1,0,0,0,0,0,0,0-5,medium,43.85,2157292.1113115475
https://investmoscow.ru/tenders/tender/19721922,completed,19721922.0,74.2,13470333.0,181540.87601078168,ЮЗАО,1,15.0,Отдельный,1,1.0,12.834248285864076,3.053165538191345,55.6439129,37.5445374,22226048.8,65.0,45.0,2025.0,Завершено,4.320151230955794,12.109241627897344,floor_1,1,0,0,0,0,0,0,0-5,medium,37.1,2329940.6767556374
https://investmoscow.ru/tenders/tender/19721917,completed,19721917.0,110.8,26882000.0,242617.3285198556,ЮЗАО,1,15.0,Отдельный,1,1.0,12.834248285864076,3.053165538191345,55.6439129,37.5445374,45430580.0,69.0,23.0,2025.0,Завершено,4.716711560720999,12.399244823008686,floor_1,1,0,0,0,0,0,0,0-5,expensive,55.4,3113811.032676878
https://investmoscow.ru/tenders/tender/19721916,completed,19721916.0,80.4,14595886.0,181540.87064676607,ЮЗАО,1,15.0,Отдельный,1,1.0,12.834248285864076,3.053165538191345,55.6439129,37.5445374,23061499.88,58.0,30.0,2025.0,Завершено,4.399375273008495,12.109241598350357,floor_1,1,0,0,0,0,0,0,0-5,medium,40.2,2329940.60791253
https://investmoscow.ru/tenders/tender/19721918,completed,19721918.0,115.7,27796000.0,240242.0051858254,ЮЗАО,1,15.0,Отдельный,1,1.0,12.834248285864076,3.053165538191345,55.6439129,37.5445374,29324780.0,5.5,7.0,2025.0,Завершено,4.75960653929251,12.389406211677482,floor_1,1,0,0,0,0,0,0,0-5,expensive,57.85,3083325.543248728
https://investmoscow.ru/tenders/tender/19721921,completed,19721921.0,92.9,15615440.0,168088.69752421958,ЮЗАО,1,15.0,Отдельный,1,1.0,12.834248285864076,3.053165538191345,55.6439129,37.5445374,34822431.2,123.0,43.0,2025.0,Завершено,4.542230386214217,12.032253029738758,floor_1,1,0,0,0,0,0,0,0-5,medium,46.45,2157292.0780733405
https://investmoscow.ru/tenders/tender/19721920,completed,19721920.0,51.6,12887000.0,249748.06201550388,ЮЗАО,1,15.0,Отдельный,1,1.0,12.834248285864076,3.053165538191345,55.6439129,37.5445374,13853525.0,7.5,8.0,2025.0,Завершено,3.962716119743664,12.428211940810067,floor_1,1,0,0,0,0,0,0,0-5,medium,25.8,3205328.6368203554
https://investmoscow.ru/tenders/tender/19721919,completed,19721919.0,96.0,16136515.0,168088.69791666666,ЮЗАО,1,15.0,Отдельный,1,1.0,12.834248285864076,3.053165538191345,55.6439129,37.5445374,26625250.4,65.0,25.0,2025.0,Завершено,4.574710978503383,12.032253032073504,floor_1,1,0,0,0,0,0,0,0-5,medium,48.0,2157292.0831101034
https://investmoscow.ru/tenders/tender/19721915,completed,19721915.0,68.4,12417396.0,181540.87719298244,ЮЗАО,1,15.0,Отдельный,1,1.0,12.834248285864076,3.053165538191345,55.6439129,37.5445374,20861225.28,68.0,32.0,2025.0,Завершено,4.239886867512759,12.109241634409344,floor_1,1,0,0,0,0,0,0,0-5,cheap,34.2,2329940.691928296
https://investmoscow.ru/tenders/tender/19774589,completed,19774589.0,131.6,33274000.0,252841.9452887538,ЮЗАО,1,13.0,Отдельный,1,13.0,8.406006857460838,1.5402109361133896,55.679667,37.5776506,50077370.0,50.5,41.0,2025.0,Завершено,4.887337077751762,12.440523805342758,floor_1,1,0,0,0,0,0,0,10+,expensive,9.4,2125391.1259510024
https://investmoscow.ru/tenders/tender/19912900,completed,19912900.0,39.7,15383000.0,387481.10831234255,ЮАО,1,15.0,Отдельный,1,12.0,4.390065445263406,6.026665060371859,55.7134963,37.633559,20074815.0,30.5,7.0,2025.0,Завершено,3.7062280924485496,12.867424954612394,floor_1,1,0,0,0,0,1,1,10+,medium,3.053846153846154,1701067.424294382
https://investmoscow.ru/tenders/tender/19912893,completed,19912893.0,32.6,13033000.0,399785.2760736196,ЮАО,1,15.0,Отдельный,1,12.0,4.390065445263406,6.026665060371859,55.7134963,37.633559,13033000.0,0.0,4.0,2025.0,Завершено,3.5145260669691587,12.898685373479813,floor_1,1,0,0,0,0,1,1,10+,medium,2.507692307692308,1755083.5260158884
https://investmoscow.ru/tenders/tender/19753355,completed,19753355.0,155.1,45370000.0,292520.9542230819,ЮАО,1,19.0,Отдельный,1,1.0,4.390065445263406,6.026665060371859,55.7134963,37.633559,47411650.0,4.5,6.0,2025.0,Завершено,5.050496827521386,12.58629500001033,floor_1,1,0,0,0,0,0,1,0-5,expensive,77.55,1284186.1331502302
https://investmoscow.ru/tenders/tender/19723015,completed,19723015.0,126.4,32192000.0,254683.54430379745,ЗАО,1,24.0,Отдельный,1,1.0,11.810336160009284,3.5009383553512,55.7248883,37.434679,34445440.0,7.0,9.0,2025.0,Завершено,4.847331743138063,12.447780977162434,floor_1,1,0,0,0,0,0,0,0-5,expensive,63.2,3007898.2726504654
https://investmoscow.ru/tenders/tender/19790909,completed,19790909.0,112.9,23098000.0,204588.1310894597,ВАО,1,15.0,Отдельный,1,1.0,10.956815860277008,10.94702017318524,55.7588606,37.7924743,23098000.0,0.0,1.0,2025.0,Завершено,4.735320870453137,12.228759008358688,floor_1,1,0,0,0,0,0,0,0-5,medium,56.45,2241634.479545424
https://investmoscow.ru/tenders/tender/19721970,completed,19721970.0,112.9,25787000.0,228405.6687333924,ВАО,1,15.0,Отдельный,1,1.0,10.956815860277008,10.94702017318524,55.7588606,37.7924743,25787000.0,0.0,1.0,2025.0,Завершено,4.735320870453137,12.338882953944546,floor_1,1,0,0,0,0,0,0,0-5,expensive,56.45,2502598.85375521
https://investmoscow.ru/tenders/tender/19721967,completed,19721967.0,166.5,35541000.0,213459.45945945947,ЮАО,1,15.0,Отдельный,1,1.0,9.39067073435237,1.34981660642898,55.6678853,37.6335891,35541000.0,0.0,4.0,2025.0,Завершено,5.120983351265121,12.271206892903846,floor_1,1,0,0,0,0,0,0,0-5,expensive,83.25,2004527.498916622
https://investmoscow.ru/tenders/tender/19760773,completed,19760773.0,117.3,21791000.0,185771.52600170503,ВАО,1,15.0,Отдельный,1,0.0,1072.732075528597,1080.5065578831611,54.8097336,20.5268522,21791000.0,0.0,5.0,2025.0,Завершено,4.773223770984341,12.132278225761407,floor_1,1,0,0,0,0,0,0,0-5,medium,117.3,199283074.66192377
https://investmoscow.ru/tenders/tender/19724725,completed,19724725.0,56.5,8588211.0,152003.73451327434,ВАО,1,15.0,Отдельный,1,1.0,1072.732075528597,1080.5065578831611,54.8097336,20.5268522,11121733.54,29.5,12.0,2025.0,Завершено,4.051784947803305,11.931666947456968,floor_1,1,0,0,0,0,0,0,0-5,cheap,28.25,163059281.61252263
https://investmoscow.ru/tenders/tender/19724723,completed,19724723.0,70.1,10655461.0,152003.72325249645,ВАО,1,15.0,Отдельный,1,1.0,1072.732075528597,1080.5065578831611,54.8097336,20.5268522,10655461.0,0.0,5.0,2025.0,Завершено,4.264087336809195,11.931666873375208,floor_1,1,0,0,0,0,0,0,0-5,cheap,35.05,163059269.53272498
https://investmoscow.ru/tenders/tender/19724726,completed,19724726.0,54.1,8223401.0,152003.71534195932,ВАО,1,15.0,Отдельный,1,1.0,1072.732075528597,1080.5065578831611,54.8097336,20.5268522,8223401.0,0.0,4.0,2025.0,Завершено,4.009149716158869,11.931666821333817,floor_1,1,0,0,0,0,0,0,0-5,cheap,27.05,163059261.04683807
https://investmoscow.ru/tenders/tender/19724724,completed,19724724.0,55.3,8405806.0,152003.72513562388,ВАО,1,15.0,Отдельный,1,1.0,1072.732075528597,1080.5065578831611,54.8097336,20.5268522,10044938.17,19.5,11.0,2025.0,Завершено,4.030694535145645,11.93166688576382,floor_1,1,0,0,0,0,0,0,0-5,cheap,27.65,163059271.55281618
https://investmoscow.ru/tenders/tender/19798966,completed,19798966.0,49.0,12058000.0,246081.6326530612,ЮЗАО,1,22.0,Отдельный,1,11.0,11.362970679765851,2.479801159775111,55.6515591,37.5823613,13203510.0,9.5,6.0,2025.0,Завершено,3.912023005428146,12.41342266360476,floor_1,1,0,0,0,0,1,0,10+,cheap,4.083333333333333,2796218.3766656453
https://investmoscow.ru/tenders/tender/19725069,completed,19725069.0,49.0,11154000.0,227632.6530612245,ЮЗАО,1,22.0,Отдельный,1,11.0,11.362970679765851,2.479801159775111,55.6515591,37.5823613,,0.0,0.0,2025.0,Завершено,3.912023005428146,12.335492830854214,floor_1,1,0,0,0,0,1,0,10+,cheap,4.083333333333333,2586583.1624920066
https://investmoscow.ru/tenders/tender/19944816,completed,19944816.0,120.1,33533000.0,279208.9925062448,СВАО,1,15.0,Отдельный,1,7.0,6.123168142012318,2.648933258588845,55.8065331,37.6322785,40071935.0,19.5,6.0,2026.0,Завершено,4.796616650559047,12.53971943900873,floor_1,1,0,0,0,0,0,0,5-10,expensive,15.0125,1709643.6078775942
https://investmoscow.ru/tenders/tender/19854896,completed,19854896.0,120.1,33533000.0,279208.9925062448,СВАО,1,15.0,Отдельный,1,7.0,6.123168142012318,2.648933258588845,55.8065331,37.6322785,33533000.0,0.0,1.0,2025.0,Завершено,4.796616650559047,12.53971943900873,floor_1,1,0,0,0,0,0,0,5-10,expensive,15.0125,1709643.6078775942
https://investmoscow.ru/tenders/tender/19760750,completed,19760750.0,169.0,34065000.0,201568.0473372781,ВАО,1,15.0,Отдельный,1,0.0,10.580511542669424,7.804561908697503,55.7106,37.770065,47350350.0,39.0,8.0,2025.0,Завершено,5.135798437050262,12.2138872683583,floor_1,1,0,0,0,0,0,0,0-5,expensive,169.0,2132693.051485408
https://investmoscow.ru/tenders/tender/19723018,completed,19723018.0,168.2,35565000.0,211444.7086801427,ЮАО,1,15.0,Отдельный,1,1.0,6.857805804758898,4.111157117864602,55.6902896,37.612215,38232375.0,7.5,7.0,2025.0,Завершено,5.131081447172122,12.261723547968485,floor_1,1,0,0,0,0,0,0,0-5,expensive,84.1,1450046.7505722367
https://investmoscow.ru/tenders/tender/19774448,completed,19774448.0,121.0,33841000.0,279677.68595041323,ВАО,1,23.0,Отдельный,1,1.0,14.14897925148092,5.311286824761429,55.7996625,37.8275694,33841000.0,0.0,4.0,2025.0,Завершено,4.804021044733257,12.541396673034429,floor_1,1,0,0,0,0,0,0,0-5,expensive,60.5,3957153.7756145936
https://investmoscow.ru/tenders/tender/19723013,completed,19723013.0,121.0,32968000.0,272462.80991735536,ВАО,1,23.0,Отдельный,1,1.0,14.14897925148092,5.311286824761429,55.7996625,37.8275694,,0.0,0.0,2025.0,Завершено,4.804021044733257,12.515261076622988,floor_1,1,0,0,0,0,0,0,0-5,expensive,60.5,3855070.64432085
https://investmoscow.ru/tenders/tender/19723017,completed,19723017.0,107.8,20968000.0,194508.3487940631,ЮАО,2,24.0,Отдельный,1,1.0,9.079694231902012,9.45228978273042,55.681339,37.6907229,20968000.0,0.0,1.0,2025.0,Завершено,4.689511334421843,12.17823550666476,floor_2,0,0,0,0,1,0,0,0-5,medium,53.9,1766076.3326022392
https://investmoscow.ru/tenders/tender/19793738,completed,19793738.0,79.4,17443000.0,219685.1385390428,ВАО,1,15.0,Отдельный,1,0.0,14.490909144296127,5.779217916200132,55.810881,37.8245381,17530215.0,0.5,6.0,2025.0,Завершено,4.387014176184921,12.299955163706093,floor_1,1,0,0,0,0,0,0,0-5,medium,79.4,3183437.3829213767
https://investmoscow.ru/tenders/tender/19728521,completed,19728521.0,46.9,9913000.0,211364.60554371003,ВАО,1,15.0,Отдельный,1,1.0,14.490909144296127,5.779217916200132,55.810881,37.8245381,10012130.0,1.0,6.0,2025.0,Завершено,3.8691155044168695,12.26134464071271,floor_1,1,0,0,0,0,1,0,0-5,cheap,23.45,3062865.2952538915
https://investmoscow.ru/tenders/tender/19728520,completed,19728520.0,78.0,15243000.0,195423.0769230769,ВАО,1,15.0,Отдельный,1,1.0,14.490909144296127,5.779217916200132,55.810881,37.8245381,15243000.0,0.0,4.0,2025.0,Завершено,4.3694478524670215,12.182927229644228,floor_1,1,0,0,0,0,0,0,0-5,medium,39.0,2831858.0523911007
https://investmoscow.ru/tenders/tender/19728519,completed,19728519.0,56.9,11672000.0,205131.8101933216,ВАО,1,15.0,Отдельный,1,1.0,14.490909144296127,5.779217916200132,55.810881,37.8245381,14123120.0,21.0,11.0,2025.0,Завершено,4.05871738457895,12.231412902954917,floor_1,1,0,0,0,0,0,0,0-5,cheap,28.45,2972546.424116421
https://investmoscow.ru/tenders/tender/19724767,completed,19724767.0,79.4,15474000.0,194886.6498740554,ВАО,1,15.0,Отдельный,1,1.0,14.490909144296127,5.779217916200132,55.810881,37.8245381,21199380.0,37.0,12.0,2025.0,Завершено,4.387014176184921,12.18017851701308,floor_1,1,0,0,0,0,0,0,0-5,medium,39.7,2824084.736761187
https://investmoscow.ru/tenders/tender/19723022,completed,19723022.0,141.1,27779000.0,196874.5570517364,ВАО,1,15.0,Отдельный,0,7.0,14.490909144296127,5.779217916200132,55.810881,37.8245381,27779000.0,0.0,4.0,2025.0,Завершено,4.956531035103055,12.190327118027168,floor_1,1,0,0,0,0,0,0,5-10,expensive,17.6375,2852891.3190602567
https://investmoscow.ru/tenders/tender/19749204,completed,19749204.0,137.9,28418000.0,206076.8672951414,ВАО,1,21.0,Отдельный,1,1.0,9.097382419949769,4.429699345634524,55.7406415,37.761727,28418000.0,0.0,5.0,2025.0,Завершено,4.933754249760298,12.236009372927365,floor_1,1,0,0,0,0,0,0,0-5,expensive,68.95,1874760.069689141
https://investmoscow.ru/tenders/tender/19735506,completed,19735506.0,100.5,22621000.0,225084.57711442787,ВАО,1,15.0,Отдельный,1,5.0,9.097382419949769,4.429699345634524,55.7406415,37.761727,22847210.0,1.0,8.0,2025.0,Завершено,4.620058798481842,12.324235951605386,floor_1,1,0,0,0,0,0,0,0-5,medium,16.75,2047680.4748426245
https://investmoscow.ru/tenders/tender/19968990,completed,19968990.0,130.1,59008000.0,453558.8009223674,ЦАО,1,15.0,Отдельный,1,9.0,5.135158074299811,5.498074087321079,55.7134306,37.6628942,59008000.0,0.0,1.0,2026.0,Завершено,4.875960390769654,13.024882405163304,floor_1,1,0,0,0,0,0,0,5-10,expensive,13.01,2329096.1387262354
https://investmoscow.ru/tenders/tender/19918531,completed,19918531.0,130.1,59008000.0,453558.8009223674,ЦАО,1,15.0,Отдельный,1,1.0,5.135158074299811,5.498074087321079,55.7134306,37.6628942,,0.0,0.0,2025.0,Завершено,4.875960390769654,13.024882405163304,floor_1,1,0,0,0,0,0,0,0-5,expensive,65.05,2329096.1387262354
https://investmoscow.ru/tenders/tender/19841824,completed,19841824.0,130.1,58205000.0,447386.6256725596,ЦАО,1,15.0,Отдельный,1,1.0,5.135158074299811,5.498074087321079,55.7134306,37.6628942,,0.0,0.0,2025.0,Завершено,4.875960390769654,13.011180669346682,floor_1,1,0,0,0,0,0,0,0-5,expensive,65.05,2297401.043156192
https://investmoscow.ru/tenders/tender/19808948,completed,19808948.0,130.1,58205000.0,447386.6256725596,ЦАО,1,15.0,Отдельный,1,1.0,5.135158074299811,5.498074087321079,55.7134306,37.6628942,,0.0,0.0,2025.0,Завершено,4.875960390769654,13.011180669346682,floor_1,1,0,0,0,0,0,0,0-5,expensive,65.05,2297401.043156192
https://investmoscow.ru/tenders/tender/19793734,completed,19793734.0,130.1,58205000.0,447386.6256725596,ЦАО,1,15.0,Отдельный,1,1.0,5.135158074299811,5.498074087321079,55.7134306,37.6628942,,0.0,0.0,2025.0,Завершено,4.875960390769654,13.011180669346682,floor_1,1,0,0,0,0,0,0,0-5,expensive,65.05,2297401.043156192
https://investmoscow.ru/tenders/tender/19774454,completed,19774454.0,130.1,58205000.0,447386.6256725596,ЦАО,1,15.0,Отдельный,1,1.0,5.135158074299811,5.498074087321079,55.7134306,37.6628942,,0.0,0.0,2025.0,Завершено,4.875960390769654,13.011180669346682,floor_1,1,0,0,0,0,0,0,0-5,expensive,65.05,2297401.043156192
https://investmoscow.ru/tenders/tender/19723014,completed,19723014.0,130.1,57361000.0,440899.3082244428,ЦАО,1,15.0,Отдельный,1,1.0,5.135158074299811,5.498074087321079,55.7134306,37.6628942,,0.0,0.0,2025.0,Завершено,4.875960390769654,12.996574070425943,floor_1,1,0,0,0,0,0,0,0-5,expensive,65.05,2264087.6425819485
https://investmoscow.ru/tenders/tender/19760426,completed,19760426.0,115.3,29945000.0,259713.79011274927,ЮАО,1,15.0,Отдельный,1,0.0,11.742128526575394,12.164013480846895,55.646218,37.6189018,38329600.0,28.0,16.0,2025.0,Завершено,4.7561730595246186,12.46733934679066,floor_1,1,0,0,0,0,0,0,0-5,expensive,115.3,3049592.703627928
https://investmoscow.ru/tenders/tender/19760456,completed,19760456.0,125.0,32077000.0,256616.0,ЮАО,1,15.0,Отдельный,1,0.0,11.742128526575394,12.164013480846895,55.646218,37.6189018,48275885.0,50.5,17.0,2025.0,Завершено,4.836281906951478,12.455339979943451,floor_1,1,0,0,0,0,0,0,0-5,expensive,125.0,3013218.0539756715
https://investmoscow.ru/tenders/tender/19724729,completed,19724729.0,129.6,31380000.0,242129.62962962964,ЮАО,1,15.0,Отдельный,1,1.0,11.742128526575394,12.164013480846895,55.646218,37.6189018,40950900.0,30.5,16.0,2025.0,Завершено,4.8721392168423305,12.39723265136158,floor_1,1,0,0,0,0,0,0,0-5,expensive,64.8,2843117.2312032087
https://investmoscow.ru/tenders/tender/19897619,completed,19897619.0,127.6,33814000.0,265000.0,САО,1,15.0,Отдельный,1,1.0,10.274244201848234,4.479595077132733,55.8414258,37.5750576,33814000.0,0.0,5.0,2025.0,Завершено,4.856706811803519,12.487488878546143,floor_1,1,0,0,0,0,0,0,0-5,expensive,63.8,2722674.713489782
https://investmoscow.ru/tenders/tender/19848140,completed,19848140.0,127.6,33814000.0,265000.0,САО,1,15.0,Отдельный,1,1.0,10.274244201848234,4.479595077132733,55.8414258,37.5750576,,0.0,0.0,2025.0,Завершено,4.856706811803519,12.487488878546143,floor_1,1,0,0,0,0,0,0,0-5,expensive,63.8,2722674.713489782
https://investmoscow.ru/tenders/tender/19800877,completed,19800877.0,127.6,33494000.0,262492.1630094044,САО,1,15.0,Отдельный,1,1.0,10.274244201848234,4.479595077132733,55.8414258,37.5750576,,0.0,0.0,2025.0,Завершено,4.856706811803519,12.47798031499616,floor_1,1,0,0,0,0,0,0,0-5,expensive,63.8,2696908.5838299743
https://investmoscow.ru/tenders/tender/19783196,completed,19783196.0,127.6,33494000.0,262492.1630094044,САО,1,15.0,Отдельный,1,1.0,10.274244201848234,4.479595077132733,55.8414258,37.5750576,,0.0,0.0,2025.0,Завершено,4.856706811803519,12.47798031499616,floor_1,1,0,0,0,0,0,0,0-5,expensive,63.8,2696908.5838299743
https://investmoscow.ru/tenders/tender/19753372,completed,19753372.0,127.6,33494000.0,262492.1630094044,САО,1,15.0,Отдельный,1,1.0,10.274244201848234,4.479595077132733,55.8414258,37.5750576,,0.0,0.0,2025.0,Завершено,4.856706811803519,12.47798031499616,floor_1,1,0,0,0,0,0,0,0-5,expensive,63.8,2696908.5838299743
https://investmoscow.ru/tenders/tender/19721968,completed,19721968.0,67.9,15057000.0,221752.5773195876,САО,1,15.0,Отдельный,0,7.0,10.274244201848234,4.479595077132733,55.8414258,37.5750576,,0.0,0.0,2025.0,Завершено,4.232656178019613,12.309322032260813,floor_1,1,0,0,0,0,0,0,5-10,medium,8.4875,2278340.131770675
https://investmoscow.ru/tenders/tender/19727814,completed,19727814.0,140.5,7681000.0,54669.039145907474,СВАО,5,5.0,Вход через места общего пользования,1,24.0,13.987316564628594,5.60024727948699,55.8705335,37.6934884,5568725.0,-27.5,8.0,2025.0,Завершено,4.952299717083292,10.9090711079288,floor_3_plus,0,0,0,1,0,0,0,10+,cheap,5.62,764673.1568178807
https://investmoscow.ru/tenders/tender/19981337,completed,19981337.0,73.1,7058000.0,96552.66757865938,ЗАО,basement,14.0,Отдельный,1,12.0,13.047619340744914,4.592756670124203,55.7199635,37.4165387,14468900.0,105.0,10.0,2026.0,Завершено,4.3054155323020415,11.47785427344964,basement,0,1,0,0,0,0,0,10+,cheap,5.623076923076923,1259782.4528998306
https://investmoscow.ru/tenders/tender/19727373,completed,19727373.0,158.2,14287000.0,90309.73451327434,ЮЗАО,basement,5.0,Отдельный,1,20.0,9.978133021419064,1.775488344622573,55.6638515,37.5861836,13929825.0,-2.5,13.0,2025.0,Завершено,5.0701612734102826,11.411011608455864,basement,0,1,0,0,0,0,0,10+,medium,7.533333333333333,901122.5441024916
https://investmoscow.ru/tenders/tender/19731324,completed,19731324.0,142.9,17728000.0,124058.7823652904,ВАО,1,5.0,Вход через подъезд,1,1.0,11.146901409673616,8.847138822619112,55.7012133,37.7714399,17728000.0,0.0,1.0,2025.0,Завершено,4.969118613893322,11.728518844255785,floor_1,1,0,0,0,0,0,0,0-5,medium,71.45,1382871.0160300478
https://investmoscow.ru/tenders/tender/19786861,completed,19786861.0,118.9,28103000.0,236358.2842724979,НАО,1,14.0,Отдельный,0,7.0,33.135437267526775,33.4782437952199,55.5043845,37.3212347,,0.0,0.0,2025.0,Завершено,4.786658062033468,12.373108317330546,floor_1,1,0,0,0,0,0,0,5-10,expensive,14.8625,7831835.101171615
https://investmoscow.ru/tenders/tender/19766095,completed,19766095.0,118.9,28103000.0,236358.2842724979,НАО,1,14.0,Отдельный,0,7.0,33.135437267526775,33.4782437952199,55.5043845,37.3212347,,0.0,0.0,2025.0,Завершено,4.786658062033468,12.373108317330546,floor_1,1,0,0,0,0,0,0,5-10,expensive,14.8625,7831835.101171615
https://investmoscow.ru/tenders/tender/19727879,completed,19727879.0,76.7,18364000.0,239426.3363754889,НАО,1,14.0,Отдельный,0,7.0,33.135437267526775,33.4782437952199,55.5043845,37.3212347,20659500.0,12.5,15.0,2025.0,Завершено,4.3528552573736015,12.386005252619285,floor_1,1,0,0,0,0,0,0,5-10,medium,9.5875,7933496.349163776
https://investmoscow.ru/tenders/tender/19927243,completed,19927243.0,55.2,9960000.0,180434.78260869565,ЗАО,1,16.0,Отдельный,1,33.0,13.12374031627245,4.603159163640332,55.7176145,37.4164942,21912000.0,120.0,24.0,2026.0,Завершено,4.028916756899646,12.103130218431048,floor_1,1,0,0,0,0,0,0,10+,cheap,1.623529411764706,2367979.230979594
https://investmoscow.ru/tenders/tender/19767637,completed,19767637.0,150.1,22101000.0,147241.83877415056,ЮЗАО,1,5.0,Вход через подъезд,1,10.0,10.69156154786905,2.633488175567687,55.6565422,37.594646,16023225.0,-27.5,9.0,2025.0,Завершено,5.017941869278694,11.899838467218474,floor_1,1,0,0,0,0,0,0,5-10,medium,13.645454545454545,1574245.1816752425
https://investmoscow.ru/tenders/tender/19724069,completed,19724069.0,150.1,22101000.0,147241.83877415056,ЮЗАО,1,5.0,Вход через подъезд,1,10.0,10.69156154786905,2.633488175567687,55.6565422,37.594646,,0.0,0.0,2025.0,Завершено,5.017941869278694,11.899838467218474,floor_1,1,0,0,0,0,0,0,5-10,medium,13.645454545454545,1574245.1816752425
https://investmoscow.ru/tenders/tender/19724041,completed,19724041.0,161.6,40424000.0,250148.51485148515,ВАО,1,9.0,Вход через подъезд,1,3.0,6.723515856087897,9.26532354404341,55.7049063,37.68519,,0.0,0.0,2025.0,Завершено,5.091293197113711,12.42981407748407,floor_1,1,0,0,0,0,0,0,0-5,expensive,40.4,1681877.5059807992
https://investmoscow.ru/tenders/tender/19729692,completed,19729692.0,322.9,16650000.0,51563.95168782905,САО,basement,9.0,Вход через подъезд,1,20.0,13.379445843634173,5.120004030998506,55.853161,37.5010446,27056250.0,62.5,14.0,2025.0,Завершено,5.780434826177284,10.85059748983184,basement,0,1,0,0,0,0,0,10+,medium,15.376190476190477,689897.0990910777
https://investmoscow.ru/tenders/tender/19767679,completed,19767679.0,157.2,22155000.0,140935.11450381682,ЮАО,1,16.0,Отдельный,1,21.0,17.746795559895247,7.495654297258948,55.5926647,37.6409531,17724000.0,-20.0,17.0,2025.0,Завершено,5.063860055333554,11.856061978059229,floor_1,1,0,0,0,0,0,0,10+,medium,7.145454545454545,2501146.6643096646
https://investmoscow.ru/tenders/tender/19724100,completed,19724100.0,157.2,22155000.0,140935.11450381682,ЮАО,1,16.0,Отдельный,1,21.0,17.746795559895247,7.495654297258948,55.5926647,37.6409531,,0.0,0.0,2025.0,Завершено,5.063860055333554,11.856061978059229,floor_1,1,0,0,0,0,0,0,10+,medium,7.145454545454545,2501146.6643096646
https://investmoscow.ru/tenders/tender/19731505,completed,19731505.0,165.8,8066000.0,48648.97466827503,ЗАО,basement,4.0,Вход через места общего пользования,1,18.0,12.77488802940885,4.843117045852242,55.7327062,37.4158917,,0.0,0.0,2025.0,Завершено,5.116795489924646,10.7924065669208,basement,0,1,0,0,0,0,0,10+,cheap,8.726315789473684,621485.204132761
https://investmoscow.ru/tenders/tender/19783189,completed,19783189.0,136.9,36306000.0,265200.8765522279,СВАО,1,20.0,Отдельный,1,1.0,5.892100888307176,5.470523989115971,55.8049439,37.6107009,,0.0,0.0,2025.0,Завершено,4.926528784799256,12.488246613257605,floor_1,1,0,0,0,0,0,0,0-5,expensive,68.45,1562590.3203132236
https://investmoscow.ru/tenders/tender/19748896,completed,19748896.0,131.2,29861000.0,227599.08536585368,СВАО,1,15.0,Отдельный,1,12.0,5.892100888307176,5.470523989115971,55.8049439,37.6107009,32249880.0,8.0,8.0,2025.0,Завершено,4.884315927417586,12.3353453563039,floor_1,1,0,0,0,0,0,0,10+,expensive,10.092307692307692,1341036.7730620473
https://investmoscow.ru/tenders/tender/19732090,completed,19732090.0,426.6,18543000.0,43466.94796061885,ЗАО,basement,4.0,Вход через места общего пользования,1,13.0,28.59411903499105,25.09169002758987,55.4968654,37.5542635,18543000.0,0.0,1.0,2025.0,Завершено,6.05818817915089,10.679779116993725,basement,0,1,0,0,0,0,0,10+,medium,30.47142857142857,1242899.0840736968
https://investmoscow.ru/tenders/tender/19721743,completed,19721743.0,75.8,9869400.0,130203.16622691292,ВАО,1,25.0,Отдельный,1,33.0,20.151304995897465,14.707279164921667,55.6878326,37.9192629,15791040.0,60.0,12.0,2025.0,Завершено,4.341204640153626,11.776859006915265,floor_1,1,0,0,0,0,0,0,10+,cheap,2.2294117647058824,2623763.7140700584
https://investmoscow.ru/tenders/tender/19733597,completed,19733597.0,262.1,22440000.0,85616.17703166729,ЮЗАО,basement,5.0,Вход через места общего пользования,1,8.0,9.506488785988807,0.8989320815068663,55.6754264,37.5493403,,0.0,0.0,2025.0,Завершено,5.572534188046247,11.35764120825685,basement,0,1,0,0,0,0,0,5-10,medium,29.122222222222224,813909.2268507776
https://investmoscow.ru/tenders/tender/19993312,completed,19993312.0,97.7,22049000.0,225680.6550665302,САО,1,32.0,Отдельный,1,24.0,14.782182679349898,6.71332440041424,55.8685475,37.5030077,22049000.0,0.0,1.0,2026.0,Завершено,4.592084946439436,12.3268806793362,floor_1,1,0,0,0,0,0,0,10+,medium,3.908,3336052.670388801
https://investmoscow.ru/tenders/tender/19993321,completed,19993321.0,84.0,19509000.0,232250.0,САО,1,32.0,Отдельный,1,24.0,14.782182679349898,6.71332440041424,55.8685475,37.5030077,19509000.0,0.0,1.0,2026.0,Завершено,4.442651256490317,12.355573962371874,floor_1,1,0,0,0,0,0,0,10+,medium,3.36,3433161.9272790137
https://investmoscow.ru/tenders/tender/19945573,completed,19945573.0,84.0,19509000.0,232250.0,САО,1,32.0,Отдельный,1,24.0,14.782182679349898,6.71332440041424,55.8685475,37.5030077,,0.0,0.0,2026.0,Завершено,4.442651256490317,12.355573962371874,floor_1,1,0,0,0,0,0,0,10+,medium,3.36,3433161.9272790137
https://investmoscow.ru/tenders/tender/19945563,completed,19945563.0,97.7,22049000.0,225680.6550665302,САО,1,32.0,Отдельный,1,24.0,14.782182679349898,6.71332440041424,55.8685475,37.5030077,,0.0,0.0,2026.0,Завершено,4.592084946439436,12.3268806793362,floor_1,1,0,0,0,0,0,0,10+,medium,3.908,3336052.670388801
https://investmoscow.ru/tenders/tender/19945555,completed,19945555.0,115.8,25527000.0,220440.414507772,САО,1,32.0,Отдельный,1,24.0,14.782182679349898,6.71332440041424,55.8685475,37.5030077,31908750.0,25.0,3.0,2026.0,Завершено,4.760463070394127,12.303387244723872,floor_1,1,0,0,0,0,0,0,10+,expensive,4.632,3258590.4771654992
https://investmoscow.ru/tenders/tender/19667825,completed,19667825.0,94.0,19791500.0,210547.8723404256,САО,1,33.0,Отдельный,1,22.0,14.782182679349898,6.71332440041424,55.8685475,37.5030077,24739375.0,25.0,2.0,2025.0,Завершено,4.553876891600541,12.25747307779528,floor_1,1,0,0,0,0,0,0,10+,medium,4.086956521739131,3112357.111684612
https://investmoscow.ru/tenders/tender/19667844,completed,19667844.0,90.8,19117800.0,210548.45814977973,САО,1,33.0,Отдельный,1,22.0,14.782182679349898,6.71332440041424,55.8685475,37.5030077,27720810.0,45.0,4.0,2025.0,Завершено,4.519612297626445,12.257475860087736,floor_1,1,0,0,0,0,0,0,10+,medium,3.9478260869565216,3112365.771225501
https://investmoscow.ru/tenders/tender/19667827,completed,19667827.0,97.7,20369000.0,208485.15864892528,САО,1,33.0,Отдельный,1,22.0,14.782182679349898,6.71332440041424,55.8685475,37.5030077,,0.0,0.0,2025.0,Завершено,4.592084946439436,12.24762793264053,floor_1,1,0,0,0,0,0,0,10+,medium,4.247826086956522,3081865.7010816587
https://investmoscow.ru/tenders/tender/19667799,completed,19667799.0,106.5,21983700.0,206419.7183098592,САО,1,33.0,Отдельный,1,22.0,14.782182679349898,6.71332440041424,55.8685475,37.5030077,29677995.0,35.0,3.0,2025.0,Завершено,4.677490847567717,12.237671686960102,floor_1,1,0,0,0,0,0,0,10+,medium,4.630434782608695,3051333.9846762856
https://investmoscow.ru/tenders/tender/19682123,completed,19682123.0,84.0,17859500.0,212613.09523809524,САО,1,33.0,Отдельный,1,22.0,14.782182679349898,6.71332440041424,55.8685475,37.5030077,,0.0,0.0,2025.0,Завершено,4.442651256490317,12.267234042024809,floor_1,1,0,0,0,0,0,0,10+,medium,3.652173913043478,3142885.613831541
https://investmoscow.ru/tenders/tender/19667820,completed,19667820.0,114.1,23317100.0,204356.70464504824,САО,1,33.0,Отдельный,1,22.0,14.782182679349898,6.71332440041424,55.8685475,37.5030077,25648810.0,10.0,2.0,2025.0,Завершено,4.745801315727837,12.22762719146273,floor_1,1,0,0,0,0,0,0,10+,medium,4.960869565217391,3020838.139813055
https://investmoscow.ru/tenders/tender/19667802,completed,19667802.0,125.3,25220900.0,201284.1181165204,САО,1,33.0,Отдельный,1,22.0,14.782182679349898,6.71332440041424,55.8685475,37.5030077,25220900.0,0.0,1.0,2025.0,Завершено,4.838660029356445,12.21247768001533,floor_1,1,0,0,0,0,0,0,10+,expensive,5.447826086956522,2975418.6044502463
https://investmoscow.ru/tenders/tender/19667830,completed,19667830.0,102.7,21199400.0,206420.6426484908,САО,1,33.0,Отдельный,1,22.0,14.782182679349898,6.71332440041424,55.8685475,37.5030077,31799100.0,50.0,3.0,2025.0,Завершено,4.641502115235482,12.237676164885428,floor_1,1,0,0,0,0,0,0,10+,medium,4.465217391304348,3051347.648418796
https://investmoscow.ru/tenders/tender/19992996,completed,19992996.0,127.1,32954000.0,259276.1605035405,ЗАО,1,17.0,Отдельный,1,7.0,9.143396593841446,2.009144038577225,55.7357051,37.4740235,,0.0,0.0,2026.0,Завершено,4.852811208902689,12.465652886288092,floor_1,1,0,0,0,0,0,0,5-10,expensive,15.8875,2370664.76281236
https://investmoscow.ru/tenders/tender/19993025,completed,19993025.0,84.8,22924000.0,270330.1886792453,ЗАО,1,17.0,Отдельный,1,7.0,9.143396593841446,2.009144038577225,55.7357051,37.4740235,,0.0,0.0,2026.0,Завершено,4.4520190064939165,12.507403111028964,floor_1,1,0,0,0,0,0,0,5-10,medium,10.6,2471736.126382327
https://investmoscow.ru/tenders/tender/19979746,completed,19979746.0,130.2,36001000.0,276505.376344086,ЗАО,1,17.0,Отдельный,1,7.0,9.143396593841446,2.009144038577225,55.7357051,37.4740235,,0.0,0.0,2026.0,Завершено,4.876722876509988,12.529989160597564,floor_1,1,0,0,0,0,0,0,5-10,expensive,16.275,2528198.3162433635
https://investmoscow.ru/tenders/tender/19979757,completed,19979757.0,106.3,28243000.0,265691.4393226717,ЗАО,1,17.0,Отдельный,1,7.0,9.143396593841446,2.009144038577225,55.7357051,37.4740235,,0.0,0.0,2026.0,Завершено,4.675628649636653,12.49009467565117,floor_1,1,0,0,0,0,0,0,5-10,expensive,13.2875,2429322.201315748
https://investmoscow.ru/tenders/tender/19947972,completed,19947972.0,130.4,33810000.0,259279.14110429445,ЗАО,1,17.0,Отдельный,1,7.0,9.143396593841446,2.009144038577225,55.7357051,37.4740235,33810000.0,0.0,1.0,2026.0,Завершено,4.878246106050511,12.465664382031164,floor_1,1,0,0,0,0,0,0,5-10,expensive,16.3,2370692.0156271416
https://investmoscow.ru/tenders/tender/19945793,completed,19945793.0,127.1,32954000.0,259276.1605035405,ЗАО,1,17.0,Отдельный,1,7.0,9.143396593841446,2.009144038577225,55.7357051,37.4740235,,0.0,0.0,2026.0,Завершено,4.852811208902689,12.465652886288092,floor_1,1,0,0,0,0,0,0,5-10,expensive,15.8875,2370664.76281236
https://investmoscow.ru/tenders/tender/19945732,completed,19945732.0,84.8,22924000.0,270330.1886792453,ЗАО,1,17.0,Отдельный,1,7.0,9.143396593841446,2.009144038577225,55.7357051,37.4740235,,0.0,0.0,2026.0,Завершено,4.4520190064939165,12.507403111028964,floor_1,1,0,0,0,0,0,0,5-10,medium,10.6,2471736.126382327
https://investmoscow.ru/tenders/tender/19934592,completed,19934592.0,120.0,31300000.0,260833.3333333333,ЗАО,1,17.0,Отдельный,1,7.0,9.143396593841446,2.009144038577225,55.7357051,37.4740235,31300000.0,0.0,1.0,2026.0,Завершено,4.795790545596741,12.4716407465868,floor_1,1,0,0,0,0,0,0,5-10,expensive,15.0,2384902.6115603102
https://investmoscow.ru/tenders/tender/19934596,completed,19934596.0,106.3,28243000.0,265691.4393226717,ЗАО,1,17.0,Отдельный,1,7.0,9.143396593841446,2.009144038577225,55.7357051,37.4740235,,0.0,0.0,2026.0,Завершено,4.675628649636653,12.49009467565117,floor_1,1,0,0,0,0,0,0,5-10,expensive,13.2875,2429322.201315748
https://investmoscow.ru/tenders/tender/19934009,completed,19934009.0,130.2,36001000.0,276505.376344086,ЗАО,1,17.0,Отдельный,1,7.0,9.143396593841446,2.009144038577225,55.7357051,37.4740235,,0.0,0.0,2026.0,Завершено,4.876722876509988,12.529989160597564,floor_1,1,0,0,0,0,0,0,5-10,expensive,16.275,2528198.3162433635
https://investmoscow.ru/tenders/tender/19667658,completed,19667658.0,84.8,22422100.0,264411.5566037736,ЗАО,1,17.0,Отдельный,1,7.0,9.143396593841446,2.009144038577225,55.7357051,37.4740235,,0.0,0.0,2025.0,Завершено,4.4520190064939165,12.485265876769128,floor_1,1,0,0,0,0,0,0,5-10,medium,10.6,2417619.726023258
https://investmoscow.ru/tenders/tender/19667663,completed,19667663.0,106.3,27272100.0,256557.85512699903,ЗАО,1,17.0,Отдельный,1,7.0,9.143396593841446,2.009144038577225,55.7357051,37.4740235,,0.0,0.0,2025.0,Завершено,4.675628649636653,12.455113371958417,floor_1,1,0,0,0,0,0,0,5-10,expensive,13.2875,2345810.21869147
https://investmoscow.ru/tenders/tender/19667654,completed,19667654.0,130.4,32430900.0,248703.2208588957,ЗАО,1,17.0,Отдельный,1,7.0,9.143396593841446,2.009144038577225,55.7357051,37.4740235,,0.0,0.0,2025.0,Завершено,4.878246106050511,12.42401960133584,floor_1,1,0,0,0,0,0,0,5-10,expensive,16.3,2273992.182478624
https://investmoscow.ru/tenders/tender/19667646,completed,19667646.0,127.1,31779500.0,250035.4051927616,ЗАО,1,17.0,Отдельный,1,7.0,9.143396593841446,2.009144038577225,55.7357051,37.4740235,,0.0,0.0,2025.0,Завершено,4.852811208902689,12.429361807013754,floor_1,1,0,0,0,0,0,0,5-10,expensive,15.8875,2286172.8721792623
https://investmoscow.ru/tenders/tender/19733627,completed,19733627.0,65.2,4813000.0,73819.01840490797,САО,basement,8.0,Вход через места общего пользования,1,1.0,7.324019478639214,1.1892402048795192,55.8000811,37.5372072,6497550.0,35.0,2.0,2025.0,Завершено,4.192680462942962,11.209385225905388,basement,0,1,0,0,0,0,0,0-5,cheap,32.6,540651.9286915726
https://investmoscow.ru/tenders/tender/19787246,completed,19787246.0,118.6,7491000.0,63161.88870151771,ВАО,basement,5.0,Вход через места общего пользования,1,5.0,8.863815060289074,1.357879872940062,55.791174,37.7411462,6741900.0,-10.0,10.0,2025.0,Завершено,4.784152841516532,11.053472203573197,basement,0,1,0,0,0,0,0,0-5,cheap,19.766666666666666,559855.300308815
https://investmoscow.ru/tenders/tender/19733619,completed,19733619.0,118.6,7491000.0,63161.88870151771,ВАО,basement,5.0,Вход через места общего пользования,1,5.0,8.863815060289074,1.357879872940062,55.791174,37.7411462,,0.0,0.0,2025.0,Завершено,4.784152841516532,11.053472203573197,basement,0,1,0,0,0,0,0,0-5,cheap,19.766666666666666,559855.300308815
https://investmoscow.ru/tenders/tender/19732329,completed,19732329.0,133.3,13223000.0,99197.2993248312,ВАО,basement,5.0,Отдельный,1,22.0,11.415759364827023,3.211853049294898,55.8058203,37.7732243,,0.0,0.0,2025.0,Завершено,4.900076103529192,11.504876149223094,basement,0,1,0,0,0,0,0,10+,medium,5.795652173913044,1132412.498732991
https://investmoscow.ru/tenders/tender/19773753,completed,19773753.0,638.3,60199000.0,94311.45229515902,САО,mezzanine,1.0,Отдельный,1,14.0,,,,,37624375.0,-37.5,5.0,2025.0,Завершено,6.460373827772681,11.45436850969334,other,0,0,1,0,0,0,0,10+,expensive,42.55333333333333,1185928.1130561014
https://investmoscow.ru/tenders/tender/19740085,completed,19740085.0,638.3,60199000.0,94311.45229515902,САО,mezzanine,1.0,Отдельный,1,14.0,,,,,,0.0,0.0,2025.0,Завершено,6.460373827772681,11.45436850969334,other,0,0,1,0,0,0,0,10+,expensive,42.55333333333333,1185928.1130561014
https://investmoscow.ru/tenders/tender/19733502,completed,19733502.0,255.9,24789000.0,96869.87104337632,ЮЗАО,basement,5.0,Вход через места общего пользования,1,5.0,7.147633965946513,3.3646412886181443,55.6881197,37.6030886,38422950.0,55.0,3.0,2025.0,Завершено,5.548686904115838,11.4811341442596,basement,0,1,0,0,0,0,0,0-5,medium,42.65,692390.3805464952
https://investmoscow.ru/tenders/tender/19733469,completed,19733469.0,601.6,27253000.0,45300.86436170212,САО,basement,8.0,Вход через подъезд,1,9.0,7.651635686036146,2.3078790418261224,55.8145695,37.5660953,,0.0,0.0,2025.0,Завершено,6.401253626696201,10.721103466511709,basement,0,1,0,0,0,0,0,5-10,expensive,60.16,346625.710358283
https://investmoscow.ru/tenders/tender/19733413,completed,19733413.0,677.6,36528000.0,53907.91027154664,ВАО,basement,5.0,Вход через места общего пользования,1,5.0,12.936879574059477,5.535218765460282,55.7530326,37.8245875,,0.0,0.0,2025.0,Завершено,6.5200318523501295,10.895051054395124,basement,0,1,0,0,0,0,0,0-5,expensive,112.93333333333334,697400.1432722028
https://investmoscow.ru/tenders/tender/19787133,completed,19787133.0,55.5,9539000.0,171873.87387387388,САО,1,4.0,Вход через места общего пользования,1,29.0,13.680409120915789,5.727918848742027,55.8609078,37.5149786,8108150.0,-15.0,11.0,2025.0,Завершено,4.034240638152395,12.05452201357797,floor_1,1,0,0,0,0,0,0,10+,cheap,1.85,2351304.911791274
https://investmoscow.ru/tenders/tender/19732392,completed,19732392.0,55.5,9539000.0,171873.87387387388,САО,1,4.0,Вход через места общего пользования,1,29.0,13.680409120915789,5.727918848742027,55.8609078,37.5149786,,0.0,0.0,2025.0,Завершено,4.034240638152395,12.05452201357797,floor_1,1,0,0,0,0,0,0,10+,cheap,1.85,2351304.911791274
https://investmoscow.ru/tenders/tender/19760691,completed,19760691.0,83.5,22492000.0,269365.26946107787,ЗАО,1,15.0,Отдельный,1,14.0,6.622665468771836,6.615466373791182,55.7530616,37.5115001,30251740.0,34.5,12.0,2025.0,Завершено,4.436751534363128,12.503827328961616,floor_1,1,0,0,0,0,0,0,10+,medium,5.566666666666666,1783916.0685463012
https://investmoscow.ru/tenders/tender/19753346,completed,19753346.0,151.8,36552000.0,240790.51383399207,ЗАО,1,15.0,Отдельный,1,1.0,6.622665468771836,6.615466373791182,55.7530616,37.5115001,49527960.0,35.5,14.0,2025.0,Завершено,5.02912987673242,12.391686750242616,floor_1,1,0,0,0,0,0,0,0-5,expensive,75.9,1594675.0211762064
https://investmoscow.ru/tenders/tender/19735604,completed,19735604.0,199.1,8377000.0,42074.334505273735,СВАО,basement,4.0,Вход через места общего пользования,1,44.0,15.386741376860362,7.154610568613492,55.8798199,37.7128154,8377000.0,0.0,1.0,2025.0,Завершено,5.298817241589688,10.647216969241873,basement,0,1,0,0,0,0,0,10+,cheap,4.424444444444444,647386.903636159
https://investmoscow.ru/tenders/tender/19740417,completed,19740417.0,126.1,9225000.0,73156.22521808089,ЦАО,basement,6.0,Отдельный,1,8.0,2.9476365782068323,3.3680281652094144,55.7254979,37.6145151,9225000.0,0.0,3.0,2025.0,Завершено,4.844974178195408,11.20036617420326,basement,0,1,0,0,0,0,1,5-10,cheap,14.011111111111113,215637.9653763523
https://investmoscow.ru/tenders/tender/19743580,completed,19743580.0,122.5,9883000.0,80677.55102040817,ВАО,basement,5.0,Вход через места общего пользования,1,5.0,7.484298134618266,2.545444240687832,55.7914469,37.7146664,,0.0,0.0,2025.0,Завершено,4.816241156068032,11.298228032318477,basement,0,1,0,0,0,0,0,0-5,cheap,20.416666666666668,603814.8446076108
https://investmoscow.ru/tenders/tender/19865447,completed,19865447.0,193.9,25222050.0,130077.61732851985,САО,1,2.0,Вход через места общего пользования,1,10.0,15.64725552039568,8.420914556878014,55.8857227,37.5382387,,0.0,0.0,2025.0,Завершено,5.272486606513515,11.775894295331849,floor_1,1,0,0,0,0,0,0,5-10,expensive,17.62727272727273,2035357.715823599
https://investmoscow.ru/tenders/tender/19998655,completed,19998655.0,68.8,12780000.0,185755.8139534884,ВАО,1,17.0,Отдельный,1,17.0,20.831229445331445,14.32569350401195,55.7096056,37.9423496,,0.0,0.0,2026.0,Завершено,4.245634009768327,12.132193645371457,floor_1,1,0,0,0,0,0,0,10+,cheap,3.822222222222222,3869521.981269417
https://investmoscow.ru/tenders/tender/19998651,completed,19998651.0,87.6,15733000.0,179600.4566210046,ВАО,1,17.0,Отдельный,1,17.0,20.831229445331445,14.32569350401195,55.7096056,37.9423496,,0.0,0.0,2026.0,Завершено,4.484131857611035,12.098495545179288,floor_1,1,0,0,0,0,0,0,10+,medium,4.866666666666666,3741298.320358444
https://investmoscow.ru/tenders/tender/19993021,completed,19993021.0,50.4,9801000.0,194464.2857142857,ВАО,1,17.0,Отдельный,1,17.0,20.831229445331445,14.32569350401195,55.7096056,37.9423496,,0.0,0.0,2026.0,Завершено,3.93963817246112,12.178008946493188,floor_1,1,0,0,0,0,0,0,10+,cheap,2.8,4050930.154636776
https://investmoscow.ru/tenders/tender/19993410,completed,19993410.0,107.2,18692000.0,174365.67164179104,ВАО,1,17.0,Отдельный,1,17.0,20.831229445331445,14.32569350401195,55.7096056,37.9423496,,0.0,0.0,2026.0,Завершено,4.6839813664123815,12.068915669223134,floor_1,1,0,0,0,0,0,0,10+,medium,5.955555555555556,3632251.313359472
https://investmoscow.ru/tenders/tender/19993337,completed,19993337.0,105.1,18326000.0,174367.26926736443,ВАО,1,17.0,Отдельный,1,17.0,20.831229445331445,14.32569350401195,55.7096056,37.9423496,,0.0,0.0,2026.0,Завершено,4.664382045619937,12.068924831629229,floor_1,1,0,0,0,0,0,0,10+,medium,5.838888888888889,3632284.593864359
https://investmoscow.ru/tenders/tender/19993013,completed,19993013.0,49.8,9685000.0,194477.91164658635,ВАО,1,17.0,Отдельный,1,17.0,20.831229445331445,14.32569350401195,55.7096056,37.9423496,,0.0,0.0,2026.0,Завершено,3.927896354584436,12.178079012751528,floor_1,1,0,0,0,0,1,0,10+,cheap,2.7666666666666666,4051213.999558937
https://investmoscow.ru/tenders/tender/19947929,completed,19947929.0,87.6,15733000.0,179600.4566210046,ВАО,1,17.0,Отдельный,1,17.0,20.831229445331445,14.32569350401195,55.7096056,37.9423496,,0.0,0.0,2026.0,Завершено,4.484131857611035,12.098495545179288,floor_1,1,0,0,0,0,0,0,10+,medium,4.866666666666666,3741298.320358444
https://investmoscow.ru/tenders/tender/19947939,completed,19947939.0,68.8,12780000.0,185755.8139534884,ВАО,1,17.0,Отдельный,1,17.0,20.831229445331445,14.32569350401195,55.7096056,37.9423496,,0.0,0.0,2026.0,Завершено,4.245634009768327,12.132193645371457,floor_1,1,0,0,0,0,0,0,10+,cheap,3.822222222222222,3869521.981269417
https://investmoscow.ru/tenders/tender/19945599,completed,19945599.0,107.2,18692000.0,174365.67164179104,ВАО,1,17.0,Отдельный,1,17.0,20.831229445331445,14.32569350401195,55.7096056,37.9423496,,0.0,0.0,2026.0,Завершено,4.6839813664123815,12.068915669223134,floor_1,1,0,0,0,0,0,0,10+,medium,5.955555555555556,3632251.313359472
https://investmoscow.ru/tenders/tender/19945579,completed,19945579.0,49.8,9685000.0,194477.91164658635,ВАО,1,17.0,Отдельный,1,17.0,20.831229445331445,14.32569350401195,55.7096056,37.9423496,,0.0,0.0,2026.0,Завершено,3.927896354584436,12.178079012751528,floor_1,1,0,0,0,0,1,0,10+,cheap,2.7666666666666666,4051213.999558937
https://investmoscow.ru/tenders/tender/19945590,completed,19945590.0,105.1,18326000.0,174367.26926736443,ВАО,1,17.0,Отдельный,1,17.0,20.831229445331445,14.32569350401195,55.7096056,37.9423496,,0.0,0.0,2026.0,Завершено,4.664382045619937,12.068924831629229,floor_1,1,0,0,0,0,0,0,10+,medium,5.838888888888889,3632284.593864359
https://investmoscow.ru/tenders/tender/19945595,completed,19945595.0,50.4,9801000.0,194464.2857142857,ВАО,1,17.0,Отдельный,1,17.0,20.831229445331445,14.32569350401195,55.7096056,37.9423496,,0.0,0.0,2026.0,Завершено,3.93963817246112,12.178008946493188,floor_1,1,0,0,0,0,0,0,10+,cheap,2.8,4050930.154636776
https://investmoscow.ru/tenders/tender/19682189,completed,19682189.0,91.1,12883500.0,141421.51481888036,ВАО,1,17.0,Отдельный,1,18.0,20.831229445331445,14.32569350401195,55.7096056,37.9423496,12883500.0,0.0,1.0,2025.0,Завершено,4.522874943261261,11.859507247625496,floor_1,1,0,0,0,0,0,0,10+,cheap,4.794736842105263,2945984.023698438
https://investmoscow.ru/tenders/tender/19760381,completed,19760381.0,142.1,31001000.0,218163.26530612248,ВАО,1,15.0,Отдельный,1,0.0,6.937484304780992,6.045831549380628,55.72818,37.7201744,43866415.0,41.5,21.0,2025.0,Завершено,4.963543686562405,12.293003568603202,floor_1,1,0,0,0,0,0,0,0-5,expensive,142.1,1513504.2289409963
https://investmoscow.ru/tenders/tender/19735500,completed,19735500.0,89.0,17720452.0,199106.20224719105,ВАО,1,15.0,Отдельный,1,1.0,6.937484304780992,6.045831549380628,55.72818,37.7201744,25251644.1,42.5,34.0,2025.0,Завершено,4.499809670330265,12.201598663417064,floor_1,1,0,0,0,0,0,0,0-5,medium,44.5,1381296.1530744378
https://investmoscow.ru/tenders/tender/19735502,completed,19735502.0,82.5,16426261.0,199106.193939394,ВАО,1,15.0,Отдельный,1,1.0,6.937484304780992,6.045831549380628,55.72818,37.7201744,21436270.3,30.5,19.0,2025.0,Завершено,4.42484663185681,12.201598621691817,floor_1,1,0,0,0,0,0,0,0-5,medium,41.25,1381296.095439226
https://investmoscow.ru/tenders/tender/19802335,completed,19802335.0,169.1,33384000.0,197421.64399763453,ВАО,1,15.0,Отдельный,1,1.0,12.912263564244263,12.740303231287871,55.8038164,37.8025625,48573720.0,45.5,23.0,2025.0,Завершено,5.136386499401816,12.193102110636906,floor_1,1,0,0,0,0,0,0,0-5,expensive,84.55,2549160.3005838585
https://investmoscow.ru/tenders/tender/19723011,completed,19723011.0,169.1,32326000.0,191164.9911295092,ВАО,1,15.0,Отдельный,1,1.0,12.912263564244263,12.740303231287871,55.8038164,37.8025625,44286620.0,37.0,17.0,2025.0,Завершено,5.136386499401816,12.160897393117011,floor_1,1,0,0,0,0,0,0,0-5,expensive,84.55,2468372.7497206395
https://investmoscow.ru/tenders/tender/19723012,completed,19723012.0,39.7,9672000.0,243627.20403022668,ВАО,1,15.0,Отдельный,1,1.0,12.912263564244263,12.740303231287871,55.8038164,37.8025625,17989920.0,86.0,40.0,2025.0,Завершено,3.7062280924485496,12.403398588207123,floor_1,1,0,0,0,0,1,0,0-5,cheap,19.85,3145778.669858199
https://investmoscow.ru/tenders/tender/19723010,completed,19723010.0,42.5,10243000.0,241011.76470588235,ВАО,1,15.0,Отдельный,1,1.0,12.912263564244263,12.740303231287871,55.8038164,37.8025625,10243000.0,0.0,1.0,2025.0,Завершено,3.7727609380946383,12.392605176654738,floor_1,1,0,0,0,0,1,0,0-5,cheap,21.25,3112007.4279659763
https://investmoscow.ru/tenders/tender/19728518,completed,19728518.0,73.7,16357000.0,221940.2985074627,ЦАО,1,15.0,Отдельный,1,1.0,4.757811652077597,4.807137374220333,55.7500843,37.6935877,31650795.0,93.5,27.0,2025.0,Завершено,4.313480092138772,12.310168204751427,floor_1,1,0,0,0,0,0,1,0-5,medium,36.85,1055950.138304386
https://investmoscow.ru/tenders/tender/19952051,completed,19952051.0,179.7,46579000.0,259204.2292710073,СВАО,1,21.0,Отдельный,1,17.0,13.712655797172676,13.315116834905622,55.8697193,37.6840727,57757960.0,24.0,13.0,2026.0,Завершено,5.196838197598183,12.465375417913416,floor_1,1,0,0,0,0,0,0,10+,expensive,9.983333333333333,3554378.3771647536
https://investmoscow.ru/tenders/tender/19820747,completed,19820747.0,179.7,46579000.0,259204.2292710073,СВАО,1,21.0,Отдельный,1,1.0,13.712655797172676,13.315116834905622,55.8697193,37.6840727,67772445.0,45.5,21.0,2025.0,Завершено,5.196838197598183,12.465375417913416,floor_1,1,0,0,0,0,0,0,0-5,expensive,89.85,3554378.3771647536
https://investmoscow.ru/tenders/tender/19749233,completed,19749233.0,179.7,45033000.0,250601.0016694491,СВАО,1,21.0,Отдельный,1,1.0,13.712655797172676,13.315116834905622,55.8697193,37.6840727,55615755.0,23.5,16.0,2025.0,Завершено,5.196838197598183,12.431621308919985,floor_1,1,0,0,0,0,0,0,0-5,expensive,89.85,3436405.2783198506
https://investmoscow.ru/tenders/tender/19924690,completed,19924690.0,171.4,43629000.0,254544.92415402565,ЮВАО,1,24.0,Отдельный,1,16.0,13.931044419018626,14.137828800421406,55.6949068,37.8160993,43629000.0,0.0,1.0,2025.0,Завершено,5.149817358229593,12.447236547236177,floor_1,1,0,0,0,0,0,0,10+,expensive,10.08235294117647,3546076.6450254587
https://investmoscow.ru/tenders/tender/19875677,completed,19875677.0,171.4,43629000.0,254544.92415402565,ЮВАО,1,24.0,Отдельный,1,16.0,13.931044419018626,14.137828800421406,55.6949068,37.8160993,,0.0,0.0,2025.0,Завершено,5.149817358229593,12.447236547236177,floor_1,1,0,0,0,0,0,0,10+,expensive,10.08235294117647,3546076.6450254587
https://investmoscow.ru/tenders/tender/19820723,completed,19820723.0,171.4,42437000.0,247590.4317386231,ЮВАО,1,24.0,Отдельный,1,16.0,13.931044419018626,14.137828800421406,55.6949068,37.8160993,,0.0,0.0,2025.0,Завершено,5.149817358229593,12.419535213937838,floor_1,1,0,0,0,0,0,0,10+,expensive,10.08235294117647,3449193.302274757
https://investmoscow.ru/tenders/tender/19800897,completed,19800897.0,171.4,42437000.0,247590.4317386231,ЮВАО,1,24.0,Отдельный,1,16.0,13.931044419018626,14.137828800421406,55.6949068,37.8160993,,0.0,0.0,2025.0,Завершено,5.149817358229593,12.419535213937838,floor_1,1,0,0,0,0,0,0,10+,expensive,10.08235294117647,3449193.302274757
https://investmoscow.ru/tenders/tender/19783226,completed,19783226.0,171.4,42437000.0,247590.4317386231,ЮВАО,1,24.0,Отдельный,1,16.0,13.931044419018626,14.137828800421406,55.6949068,37.8160993,,0.0,0.0,2025.0,Завершено,5.149817358229593,12.419535213937838,floor_1,1,0,0,0,0,0,0,10+,expensive,10.08235294117647,3449193.302274757
https://investmoscow.ru/tenders/tender/19746753,completed,19746753.0,171.4,42437000.0,247590.4317386231,ЮВАО,1,24.0,Отдельный,1,16.0,13.931044419018626,14.137828800421406,55.6949068,37.8160993,,0.0,0.0,2025.0,Завершено,5.149817358229593,12.419535213937838,floor_1,1,0,0,0,0,0,0,10+,expensive,10.08235294117647,3449193.302274757
https://investmoscow.ru/tenders/tender/19787340,completed,19787340.0,288.9,29284000.0,101363.79370024231,СВАО,1,5.0,Вход через места общего пользования,1,47.0,15.312451219377152,7.132569647709877,55.8786116,37.7148204,,0.0,0.0,2025.0,Завершено,5.66953603592761,11.526481107683356,floor_1,1,0,0,0,0,0,0,10+,expensive,6.01875,1552128.1464459696
https://investmoscow.ru/tenders/tender/19740066,completed,19740066.0,288.9,29284000.0,101363.79370024231,СВАО,1,5.0,Вход через места общего пользования,1,47.0,15.312451219377152,7.132569647709877,55.8786116,37.7148204,,0.0,0.0,2025.0,Завершено,5.66953603592761,11.526481107683356,floor_1,1,0,0,0,0,0,0,10+,expensive,6.01875,1552128.1464459696
https://investmoscow.ru/tenders/tender/19912886,completed,19912886.0,37.0,11270000.0,304594.5945945946,ЮВАО,1,15.0,Отдельный,1,16.0,11.396448412697008,11.718619473365832,55.6763041,37.7407538,11270000.0,0.0,4.0,2025.0,Завершено,3.6375861597263857,12.626740256418698,floor_1,1,0,0,0,0,1,0,10+,cheap,2.176470588235294,3471296.584083657
https://investmoscow.ru/tenders/tender/19760837,completed,19760837.0,155.4,36895000.0,237419.5624195624,ЮВАО,1,15.0,Отдельный,1,0.0,11.396448412697008,11.718619473365832,55.6763041,37.7407538,42798200.0,16.0,10.0,2025.0,Завершено,5.052416828111211,12.377588372485024,floor_1,1,0,0,0,0,0,0,0-5,expensive,155.4,2705739.79527964
https://investmoscow.ru/tenders/tender/19724751,completed,19724751.0,64.0,10525973.0,164468.328125,ЮВАО,1,15.0,Отдельный,1,1.0,11.396448412697008,11.718619473365832,55.6763041,37.7407538,20157239.21,91.5,57.0,2025.0,Завершено,4.174387269895637,12.010479376635464,floor_1,1,0,0,0,0,0,0,0-5,cheap,32.0,1874354.816999087
https://investmoscow.ru/tenders/tender/19724764,completed,19724764.0,55.4,9111345.0,164464.71119133575,ЮВАО,1,15.0,Отдельный,1,1.0,11.396448412697008,11.718619473365832,55.6763041,37.7407538,21229435.18,133.0,62.0,2025.0,Завершено,4.032469158504013,12.010457384854522,floor_1,1,0,0,0,0,0,0,0-5,cheap,27.7,1874313.59680117
https://investmoscow.ru/tenders/tender/20006229,completed,20006229.0,182.2,37557000.0,206130.6256860593,ЗАО,1,15.0,Отдельный,1,18.0,18.441119234105315,10.578292328862378,55.6388036,37.4014191,,0.0,0.0,2026.0,Завершено,5.21057845224003,12.236270203364985,floor_1,1,0,0,0,0,0,0,10+,expensive,9.589473684210526,3801279.446077352
https://investmoscow.ru/tenders/tender/19988754,completed,19988754.0,86.2,18438180.0,213900.0,ЗАО,1,15.0,Отдельный,1,18.0,18.441119234105315,10.578292328862378,55.6388036,37.4014191,,0.0,0.0,2026.0,Завершено,4.468204330914934,12.273268570141385,floor_1,1,0,0,0,0,0,0,10+,medium,4.536842105263158,3944555.404175127
https://investmoscow.ru/tenders/tender/19988740,completed,19988740.0,86.5,18485050.0,213700.0,ЗАО,1,15.0,Отдельный,1,18.0,18.441119234105315,10.578292328862378,55.6388036,37.4014191,,0.0,0.0,2026.0,Завершено,4.471638793363569,12.272333120753473,floor_1,1,0,0,0,0,0,0,10+,medium,4.552631578947368,3940867.180328306
https://investmoscow.ru/tenders/tender/19974077,completed,19974077.0,124.2,26168940.0,210700.0,ЗАО,1,15.0,Отдельный,1,0.0,18.441119234105315,10.578292328862378,55.6388036,37.4014191,26168940.0,0.0,1.0,2026.0,Завершено,4.829912458665998,12.2581953458655,floor_1,1,0,0,0,0,0,0,0-5,expensive,124.2,3885543.82262599
https://investmoscow.ru/tenders/tender/19974089,completed,19974089.0,99.2,21774400.0,219500.0,ЗАО,1,15.0,Отдельный,1,18.0,18.441119234105315,10.578292328862378,55.6388036,37.4014191,21774400.0,0.0,1.0,2026.0,Завершено,4.607168188650764,12.299112067295642,floor_1,1,0,0,0,0,0,0,10+,medium,5.221052631578948,4047825.6718861167
https://investmoscow.ru/tenders/tender/19974076,completed,19974076.0,137.7,28448820.0,206600.00000000003,ЗАО,1,15.0,Отдельный,1,18.0,18.441119234105315,10.578292328862378,55.6388036,37.4014191,,0.0,0.0,2026.0,Завершено,4.932313327320786,12.238544675927017,floor_1,1,0,0,0,0,0,0,10+,expensive,7.247368421052631,3809935.233766159
https://investmoscow.ru/tenders/tender/19974085,completed,19974085.0,102.7,22419410.0,218300.0,ЗАО,1,15.0,Отдельный,1,18.0,18.441119234105315,10.578292328862378,55.6388036,37.4014191,,0.0,0.0,2026.0,Завершено,4.641502115235482,12.293630123379582,floor_1,1,0,0,0,0,0,0,10+,medium,5.405263157894737,4025696.328805191
https://investmoscow.ru/tenders/tender/19974074,completed,19974074.0,150.9,30677970.0,203300.0,ЗАО,1,15.0,Отдельный,1,18.0,18.441119234105315,10.578292328862378,55.6388036,37.4014191,,0.0,0.0,2026.0,Завершено,5.023222409601727,12.222442918443496,floor_1,1,0,0,0,0,0,0,10+,expensive,7.942105263157895,3749079.54029361
https://investmoscow.ru/tenders/tender/19944955,completed,19944955.0,182.2,35988000.0,197519.2096597146,ЗАО,1,15.0,Отдельный,1,18.0,18.441119234105315,10.578292328862378,55.6388036,37.4014191,,0.0,0.0,2026.0,Завершено,5.21057845224003,12.193596185479183,floor_1,1,0,0,0,0,0,0,10+,expensive,9.589473684210526,3642475.296361043
https://investmoscow.ru/tenders/tender/19917264,completed,19917264.0,54.0,13195000.0,244351.85185185185,ЗАО,1,15.0,Отдельный,1,18.0,18.441119234105315,10.578292328862378,55.6388036,37.4014191,13195000.0,0.0,1.0,2025.0,Завершено,4.007333185232471,12.406368573806178,floor_1,1,0,0,0,0,0,0,10+,medium,2.8421052631578947,4506121.635074438
https://investmoscow.ru/tenders/tender/19890844,completed,19890844.0,182.2,35988000.0,197519.2096597146,ЗАО,1,15.0,Отдельный,1,18.0,18.441119234105315,10.578292328862378,55.6388036,37.4014191,,0.0,0.0,2025.0,Завершено,5.21057845224003,12.193596185479183,floor_1,1,0,0,0,0,0,0,10+,expensive,9.589473684210526,3642475.296361043
https://investmoscow.ru/tenders/tender/19890833,completed,19890833.0,99.2,21612000.0,217862.90322580645,ЗАО,1,15.0,Отдельный,1,18.0,18.441119234105315,10.578292328862378,55.6388036,37.4014191,,0.0,0.0,2025.0,Завершено,4.607168188650764,12.291625849687302,floor_1,1,0,0,0,0,0,0,10+,medium,5.221052631578948,4017635.775075445
https://investmoscow.ru/tenders/tender/19890828,completed,19890828.0,150.9,30197000.0,200112.65738899933,ЗАО,1,15.0,Отдельный,1,18.0,18.441119234105315,10.578292328862378,55.6388036,37.4014191,,0.0,0.0,2025.0,Завершено,5.023222409601727,12.206640771061297,floor_1,1,0,0,0,0,0,0,10+,expensive,7.942105263157895,3690301.375164203
https://investmoscow.ru/tenders/tender/19890825,completed,19890825.0,137.7,28069000.0,203841.684822077,ЗАО,1,15.0,Отдельный,1,18.0,18.441119234105315,10.578292328862378,55.6388036,37.4014191,,0.0,0.0,2025.0,Завершено,4.932313327320786,12.2251038225021,floor_1,1,0,0,0,0,0,0,10+,expensive,7.247368421052631,3759068.8146848376
https://investmoscow.ru/tenders/tender/19890823,completed,19890823.0,102.7,22244000.0,216592.0155793573,ЗАО,1,15.0,Отдельный,1,18.0,18.441119234105315,10.578292328862378,55.6388036,37.4014191,,0.0,0.0,2025.0,Завершено,4.641502115235482,12.285775367319784,floor_1,1,0,0,0,0,0,0,10+,medium,5.405263157894737,3994199.184454124
https://investmoscow.ru/tenders/tender/19890820,completed,19890820.0,124.2,25884000.0,208405.79710144928,ЗАО,1,15.0,Отдельный,1,0.0,18.441119234105315,10.578292328862378,55.6388036,37.4014191,,0.0,0.0,2025.0,Завершено,4.829912458665998,12.247247203979418,floor_1,1,0,0,0,0,0,0,0-5,expensive,124.2,3843236.153426586
https://investmoscow.ru/tenders/tender/19864871,completed,19864871.0,94.8,21144000.0,223037.9746835443,ЗАО,1,15.0,Отдельный,1,0.0,18.441119234105315,10.578292328862378,55.6388036,37.4014191,21144000.0,0.0,1.0,2025.0,Завершено,4.562262684976814,12.315101809536666,floor_1,1,0,0,0,0,0,0,0-5,medium,94.8,4113069.884872603
https://investmoscow.ru/tenders/tender/19854939,completed,19854939.0,62.0,14817000.0,238983.870967742,ЗАО,1,15.0,Отдельный,1,18.0,18.441119234105315,10.578292328862378,55.6388036,37.4014191,14817000.0,0.0,1.0,2025.0,Завершено,4.143134726391533,12.384155527519829,floor_1,1,0,0,0,0,0,0,10+,medium,3.263157894736842,4407130.059544169
https://investmoscow.ru/tenders/tender/19841796,completed,19841796.0,86.5,19286000.0,222959.5375722544,ЗАО,1,15.0,Отдельный,1,18.0,18.441119234105315,10.578292328862378,55.6388036,37.4014191,19286000.0,0.0,1.0,2025.0,Завершено,4.471638793363569,12.314750073223314,floor_1,1,0,0,0,0,0,0,10+,medium,4.552631578947368,4111623.416750927
https://investmoscow.ru/tenders/tender/19841601,completed,19841601.0,135.0,27629000.0,204659.25925925927,ЗАО,1,15.0,Отдельный,1,18.0,18.441119234105315,10.578292328862378,55.6388036,37.4014191,27629000.0,0.0,1.0,2025.0,Завершено,4.912654885736052,12.229106611420258,floor_1,1,0,0,0,0,0,0,10+,expensive,7.105263157894737,3774145.802363672
https://investmoscow.ru/tenders/tender/19841787,completed,19841787.0,102.7,22244000.0,216592.0155793573,ЗАО,1,15.0,Отдельный,1,18.0,18.441119234105315,10.578292328862378,55.6388036,37.4014191,,0.0,0.0,2025.0,Завершено,4.641502115235482,12.285775367319784,floor_1,1,0,0,0,0,0,0,10+,medium,5.405263157894737,3994199.184454124
https://investmoscow.ru/tenders/tender/19841800,completed,19841800.0,150.9,30197000.0,200112.65738899933,ЗАО,1,15.0,Отдельный,1,18.0,18.441119234105315,10.578292328862378,55.6388036,37.4014191,,0.0,0.0,2025.0,Завершено,5.023222409601727,12.206640771061297,floor_1,1,0,0,0,0,0,0,10+,expensive,7.942105263157895,3690301.375164203
https://investmoscow.ru/tenders/tender/19841774,completed,19841774.0,86.2,19230000.0,223085.8468677494,ЗАО,1,15.0,Отдельный,1,18.0,18.441119234105315,10.578292328862378,55.6388036,37.4014191,19230000.0,0.0,1.0,2025.0,Завершено,4.468204330914934,12.315316422464573,floor_1,1,0,0,0,0,0,0,10+,medium,4.536842105263158,4113952.701529527
https://investmoscow.ru/tenders/tender/19841766,completed,19841766.0,92.5,20392000.0,220454.05405405405,ЗАО,1,15.0,Отдельный,1,18.0,18.441119234105315,10.578292328862378,55.6388036,37.4014191,20392000.0,0.0,1.0,2025.0,Завершено,4.537961436294641,12.303449116602009,floor_1,1,0,0,0,0,0,0,10+,medium,4.868421052631579,4065419.496452709
https://investmoscow.ru/tenders/tender/19841815,completed,19841815.0,192.6,36706000.0,190581.5160955348,ЗАО,1,15.0,Отдельный,1,18.0,18.441119234105315,10.578292328862378,55.6388036,37.4014191,36706000.0,0.0,1.0,2025.0,Завершено,5.265794174842477,12.15784053512133,floor_1,1,0,0,0,0,0,0,10+,expensive,10.136842105263158,3514536.462134319
https://investmoscow.ru/tenders/tender/19841810,completed,19841810.0,147.3,29620000.0,201086.2186014936,ЗАО,1,15.0,Отдельный,1,18.0,18.441119234105315,10.578292328862378,55.6388036,37.4014191,29620000.0,0.0,1.0,2025.0,Завершено,4.999237249143887,12.2114940163142,floor_1,1,0,0,0,0,0,0,10+,expensive,7.752631578947369,3708254.933565509
https://investmoscow.ru/tenders/tender/19841803,completed,19841803.0,99.2,21612000.0,217862.90322580645,ЗАО,1,15.0,Отдельный,1,18.0,18.441119234105315,10.578292328862378,55.6388036,37.4014191,,0.0,0.0,2025.0,Завершено,4.607168188650764,12.291625849687302,floor_1,1,0,0,0,0,0,0,10+,medium,5.221052631578948,4017635.775075445
https://investmoscow.ru/tenders/tender/19841792,completed,19841792.0,137.7,28069000.0,203841.684822077,ЗАО,1,15.0,Отдельный,1,18.0,18.441119234105315,10.578292328862378,55.6388036,37.4014191,,0.0,0.0,2025.0,Завершено,4.932313327320786,12.2251038225021,floor_1,1,0,0,0,0,0,0,10+,expensive,7.247368421052631,3759068.8146848376
https://investmoscow.ru/tenders/tender/19841775,completed,19841775.0,124.2,25884000.0,208405.79710144928,ЗАО,1,15.0,Отдельный,1,0.0,18.441119234105315,10.578292328862378,55.6388036,37.4014191,,0.0,0.0,2025.0,Завершено,4.829912458665998,12.247247203979418,floor_1,1,0,0,0,0,0,0,0-5,expensive,124.2,3843236.153426586
https://investmoscow.ru/tenders/tender/19820752,completed,19820752.0,94.8,21144000.0,223037.9746835443,ЗАО,1,15.0,Отдельный,1,0.0,18.441119234105315,10.578292328862378,55.6388036,37.4014191,,0.0,0.0,2025.0,Завершено,4.562262684976814,12.315101809536666,floor_1,1,0,0,0,0,0,0,0-5,medium,94.8,4113069.884872603
https://investmoscow.ru/tenders/tender/19813172,completed,19813172.0,138.9,28854000.0,207732.181425486,ЗАО,1,15.0,Отдельный,1,36.0,18.441119234105315,10.578292328862378,55.6388036,37.4014191,32605020.0,13.0,5.0,2025.0,Завершено,4.940927881671436,12.244009753606592,floor_1,1,0,0,0,0,0,0,10+,expensive,3.754054054054054,3830813.926428185
https://investmoscow.ru/tenders/tender/19810868,completed,19810868.0,54.0,13195000.0,244351.85185185185,ЗАО,1,15.0,Отдельный,1,18.0,18.441119234105315,10.578292328862378,55.6388036,37.4014191,13195000.0,0.0,1.0,2025.0,Завершено,4.007333185232471,12.406368573806178,floor_1,1,0,0,0,0,0,0,10+,medium,2.8421052631578947,4506121.635074438
https://investmoscow.ru/tenders/tender/19807006,completed,19807006.0,99.2,21612000.0,217862.90322580645,ЗАО,1,15.0,Отдельный,1,18.0,18.441119234105315,10.578292328862378,55.6388036,37.4014191,,0.0,0.0,2025.0,Завершено,4.607168188650764,12.291625849687302,floor_1,1,0,0,0,0,0,0,10+,medium,5.221052631578948,4017635.775075445
https://investmoscow.ru/tenders/tender/19806998,completed,19806998.0,86.5,19286000.0,222959.5375722544,ЗАО,1,15.0,Отдельный,1,18.0,18.441119234105315,10.578292328862378,55.6388036,37.4014191,,0.0,0.0,2025.0,Завершено,4.471638793363569,12.314750073223314,floor_1,1,0,0,0,0,0,0,10+,medium,4.552631578947368,4111623.416750927
https://investmoscow.ru/tenders/tender/19806980,completed,19806980.0,124.2,25884000.0,208405.79710144928,ЗАО,1,15.0,Отдельный,1,0.0,18.441119234105315,10.578292328862378,55.6388036,37.4014191,,0.0,0.0,2025.0,Завершено,4.829912458665998,12.247247203979418,floor_1,1,0,0,0,0,0,0,0-5,expensive,124.2,3843236.153426586
https://investmoscow.ru/tenders/tender/19806994,completed,19806994.0,137.7,28069000.0,203841.684822077,ЗАО,1,15.0,Отдельный,1,18.0,18.441119234105315,10.578292328862378,55.6388036,37.4014191,,0.0,0.0,2025.0,Завершено,4.932313327320786,12.2251038225021,floor_1,1,0,0,0,0,0,0,10+,expensive,7.247368421052631,3759068.8146848376
https://investmoscow.ru/tenders/tender/19806973,completed,19806973.0,92.5,20392000.0,220454.05405405405,ЗАО,1,15.0,Отдельный,1,18.0,18.441119234105315,10.578292328862378,55.6388036,37.4014191,,0.0,0.0,2025.0,Завершено,4.537961436294641,12.303449116602009,floor_1,1,0,0,0,0,0,0,10+,medium,4.868421052631579,4065419.496452709
https://investmoscow.ru/tenders/tender/19807002,completed,19807002.0,150.9,30197000.0,200112.65738899933,ЗАО,1,15.0,Отдельный,1,18.0,18.441119234105315,10.578292328862378,55.6388036,37.4014191,,0.0,0.0,2025.0,Завершено,5.023222409601727,12.206640771061297,floor_1,1,0,0,0,0,0,0,10+,expensive,7.942105263157895,3690301.375164203
https://investmoscow.ru/tenders/tender/19806985,completed,19806985.0,102.7,22244000.0,216592.0155793573,ЗАО,1,15.0,Отдельный,1,18.0,18.441119234105315,10.578292328862378,55.6388036,37.4014191,,0.0,0.0,2025.0,Завершено,4.641502115235482,12.285775367319784,floor_1,1,0,0,0,0,0,0,10+,medium,5.405263157894737,3994199.184454124
https://investmoscow.ru/tenders/tender/19806967,completed,19806967.0,192.6,36706000.0,190581.5160955348,ЗАО,1,15.0,Отдельный,1,18.0,18.441119234105315,10.578292328862378,55.6388036,37.4014191,,0.0,0.0,2025.0,Завершено,5.265794174842477,12.15784053512133,floor_1,1,0,0,0,0,0,0,10+,expensive,10.136842105263158,3514536.462134319
https://investmoscow.ru/tenders/tender/19807010,completed,19807010.0,147.3,29620000.0,201086.2186014936,ЗАО,1,15.0,Отдельный,1,18.0,18.441119234105315,10.578292328862378,55.6388036,37.4014191,,0.0,0.0,2025.0,Завершено,4.999237249143887,12.2114940163142,floor_1,1,0,0,0,0,0,0,10+,expensive,7.752631578947369,3708254.933565509
https://investmoscow.ru/tenders/tender/19806976,completed,19806976.0,86.2,19230000.0,223085.8468677494,ЗАО,1,15.0,Отдельный,1,18.0,18.441119234105315,10.578292328862378,55.6388036,37.4014191,,0.0,0.0,2025.0,Завершено,4.468204330914934,12.315316422464573,floor_1,1,0,0,0,0,0,0,10+,medium,4.536842105263158,4113952.701529527
https://investmoscow.ru/tenders/tender/19806970,completed,19806970.0,135.0,27629000.0,204659.25925925927,ЗАО,1,15.0,Отдельный,1,18.0,18.441119234105315,10.578292328862378,55.6388036,37.4014191,,0.0,0.0,2025.0,Завершено,4.912654885736052,12.229106611420258,floor_1,1,0,0,0,0,0,0,10+,expensive,7.105263157894737,3774145.802363672
https://investmoscow.ru/tenders/tender/19806412,completed,19806412.0,179.5,36124000.0,201247.9108635097,ЗАО,1,15.0,Отдельный,1,18.0,18.441119234105315,10.578292328862378,55.6388036,37.4014191,40278260.0,11.5,8.0,2025.0,Завершено,5.195730777772936,12.212297783407829,floor_1,1,0,0,0,0,0,0,10+,expensive,9.447368421052632,3711236.719848581
https://investmoscow.ru/tenders/tender/19803709,completed,19803709.0,62.0,14817000.0,238983.870967742,ЗАО,1,15.0,Отдельный,1,36.0,18.441119234105315,10.578292328862378,55.6388036,37.4014191,14817000.0,0.0,1.0,2025.0,Завершено,4.143134726391533,12.384155527519829,floor_1,1,0,0,0,0,0,0,10+,medium,1.6756756756756757,4407130.059544169
https://investmoscow.ru/tenders/tender/19790876,completed,19790876.0,86.2,19230000.0,223085.8468677494,ЗАО,1,15.0,Отдельный,1,18.0,18.441119234105315,10.578292328862378,55.6388036,37.4014191,,0.0,0.0,2025.0,Завершено,4.468204330914934,12.315316422464573,floor_1,1,0,0,0,0,0,0,10+,medium,4.536842105263158,4113952.701529527
https://investmoscow.ru/tenders/tender/19790873,completed,19790873.0,92.5,20392000.0,220454.05405405405,ЗАО,1,15.0,Отдельный,1,18.0,18.441119234105315,10.578292328862378,55.6388036,37.4014191,,0.0,0.0,2025.0,Завершено,4.537961436294641,12.303449116602009,floor_1,1,0,0,0,0,0,0,10+,medium,4.868421052631579,4065419.496452709
https://investmoscow.ru/tenders/tender/19790860,completed,19790860.0,192.6,36706000.0,190581.5160955348,ЗАО,1,15.0,Отдельный,1,18.0,18.441119234105315,10.578292328862378,55.6388036,37.4014191,,0.0,0.0,2025.0,Завершено,5.265794174842477,12.15784053512133,floor_1,1,0,0,0,0,0,0,10+,expensive,10.136842105263158,3514536.462134319
https://investmoscow.ru/tenders/tender/19790841,completed,19790841.0,86.5,19286000.0,222959.5375722544,ЗАО,1,15.0,Отдельный,1,18.0,18.441119234105315,10.578292328862378,55.6388036,37.4014191,,0.0,0.0,2025.0,Завершено,4.471638793363569,12.314750073223314,floor_1,1,0,0,0,0,0,0,10+,medium,4.552631578947368,4111623.416750927
https://investmoscow.ru/tenders/tender/19790834,completed,19790834.0,102.7,22244000.0,216592.0155793573,ЗАО,1,15.0,Отдельный,1,18.0,18.441119234105315,10.578292328862378,55.6388036,37.4014191,,0.0,0.0,2025.0,Завершено,4.641502115235482,12.285775367319784,floor_1,1,0,0,0,0,0,0,10+,medium,5.405263157894737,3994199.184454124
https://investmoscow.ru/tenders/tender/19790856,completed,19790856.0,147.3,29620000.0,201086.2186014936,ЗАО,1,15.0,Отдельный,1,18.0,18.441119234105315,10.578292328862378,55.6388036,37.4014191,,0.0,0.0,2025.0,Завершено,4.999237249143887,12.2114940163142,floor_1,1,0,0,0,0,0,0,10+,expensive,7.752631578947369,3708254.933565509
https://investmoscow.ru/tenders/tender/19790865,completed,19790865.0,135.0,27629000.0,204659.25925925927,ЗАО,1,15.0,Отдельный,1,18.0,18.441119234105315,10.578292328862378,55.6388036,37.4014191,,0.0,0.0,2025.0,Завершено,4.912654885736052,12.229106611420258,floor_1,1,0,0,0,0,0,0,10+,expensive,7.105263157894737,3774145.802363672
https://investmoscow.ru/tenders/tender/19790848,completed,19790848.0,80.0,18072000.0,225900.0,ЗАО,1,15.0,Отдельный,1,0.0,18.441119234105315,10.578292328862378,55.6388036,37.4014191,18072000.0,0.0,1.0,2025.0,Завершено,4.394449154672439,12.32785212918379,floor_1,1,0,0,0,0,0,0,0-5,medium,80.0,4165848.834984391
https://investmoscow.ru/tenders/tender/19790838,completed,19790838.0,137.7,28069000.0,203841.684822077,ЗАО,1,15.0,Отдельный,1,18.0,18.441119234105315,10.578292328862378,55.6388036,37.4014191,,0.0,0.0,2025.0,Завершено,4.932313327320786,12.2251038225021,floor_1,1,0,0,0,0,0,0,10+,expensive,7.247368421052631,3759068.8146848376
https://investmoscow.ru/tenders/tender/19790830,completed,19790830.0,124.2,25884000.0,208405.79710144928,ЗАО,1,15.0,Отдельный,1,0.0,18.441119234105315,10.578292328862378,55.6388036,37.4014191,,0.0,0.0,2025.0,Завершено,4.829912458665998,12.247247203979418,floor_1,1,0,0,0,0,0,0,0-5,expensive,124.2,3843236.153426586
https://investmoscow.ru/tenders/tender/19790879,completed,19790879.0,94.8,19895000.0,209862.86919831223,ЗАО,1,15.0,Отдельный,1,0.0,18.441119234105315,10.578292328862378,55.6388036,37.4014191,,0.0,0.0,2025.0,Завершено,4.562262684976814,12.254214357587172,floor_1,1,0,0,0,0,0,0,0-5,medium,94.8,3870106.1936975233
https://investmoscow.ru/tenders/tender/19790851,completed,19790851.0,99.2,21612000.0,217862.90322580645,ЗАО,1,15.0,Отдельный,1,18.0,18.441119234105315,10.578292328862378,55.6388036,37.4014191,,0.0,0.0,2025.0,Завершено,4.607168188650764,12.291625849687302,floor_1,1,0,0,0,0,0,0,10+,medium,5.221052631578948,4017635.775075445
https://investmoscow.ru/tenders/tender/19790845,completed,19790845.0,150.9,30197000.0,200112.65738899933,ЗАО,1,15.0,Отдельный,1,18.0,18.441119234105315,10.578292328862378,55.6388036,37.4014191,,0.0,0.0,2025.0,Завершено,5.023222409601727,12.206640771061297,floor_1,1,0,0,0,0,0,0,10+,expensive,7.942105263157895,3690301.375164203
https://investmoscow.ru/tenders/tender/19760725,completed,19760725.0,147.3,28989000.0,196802.44399185333,ЗАО,1,15.0,Отдельный,1,1.0,18.441119234105315,10.578292328862378,55.6388036,37.4014191,,0.0,0.0,2025.0,Завершено,4.999237249143887,12.189960763405772,floor_1,1,0,0,0,0,0,0,0-5,expensive,73.65,3629257.3352171006
https://investmoscow.ru/tenders/tender/19760718,completed,19760718.0,62.0,13848000.0,223354.83870967745,ЗАО,1,15.0,Отдельный,1,36.0,18.441119234105315,10.578292328862378,55.6388036,37.4014191,13848000.0,0.0,1.0,2025.0,Завершено,4.143134726391533,12.316521467963888,floor_1,1,0,0,0,0,0,0,10+,medium,1.6756756756756757,4118913.2121595233
https://investmoscow.ru/tenders/tender/19760702,completed,19760702.0,138.9,27555000.0,198380.1295896328,ЗАО,1,15.0,Отдельный,1,36.0,18.441119234105315,10.578292328862378,55.6388036,37.4014191,35821500.0,30.0,5.0,2025.0,Завершено,4.940927881671436,12.197945356353904,floor_1,1,0,0,0,0,0,0,10+,expensive,3.754054054054054,3658351.623439682
https://investmoscow.ru/tenders/tender/19760711,completed,19760711.0,192.6,36527000.0,189652.1287642783,ЗАО,1,15.0,Отдельный,1,1.0,18.441119234105315,10.578292328862378,55.6388036,37.4014191,,0.0,0.0,2025.0,Завершено,5.265794174842477,12.152952044551636,floor_1,1,0,0,0,0,0,0,0-5,expensive,96.3,3497397.519543951
https://investmoscow.ru/tenders/tender/19760474,completed,19760474.0,179.5,36124000.0,201247.9108635097,ЗАО,1,15.0,Отдельный,1,18.0,18.441119234105315,10.578292328862378,55.6388036,37.4014191,60868940.0,68.5,8.0,2025.0,Завершено,5.195730777772936,12.212297783407829,floor_1,1,0,0,0,0,0,0,10+,expensive,9.447368421052632,3711236.719848581
https://investmoscow.ru/tenders/tender/19762433,completed,19762433.0,86.5,18260000.0,211098.2658959537,ЗАО,1,15.0,Отдельный,1,18.0,18.441119234105315,10.578292328862378,55.6388036,37.4014191,,0.0,0.0,2025.0,Завершено,4.471638793363569,12.26008375631238,floor_1,1,0,0,0,0,0,0,10+,medium,4.552631578947368,3892888.29150015
https://investmoscow.ru/tenders/tender/19762436,completed,19762436.0,150.9,29600000.0,196156.394963552,ЗАО,1,15.0,Отдельный,1,18.0,18.441119234105315,10.578292328862378,55.6388036,37.4014191,,0.0,0.0,2025.0,Завершено,5.023222409601727,12.186672651480464,floor_1,1,0,0,0,0,0,0,10+,expensive,7.942105263157895,3617343.468055118
https://investmoscow.ru/tenders/tender/19762431,completed,19762431.0,102.7,21208000.0,206504.3816942551,ЗАО,1,15.0,Отдельный,1,18.0,18.441119234105315,10.578292328862378,55.6388036,37.4014191,,0.0,0.0,2025.0,Завершено,4.641502115235482,12.23808175251702,floor_1,1,0,0,0,0,0,0,10+,medium,5.405263157894737,3808171.9251889535
https://investmoscow.ru/tenders/tender/19762427,completed,19762427.0,99.2,20578000.0,207439.51612903224,ЗАО,1,15.0,Отдельный,1,18.0,18.441119234105315,10.578292328862378,55.6388036,37.4014191,,0.0,0.0,2025.0,Завершено,4.607168188650764,12.242599908297729,floor_1,1,0,0,0,0,0,0,10+,medium,5.221052631578948,3825416.850800596
https://investmoscow.ru/tenders/tender/19762429,completed,19762429.0,124.2,25012000.0,201384.8631239936,ЗАО,1,15.0,Отдельный,1,0.0,18.441119234105315,10.578292328862378,55.6388036,37.4014191,,0.0,0.0,2025.0,Завершено,4.829912458665998,12.212978063774123,floor_1,1,0,0,0,0,0,0,0-5,expensive,124.2,3713762.2728135446
https://investmoscow.ru/tenders/tender/19762426,completed,19762426.0,80.0,17080000.0,213500.0,ЗАО,1,15.0,Отдельный,1,0.0,18.441119234105315,10.578292328862378,55.6388036,37.4014191,,0.0,0.0,2025.0,Завершено,4.394449154672439,12.271396795480596,floor_1,1,0,0,0,0,0,0,0-5,medium,80.0,3937178.9564814847
https://investmoscow.ru/tenders/tender/19762432,completed,19762432.0,137.7,27349000.0,198612.9266521424,ЗАО,1,15.0,Отдельный,1,18.0,18.441119234105315,10.578292328862378,55.6388036,37.4014191,,0.0,0.0,2025.0,Завершено,4.932313327320786,12.199118152264246,floor_1,1,0,0,0,0,0,0,10+,expensive,7.247368421052631,3662644.66182677
https://investmoscow.ru/tenders/tender/19753408,completed,19753408.0,92.5,19361000.0,209308.1081081081,ЗАО,1,15.0,Отдельный,1,18.0,18.441119234105315,10.578292328862378,55.6388036,37.4014191,,0.0,0.0,2025.0,Завершено,4.537961436294641,12.251567424487291,floor_1,1,0,0,0,0,0,0,10+,medium,4.868421052631579,3859875.778286627
https://investmoscow.ru/tenders/tender/19753414,completed,19753414.0,86.2,18205000.0,211194.8955916473,ЗАО,1,15.0,Отдельный,1,18.0,18.441119234105315,10.578292328862378,55.6388036,37.4014191,,0.0,0.0,2025.0,Завершено,4.468204330914934,12.260541396873736,floor_1,1,0,0,0,0,0,0,10+,medium,4.536842105263158,3894670.251239991
https://investmoscow.ru/tenders/tender/19753405,completed,19753405.0,135.0,26885000.0,199148.1481481481,ЗАО,1,15.0,Отдельный,1,18.0,18.441119234105315,10.578292328862378,55.6388036,37.4014191,,0.0,0.0,2025.0,Завершено,4.912654885736052,12.20180931116227,floor_1,1,0,0,0,0,0,0,10+,expensive,7.105263157894737,3672514.745251269
https://investmoscow.ru/tenders/tender/19746751,completed,19746751.0,182.2,34823000.0,191125.13721185512,ЗАО,1,15.0,Отдельный,1,18.0,18.441119234105315,10.578292328862378,55.6388036,37.4014191,,0.0,0.0,2025.0,Завершено,5.21057845224003,12.160688893308391,floor_1,1,0,0,0,0,0,0,10+,expensive,9.589473684210526,3524561.443958559
https://investmoscow.ru/tenders/tender/19746756,completed,19746756.0,54.0,12353000.0,228759.25925925927,ЗАО,1,15.0,Отдельный,1,18.0,18.441119234105315,10.578292328862378,55.6388036,37.4014191,,0.0,0.0,2025.0,Завершено,4.007333185232471,12.340429831352877,floor_1,1,0,0,0,0,0,0,10+,cheap,2.8421052631578947,4218576.775905611
https://investmoscow.ru/tenders/tender/19734056,completed,19734056.0,94.8,19895000.0,209862.86919831223,ЗАО,1,15.0,Отдельный,1,1.0,18.441119234105315,10.578292328862378,55.6388036,37.4014191,19895000.0,0.0,1.0,2025.0,Завершено,4.562262684976814,12.254214357587172,floor_1,1,0,0,0,0,0,0,0-5,medium,47.4,3870106.1936975233
https://investmoscow.ru/tenders/tender/19734055,completed,19734055.0,133.9,26758000.0,199835.6982823002,ЗАО,1,15.0,Отдельный,1,1.0,18.441119234105315,10.578292328862378,55.6388036,37.4014191,,0.0,0.0,2025.0,Завершено,4.90453376321371,12.205255803416977,floor_1,1,0,0,0,0,0,0,0-5,expensive,66.95,3685193.9392545926
https://investmoscow.ru/tenders/tender/19725763,completed,19725763.0,147.3,28989000.0,196802.44399185333,ЗАО,1,15.0,Отдельный,1,1.0,18.441119234105315,10.578292328862378,55.6388036,37.4014191,,0.0,0.0,2025.0,Завершено,4.999237249143887,12.189960763405772,floor_1,1,0,0,0,0,0,0,0-5,expensive,73.65,3629257.3352171006
https://investmoscow.ru/tenders/tender/19725761,completed,19725761.0,192.6,36527000.0,189652.1287642783,ЗАО,1,15.0,Отдельный,1,1.0,18.441119234105315,10.578292328862378,55.6388036,37.4014191,,0.0,0.0,2025.0,Завершено,5.265794174842477,12.152952044551636,floor_1,1,0,0,0,0,0,0,0-5,expensive,96.3,3497397.519543951
https://investmoscow.ru/tenders/tender/19725762,completed,19725762.0,62.0,13848000.0,223354.83870967745,ЗАО,1,15.0,Отдельный,1,36.0,18.441119234105315,10.578292328862378,55.6388036,37.4014191,,0.0,0.0,2025.0,Завершено,4.143134726391533,12.316521467963888,floor_1,1,0,0,0,0,0,0,10+,medium,1.6756756756756757,4118913.2121595233
https://investmoscow.ru/tenders/tender/19724769,completed,19724769.0,138.9,27555000.0,198380.1295896328,ЗАО,1,15.0,Отдельный,1,36.0,18.441119234105315,10.578292328862378,55.6388036,37.4014191,,0.0,0.0,2025.0,Завершено,4.940927881671436,12.197945356353904,floor_1,1,0,0,0,0,0,0,10+,expensive,3.754054054054054,3658351.623439682
https://investmoscow.ru/tenders/tender/19724770,completed,19724770.0,148.6,29210000.0,196567.96769851955,ЗАО,1,15.0,Отдельный,1,1.0,18.441119234105315,10.578292328862378,55.6388036,37.4014191,35636200.0,22.0,5.0,2025.0,Завершено,5.007965065540377,12.188768629366194,floor_1,1,0,0,0,0,0,0,0-5,expensive,74.3,3624933.329934161
https://investmoscow.ru/tenders/tender/19720152,completed,19720152.0,86.5,18260000.0,211098.2658959537,ЗАО,1,15.0,Отдельный,1,18.0,18.441119234105315,10.578292328862378,55.6388036,37.4014191,,0.0,0.0,2025.0,Завершено,4.471638793363569,12.26008375631238,floor_1,1,0,0,0,0,0,0,10+,medium,4.552631578947368,3892888.29150015
https://investmoscow.ru/tenders/tender/19720184,completed,19720184.0,99.2,20578000.0,207439.51612903224,ЗАО,1,15.0,Отдельный,1,18.0,18.441119234105315,10.578292328862378,55.6388036,37.4014191,,0.0,0.0,2025.0,Завершено,4.607168188650764,12.242599908297729,floor_1,1,0,0,0,0,0,0,10+,medium,5.221052631578948,3825416.850800596
https://investmoscow.ru/tenders/tender/19720164,completed,19720164.0,80.0,17080000.0,213500.0,ЗАО,1,15.0,Отдельный,1,0.0,18.441119234105315,10.578292328862378,55.6388036,37.4014191,,0.0,0.0,2025.0,Завершено,4.394449154672439,12.271396795480596,floor_1,1,0,0,0,0,0,0,0-5,medium,80.0,3937178.9564814847
https://investmoscow.ru/tenders/tender/19720154,completed,19720154.0,150.9,29600000.0,196156.394963552,ЗАО,1,15.0,Отдельный,1,18.0,18.441119234105315,10.578292328862378,55.6388036,37.4014191,,0.0,0.0,2025.0,Завершено,5.023222409601727,12.186672651480464,floor_1,1,0,0,0,0,0,0,10+,expensive,7.942105263157895,3617343.468055118
https://investmoscow.ru/tenders/tender/19720129,completed,19720129.0,124.2,25012000.0,201384.8631239936,ЗАО,1,15.0,Отдельный,1,0.0,18.441119234105315,10.578292328862378,55.6388036,37.4014191,,0.0,0.0,2025.0,Завершено,4.829912458665998,12.212978063774123,floor_1,1,0,0,0,0,0,0,0-5,expensive,124.2,3713762.2728135446
https://investmoscow.ru/tenders/tender/19720146,completed,19720146.0,137.7,27349000.0,198612.9266521424,ЗАО,1,15.0,Отдельный,1,18.0,18.441119234105315,10.578292328862378,55.6388036,37.4014191,,0.0,0.0,2025.0,Завершено,4.932313327320786,12.199118152264246,floor_1,1,0,0,0,0,0,0,10+,expensive,7.247368421052631,3662644.66182677
https://investmoscow.ru/tenders/tender/19720141,completed,19720141.0,102.7,21208000.0,206504.3816942551,ЗАО,1,15.0,Отдельный,1,18.0,18.441119234105315,10.578292328862378,55.6388036,37.4014191,,0.0,0.0,2025.0,Завершено,4.641502115235482,12.23808175251702,floor_1,1,0,0,0,0,0,0,10+,medium,5.405263157894737,3808171.9251889535
https://investmoscow.ru/tenders/tender/19952074,completed,19952074.0,109.5,30480000.0,278356.16438356164,САО,1,17.0,Отдельный,1,31.0,10.97402682320987,10.593368788731135,55.8402024,37.5381408,,0.0,0.0,2026.0,Завершено,4.705015520957808,12.536660332039396,floor_1,1,0,0,0,0,0,0,10+,expensive,3.421875,3054688.014351021
https://investmoscow.ru/tenders/tender/19951975,completed,19951975.0,156.2,42727000.0,273540.3329065301,САО,1,17.0,Отдельный,1,31.0,10.97402682320987,10.593368788731135,55.8402024,37.5381408,,0.0,0.0,2026.0,Завершено,5.057518879995106,12.519208015226662,floor_1,1,0,0,0,0,0,0,10+,expensive,4.88125,3001838.9505460192
https://investmoscow.ru/tenders/tender/19897649,completed,19897649.0,156.2,42727000.0,273540.3329065301,САО,1,15.0,Отдельный,1,0.0,10.97402682320987,10.593368788731135,55.8402024,37.5381408,,0.0,0.0,2025.0,Завершено,5.057518879995106,12.519208015226662,floor_1,1,0,0,0,0,0,0,0-5,expensive,156.2,3001838.9505460192
https://investmoscow.ru/tenders/tender/19897636,completed,19897636.0,109.5,30480000.0,278356.16438356164,САО,1,15.0,Отдельный,1,14.0,10.97402682320987,10.593368788731135,55.8402024,37.5381408,,0.0,0.0,2025.0,Завершено,4.705015520957808,12.536660332039396,floor_1,1,0,0,0,0,0,0,10+,expensive,7.3,3054688.014351021
https://investmoscow.ru/tenders/tender/19848155,completed,19848155.0,109.5,30480000.0,278356.16438356164,САО,1,15.0,Отдельный,1,14.0,10.97402682320987,10.593368788731135,55.8402024,37.5381408,,0.0,0.0,2025.0,Завершено,4.705015520957808,12.536660332039396,floor_1,1,0,0,0,0,0,0,10+,expensive,7.3,3054688.014351021
https://investmoscow.ru/tenders/tender/19848145,completed,19848145.0,156.2,42727000.0,273540.3329065301,САО,1,15.0,Отдельный,1,0.0,10.97402682320987,10.593368788731135,55.8402024,37.5381408,,0.0,0.0,2025.0,Завершено,5.057518879995106,12.519208015226662,floor_1,1,0,0,0,0,0,0,0-5,expensive,156.2,3001838.9505460192
https://investmoscow.ru/tenders/tender/19800881,completed,19800881.0,109.5,27113000.0,247607.30593607307,САО,1,15.0,Отдельный,1,14.0,10.97402682320987,10.593368788731135,55.8402024,37.5381408,,0.0,0.0,2025.0,Завершено,4.705015520957808,12.419603365013748,floor_1,1,0,0,0,0,0,0,10+,expensive,7.3,2717249.2169651985
https://investmoscow.ru/tenders/tender/19800878,completed,19800878.0,156.2,42647000.0,273028.1690140845,САО,1,15.0,Отдельный,1,0.0,10.97402682320987,10.593368788731135,55.8402024,37.5381408,,0.0,0.0,2025.0,Завершено,5.057518879995106,12.517333914664883,floor_1,1,0,0,0,0,0,0,0-5,expensive,156.2,2996218.450252441
https://investmoscow.ru/tenders/tender/19783917,completed,19783917.0,156.2,42647000.0,273028.1690140845,САО,1,15.0,Отдельный,1,0.0,10.97402682320987,10.593368788731135,55.8402024,37.5381408,,0.0,0.0,2025.0,Завершено,5.057518879995106,12.517333914664883,floor_1,1,0,0,0,0,0,0,0-5,expensive,156.2,2996218.450252441
https://investmoscow.ru/tenders/tender/19783217,completed,19783217.0,109.5,27113000.0,247607.30593607307,САО,1,15.0,Отдельный,1,14.0,10.97402682320987,10.593368788731135,55.8402024,37.5381408,,0.0,0.0,2025.0,Завершено,4.705015520957808,12.419603365013748,floor_1,1,0,0,0,0,0,0,10+,expensive,7.3,2717249.2169651985
https://investmoscow.ru/tenders/tender/19760937,completed,19760937.0,156.2,42647000.0,273028.1690140845,САО,1,15.0,Отдельный,1,0.0,10.97402682320987,10.593368788731135,55.8402024,37.5381408,,0.0,0.0,2025.0,Завершено,5.057518879995106,12.517333914664883,floor_1,1,0,0,0,0,0,0,0-5,expensive,156.2,2996218.450252441
https://investmoscow.ru/tenders/tender/19748904,completed,19748904.0,109.5,27113000.0,247607.30593607307,САО,1,15.0,Отдельный,1,14.0,10.97402682320987,10.593368788731135,55.8402024,37.5381408,,0.0,0.0,2025.0,Завершено,4.705015520957808,12.419603365013748,floor_1,1,0,0,0,0,0,0,10+,expensive,7.3,2717249.2169651985
https://investmoscow.ru/tenders/tender/19746754,completed,19746754.0,61.6,13414000.0,217759.74025974027,САО,1,15.0,Отдельный,1,1.0,10.97402682320987,10.593368788731135,55.8402024,37.5381408,18645460.0,39.0,8.0,2025.0,Завершено,4.136765278106052,12.291152217308888,floor_1,1,0,0,0,0,0,0,0-5,medium,30.8,2389701.230625604
https://investmoscow.ru/tenders/tender/19748900,completed,19748900.0,116.9,28634000.0,244944.3969204448,САО,1,15.0,Отдельный,1,14.0,10.97402682320987,10.593368788731135,55.8402024,37.5381408,28634000.0,0.0,1.0,2025.0,Завершено,4.769836807543325,12.40879059497525,floor_1,1,0,0,0,0,0,0,10+,expensive,7.793333333333334,2688026.381999926
https://investmoscow.ru/tenders/tender/19728517,completed,19728517.0,81.1,16642000.0,205203.4525277436,САО,1,15.0,Отдельный,1,1.0,10.97402682320987,10.593368788731135,55.8402024,37.5381408,16808420.0,1.0,7.0,2025.0,Завершено,4.407938016458383,12.231762090521626,floor_1,1,0,0,0,0,0,0,0-5,medium,40.55,2251908.192254731
https://investmoscow.ru/tenders/tender/19728516,completed,19728516.0,76.3,15882000.0,208152.0314547837,САО,1,15.0,Отдельный,1,1.0,10.97402682320987,10.593368788731135,55.8402024,37.5381408,16914330.0,6.5,8.0,2025.0,Завершено,4.3476939555933765,12.246028816316176,floor_1,1,0,0,0,0,0,0,0-5,medium,38.15,2284265.976490421
https://investmoscow.ru/tenders/tender/19728515,completed,19728515.0,77.3,16042000.0,207529.1073738681,САО,1,15.0,Отдельный,1,1.0,10.97402682320987,10.593368788731135,55.8402024,37.5381408,16924310.0,5.5,8.0,2025.0,Завершено,4.360547602996758,12.243031703905194,floor_1,1,0,0,0,0,0,0,0-5,medium,38.65,2277429.9909176296
https://investmoscow.ru/tenders/tender/19783211,completed,19783211.0,123.4,31177000.0,252649.91896272285,ЗАО,1,23.0,Отдельный,1,30.0,10.919387744194395,7.343867323943425,55.7824662,37.4512949,31177000.0,0.0,1.0,2025.0,Завершено,4.823502180305079,12.439764048008998,floor_1,1,0,0,0,0,0,0,10+,expensive,3.980645161290323,2758782.428693263
https://investmoscow.ru/tenders/tender/19746750,completed,19746750.0,123.4,31177000.0,252649.91896272285,ЗАО,1,23.0,Отдельный,1,30.0,10.919387744194395,7.343867323943425,55.7824662,37.4512949,,0.0,0.0,2025.0,Завершено,4.823502180305079,12.439764048008998,floor_1,1,0,0,0,0,0,0,10+,expensive,3.980645161290323,2758782.428693263
https://investmoscow.ru/tenders/tender/19783882,completed,19783882.0,168.1,37707000.0,224312.9089827484,ЗАО,1,15.0,Отдельный,1,0.0,14.924740146875749,15.012874523111092,55.7214073,37.3848488,37707000.0,0.0,1.0,2025.0,Завершено,5.130490255904535,12.320801729208762,floor_1,1,0,0,0,0,0,0,0-5,expensive,168.1,3347811.8781573107
https://investmoscow.ru/tenders/tender/19760739,completed,19760739.0,168.1,37707000.0,224312.9089827484,ЗАО,1,15.0,Отдельный,1,0.0,14.924740146875749,15.012874523111092,55.7214073,37.3848488,,0.0,0.0,2025.0,Завершено,5.130490255904535,12.320801729208762,floor_1,1,0,0,0,0,0,0,0-5,expensive,168.1,3347811.8781573107
https://investmoscow.ru/tenders/tender/19749559,completed,19749559.0,180.7,39207000.0,216972.88323187604,ЮЗАО,1,15.0,Отдельный,1,20.0,7.902465905421341,8.316212952802706,55.6818721,37.5956957,46068225.0,17.5,7.0,2025.0,Завершено,5.202356975402125,12.287532271509344,floor_1,1,0,0,0,0,0,0,10+,expensive,8.604761904761904,1714620.8121408662
https://investmoscow.ru/tenders/tender/19748670,completed,19748670.0,127.8,32034000.0,250657.2769953052,ЮЗАО,1,22.0,Отдельный,1,1.0,7.902465905421341,8.316212952802706,55.6818721,37.5956957,40523010.0,26.5,12.0,2025.0,Завершено,4.858260813670253,12.43184584427013,floor_1,1,0,0,0,0,0,0,0-5,expensive,63.9,1980810.5854011525
https://investmoscow.ru/tenders/tender/19735516,completed,19735516.0,207.1,44651000.0,215601.1588604539,ЮЗАО,1,15.0,Отдельный,1,1.0,7.902465905421341,8.316212952802706,55.6818721,37.5956957,52241670.0,17.0,6.0,2025.0,Завершено,5.338018733399589,12.281190131234258,floor_1,1,0,0,0,0,0,0,0-5,expensive,103.55,1703780.807064067
https://investmoscow.ru/tenders/tender/19725815,completed,19725815.0,169.5,36480000.0,215221.2389380531,ЮЗАО,0,15.0,Отдельный,1,1.0,7.902465905421341,8.316212952802706,55.6818721,37.5956957,41587200.0,14.0,11.0,2025.0,Завершено,5.138735296723572,12.279426442720684,other,0,0,1,0,0,0,0,0-5,expensive,84.75,1700778.502830505
https://investmoscow.ru/tenders/tender/19725814,completed,19725814.0,181.5,38633000.0,212853.99449035813,ЮЗАО,0,15.0,Отдельный,1,1.0,7.902465905421341,8.316212952802706,55.6818721,37.5956957,45393775.0,17.5,12.0,2025.0,Завершено,5.206750173022546,12.268366435817075,other,0,0,1,0,0,0,0,0-5,expensive,90.75,1682071.434292797
https://investmoscow.ru/tenders/tender/19725813,completed,19725813.0,77.5,18910000.0,244000.0,ЮЗАО,1,15.0,Отдельный,1,1.0,7.902465905421341,8.316212952802706,55.6818721,37.5956957,18910000.0,0.0,6.0,2025.0,Завершено,4.363098624788363,12.404927602627597,floor_1,1,0,0,0,0,0,0,0-5,medium,38.75,1928201.6809228072
https://investmoscow.ru/tenders/tender/19743617,completed,19743617.0,149.7,21021000.0,140420.84168336674,ЦАО,basement,5.0,Вход через подъезд,1,5.0,3.4223195055041065,3.065667471550764,55.778121,37.5883952,26276250.0,25.0,3.0,2025.0,Завершено,5.01529110563245,11.85240632601982,basement,0,1,0,0,0,0,1,0-5,medium,24.95,480564.9854722901
https://investmoscow.ru/tenders/tender/19743629,completed,19743629.0,183.3,17638000.0,96224.76813966176,ЦАО,basement,9.0,Вход через подъезд,1,8.0,1.411465280328997,1.5370414873395488,55.7495739,37.5953201,22047500.0,25.0,3.0,2025.0,Завершено,5.216564864675778,11.474452460865336,basement,0,1,0,0,0,0,1,5-10,medium,20.366666666666667,135817.91933684042
https://investmoscow.ru/tenders/tender/19788060,completed,19788060.0,210.4,39543000.0,187942.01520912547,ВАО,1,14.0,Отдельный,1,19.0,10.7235961351444,2.3072279670541165,55.7980129,37.768444,30645825.0,-22.5,8.0,2025.0,Завершено,5.353752073436137,12.143894085275027,floor_1,1,0,0,0,0,0,0,10+,expensive,10.52,2015414.267927828
https://investmoscow.ru/tenders/tender/19766360,completed,19766360.0,210.4,39543000.0,187942.01520912547,ВАО,1,14.0,Отдельный,1,19.0,10.7235961351444,2.3072279670541165,55.7980129,37.768444,,0.0,0.0,2025.0,Завершено,5.353752073436137,12.143894085275027,floor_1,1,0,0,0,0,0,0,10+,expensive,10.52,2015414.267927828
https://investmoscow.ru/tenders/tender/19743637,completed,19743637.0,210.4,39543000.0,187942.01520912547,ВАО,1,14.0,Отдельный,1,19.0,10.7235961351444,2.3072279670541165,55.7980129,37.768444,,0.0,0.0,2025.0,Завершено,5.353752073436137,12.143894085275027,floor_1,1,0,0,0,0,0,0,10+,expensive,10.52,2015414.267927828
https://investmoscow.ru/tenders/tender/19724721,completed,19724721.0,88.2,18486000.0,209591.83673469388,СВАО,1,15.0,Отдельный,1,1.0,14.815775005041008,6.189088196895193,55.8803276,37.6827326,31703490.0,71.5,36.0,2025.0,Завершено,4.490881039585964,12.25292205496092,floor_1,1,0,0,0,0,0,0,0-5,medium,44.1,3105265.495954513
https://investmoscow.ru/tenders/tender/19720195,completed,19720195.0,158.2,36004000.0,227585.3350189633,СВАО,1,17.0,Отдельный,1,21.0,14.815775005041008,6.189088196895193,55.8803276,37.6827326,63007000.0,75.0,21.0,2025.0,Завершено,5.0701612734102826,12.335284939972134,floor_1,1,0,0,0,0,0,0,10+,expensive,7.1909090909090905,3371853.1180878407
https://investmoscow.ru/tenders/tender/19720192,completed,19720192.0,88.4,18521000.0,209513.57466063343,СВАО,1,17.0,Отдельный,1,21.0,14.815775005041008,6.189088196895193,55.8803276,37.6827326,32319145.0,74.5,23.0,2025.0,Завершено,4.493120682179469,12.252548584710372,floor_1,1,0,0,0,0,0,0,10+,medium,4.0181818181818185,3104105.9826738057
https://investmoscow.ru/tenders/tender/19717674,completed,19717674.0,128.0,30127000.0,235367.1875,СВАО,1,17.0,Отдельный,1,21.0,14.815775005041008,6.189088196895193,55.8803276,37.6827326,51215900.0,70.0,25.0,2025.0,Завершено,4.859812404361672,12.368906322364808,floor_1,1,0,0,0,0,0,0,10+,expensive,5.818181818181818,3487147.2935693003
https://investmoscow.ru/tenders/tender/19724315,completed,19724315.0,45.1,6451000.0,143037.69401330376,ЦАО,basement,4.0,Отдельный,1,7.0,2.115760456928312,1.8339874004654584,55.7653802,37.593378,24836350.0,285.0,31.0,2025.0,Завершено,3.830812950002602,11.870870460145468,basement,0,1,0,0,0,1,1,5-10,cheap,5.6375,302633.4968435596
https://investmoscow.ru/tenders/tender/19721000,completed,19721000.0,27.4,5112000.0,186569.34306569345,ЮАО,1,12.0,Вход через места общего пользования,1,14.0,16.995147615743385,7.744236403352787,55.5998309,37.5873939,,0.0,0.0,2025.0,Завершено,3.3463891451671604,12.136563621568522,floor_1,1,0,0,0,0,1,0,10+,cheap,1.8266666666666669,3170773.52597373
https://investmoscow.ru/tenders/tender/19721718,completed,19721718.0,49.6,9542000.0,192379.0322580645,ВАО,1,9.0,Вход через места общего пользования,1,10.0,7.139022617941567,1.7756658611180969,55.7784224,37.7216931,,0.0,0.0,2025.0,Завершено,3.92395157629342,12.16722802938548,floor_1,1,0,0,0,0,1,0,5-10,cheap,4.509090909090909,1373398.2625080326
https://investmoscow.ru/tenders/tender/19724602,completed,19724602.0,14.4,6205000.0,430902.77777777775,ЦАО,basement,12.0,Отдельный,1,1.0,4.580704715660859,4.401696552953721,55.772107,37.6815358,,0.0,0.0,2025.0,Завершено,2.734367509419584,12.973640090745302,basement,0,1,0,0,0,1,1,0-5,cheap,7.2,1973838.38615803
https://investmoscow.ru/tenders/tender/19726568,completed,19726568.0,39.7,6564000.0,165340.05037783374,СВАО,1,25.0,Отдельный,1,1.0,9.383258956526609,1.4038240142179828,55.8327422,37.661982,12471600.0,90.0,17.0,2025.0,Завершено,3.7062280924485496,12.015765591622062,floor_1,1,0,0,0,0,1,0,0-5,cheap,19.85,1551428.5085803692
https://investmoscow.ru/tenders/tender/19649441,completed,19649441.0,114.4,32664000.0,285524.4755244755,САО,1,24.0,Отдельный,1,32.0,10.89329092786826,2.788118260104764,55.8349048,37.524186,34297200.0,5.0,2.0,2025.0,Завершено,4.748404354073999,12.56208653535644,floor_1,1,0,0,0,0,0,0,10+,expensive,3.466666666666667,3110301.1789151123
https://investmoscow.ru/tenders/tender/19727404,completed,19727404.0,54.6,16110000.0,295054.94505494507,ЦАО,1,6.0,Вход через места общего пользования,1,8.0,3.033328906865299,3.203587075781371,55.7433116,37.6635384,,0.0,0.0,2025.0,Завершено,4.018183201256536,12.59492026159581,floor_1,1,0,0,0,0,0,1,5-10,medium,6.066666666666666,894998.6939487173
https://investmoscow.ru/tenders/tender/19729967,completed,19729967.0,849.6,100494000.0,118283.89830508476,ВАО,basement,14.0,Отдельный,1,1.0,6.256914151858481,9.663025926188835,55.7047583,37.6721421,118582920.0,18.0,2.0,2025.0,Завершено,6.7459419828195335,11.680851385901326,basement,0,1,0,0,0,0,0,0-5,expensive,424.8,740092.1972420743
https://investmoscow.ru/tenders/tender/19724703,completed,19724703.0,288.5,49586200.0,171875.90987868284,САО,1,14.0,Отдельный,1,1.0,11.249791968424397,3.313192237015885,55.8398181,37.5276002,84296540.0,70.0,14.0,2025.0,Завершено,5.66815529701305,12.054533859362662,floor_1,1,0,0,0,0,0,0,0-5,expensive,144.25,1933568.2305188417
https://investmoscow.ru/tenders/tender/19732388,completed,19732388.0,376.4,76348800.0,202839.53241232733,ВАО,1,12.0,Отдельный,1,1.0,13.543614232200918,5.347651254483949,55.8201569,37.7973294,91618560.0,20.0,4.0,2025.0,Завершено,5.93330563293445,12.220175394695136,floor_1,1,0,0,0,0,0,0,0-5,expensive,188.2,2747180.378032576
https://investmoscow.ru/tenders/tender/19730039,completed,19730039.0,1048.8,135402300.0,129102.11670480548,ВАО,basement,12.0,Отдельный,1,1.0,8.040939267541727,2.619045839172,55.7961959,37.7194889,135402300.0,0.0,1.0,2025.0,Завершено,6.956354948818199,11.76836671833113,basement,0,1,0,0,0,0,0,0-5,expensive,524.4,1038102.2797344252
https://investmoscow.ru/tenders/tender/19772136,completed,19772136.0,325.2,48760000.0,149938.49938499386,ЗАО,1,16.0,Вход через подъезд,1,1.0,13.832391817922238,7.376811664670695,55.6537208,37.4813563,48760000.0,0.0,2.0,2025.0,Завершено,5.787510690186913,11.917987154282596,floor_1,1,0,0,0,0,0,0,0-5,expensive,162.6,2074008.072084528
https://investmoscow.ru/tenders/tender/19747313,completed,19747313.0,325.2,48760000.0,149938.49938499386,ЗАО,1,16.0,Вход через подъезд,1,1.0,13.832391817922238,7.376811664670695,55.6537208,37.4813563,,0.0,0.0,2025.0,Завершено,5.787510690186913,11.917987154282596,floor_1,1,0,0,0,0,0,0,0-5,expensive,162.6,2074008.072084528
https://investmoscow.ru/tenders/tender/19767015,completed,19767015.0,358.8,48927000.0,136362.8762541806,ЦАО,basement,4.0,Вход через места общего пользования,1,9.0,1.4925587454605374,1.570485730449558,55.750951,37.5936797,,0.0,0.0,2025.0,Завершено,5.885548321516433,11.823082152469844,basement,0,1,0,0,0,0,1,5-10,expensive,35.88,203529.60350933028
https://investmoscow.ru/tenders/tender/19725460,completed,19725460.0,358.8,48927000.0,136362.8762541806,ЦАО,basement,4.0,Вход через места общего пользования,1,9.0,1.4925587454605374,1.570485730449558,55.750951,37.5936797,,0.0,0.0,2025.0,Завершено,5.885548321516433,11.823082152469844,basement,0,1,0,0,0,0,1,5-10,expensive,35.88,203529.60350933028
https://investmoscow.ru/tenders/tender/19731461,completed,19731461.0,75.1,9078000.0,120878.82822902796,САО,1,3.0,Вход через подъезд,1,1.0,13.68318031025234,5.23888706609761,55.8474704,37.4789314,9078000.0,0.0,1.0,2025.0,Завершено,4.33204826486764,11.70255217594154,floor_1,1,0,0,0,0,0,0,0-5,cheap,37.55,1654006.80234981
https://investmoscow.ru/tenders/tender/19730925,completed,19730925.0,253.3,20443000.0,80706.67193051717,ЦАО,basement,5.0,Вход через места общего пользования,1,8.0,4.454736768412101,4.134337874788812,55.7839927,37.6605549,20443000.0,0.0,1.0,2025.0,Завершено,5.538514672428074,11.298588917032085,basement,0,1,0,0,0,0,1,5-10,medium,28.14444444444445,359526.97890504764
https://investmoscow.ru/tenders/tender/19731822,completed,19731822.0,422.5,19574000.0,46328.99408284024,СВАО,basement,5.0,Вход через места общего пользования,1,1.0,13.335551346725037,4.689512840574692,55.8680634,37.6726394,27403600.0,40.0,2.0,2025.0,Завершено,6.048553514092109,10.743544850693011,basement,0,1,0,0,0,0,0,0-5,medium,211.25,617822.6794338364
https://investmoscow.ru/tenders/tender/19731854,completed,19731854.0,348.5,18054000.0,51804.87804878049,ВАО,basement,12.0,Отдельный,1,10.0,10.385928793853807,6.305432848337894,55.7252318,37.7768106,28886400.0,60.0,11.0,2025.0,Завершено,5.856503561673865,10.855258897654862,basement,0,1,0,0,0,0,0,5-10,medium,31.681818181818183,538041.7745889144
https://investmoscow.ru/tenders/tender/19731247,completed,19731247.0,204.1,5573000.0,27305.242528172465,ЮЗАО,basement,5.0,Вход через подъезд,1,13.0,8.50884028257776,2.485674190390914,55.6761174,37.5981973,,0.0,0.0,2025.0,Завершено,5.323497665078335,10.214870619069035,basement,0,1,0,0,0,0,0,10+,cheap,14.578571428571427,232335.94754926924
https://investmoscow.ru/tenders/tender/19768468,completed,19768468.0,270.0,35550000.0,131666.66666666666,САО,mezzanine,5.0,Вход через подъезд,1,1.0,10.926565587235904,3.3174111426879898,55.8395771,37.5376341,25773750.0,-27.5,7.0,2025.0,Завершено,5.602118820879701,11.788036350123017,other,0,0,1,0,0,0,0,0-5,expensive,135.0,1438664.4689860607
https://investmoscow.ru/tenders/tender/19730950,completed,19730950.0,270.0,35550000.0,131666.66666666666,САО,mezzanine,5.0,Вход через подъезд,1,1.0,10.926565587235904,3.3174111426879898,55.8395771,37.5376341,,0.0,0.0,2025.0,Завершено,5.602118820879701,11.788036350123017,other,0,0,1,0,0,0,0,0-5,expensive,135.0,1438664.4689860607
https://investmoscow.ru/tenders/tender/19731280,completed,19731280.0,77.3,11751000.0,152018.11125485125,САО,1,5.0,Вход через места общего пользования,1,16.0,10.82747277971219,3.3690149588025777,55.8396593,37.5414693,11751000.0,0.0,2.0,2025.0,Завершено,4.360547602996758,11.931761523864626,floor_1,1,0,0,0,0,0,0,10+,cheap,4.547058823529412,1645971.9616351612
https://investmoscow.ru/tenders/tender/19731355,completed,19731355.0,208.5,19216000.0,92163.06954436452,САО,basement,5.0,Отдельный,1,11.0,10.997410395596086,3.683121253012752,55.8421622,37.5445216,,0.0,0.0,2025.0,Завершено,5.344723739362192,11.431325632337238,basement,0,1,0,0,0,0,0,10+,medium,17.375,1013555.0990972394
https://investmoscow.ru/tenders/tender/19731279,completed,19731279.0,28.7,4622000.0,161045.2961672474,СВАО,1,12.0,Вход через места общего пользования,1,1.0,,,,,7164100.0,55.0,10.0,2025.0,Завершено,3.391147045808654,11.989447156464756,floor_1,1,0,0,0,0,1,0,0-5,cheap,14.35,2025079.0286047591
https://investmoscow.ru/tenders/tender/19731951,completed,19731951.0,103.8,16606000.0,159980.73217726397,ЮАО,1,1.0,Вход через подъезд,1,1.0,15.671939149396872,5.924254963330381,55.6224462,37.7172293,37363500.0,125.0,20.0,2025.0,Завершено,4.6520537718869415,11.982814913805528,floor_1,1,0,0,0,0,0,0,0-5,medium,51.9,2507208.299758039
https://investmoscow.ru/tenders/tender/19731750,completed,19731750.0,128.7,28612000.0,222315.4623154624,ВАО,1,16.0,Вход через подъезд,1,1.0,7.568558508980299,5.444541598225905,55.7318626,37.7332543,28612000.0,0.0,1.0,2025.0,Завершено,4.865224091322398,12.311857151710894,floor_1,1,0,0,0,0,0,0,0-5,expensive,64.35,1682607.5839855815
https://investmoscow.ru/tenders/tender/19731896,completed,19731896.0,62.4,9423000.0,151009.61538461538,САО,1,12.0,Вход через места общего пользования,1,1.0,16.694235496529483,8.55581221347919,55.8831165,37.4865844,9423000.0,0.0,3.0,2025.0,Завершено,4.14946386144318,11.92510541388646,floor_1,1,0,0,0,0,0,0,0-5,cheap,31.2,2520990.0814711107
https://investmoscow.ru/tenders/tender/19878240,completed,19878240.0,43.2,5630000.0,130324.07407407406,ЗАО,basement,18.0,Вход через места общего пользования,1,8.0,13.842216013061464,6.294187794622031,55.6666332,37.45597,7037500.0,25.0,5.0,2025.0,Завершено,3.788724789083653,11.777787178015766,basement,0,1,0,0,0,1,0,5-10,cheap,4.800000000000001,1803973.9850355564
https://investmoscow.ru/tenders/tender/19729515,completed,19729515.0,23.9,5116000.0,214058.57740585777,ЗАО,2,18.0,Вход через подъезд,1,7.0,13.842216013061464,6.294187794622031,55.6666332,37.45597,5116000.0,0.0,2.0,2025.0,Завершено,3.214867803470662,12.274009654350946,floor_2,0,0,0,0,1,1,0,5-10,cheap,2.9875,2963045.067900521
https://investmoscow.ru/tenders/tender/19730591,completed,19730591.0,26.3,5595000.0,212737.6425855513,ЗАО,2,18.0,Вход через подъезд,1,7.0,13.842216013061464,6.294187794622031,55.6666332,37.45597,5595000.0,0.0,2.0,2025.0,Завершено,3.3068867021909143,12.267819661158956,floor_2,0,0,0,0,1,1,0,5-10,cheap,3.2875,2944760.4027786646
https://investmoscow.ru/tenders/tender/19729770,completed,19729770.0,42.1,8529000.0,202589.07363420428,ЗАО,2,18.0,Вход через подъезд,1,7.0,13.842216013061464,6.294187794622031,55.6666332,37.45597,8529000.0,0.0,2.0,2025.0,Завершено,3.763522997109702,12.218939874701093,floor_2,0,0,0,0,1,1,0,5-10,cheap,5.2625,2804281.7191306707
https://investmoscow.ru/tenders/tender/19729767,completed,19729767.0,19.1,3827000.0,200366.49214659684,ЗАО,2,18.0,Вход через подъезд,1,7.0,13.842216013061464,6.294187794622031,55.6666332,37.45597,3827000.0,0.0,2.0,2025.0,Завершено,3.0007198150650303,12.207908420197256,floor_2,0,0,0,0,1,1,0,5-10,cheap,2.3875,2773516.266072577
https://investmoscow.ru/tenders/tender/19730670,completed,19730670.0,22.5,4836000.0,214933.3333333333,ЗАО,2,18.0,Вход через подъезд,1,7.0,13.842216013061464,6.294187794622031,55.6666332,37.45597,4836000.0,0.0,3.0,2025.0,Завершено,3.157000421150113,12.27808783410108,floor_2,0,0,0,0,1,1,0,5-10,cheap,2.8125,2975153.628407344
https://investmoscow.ru/tenders/tender/19729750,completed,19729750.0,13.3,2624000.0,197293.23308270675,ЗАО,2,18.0,Вход через подъезд,1,7.0,13.842216013061464,6.294187794622031,55.6666332,37.45597,3148800.0,20.0,3.0,2025.0,Завершено,2.660259537265861,12.192451462403124,floor_2,0,0,0,0,1,1,0,5-10,cheap,1.6625,2730975.550246111
https://investmoscow.ru/tenders/tender/19731293,completed,19731293.0,334.5,41997000.0,125551.56950672646,ЗАО,basement,5.0,Вход через места общего пользования,1,4.0,8.242929822154064,6.160551462000667,55.7754851,37.4923184,48296550.0,15.0,8.0,2025.0,Завершено,5.815621956411737,11.740479830379702,basement,0,1,0,0,0,0,0,0-5,expensive,66.9,1034912.7765052444
https://investmoscow.ru/tenders/tender/19734299,completed,19734299.0,52.7,3730000.0,70777.98861480075,ЦАО,basement,8.0,Вход через подъезд,1,1.0,4.341934616307676,4.513208892560173,55.7387602,37.6829039,5035500.0,35.0,3.0,2025.0,Завершено,3.983413001514819,11.1673174646592,basement,0,1,0,0,0,0,1,0-5,cheap,26.35,307313.398839234
https://investmoscow.ru/tenders/tender/19761424,completed,19761424.0,242.6,10707000.0,44134.37757625721,САО,basement,15.0,Вход через подъезд,1,1.0,10.849712939340376,3.269904084429286,55.8390639,37.5385527,10707000.0,0.0,1.0,2025.0,Завершено,5.495527535835742,10.695016952447924,basement,0,1,0,0,0,0,0,0-5,cheap,121.3,478845.3274588516
https://investmoscow.ru/tenders/tender/19734186,completed,19734186.0,320.1,13410000.0,41893.15838800374,САО,basement,15.0,Вход через подъезд,1,1.0,10.849712939340376,3.269904084429286,55.8390639,37.5385527,13410000.0,0.0,1.0,2025.0,Завершено,5.771752601095469,10.64290167824324,basement,0,1,0,0,0,0,0,0-5,medium,160.05,454528.74263216
https://investmoscow.ru/tenders/tender/19733735,completed,19733735.0,242.6,10707000.0,44134.37757625721,САО,basement,15.0,Вход через подъезд,1,1.0,10.849712939340376,3.269904084429286,55.8390639,37.5385527,,0.0,0.0,2025.0,Завершено,5.495527535835742,10.695016952447924,basement,0,1,0,0,0,0,0,0-5,cheap,121.3,478845.3274588516
https://investmoscow.ru/tenders/tender/19767156,completed,19767156.0,302.1,42065000.0,139241.97285666998,САО,1,5.0,Отдельный,1,17.0,10.26910326985791,1.831403978602976,55.8236487,37.5135034,41013375.0,-2.5,19.0,2025.0,Завершено,5.714062784063757,11.843975692291178,floor_1,1,0,0,0,0,0,0,10+,expensive,16.783333333333335,1429890.198763896
https://investmoscow.ru/tenders/tender/19733864,completed,19733864.0,302.1,42065000.0,139241.97285666998,САО,1,5.0,Отдельный,1,17.0,10.26910326985791,1.831403978602976,55.8236487,37.5135034,,0.0,0.0,2025.0,Завершено,5.714062784063757,11.843975692291178,floor_1,1,0,0,0,0,0,0,10+,expensive,16.783333333333335,1429890.198763896
https://investmoscow.ru/tenders/tender/19762413,completed,19762413.0,79.1,11132000.0,140733.24905183315,ВАО,1,4.0,Отдельный,1,13.0,5.933488290424296,5.288643108474962,55.7382204,37.7092741,11132000.0,0.0,1.0,2025.0,Завершено,4.383275854074314,11.85462863247046,floor_1,1,0,0,0,0,0,0,10+,cheap,5.65,835039.0853224181
https://investmoscow.ru/tenders/tender/19734291,completed,19734291.0,79.1,11132000.0,140733.24905183315,ВАО,1,4.0,Отдельный,1,13.0,5.933488290424296,5.288643108474962,55.7382204,37.7092741,,0.0,0.0,2025.0,Завершено,4.383275854074314,11.85462863247046,floor_1,1,0,0,0,0,0,0,10+,cheap,5.65,835039.0853224181
https://investmoscow.ru/tenders/tender/19734650,completed,19734650.0,83.4,17693000.0,212146.2829736211,ЦАО,3,3.0,Вход через подъезд,1,10.0,2.856919469435909,2.6915560467432056,55.7643556,37.6576197,24770200.0,40.0,8.0,2025.0,Завершено,4.435567401601912,12.265036043447925,floor_3_plus,0,0,0,1,0,0,1,5-10,medium,7.581818181818182,606084.8461957978
https://investmoscow.ru/tenders/tender/19732974,completed,19732974.0,67.2,7611300.0,113263.39285714286,ЮЗАО,basement,9.0,Отдельный,1,1.0,10.876727582521276,3.2417537041905047,55.6543202,37.6036892,15983730.0,110.0,11.0,2025.0,Завершено,4.222444564849416,11.63748012451642,basement,0,1,0,0,0,0,0,0-5,cheap,33.6,1231935.069179229
https://investmoscow.ru/tenders/tender/19733290,completed,19733290.0,287.3,25549000.0,88927.94987817612,ЦАО,basement,5.0,Вход через подъезд,1,14.0,4.344837452640835,4.294526949047849,55.7573566,37.5486015,,0.0,0.0,2025.0,Завершено,5.664001604644357,11.395593013914835,basement,0,1,0,0,0,0,1,10+,expensive,19.15333333333333,386377.4872172666
https://investmoscow.ru/tenders/tender/19733714,completed,19733714.0,221.9,14894000.0,67120.3244704822,ЮАО,basement,5.0,Отдельный,1,6.0,10.434758445243624,2.078704926707585,55.6579936,37.6169931,14894000.0,0.0,1.0,2025.0,Завершено,5.406723240391823,11.11425707382009,basement,0,1,0,0,0,0,0,5-10,medium,31.7,700384.3726158564
https://investmoscow.ru/tenders/tender/19767496,completed,19767496.0,124.4,19745000.0,158721.86495176848,СВАО,1,12.0,Вход через места общего пользования,1,13.0,14.41446976241796,6.507554897091836,55.880783,37.5878421,13327875.0,-32.5,8.0,2025.0,Завершено,4.83150862819882,11.974914972707158,floor_1,1,0,0,0,0,0,0,10+,medium,8.885714285714286,2287891.5229818537
https://investmoscow.ru/tenders/tender/19767854,completed,19767854.0,109.3,16970000.0,155260.75022872828,СВАО,1,12.0,Вход через места общего пользования,1,13.0,14.41446976241796,6.507554897091836,55.880783,37.5878421,13151750.0,-22.5,10.0,2025.0,Завершено,4.703203926259457,11.952867682785016,floor_1,1,0,0,0,0,0,0,10+,medium,7.807142857142857,2238001.389462332
https://investmoscow.ru/tenders/tender/19733956,completed,19733956.0,109.3,16970000.0,155260.75022872828,СВАО,1,12.0,Вход через места общего пользования,1,13.0,14.41446976241796,6.507554897091836,55.880783,37.5878421,,0.0,0.0,2025.0,Завершено,4.703203926259457,11.952867682785016,floor_1,1,0,0,0,0,0,0,10+,medium,7.807142857142857,2238001.389462332
https://investmoscow.ru/tenders/tender/19733909,completed,19733909.0,124.4,19745000.0,158721.86495176848,СВАО,1,12.0,Вход через места общего пользования,1,13.0,14.41446976241796,6.507554897091836,55.880783,37.5878421,,0.0,0.0,2025.0,Завершено,4.83150862819882,11.974914972707158,floor_1,1,0,0,0,0,0,0,10+,medium,8.885714285714286,2287891.5229818537
https://investmoscow.ru/tenders/tender/19712849,completed,19712849.0,159.6,42140900.0,264040.7268170426,ЗАО,1,19.0,Отдельный,1,11.0,9.564901248449694,1.0452494534894372,55.7222801,37.4737787,54783170.0,30.0,2.0,2025.0,Завершено,5.078916801512661,12.48386242576406,floor_1,1,0,0,0,0,0,0,10+,expensive,13.3,2525523.477573896
https://investmoscow.ru/tenders/tender/19712846,completed,19712846.0,180.4,47094700.0,261057.0953436807,ЗАО,1,19.0,Отдельный,1,11.0,9.564901248449694,1.0452494534894372,55.7222801,37.4737787,108317810.0,130.0,3.0,2025.0,Завершено,5.200704537681037,12.472498249059583,floor_1,1,0,0,0,0,0,0,10+,expensive,15.033333333333331,2496985.3371694223
https://investmoscow.ru/tenders/tender/19712572,completed,19712572.0,121.1,33420600.0,275975.2270850537,ЗАО,2,19.0,Отдельный,1,11.0,9.564901248449694,1.0452494534894372,55.7222801,37.4737787,,0.0,0.0,2025.0,Завершено,4.804840381116659,12.528070007239757,floor_2,0,0,0,0,1,0,0,10+,expensive,10.091666666666669,2639675.794087018
https://investmoscow.ru/tenders/tender/19712859,completed,19712859.0,46.1,14580000.0,316268.9804772234,ЗАО,2,19.0,Отдельный,1,11.0,9.564901248449694,1.0452494534894372,55.7222801,37.4737787,,0.0,0.0,2025.0,Завершено,3.852273001022372,12.664351496402752,floor_2,0,0,0,0,1,1,0,10+,medium,3.841666666666667,3025081.566212506
https://investmoscow.ru/tenders/tender/19712841,completed,19712841.0,323.3,77647300.0,240171.04856170737,ЗАО,1,19.0,Отдельный,1,11.0,9.564901248449694,1.0452494534894372,55.7222801,37.4737787,,0.0,0.0,2025.0,Завершено,5.781669013313272,12.38911081450339,floor_1,1,0,0,0,0,0,0,10+,expensive,26.941666666666663,2297212.3622293468
https://investmoscow.ru/tenders/tender/19712781,completed,19712781.0,69.7,19255800.0,276266.8579626973,ЗАО,1,19.0,Отдельный,1,11.0,9.564901248449694,1.0452494534894372,55.7222801,37.4737787,20218590.0,5.0,4.0,2025.0,Завершено,4.258445572902527,12.529126173933612,floor_1,1,0,0,0,0,0,0,10+,medium,5.808333333333334,2642465.2146326774
https://investmoscow.ru/tenders/tender/19733931,completed,19733931.0,29.4,4309000.0,146564.62585034015,ВАО,1,14.0,Вход через места общего пользования,1,21.0,14.45441705038809,13.77562110306677,55.6567071,37.7751998,6463500.0,50.0,8.0,2025.0,Завершено,3.414442608412176,11.895228565158815,floor_1,1,0,0,0,0,1,0,10+,cheap,1.3363636363636362,2118506.2268749075
https://investmoscow.ru/tenders/tender/19733739,completed,19733739.0,92.7,12383000.0,133581.4455231931,ЮЗАО,1,16.0,Отдельный,1,6.0,24.180253188358176,14.503673924017628,55.5415499,37.5175331,19193650.0,55.0,6.0,2025.0,Завершено,4.540098189244376,11.802474135667016,floor_1,1,0,0,0,0,0,0,5-10,cheap,13.242857142857144,3230033.174017684
https://investmoscow.ru/tenders/tender/19736985,completed,19736985.0,46.7,5605000.0,120021.41327623124,ЮАО,basement,7.0,Вход через подъезд,1,1.0,,,,,11490250.0,105.0,21.0,2025.0,Завершено,3.864931397894296,11.695433781625402,basement,0,1,0,0,0,1,0,0-5,cheap,23.35,1509220.4044058977
https://investmoscow.ru/tenders/tender/19736734,completed,19736734.0,80.9,5399000.0,66736.71199011125,ВАО,basement,5.0,Вход через подъезд,1,15.0,9.158269843946048,8.787408865082055,55.7013938,37.7332911,7558600.0,40.0,5.0,2025.0,Завершено,4.405498990859024,11.10852546928006,basement,0,1,0,0,0,0,0,10+,cheap,5.05625,611192.8169031484
https://investmoscow.ru/tenders/tender/19787393,completed,19787393.0,288.9,25346000.0,87732.77950848045,ЮЗАО,basement,5.0,Вход через места общего пользования,1,1.0,8.12751665646657,3.3517054294246824,55.6788655,37.6111824,20910450.0,-17.5,3.0,2025.0,Завершено,5.66953603592761,11.382062275335242,basement,0,1,0,0,0,0,0,0-5,expensive,144.45,713049.6267732838
https://investmoscow.ru/tenders/tender/19763004,completed,19763004.0,288.9,25346000.0,87732.77950848045,ЮЗАО,basement,15.0,Вход через места общего пользования,1,1.0,8.12751665646657,3.3517054294246824,55.6788655,37.6111824,,0.0,0.0,2025.0,Завершено,5.66953603592761,11.382062275335242,basement,0,1,0,0,0,0,0,0-5,expensive,144.45,713049.6267732838
https://investmoscow.ru/tenders/tender/19736042,completed,19736042.0,288.9,25346000.0,87732.77950848045,ЮЗАО,basement,15.0,Вход через места общего пользования,1,1.0,8.12751665646657,3.3517054294246824,55.6788655,37.6111824,,0.0,0.0,2025.0,Завершено,5.66953603592761,11.382062275335242,basement,0,1,0,0,0,0,0,0-5,expensive,144.45,713049.6267732838
https://investmoscow.ru/tenders/tender/19878416,completed,19878416.0,26.9,1284000.0,47732.34200743495,ВАО,basement,5.0,Вход через места общего пользования,1,9.0,13.023743253389926,4.180320827597346,55.793899,37.8122398,1412400.0,10.0,3.0,2025.0,Завершено,3.32862668882732,10.773385426560562,basement,0,1,0,0,0,1,0,5-10,cheap,2.69,621653.7671878315
https://investmoscow.ru/tenders/tender/19780150,completed,19780150.0,193.5,78346800.0,404893.0232558139,ЦАО,1,2.0,Вход через места общего пользования,1,0.0,1.137837618723357,1.473651231868638,55.7447495,37.630376,78346800.0,0.0,2.0,2025.0,Завершено,5.270432163058501,12.911380640873556,floor_1,1,0,0,0,0,0,1,0-5,expensive,193.5,460702.5134190961
https://investmoscow.ru/tenders/tender/19736222,completed,19736222.0,21.7,3089000.0,142350.23041474656,ЗАО,3,3.0,Вход через подъезд,1,8.0,13.27279780240724,7.120013198702484,55.7632999,37.4059778,4324600.0,40.0,5.0,2025.0,Завершено,3.122364924487357,11.86605273625679,floor_3_plus,0,0,0,1,0,1,0,5-10,cheap,2.411111111111111,1889385.8254210125
https://investmoscow.ru/tenders/tender/19952164,completed,19952164.0,129.7,21117000.0,162814.18658442562,ВАО,1,14.0,Отдельный,1,1.0,14.702820675048232,6.369500631415411,55.8244441,37.8145438,39066450.0,85.0,21.0,2026.0,Завершено,4.872904620630176,12.000371011888042,floor_1,1,0,0,0,0,0,0,0-5,medium,64.85,2393827.7887046533
https://investmoscow.ru/tenders/tender/19737044,completed,19737044.0,129.7,20106000.0,155019.27525057827,ВАО,1,14.0,Отдельный,1,1.0,14.702820675048232,6.369500631415411,55.8244441,37.8145438,38201400.0,90.0,12.0,2025.0,Завершено,4.872904620630176,11.951311195415002,floor_1,1,0,0,0,0,0,0,0-5,medium,64.85,2279220.605185195
https://investmoscow.ru/tenders/tender/19767879,completed,19767879.0,168.8,8907000.0,52766.58767772512,ЮАО,basement,5.0,Отдельный,1,1.0,10.914580492676416,2.337143663911689,55.653686,37.6143924,8907000.0,0.0,7.0,2025.0,Завершено,5.134621273877247,10.873652411459124,basement,0,1,0,0,0,0,0,0-5,cheap,84.4,575925.1685323983
https://investmoscow.ru/tenders/tender/19736522,completed,19736522.0,168.8,8907000.0,52766.58767772512,ЮАО,basement,5.0,Отдельный,1,1.0,10.914580492676416,2.337143663911689,55.653686,37.6143924,,0.0,0.0,2025.0,Завершено,5.134621273877247,10.873652411459124,basement,0,1,0,0,0,0,0,0-5,cheap,84.4,575925.1685323983
https://investmoscow.ru/tenders/tender/19724719,completed,19724719.0,51.0,10427369.0,204458.2156862745,СВАО,1,15.0,Отдельный,1,1.0,13.295660041749397,4.622299922488302,55.8714599,37.6330673,19186359.8,84.0,29.0,2025.0,Завершено,3.951243718581428,12.228123800278384,floor_1,1,0,0,0,0,0,0,0-5,cheap,25.5,2718406.92850738
https://investmoscow.ru/tenders/tender/19724732,completed,19724732.0,227.9,36302045.0,159289.35936814392,СВАО,1,15.0,Отдельный,1,1.0,14.044586820625456,5.370075763871146,55.8782232,37.6330913,75326744.45,107.5,59.0,2025.0,Завершено,5.433285226958521,11.978483975348317,floor_1,1,0,0,0,0,0,0,0-5,expensive,113.95,2237153.2372477064
https://investmoscow.ru/tenders/tender/19725764,completed,19725764.0,73.3,17637000.0,240613.91541609823,ЗАО,1,15.0,Отдельный,1,1.0,16.934268953061462,14.944879462858408,55.8454555,37.4032305,29012865.0,64.5,13.0,2025.0,Завершено,4.308110951723713,12.390953073186866,floor_1,1,0,0,0,0,0,0,0-5,medium,36.65,4074620.757505389
https://investmoscow.ru/tenders/tender/19724766,completed,19724766.0,77.1,18408000.0,238754.8638132296,ЗАО,1,15.0,Отдельный,1,1.0,16.934268953061462,14.944879462858408,55.8454555,37.4032305,18776160.0,2.0,10.0,2025.0,Завершено,4.35799005684564,12.383196818515634,floor_1,1,0,0,0,0,0,0,0-5,medium,38.55,4043139.077664792
https://investmoscow.ru/tenders/tender/19724765,completed,19724765.0,113.0,27244000.0,241097.34513274336,ВАО,1,15.0,Отдельный,1,1.0,13.178263810333965,4.540134302513721,55.8072736,37.804202,61026560.0,124.0,51.0,2025.0,Завершено,4.736198448394496,12.39296020032465,floor_1,1,0,0,0,0,0,0,0-5,expensive,56.5,3177244.418130429
https://investmoscow.ru/tenders/tender/19856881,completed,19856881.0,57.6,13235000.0,229774.3055555556,ЗАО,1,15.0,Отдельный,1,1.0,13.93592403126478,14.04494144496866,55.7173785,37.4030615,15749650.0,19.0,7.0,2025.0,Завершено,4.070734696582967,12.344857178028736,floor_1,1,0,0,0,0,0,0,0-5,medium,28.8,3202117.266558843
https://investmoscow.ru/tenders/tender/19798967,completed,19798967.0,57.6,13235000.0,229774.3055555556,ЗАО,1,15.0,Отдельный,1,1.0,13.93592403126478,14.04494144496866,55.7173785,37.4030615,14823200.0,12.0,5.0,2025.0,Завершено,4.070734696582967,12.344857178028736,floor_1,1,0,0,0,0,0,0,0-5,medium,28.8,3202117.266558843
https://investmoscow.ru/tenders/tender/19783934,completed,19783934.0,142.3,33461000.0,235144.0618411805,ЗАО,1,15.0,Отдельный,1,0.0,13.93592403126478,14.04494144496866,55.7173785,37.4030615,,0.0,0.0,2025.0,Завершено,4.964940334834126,12.367957887115184,floor_1,1,0,0,0,0,0,0,0-5,expensive,142.3,3276949.782221719
https://investmoscow.ru/tenders/tender/19760982,completed,19760982.0,142.3,33461000.0,235144.0618411805,ЗАО,1,15.0,Отдельный,1,0.0,13.93592403126478,14.04494144496866,55.7173785,37.4030615,,0.0,0.0,2025.0,Завершено,4.964940334834126,12.367957887115184,floor_1,1,0,0,0,0,0,0,0-5,expensive,142.3,3276949.782221719
https://investmoscow.ru/tenders/tender/19724733,completed,19724733.0,53.8,9558276.0,177663.12267657992,ЗАО,1,15.0,Отдельный,1,1.0,13.93592403126478,14.04494144496866,55.7173785,37.4030615,14815327.8,55.0,6.0,2025.0,Завершено,4.00369019395397,12.08765009548381,floor_1,1,0,0,0,0,0,0,0-5,cheap,26.9,2475899.780778093
https://investmoscow.ru/tenders/tender/19724736,completed,19724736.0,51.1,9804872.0,191876.16438356164,ЗАО,1,15.0,Отдельный,1,1.0,13.93592403126478,14.04494144496866,55.7173785,37.4030615,13775845.16,40.5,13.0,2025.0,Завершено,3.9531649487593215,12.164610677434892,floor_1,1,0,0,0,0,0,0,0-5,cheap,25.55,2673971.650259788
https://investmoscow.ru/tenders/tender/19724735,completed,19724735.0,57.6,11052068.0,191876.1805555556,ЗАО,1,15.0,Отдельный,1,1.0,13.93592403126478,14.04494144496866,55.7173785,37.4030615,,0.0,0.0,2025.0,Завершено,4.070734696582967,12.164610761717944,floor_1,1,0,0,0,0,0,0,0-5,cheap,28.8,2673971.875631467
https://investmoscow.ru/tenders/tender/19724734,completed,19724734.0,111.7,25960000.0,232408.236347359,ЗАО,1,15.0,Отдельный,1,1.0,13.93592403126478,14.04494144496866,55.7173785,37.4030615,25960000.0,0.0,1.0,2025.0,Завершено,4.724729421045731,12.356255046489249,floor_1,1,0,0,0,0,0,0,0-5,expensive,55.85,3238823.525977025
https://investmoscow.ru/tenders/tender/19802331,completed,19802331.0,106.7,30620000.0,286972.8209934395,СВАО,1,15.0,Отдельный,1,6.0,13.12735733173899,12.721376021131508,55.8667924,37.6680464,31385500.0,2.5,5.0,2025.0,Завершено,4.679349584162343,12.567146274530588,floor_1,1,0,0,0,0,0,0,5-10,expensive,15.242857142857144,3767194.765678049
https://investmoscow.ru/tenders/tender/19724720,completed,19724720.0,116.4,28889000.0,248187.28522336768,СВАО,1,15.0,Отдельный,1,1.0,13.12735733173899,12.721376021131508,55.8667924,37.6680464,37122365.0,28.5,10.0,2025.0,Завершено,4.765586907393996,12.42194295169985,floor_1,1,0,0,0,0,0,0,0-5,expensive,58.2,3258043.178321372
https://investmoscow.ru/tenders/tender/19725816,completed,19725816.0,94.6,22740000.0,240380.54968287528,СВАО,1,15.0,Отдельный,1,1.0,11.3938032953815,10.97216599017628,55.8546415,37.6193668,39112800.0,72.0,40.0,2025.0,Завершено,4.560172820057356,12.38998273029054,floor_1,1,0,0,0,0,0,0,0-5,medium,47.3,2738848.699122361
https://investmoscow.ru/tenders/tender/19742704,completed,19742704.0,176.0,15654000.0,88943.18181818182,ЦАО,basement,9.0,Вход через подъезд,1,4.0,2.3812500443090525,2.793900561234965,55.7309699,37.609971,21132900.0,35.0,6.0,2025.0,Завершено,5.176149732573829,11.39576428137831,basement,0,1,0,0,0,0,1,0-5,medium,35.2,211795.9556455336
https://investmoscow.ru/tenders/tender/19768375,completed,19768375.0,294.1,23128000.0,78639.9183951037,ЦАО,basement,5.0,Вход через подъезд,1,10.0,4.0729481732080615,3.91849245453101,55.7680328,37.6761471,21393400.0,-7.5,9.0,2025.0,Завершено,5.687314281948894,11.27264743322569,basement,0,1,0,0,0,0,1,5-10,medium,26.73636363636364,320296.31196856865
https://investmoscow.ru/tenders/tender/19742742,completed,19742742.0,294.1,23128000.0,78639.9183951037,ЦАО,basement,5.0,Вход через подъезд,1,10.0,4.0729481732080615,3.91849245453101,55.7680328,37.6761471,,0.0,0.0,2025.0,Завершено,5.687314281948894,11.27264743322569,basement,0,1,0,0,0,0,1,5-10,medium,26.73636363636364,320296.31196856865
https://investmoscow.ru/tenders/tender/19810872,completed,19810872.0,78.0,15886000.0,203666.66666666663,ВАО,1,20.0,Отдельный,1,1.0,10.31826051137468,10.127678037321717,55.7977434,37.7612933,20254650.0,27.5,10.0,2025.0,Завершено,4.3694478524670215,12.2242448594572,floor_1,1,0,0,0,0,0,0,0-5,medium,39.0,2101485.724149976
https://investmoscow.ru/tenders/tender/19807013,completed,19807013.0,190.0,34774000.0,183021.05263157896,ВАО,1,20.0,Отдельный,1,1.0,10.31826051137468,10.127678037321717,55.7977434,37.7612933,40337840.0,16.0,14.0,2025.0,Завершено,5.25227342804663,12.117361930746762,floor_1,1,0,0,0,0,0,0,0-5,expensive,95.0,1888458.900118648
https://investmoscow.ru/tenders/tender/19803710,completed,19803710.0,59.6,13246000.0,222248.322147651,ВАО,1,20.0,Отдельный,1,1.0,10.31826051137468,10.127678037321717,55.7977434,37.7612933,20928680.0,58.0,35.0,2025.0,Завершено,4.104294893075269,12.311555103417174,floor_1,1,0,0,0,0,0,0,0-5,medium,29.8,2293216.086135386
https://investmoscow.ru/tenders/tender/19749222,completed,19749222.0,178.4,31418000.0,176109.865470852,ВАО,1,20.0,Отдельный,1,1.0,10.31826051137468,10.127678037321717,55.7977434,37.7612933,38329960.0,22.0,9.0,2025.0,Завершено,5.189617949624696,12.078868993153591,floor_1,1,0,0,0,0,0,0,0-5,expensive,89.2,1817147.4705513995
https://investmoscow.ru/tenders/tender/19748671,completed,19748671.0,73.1,14846000.0,203091.65526675788,ВАО,1,20.0,Отдельный,1,1.0,10.31826051137468,10.127678037321717,55.7977434,37.7612933,17889430.0,20.5,8.0,2025.0,Завершено,4.3054155323020415,12.221417583776995,floor_1,1,0,0,0,0,0,0,0-5,medium,36.55,2095552.606728708
https://investmoscow.ru/tenders/tender/19746773,completed,19746773.0,144.0,26301000.0,182645.8333333333,ВАО,1,20.0,Отдельный,1,1.0,10.31826051137468,10.127678037321717,55.7977434,37.7612933,33928290.0,29.0,12.0,2025.0,Завершено,4.976733742420574,12.115309694724838,floor_1,1,0,0,0,0,0,0,0-5,expensive,72.0,1884587.2896504544
https://investmoscow.ru/tenders/tender/19746942,completed,19746942.0,190.0,33110000.0,174263.15789473685,ВАО,1,20.0,Отдельный,1,1.0,10.31826051137468,10.127678037321717,55.7977434,37.7612933,40725300.0,23.0,11.0,2025.0,Завершено,5.25227342804663,12.068327575794076,floor_1,1,0,0,0,0,0,0,0-5,expensive,95.0,1798092.6606927142
https://investmoscow.ru/tenders/tender/19746774,completed,19746774.0,146.7,26700000.0,182004.0899795501,ВАО,1,20.0,Отдельный,1,1.0,10.31826051137468,10.127678037321717,55.7977434,37.7612933,41118000.0,54.0,14.0,2025.0,Завершено,4.995183189537334,12.11178993258847,floor_1,1,0,0,0,0,0,0,0-5,expensive,73.35,1877965.614544676
https://investmoscow.ru/tenders/tender/19746772,completed,19746772.0,59.6,12463000.0,209110.7382550336,ВАО,1,20.0,Отдельный,1,1.0,10.31826051137468,10.127678037321717,55.7977434,37.7612933,17074310.0,37.0,10.0,2025.0,Завершено,4.104294893075269,12.250624020880954,floor_1,1,0,0,0,0,0,0,0-5,cheap,29.8,2157659.07304132
https://investmoscow.ru/tenders/tender/19746768,completed,19746768.0,125.8,23553000.0,187225.75516693163,ВАО,1,20.0,Отдельный,1,1.0,10.31826051137468,10.127678037321717,55.7977434,37.7612933,40393395.0,71.5,19.0,2025.0,Завершено,4.842611042003125,12.1400757557134,floor_1,1,0,0,0,0,0,0,0-5,medium,62.9,1931844.1162512547
https://investmoscow.ru/tenders/tender/19746771,completed,19746771.0,78.0,15693000.0,201192.3076923077,ВАО,1,20.0,Отдельный,1,1.0,10.31826051137468,10.127678037321717,55.7977434,37.7612933,18674670.0,19.0,8.0,2025.0,Завершено,4.3694478524670215,12.212021454687868,floor_1,1,0,0,0,0,0,0,0-5,medium,39.0,2075954.643653883
https://investmoscow.ru/tenders/tender/19746770,completed,19746770.0,45.5,9904000.0,217670.32967032967,ВАО,1,20.0,Отдельный,1,1.0,10.31826051137468,10.127678037321717,55.7977434,37.7612933,13717040.0,38.5,13.0,2025.0,Завершено,3.8394523125933104,12.290741542042449,floor_1,1,0,0,0,0,1,0,0-5,cheap,22.75,2245979.167135271
https://investmoscow.ru/tenders/tender/19746769,completed,19746769.0,60.7,12660000.0,208566.7215815486,ВАО,1,20.0,Отдельный,1,1.0,10.31826051137468,10.127678037321717,55.7977434,37.7612933,17407500.0,37.5,18.0,2025.0,Завершено,4.122283930911342,12.24801907123211,floor_1,1,0,0,0,0,0,0,0-5,cheap,30.35,2152045.7672817702
https://investmoscow.ru/tenders/tender/19732039,completed,19732039.0,48.7,10488000.0,215359.34291581108,ВАО,1,15.0,Отдельный,1,1.0,10.31826051137468,10.127678037321717,55.7977434,37.7612933,15312480.0,46.0,20.0,2025.0,Завершено,3.906004933102583,12.280067917728331,floor_1,1,0,0,0,0,1,0,0-5,cheap,24.35,2222133.803763812
https://investmoscow.ru/tenders/tender/19732022,completed,19732022.0,38.0,8509000.0,223921.05263157896,ВАО,1,15.0,Отдельный,1,1.0,10.31826051137468,10.127678037321717,55.7977434,37.7612933,12635865.0,48.5,22.0,2025.0,Завершено,3.6635616461296463,12.319053290955017,floor_1,1,0,0,0,0,1,0,0-5,cheap,19.0,2310475.755033873
https://investmoscow.ru/tenders/tender/19938078,completed,19938078.0,53.6,6022800.0,112365.67164179104,СВАО,basement,16.0,Вход через подъезд,1,1.0,16.513243749388415,8.598162672427234,55.8990569,37.5775226,7528500.0,25.0,5.0,2026.0,Завершено,4.000033882750859,11.629522656829844,basement,0,1,0,0,0,0,0,0-5,cheap,26.8,1855521.724884637
https://investmoscow.ru/tenders/tender/19734036,completed,19734036.0,127.7,37962000.0,297274.86296006263,ВАО,1,15.0,Отдельный,1,1.0,6.424801636150112,5.77005518021613,55.7321027,37.7140813,37962000.0,0.0,1.0,2025.0,Завершено,4.857484114602081,12.60241581820313,floor_1,1,0,0,0,0,0,0,0-5,expensive,63.85,1909932.0259321104
https://investmoscow.ru/tenders/tender/19820737,completed,19820737.0,142.6,47847000.0,335532.95932678826,ВАО,1,15.0,Отдельный,1,4.0,5.319102784510676,8.520958993662944,55.7161972,37.6740958,47847000.0,0.0,1.0,2025.0,Завершено,4.967031656614124,12.72347845032151,floor_1,1,0,0,0,0,0,0,0-5,expensive,28.52,1784734.2982502268
https://investmoscow.ru/tenders/tender/19802332,completed,19802332.0,142.6,47847000.0,335532.95932678826,ВАО,1,15.0,Отдельный,1,4.0,5.319102784510676,8.520958993662944,55.7161972,37.6740958,,0.0,0.0,2025.0,Завершено,4.967031656614124,12.72347845032151,floor_1,1,0,0,0,0,0,0,0-5,expensive,28.52,1784734.2982502268
https://investmoscow.ru/tenders/tender/19734041,completed,19734041.0,87.5,26703000.0,305177.14285714284,ВАО,1,15.0,Отдельный,1,1.0,5.319102784510676,8.520958993662944,55.7161972,37.6740958,27904635.0,4.5,6.0,2025.0,Завершено,4.483002552013883,12.62865096002562,floor_1,1,0,0,0,0,0,0,0-5,expensive,43.75,1623268.5903404409
https://investmoscow.ru/tenders/tender/19734050,completed,19734050.0,165.0,38299000.0,232115.15151515152,НАО,1,15.0,Отдельный,1,1.0,21.45850439608648,21.69925652971105,55.6377006,37.340461,38299000.0,0.0,1.0,2025.0,Завершено,5.111987788356544,12.354993178446056,floor_1,1,0,0,0,0,0,0,0-5,expensive,82.5,4980843.999186158
https://investmoscow.ru/tenders/tender/19820749,completed,19820749.0,87.4,26793000.0,306556.06407322653,СВАО,1,15.0,Отдельный,1,1.0,9.36344354486486,0.8821279554546042,55.8340701,37.652153,26793000.0,0.0,1.0,2025.0,Завершено,4.481871969643598,12.63315919671338,floor_1,1,0,0,0,0,0,0,0-5,expensive,43.7,2870420.399285632
https://investmoscow.ru/tenders/tender/19798932,completed,19798932.0,87.4,26452000.0,302654.4622425629,СВАО,1,15.0,Отдельный,1,1.0,9.36344354486486,0.8821279554546042,55.8340701,37.652153,,0.0,0.0,2025.0,Завершено,4.481871969643598,12.620350349207731,floor_1,1,0,0,0,0,0,0,0-5,expensive,43.7,2833887.970809671
https://investmoscow.ru/tenders/tender/19735510,completed,19735510.0,87.4,26452000.0,302654.4622425629,СВАО,1,15.0,Отдельный,1,1.0,9.36344354486486,0.8821279554546042,55.8340701,37.652153,27377820.0,3.5,5.0,2025.0,Завершено,4.481871969643598,12.620350349207731,floor_1,1,0,0,0,0,0,0,0-5,expensive,43.7,2833887.970809671
https://investmoscow.ru/tenders/tender/19736829,completed,19736829.0,510.4,51653000.0,101201.01880877744,САО,1,5.0,Отдельный,1,1.0,15.482332352360576,7.661808500706545,55.8783107,37.5123707,,0.0,0.0,2025.0,Завершено,6.237152062857086,11.524873984339864,floor_1,1,0,0,0,0,0,0,0-5,expensive,255.2,1566827.8075949862
https://investmoscow.ru/tenders/tender/19738894,completed,19738894.0,699.6,58208000.0,83201.82961692395,ЦАО,basement,5.0,Отдельный,1,1.0,1.0497777786723934,0.8320913283279086,55.7584793,37.6297416,58208000.0,0.0,2.0,2025.0,Завершено,6.551937110763387,11.329036636049777,basement,0,1,0,0,0,0,1,0-5,expensive,349.8,87343.43187673338
https://investmoscow.ru/tenders/tender/19738346,completed,19738346.0,284.1,42845000.0,150809.574093629,ЦАО,basement,3.0,Вход через места общего пользования,1,1.0,0.9434154744136288,0.8351599105558707,55.7557302,37.6039299,64267500.0,50.0,9.0,2025.0,Завершено,5.652839995918626,11.923779852081978,basement,0,1,0,0,0,0,1,0-5,expensive,142.05,142276.0858896583
https://investmoscow.ru/tenders/tender/19741247,completed,19741247.0,715.0,52605000.0,73573.42657342658,ЦАО,basement,10.0,Вход через подъезд,1,7.0,4.703410183939017,4.411544299699883,55.7831419,37.6685581,63126000.0,20.0,2.0,2025.0,Завершено,6.573680166960646,11.20605277930204,basement,0,1,0,0,0,0,1,5-10,expensive,89.375,346046.00381274405
https://investmoscow.ru/tenders/tender/19885819,completed,19885819.0,64.3,16447000.0,255785.38102643847,ЗАО,1,15.0,Отдельный,1,1.0,8.557213997186953,2.010344415229369,55.7376647,37.4829039,29111190.0,77.0,36.0,2025.0,Завершено,4.178992036282385,12.452097925999764,floor_1,1,0,0,0,0,0,0,0-5,medium,32.15,2188810.242795238
https://investmoscow.ru/tenders/tender/19877462,completed,19877462.0,109.8,25463000.0,231903.46083788708,ЗАО,1,15.0,Отдельный,1,1.0,8.557213997186953,2.010344415229369,55.7376647,37.4829039,45196825.0,77.5,25.0,2025.0,Завершено,4.707726774313183,12.354080759099524,floor_1,1,0,0,0,0,0,0,0-5,expensive,54.9,1984447.541078064
https://investmoscow.ru/tenders/tender/19811467,completed,19811467.0,84.2,20490000.0,243349.1686460808,ЗАО,1,15.0,Отдельный,1,1.0,8.557213997186953,2.010344415229369,55.7376647,37.4829039,30735000.0,50.0,23.0,2025.0,Завершено,4.44500143383527,12.402256708279978,floor_1,1,0,0,0,0,0,0,0-5,medium,42.1,2082390.9121420507
https://investmoscow.ru/tenders/tender/19811465,completed,19811465.0,74.4,22129000.0,297432.7956989247,ЗАО,1,15.0,Отдельный,1,1.0,8.557213997186953,2.010344415229369,55.7376647,37.4829039,31533825.0,42.5,16.0,2025.0,Завершено,4.32280727501391,12.602946943737331,floor_1,1,0,0,0,0,0,0,0-5,medium,37.2,2545196.0825772854
https://investmoscow.ru/tenders/tender/19811392,completed,19811392.0,101.9,28833000.0,282953.8763493621,ЗАО,1,15.0,Отдельный,1,4.0,8.557213997186953,2.010344415229369,55.7376647,37.4829039,41519520.0,44.0,32.0,2025.0,Завершено,4.633757642840004,12.55304271638351,floor_1,1,0,0,0,0,0,0,0-5,expensive,20.380000000000003,2421296.871255067
https://investmoscow.ru/tenders/tender/19811472,completed,19811472.0,64.3,16447000.0,255785.38102643847,ЗАО,1,15.0,Отдельный,1,1.0,8.557213997186953,2.010344415229369,55.7376647,37.4829039,25328380.0,54.0,24.0,2025.0,Завершено,4.178992036282385,12.452097925999764,floor_1,1,0,0,0,0,0,0,0-5,medium,32.15,2188810.242795238
https://investmoscow.ru/tenders/tender/19811466,completed,19811466.0,90.7,21775000.0,240077.177508269,ЗАО,1,15.0,Отдельный,1,1.0,8.557213997186953,2.010344415229369,55.7376647,37.4829039,32662500.0,50.0,25.0,2025.0,Завершено,4.51852237926242,12.388719888900283,floor_1,1,0,0,0,0,0,0,0-5,medium,45.35,2054391.783778896
https://investmoscow.ru/tenders/tender/19811464,completed,19811464.0,68.3,17269000.0,252840.40995607607,ЗАО,1,15.0,Отдельный,1,1.0,8.557213997186953,2.010344415229369,55.7376647,37.4829039,24781015.0,43.5,17.0,2025.0,Завершено,4.238444906195857,12.44051773304623,floor_1,1,0,0,0,0,0,0,0-5,medium,34.15,2163609.495130622
https://investmoscow.ru/tenders/tender/19811462,completed,19811462.0,109.8,25463000.0,231903.46083788708,ЗАО,1,15.0,Отдельный,1,1.0,8.557213997186953,2.010344415229369,55.7376647,37.4829039,39467650.0,55.0,19.0,2025.0,Завершено,4.707726774313183,12.354080759099524,floor_1,1,0,0,0,0,0,0,0-5,expensive,54.9,1984447.541078064
https://investmoscow.ru/tenders/tender/19737157,completed,19737157.0,68.3,16853000.0,246749.6339677892,ЗАО,1,15.0,Отдельный,1,1.0,8.557213997186953,2.010344415229369,55.7376647,37.4829039,,0.0,0.0,2025.0,Завершено,4.238444906195857,12.416133526564115,floor_1,1,0,0,0,0,0,0,0-5,medium,34.15,2111489.421589923
https://investmoscow.ru/tenders/tender/19737158,completed,19737158.0,74.4,22106000.0,297123.65591397847,ЗАО,1,15.0,Отдельный,1,1.0,8.557213997186953,2.010344415229369,55.7376647,37.4829039,,0.0,0.0,2025.0,Завершено,4.32280727501391,12.601907046610426,floor_1,1,0,0,0,0,0,0,0-5,medium,37.2,2542550.7072824566
https://investmoscow.ru/tenders/tender/19737187,completed,19737187.0,64.3,16054000.0,249673.40590979785,ЗАО,1,15.0,Отдельный,1,1.0,8.557213997186953,2.010344415229369,55.7376647,37.4829039,,0.0,0.0,2025.0,Завершено,4.178992036282385,12.427912971654406,floor_1,1,0,0,0,0,0,0,0-5,medium,32.15,2136508.763776662
https://investmoscow.ru/tenders/tender/19737184,completed,19737184.0,84.2,19939000.0,236805.22565320664,ЗАО,1,15.0,Отдельный,1,1.0,8.557213997186953,2.010344415229369,55.7376647,37.4829039,,0.0,0.0,2025.0,Завершено,4.44500143383527,12.374997472411623,floor_1,1,0,0,0,0,0,0,0-5,medium,42.1,2026392.9915666347
https://investmoscow.ru/tenders/tender/19737159,completed,19737159.0,90.7,21164000.0,233340.68357221608,ЗАО,1,15.0,Отдельный,1,1.0,8.557213997186953,2.010344415229369,55.7376647,37.4829039,,0.0,0.0,2025.0,Завершено,4.51852237926242,12.360259111455171,floor_1,1,0,0,0,0,0,0,0-5,medium,45.35,1996746.163577339
https://investmoscow.ru/tenders/tender/19737155,completed,19737155.0,109.8,24668000.0,224663.02367941712,ЗАО,1,15.0,Отдельный,1,1.0,8.557213997186953,2.010344415229369,55.7376647,37.4829039,,0.0,0.0,2025.0,Завершено,4.707726774313183,12.322361337118934,floor_1,1,0,0,0,0,0,0,0-5,medium,54.9,1922489.570879852
https://investmoscow.ru/tenders/tender/19735847,completed,19735847.0,149.9,36784000.0,245390.2601734489,ВАО,1,15.0,Отдельный,1,1.0,12.42584033378641,12.384295844361947,55.6684298,37.7498478,49658400.0,35.0,17.0,2025.0,Завершено,5.016617365773803,12.41060919600961,floor_1,1,0,0,0,0,0,0,0-5,expensive,74.95,3049180.192381582
https://investmoscow.ru/tenders/tender/19735848,completed,19735848.0,55.3,15987000.0,289095.8408679928,СЗАО,1,15.0,Отдельный,1,1.0,13.424599086227134,13.094527867966503,55.8449336,37.4799717,16466610.0,3.0,7.0,2025.0,Завершено,4.030694535145645,12.574517000473245,floor_1,1,0,0,0,0,0,0,0-5,medium,27.65,3880995.761148521
https://investmoscow.ru/tenders/tender/19737098,completed,19737098.0,113.1,18978000.0,167798.40848806367,ЮВАО,1,15.0,Отдельный,1,1.0,11.150512385552254,11.46702446837301,55.679384,37.74084,27043650.0,42.5,15.0,2025.0,Завершено,4.73707525686803,12.030524547908096,floor_1,1,0,0,0,0,0,0,0-5,medium,56.55,1871038.2321221104
https://investmoscow.ru/tenders/tender/19737097,completed,19737097.0,86.6,15346000.0,177205.54272517323,ЮВАО,1,15.0,Отдельный,1,1.0,11.150512385552254,11.46702446837301,55.679384,37.74084,20640370.0,34.5,20.0,2025.0,Завершено,4.472780997942346,12.085071239299776,floor_1,1,0,0,0,0,0,0,0-5,medium,43.3,1975932.5989455527
https://investmoscow.ru/tenders/tender/19737100,completed,19737100.0,105.2,17917000.0,170313.68821292775,ЮВАО,1,15.0,Отдельный,1,1.0,11.150512385552254,11.46702446837301,55.679384,37.74084,22306665.0,24.5,15.0,2025.0,Завершено,4.665324108807838,12.045403111979857,floor_1,1,0,0,0,0,0,0,0-5,medium,52.6,1899084.889847336
https://investmoscow.ru/tenders/tender/19811459,completed,19811459.0,135.7,30290000.0,223212.9697862933,ЗАО,1,15.0,Отдельный,1,7.0,8.500371950868988,8.573369084690619,55.7382155,37.4836473,87083750.0,187.5,74.0,2025.0,Завершено,4.917788743729904,12.315886096178971,floor_1,1,0,0,0,0,0,0,5-10,expensive,16.9625,1897393.2674415747
https://investmoscow.ru/tenders/tender/19737153,completed,19737153.0,135.7,29233000.0,215423.7288135593,ЗАО,1,15.0,Отдельный,1,7.0,8.500371950868988,8.573369084690619,55.7382155,37.4836473,,0.0,0.0,2025.0,Завершено,4.917788743729904,12.280366841263303,floor_1,1,0,0,0,0,0,0,5-10,expensive,16.9625,1831181.821958387
https://investmoscow.ru/tenders/tender/19851594,completed,19851594.0,134.0,36692000.0,273820.89552238805,ЮАО,1,15.0,Отдельный,1,2.0,8.648614429269275,9.069660705573662,55.6741428,37.6121477,51552260.0,40.5,22.0,2025.0,Завершено,4.90527477843843,12.520233157676342,floor_1,1,0,0,0,0,0,0,0-5,expensive,44.66666666666666,2368171.34805036
https://investmoscow.ru/tenders/tender/19737105,completed,19737105.0,128.5,32460000.0,252607.00389105047,ЮАО,1,15.0,Отдельный,1,1.0,8.648614429269275,9.069660705573662,55.6741428,37.6121477,44957100.0,38.5,15.0,2025.0,Завершено,4.863680881139593,12.439594174426032,floor_1,1,0,0,0,0,0,0,0-5,expensive,64.25,2184700.5787866195
https://investmoscow.ru/tenders/tender/19737104,completed,19737104.0,71.1,20014000.0,281490.8579465542,ЮАО,1,15.0,Отдельный,1,1.0,8.648614429269275,9.069660705573662,55.6741428,37.6121477,28019600.0,40.0,19.0,2025.0,Завершено,4.278054044290903,12.547858802330277,floor_1,1,0,0,0,0,0,0,0-5,medium,35.55,2434505.8957439563
https://investmoscow.ru/tenders/tender/19737151,completed,19737151.0,87.1,28181000.0,323547.6463834673,ЮАО,1,15.0,Отдельный,1,1.0,8.648614429269275,9.069660705573662,55.6741428,37.6121477,49034940.0,74.0,43.0,2025.0,Завершено,4.478472532942134,12.687104756837243,floor_1,1,0,0,0,0,0,0,0-5,expensive,43.55,2798238.843068168
https://investmoscow.ru/tenders/tender/19787481,completed,19787481.0,91.1,14215000.0,156037.32162458837,ВАО,1,5.0,Отдельный,1,10.0,9.263602133290057,3.6777089158147738,55.8098411,37.7243996,20967125.0,47.5,11.0,2025.0,Завершено,4.522874943261261,11.957856907503968,floor_1,1,0,0,0,0,0,0,5-10,medium,8.281818181818181,1445467.6654744034
https://investmoscow.ru/tenders/tender/19741221,completed,19741221.0,91.1,14215000.0,156037.32162458837,ВАО,1,5.0,Отдельный,1,10.0,9.263602133290057,3.6777089158147738,55.8098411,37.7243996,,0.0,0.0,2025.0,Завершено,4.522874943261261,11.957856907503968,floor_1,1,0,0,0,0,0,0,5-10,medium,8.281818181818181,1445467.6654744034
https://investmoscow.ru/tenders/tender/19723314,completed,19723314.0,2936.9,530743800.0,180715.65255882053,ЦАО,unknown,15.0,Отдельный,0,7.0,4.466756567208343,4.601223885123657,55.7419953,37.6867594,,0.0,0.0,2025.0,Завершено,7.985450319394858,12.104685628166113,other,0,0,1,0,0,0,1,5-10,expensive,367.1125,807212.8278644527
https://investmoscow.ru/tenders/tender/19787391,completed,19787391.0,197.7,9805000.0,49595.34648457259,СВАО,basement,5.0,Отдельный,1,7.0,8.139789085736297,2.806143729889325,55.8243387,37.5961319,5392750.0,-45.0,2.0,2025.0,Завершено,5.291796149557771,10.811672450414788,basement,0,1,0,0,0,0,0,5-10,cheap,24.7125,403695.660018434
https://investmoscow.ru/tenders/tender/19741243,completed,19741243.0,197.7,9805000.0,49595.34648457259,СВАО,basement,5.0,Отдельный,1,7.0,8.139789085736297,2.806143729889325,55.8243387,37.5961319,,0.0,0.0,2025.0,Завершено,5.291796149557771,10.811672450414788,basement,0,1,0,0,0,0,0,5-10,cheap,24.7125,403695.660018434
https://investmoscow.ru/tenders/tender/19734852,completed,19734852.0,590.7,54101000.0,91587.94650414762,ЦАО,basement,4.0,Вход через подъезд,1,9.0,1.3892860454739582,0.9673796223902688,55.764503,37.6164831,54101000.0,0.0,1.0,2025.0,Завершено,6.382999749682648,11.425065872028748,basement,0,1,0,0,0,0,1,5-10,expensive,59.07000000000001,127241.85601182768
https://investmoscow.ru/tenders/tender/19746900,completed,19746900.0,59.8,9745000.0,162959.8662207358,САО,basement,6.0,Вход через подъезд,1,8.0,10.948264049128156,2.824588622392925,55.8351642,37.5232706,12181250.0,25.0,8.0,2025.0,Завершено,4.107589788972121,12.00126536642863,basement,0,1,0,0,0,0,0,5-10,cheap,6.644444444444444,1784127.6447952157
https://investmoscow.ru/tenders/tender/19814559,completed,19814559.0,370.7,25720000.0,69382.24979768007,САО,basement,10.0,Отдельный,1,4.0,8.793737156714299,1.3366929388084008,55.8040477,37.511371,19290000.0,-25.0,9.0,2025.0,Завершено,5.918087077303206,11.147400759981384,basement,0,1,0,0,0,0,0,0-5,expensive,74.14,610129.2680622924
https://investmoscow.ru/tenders/tender/19777453,completed,19777453.0,379.8,56077000.0,147648.7625065824,САО,basement,10.0,Вход через подъезд,1,1.0,8.793737156714299,1.3366929388084008,55.8040477,37.511371,,0.0,0.0,2025.0,Завершено,5.942274302917211,11.902598278681662,basement,0,1,0,0,0,0,0,0-5,expensive,189.9,1298384.4089970186
https://investmoscow.ru/tenders/tender/19771983,completed,19771983.0,370.7,25720000.0,69382.24979768007,САО,basement,10.0,Вход через места общего пользования,1,4.0,8.793737156714299,1.3366929388084008,55.8040477,37.511371,,0.0,0.0,2025.0,Завершено,5.918087077303206,11.147400759981384,basement,0,1,0,0,0,0,0,0-5,expensive,74.14,610129.2680622924
https://investmoscow.ru/tenders/tender/19747218,completed,19747218.0,370.7,25720000.0,69382.24979768007,САО,basement,10.0,Вход через места общего пользования,1,4.0,8.793737156714299,1.3366929388084008,55.8040477,37.511371,,0.0,0.0,2025.0,Завершено,5.918087077303206,11.147400759981384,basement,0,1,0,0,0,0,0,0-5,expensive,74.14,610129.2680622924
https://investmoscow.ru/tenders/tender/19813195,completed,19813195.0,173.2,10121000.0,58435.33487297922,ВАО,basement,5.0,Отдельный,1,1.0,7.153400336820662,1.6877513257727383,55.7742418,37.7249766,,0.0,0.0,2025.0,Завершено,5.160204064418402,10.975693147829784,basement,0,1,0,0,0,0,0,0-5,cheap,86.6,418011.3441625977
https://investmoscow.ru/tenders/tender/19813177,completed,19813177.0,190.6,10430000.0,54721.93074501574,ВАО,basement,5.0,Отдельный,1,1.0,7.153400336820662,1.6877513257727383,55.7742418,37.7249766,,0.0,0.0,2025.0,Завершено,5.25540986553676,10.910038109798895,basement,0,1,0,0,0,0,0,0-5,cheap,95.3,391447.8778228725
https://investmoscow.ru/tenders/tender/19814439,completed,19814439.0,197.5,13145000.0,66556.96202531646,ВАО,basement,5.0,Отдельный,1,1.0,7.153400336820662,1.6877513257727383,55.7742418,37.7249766,,0.0,0.0,2025.0,Завершено,5.290789100127245,11.1058284564163,basement,0,1,0,0,0,0,0,0-5,medium,98.75,476108.59456965874
https://investmoscow.ru/tenders/tender/19780025,completed,19780025.0,173.2,10121000.0,58435.33487297922,ВАО,basement,5.0,Отдельный,1,1.0,7.153400336820662,1.6877513257727383,55.7742418,37.7249766,,0.0,0.0,2025.0,Завершено,5.160204064418402,10.975693147829784,basement,0,1,0,0,0,0,0,0-5,cheap,86.6,418011.3441625977
https://investmoscow.ru/tenders/tender/19779969,completed,19779969.0,190.6,10430000.0,54721.93074501574,ВАО,basement,5.0,Отдельный,1,1.0,7.153400336820662,1.6877513257727383,55.7742418,37.7249766,,0.0,0.0,2025.0,Завершено,5.25540986553676,10.910038109798895,basement,0,1,0,0,0,0,0,0-5,cheap,95.3,391447.8778228725
https://investmoscow.ru/tenders/tender/19777524,completed,19777524.0,197.5,13145000.0,66556.96202531646,ВАО,basement,5.0,Отдельный,1,1.0,7.153400336820662,1.6877513257727383,55.7742418,37.7249766,,0.0,0.0,2025.0,Завершено,5.290789100127245,11.1058284564163,basement,0,1,0,0,0,0,0,0-5,medium,98.75,476108.59456965874
https://investmoscow.ru/tenders/tender/19751396,completed,19751396.0,197.5,13145000.0,66556.96202531646,ВАО,basement,5.0,Отдельный,1,1.0,7.153400336820662,1.6877513257727383,55.7742418,37.7249766,,0.0,0.0,2025.0,Завершено,5.290789100127245,11.1058284564163,basement,0,1,0,0,0,0,0,0-5,medium,98.75,476108.59456965874
https://investmoscow.ru/tenders/tender/19746881,completed,19746881.0,173.2,10121000.0,58435.33487297922,ВАО,basement,5.0,Отдельный,1,1.0,7.153400336820662,1.6877513257727383,55.7742418,37.7249766,,0.0,0.0,2025.0,Завершено,5.160204064418402,10.975693147829784,basement,0,1,0,0,0,0,0,0-5,cheap,86.6,418011.3441625977
https://investmoscow.ru/tenders/tender/19746682,completed,19746682.0,190.6,10430000.0,54721.93074501574,ВАО,basement,5.0,Отдельный,1,1.0,7.153400336820662,1.6877513257727383,55.7742418,37.7249766,,0.0,0.0,2025.0,Завершено,5.25540986553676,10.910038109798895,basement,0,1,0,0,0,0,0,0-5,cheap,95.3,391447.8778228725
https://investmoscow.ru/tenders/tender/19747111,completed,19747111.0,114.1,24929000.0,218483.7861524978,САО,1,25.0,Отдельный,1,1.0,13.981446492016982,5.673737665945349,55.8567379,37.493172,29914800.0,20.0,2.0,2025.0,Завершено,4.745801315727837,12.29447166250091,floor_1,1,0,0,0,0,0,0,0-5,medium,57.05,3054719.365464429
https://investmoscow.ru/tenders/tender/19866586,completed,19866586.0,51.6,13350000.0,258720.9302325581,ЗАО,1,12.0,Отдельный,1,14.0,17.349387016537825,9.3527096812032,55.6497125,37.4075001,41385000.0,210.0,24.0,2025.0,Завершено,3.962716119743664,12.463509135484085,floor_1,1,0,0,0,0,0,0,10+,medium,3.44,4488649.547883332
https://investmoscow.ru/tenders/tender/19750669,completed,19750669.0,855.0,34352000.0,40177.77777777778,ЗАО,basement,12.0,Вход через подъезд,1,1.0,17.349387016537825,9.3527096812032,55.6497125,37.4075001,48092800.0,40.0,4.0,2025.0,Завершено,6.752270376141742,10.601094219234737,basement,0,1,0,0,0,0,0,0-5,expensive,427.5,697059.8161311198
https://investmoscow.ru/tenders/tender/19747196,completed,19747196.0,43.8,6493000.0,148242.0091324201,ЦАО,basement,4.0,Вход через места общего пользования,1,1.0,2.6060004124253795,2.941782301156433,55.7335717,37.5916529,14284600.0,120.0,20.0,2025.0,Завершено,3.80220813942094,11.906608159811638,basement,0,1,0,0,0,1,1,0-5,cheap,21.9,386318.7369378536
https://investmoscow.ru/tenders/tender/19726256,completed,19726256.0,122.5,46533200.0,379862.8571428572,СВАО,1,16.0,Отдельный,1,1.0,4.984848876733339,3.986378409241263,55.7968904,37.6152316,62819820.0,35.0,2.0,2025.0,Завершено,4.816241156068032,12.847568196831604,floor_1,1,0,0,0,0,0,1,0-5,expensive,61.25,1893558.9367412883
https://investmoscow.ru/tenders/tender/19726264,completed,19726264.0,82.4,33178800.0,402655.3398058252,СВАО,1,16.0,Отдельный,1,1.0,4.984848876733339,3.986378409241263,55.7968904,37.6152316,51427140.0,55.0,4.0,2025.0,Завершено,4.423648309364701,12.905838722302333,floor_1,1,0,0,0,0,0,1,0-5,expensive,41.2,2007176.0183417485
https://investmoscow.ru/tenders/tender/19726261,completed,19726261.0,81.0,32615100.0,402655.5555555556,СВАО,1,16.0,Отдельный,1,1.0,4.984848876733339,3.986378409241263,55.7968904,37.6152316,44030385.0,35.0,3.0,2025.0,Завершено,4.406719247264253,12.905839258118242,floor_1,1,0,0,0,0,0,1,0-5,expensive,40.5,2007177.09382155
https://investmoscow.ru/tenders/tender/19726270,completed,19726270.0,144.8,53904100.0,372265.88397790055,СВАО,1,16.0,Отдельный,1,1.0,4.74772844238417,4.224849715999012,55.7947387,37.6144868,,0.0,0.0,2025.0,Завершено,4.982235819574558,12.827366306073488,floor_1,1,0,0,0,0,0,1,0-5,expensive,72.4,1767417.325491164
https://investmoscow.ru/tenders/tender/19726277,completed,19726277.0,121.9,46305300.0,379863.0024610336,СВАО,1,16.0,Отдельный,1,1.0,4.74772844238417,4.224849715999012,55.7947387,37.6144868,50935830.0,10.0,2.0,2025.0,Завершено,4.811371016571989,12.847568579384845,floor_1,1,0,0,0,0,0,1,0-5,expensive,60.95,1803486.380993697
https://investmoscow.ru/tenders/tender/19726981,completed,19726981.0,123.9,43766000.0,353236.4810330912,ЗАО,1,28.0,Отдельный,1,1.0,6.431168619557435,4.219143772480372,55.7553678,37.5147229,48142600.0,10.0,2.0,2025.0,Завершено,4.827513417131532,12.774895860522014,floor_1,1,0,0,0,0,0,0,0-5,expensive,61.95,2271723.372102911
https://investmoscow.ru/tenders/tender/19726556,completed,19726556.0,154.4,52710700.0,341390.5440414508,ЗАО,1,28.0,Отдельный,1,1.0,6.431168619557435,4.219143772480372,55.7553678,37.5147229,55346235.0,5.0,2.0,2025.0,Завершено,5.046002437933547,12.740785320557263,floor_1,1,0,0,0,0,0,0,0-5,expensive,77.2,2195540.153853019
https://investmoscow.ru/tenders/tender/19726989,completed,19726989.0,83.7,31218500.0,372980.88410991634,ЗАО,1,28.0,Отдельный,1,1.0,6.431168619557435,4.219143772480372,55.7553678,37.5147229,34340350.0,10.0,2.0,2025.0,Завершено,4.439115601658009,12.829285129376556,floor_1,1,0,0,0,0,0,0,0-5,expensive,41.85,2398702.957582482
https://investmoscow.ru/tenders/tender/19726882,completed,19726882.0,75.6,28658600.0,379082.0105820106,ЗАО,1,28.0,Отдельный,1,1.0,6.431168619557435,4.219143772480372,55.7553678,37.5147229,45853760.0,60.0,4.0,2025.0,Завершено,4.338597076746545,12.845510485364375,floor_1,1,0,0,0,0,0,0,0-5,expensive,37.8,2437940.330693766
https://investmoscow.ru/tenders/tender/19726523,completed,19726523.0,114.4,40862000.0,357185.31468531466,ЗАО,1,28.0,Отдельный,1,1.0,6.431168619557435,4.219143772480372,55.7553678,37.5147229,71508500.0,75.0,6.0,2025.0,Завершено,4.748404354073999,12.78601281449945,floor_1,1,0,0,0,0,0,0,0-5,expensive,57.2,2297118.987170943
https://investmoscow.ru/tenders/tender/19726514,completed,19726514.0,81.2,30286000.0,372980.2955665024,ЗАО,1,28.0,Отдельный,1,1.0,6.431168619557435,4.219143772480372,55.7553678,37.5147229,60572000.0,100.0,8.0,2025.0,Завершено,4.409155302062135,12.829283551434294,floor_1,1,0,0,0,0,0,0,0-5,expensive,40.6,2398699.172560547
https://investmoscow.ru/tenders/tender/19726428,completed,19726428.0,64.0,24766700.0,386979.6875,ЗАО,1,28.0,Отдельный,1,1.0,6.431168619557435,4.219143772480372,55.7553678,37.5147229,39626720.0,60.0,5.0,2025.0,Завершено,4.174387269895637,12.866130067665942,floor_1,1,0,0,0,0,0,0,0-5,medium,32.0,2488731.622656143
https://investmoscow.ru/tenders/tender/19726306,completed,19726306.0,55.4,21876200.0,394877.2563176896,ЗАО,1,28.0,Отдельный,1,1.0,6.431168619557435,4.219143772480372,55.7553678,37.5147229,39377160.0,80.0,7.0,2025.0,Завершено,4.032469158504013,12.886332784522274,floor_1,1,0,0,0,0,0,0,0-5,medium,27.7,2539522.219407263
https://investmoscow.ru/tenders/tender/19726545,completed,19726545.0,90.9,33381800.0,367236.5236523652,ЗАО,1,28.0,Отдельный,1,1.0,6.431168619557435,4.219143772480372,55.7553678,37.5147229,40058160.0,20.0,3.0,2025.0,Завершено,4.520701029361642,12.81376412110334,floor_1,1,0,0,0,0,0,0,0-5,expensive,45.45,2361760.0068684528
https://investmoscow.ru/tenders/tender/19726541,completed,19726541.0,100.0,36328700.0,363287.0,ЗАО,1,28.0,Отдельный,1,1.0,6.431168619557435,4.219143772480372,55.7553678,37.5147229,38145135.0,5.0,2.0,2025.0,Завершено,4.61512051684126,12.80295118711051,floor_1,1,0,0,0,0,0,0,0-5,expensive,50.0,2336359.954293162
https://investmoscow.ru/tenders/tender/19726401,completed,19726401.0,59.5,23260300.0,390929.4117647059,ЗАО,1,28.0,Отдельный,1,1.0,6.431168619557435,4.219143772480372,55.7553678,37.5147229,29075375.0,25.0,2.0,2025.0,Завершено,4.102643365036796,12.87628484810174,floor_1,1,0,0,0,0,0,0,0-5,medium,29.75,2514132.965403224
https://investmoscow.ru/tenders/tender/19726550,completed,19726550.0,98.2,35851200.0,365083.5030549898,ЗАО,1,28.0,Отдельный,1,1.0,6.431168619557435,4.219143772480372,55.7553678,37.5147229,41228880.0,15.0,2.0,2025.0,Завершено,4.597138014290827,12.807884120988266,floor_1,1,0,0,0,0,0,0,0-5,expensive,49.1,2347913.568365352
https://investmoscow.ru/tenders/tender/19726534,completed,19726534.0,102.1,36871800.0,361134.1821743389,ЗАО,1,28.0,Отдельный,1,1.0,6.431168619557435,4.219143772480372,55.7553678,37.5147229,55307700.0,50.0,2.0,2025.0,Завершено,4.635699391022914,12.797007633077072,floor_1,1,0,0,0,0,0,0,0-5,expensive,51.05,2322514.8198491465
https://investmoscow.ru/tenders/tender/19726409,completed,19726409.0,74.2,28127900.0,379082.2102425876,ЗАО,1,28.0,Отдельный,1,1.0,6.431168619557435,4.219143772480372,55.7553678,37.5147229,45004640.0,60.0,6.0,2025.0,Завершено,4.320151230955794,12.84551101205779,floor_1,1,0,0,0,0,0,0,0-5,expensive,37.1,2437941.614744604
https://investmoscow.ru/tenders/tender/19726313,completed,19726313.0,101.6,36691300.0,361134.842519685,ЗАО,1,28.0,Отдельный,1,1.0,6.431168619557435,4.219143772480372,55.7553678,37.5147229,60540645.0,65.0,4.0,2025.0,Завершено,4.630837932736669,12.797009461602164,floor_1,1,0,0,0,0,0,0,0-5,expensive,50.8,2322519.066641414
https://investmoscow.ru/tenders/tender/19726636,completed,19726636.0,89.5,33028400.0,369032.4022346369,ЗАО,1,28.0,Отдельный,1,1.0,6.431168619557435,4.219143772480372,55.7553678,37.5147229,52845440.0,60.0,3.0,2025.0,Завершено,4.505349850705881,12.818642439886965,floor_1,1,0,0,0,0,0,0,0-5,expensive,44.75,2373309.604851294
https://investmoscow.ru/tenders/tender/19726606,completed,19726606.0,132.0,46106100.0,349288.63636363635,ЗАО,1,28.0,Отдельный,1,1.0,6.431168619557435,4.219143772480372,55.7553678,37.5147229,48411405.0,5.0,3.0,2025.0,Завершено,4.890349128221754,12.7636567606257,floor_1,1,0,0,0,0,0,0,0-5,expensive,66.0,2246334.1173498263
https://investmoscow.ru/tenders/tender/19726619,completed,19726619.0,106.0,38280200.0,361133.96226415096,ЗАО,1,28.0,Отдельный,1,1.0,6.431168619557435,6.407356447844268,55.7553678,37.5147229,65076340.0,70.0,3.0,2025.0,Завершено,4.672828834461906,12.797007024135418,floor_1,1,0,0,0,0,0,0,0-5,expensive,53.0,2322513.4055696465
https://investmoscow.ru/tenders/tender/19726406,completed,19726406.0,78.0,29260400.0,375133.3333333333,ЗАО,1,28.0,Отдельный,1,1.0,6.431168619557435,4.219143772480372,55.7553678,37.5147229,48279660.0,65.0,3.0,2025.0,Завершено,4.3694478524670215,12.835039463028508,floor_1,1,0,0,0,0,0,0,0-5,expensive,39.0,2412545.7214833125
https://investmoscow.ru/tenders/tender/19750851,completed,19750851.0,93.5,8523000.0,91155.08021390374,ЗАО,basement,5.0,Вход через места общего пользования,1,1.0,10.66915964939267,2.2959947293753062,55.7241618,37.4540265,14915250.0,75.0,8.0,2025.0,Завершено,4.548599834499697,11.420328483465235,basement,0,1,0,0,0,0,0,0-5,cheap,46.75,972548.103655334
https://investmoscow.ru/tenders/tender/19746214,completed,19746214.0,111.9,9235000.0,82529.0437890974,ВАО,basement,5.0,Отдельный,1,1.0,7.106986692663226,6.90117718117349,55.7862176,37.71366,,0.0,0.0,2025.0,Завершено,4.726502471155617,11.320917673170587,basement,0,1,0,0,0,0,0,0-5,cheap,55.95,586532.815967336
https://investmoscow.ru/tenders/tender/19742510,completed,19742510.0,25.7,2242000.0,87237.35408560312,ЮАО,basement,2.0,Отдельный,1,10.0,6.299831879664503,4.285670627537815,55.6953094,37.6223119,4484000.0,100.0,8.0,2025.0,Завершено,3.284663565406204,11.376399353626852,basement,0,1,0,0,0,1,0,5-10,cheap,2.3363636363636364,549580.664366063
https://investmoscow.ru/tenders/tender/19740027,completed,19740027.0,114.7,10481000.0,91377.50653879686,ЦАО,basement,6.0,Отдельный,1,1.0,2.8911669501564194,2.542487259640969,55.7737028,37.5919094,10481000.0,0.0,1.0,2025.0,Завершено,4.751000634199631,11.42276557156936,basement,0,1,0,0,0,0,1,0-5,cheap,57.35,264187.62689267163
https://investmoscow.ru/tenders/tender/19736847,completed,19736847.0,275.5,67250000.0,244101.6333938294,ЦАО,1,14.0,Отдельный,1,1.0,2.094915135195775,2.323838064168705,55.7435921,37.647524,67250000.0,0.0,3.0,2025.0,Завершено,5.6222108209623896,12.405344044499138,floor_1,1,0,0,0,0,0,1,0-5,expensive,137.75,511372.2063227436
https://investmoscow.ru/tenders/tender/19751682,completed,19751682.0,111.1,17437000.0,156948.69486948696,ЮЗАО,1,24.0,Отдельный,1,1.0,11.916055124096,3.137093397243688,55.6627196,37.5115775,,0.0,0.0,2025.0,Завершено,4.719391330078114,11.96368061814261,floor_1,1,0,0,0,0,0,0,0-5,medium,55.55,1870209.2997197297
https://investmoscow.ru/tenders/tender/19813197,completed,19813197.0,302.5,7466000.0,24680.99173553719,ВАО,basement,4.0,Вход через места общего пользования,1,1.0,,,,,,0.0,0.0,2025.0,Завершено,5.715381610499553,10.113829177175424,basement,0,1,0,0,0,0,0,0-5,cheap,151.25,310353.42203908856
https://investmoscow.ru/tenders/tender/19772209,completed,19772209.0,302.5,7466000.0,24680.99173553719,ВАО,basement,4.0,Вход через места общего пользования,1,1.0,,,,,,0.0,0.0,2025.0,Завершено,5.715381610499553,10.113829177175424,basement,0,1,0,0,0,0,0,0-5,cheap,151.25,310353.42203908856
https://investmoscow.ru/tenders/tender/19747389,completed,19747389.0,302.5,7466000.0,24680.99173553719,ВАО,basement,4.0,Вход через места общего пользования,1,1.0,,,,,,0.0,0.0,2025.0,Завершено,5.715381610499553,10.113829177175424,basement,0,1,0,0,0,0,0,0-5,cheap,151.25,310353.42203908856
https://investmoscow.ru/tenders/tender/19855462,completed,19855462.0,588.5,104635000.0,177799.49022939676,ЗАО,1,15.0,Отдельный,1,1.0,16.70693299909824,15.857174687480915,55.8586282,37.4287414,,0.0,0.0,2025.0,Завершено,6.379274719977426,12.088417359253848,floor_1,1,0,0,0,0,0,0,0-5,expensive,294.25,2970484.1705363537
https://investmoscow.ru/tenders/tender/19774971,completed,19774971.0,588.5,132587099.0,225296.68479184367,ЗАО,1,15.0,Отдельный,1,1.0,16.70693299909824,15.857174687480915,55.8586282,37.4287414,,0.0,0.0,2025.0,Завершено,6.379274719977426,12.325177850254992,floor_1,1,0,0,0,0,0,0,0-5,expensive,294.25,3764016.617736288
https://investmoscow.ru/tenders/tender/19746882,completed,19746882.0,60.3,10461000.0,173482.58706467663,ЗАО,1,5.0,Отдельный,1,1.0,18.506973397684533,15.088925620020158,55.8345761,37.3601251,10461000.0,0.0,2.0,2025.0,Завершено,4.115779842942166,12.063838274843423,floor_1,1,0,0,0,0,0,0,0-5,cheap,30.15,3210637.623767461
https://investmoscow.ru/tenders/tender/19751240,completed,19751240.0,75.9,8870000.0,116864.29512516467,СВАО,basement,5.0,Вход через подъезд,1,1.0,7.216498568571657,1.5747430580583566,55.8158151,37.6395786,,0.0,0.0,2025.0,Завершено,4.342505876511599,11.668777226781051,basement,0,1,0,0,0,0,0,0-5,cheap,37.95,843351.0184878865
https://investmoscow.ru/tenders/tender/19753466,completed,19753466.0,105.3,11897000.0,112981.95631528964,ЮАО,basement,15.0,Вход через подъезд,1,1.0,13.569027343460233,13.903638684679525,55.6578852,37.75612,,0.0,0.0,2025.0,Завершено,4.666265285347902,11.634992257250396,basement,0,1,0,0,0,0,0,0-5,cheap,52.65,1533055.254559795
https://investmoscow.ru/tenders/tender/19742415,completed,19742415.0,50.4,9538000.0,189246.0317460317,ЦАО,1,16.0,Вход через места общего пользования,1,4.0,4.517485607042037,4.123084517104993,55.7906668,37.6400612,13353200.0,40.0,7.0,2025.0,Завершено,3.93963817246112,12.150808486875674,floor_1,1,0,0,0,0,0,1,0-5,cheap,10.08,854916.2246025187
https://investmoscow.ru/tenders/tender/19742736,completed,19742736.0,190.8,9666000.0,50660.377358490565,САО,basement,5.0,Вход через подъезд,1,7.0,8.851828481311276,0.7359887762658986,55.8089695,37.518344,15465600.0,60.0,7.0,2025.0,Завершено,5.256453162449338,10.832919111470527,basement,0,1,0,0,0,0,0,5-10,cheap,23.85,448436.9711758637
https://investmoscow.ru/tenders/tender/19744620,completed,19744620.0,115.6,5554000.0,48044.98269896194,ВАО,basement,5.0,Вход через места общего пользования,1,17.0,13.756174270831174,4.996796738591435,55.8050313,37.8165309,5554000.0,0.0,1.0,2025.0,Завершено,4.758749273916392,10.779913804221872,basement,0,1,0,0,0,0,0,10+,cheap,6.422222222222222,660915.1548459891
https://investmoscow.ru/tenders/tender/19968080,completed,19968080.0,13.6,2531000.0,186102.9411764706,ВАО,1,9.0,Вход через места общего пользования,1,17.0,12.898604476922692,4.900148379160561,55.7636796,37.8229373,4049600.0,60.0,21.0,2026.0,Завершено,2.681021528714291,12.134060620141028,floor_1,1,0,0,0,0,1,0,10+,cheap,0.7555555555555555,2400468.230227304
https://investmoscow.ru/tenders/tender/19742702,completed,19742702.0,13.6,2392000.0,175882.35294117648,ВАО,1,9.0,Вход через места общего пользования,1,17.0,12.898604476922692,4.900148379160561,55.7636796,37.8229373,3827200.0,60.0,14.0,2025.0,Завершено,2.681021528714291,12.07757628691322,floor_1,1,0,0,0,0,1,0,10+,cheap,0.7555555555555555,2268636.905058756
https://investmoscow.ru/tenders/tender/20000450,completed,20000450.0,194.8,15197000.0,78013.34702258726,САО,basement,12.0,Отдельный,1,1.0,14.471357953627315,6.089419941796414,55.8578614,37.4822872,,0.0,0.0,2026.0,Завершено,5.27709373009641,11.264648024944558,basement,0,1,0,0,0,0,0,0-5,medium,97.4,1128959.069924406
https://investmoscow.ru/tenders/tender/19742390,completed,19742390.0,194.8,12498000.0,64158.11088295688,САО,basement,12.0,Отдельный,1,1.0,14.471357953627315,6.089419941796414,55.8578614,37.4822872,28120500.0,125.0,0.0,2025.0,Завершено,5.27709373009641,11.0691213846351,basement,0,1,0,0,0,0,0,0-5,cheap,97.4,928454.9882157812
https://investmoscow.ru/tenders/tender/19742461,completed,19742461.0,138.4,8586000.0,62037.57225433526,СВАО,basement,8.0,Вход через подъезд,1,16.0,6.956942954742535,1.957180760882692,55.814536,37.6249173,12879000.0,50.0,8.0,2025.0,Завершено,4.937347498326424,11.035511603717078,basement,0,1,0,0,0,0,0,10+,cheap,8.141176470588235,431591.8512241287
https://investmoscow.ru/tenders/tender/19744604,completed,19744604.0,57.0,6044400.0,106042.1052631579,САО,basement,5.0,Вход через места общего пользования,1,7.0,,,,,13902120.0,130.0,7.0,2025.0,Завершено,4.060443010546419,11.571600943859126,basement,0,1,0,0,0,0,0,5-10,cheap,7.125,1333436.2979127665
https://investmoscow.ru/tenders/tender/19743162,completed,19743162.0,61.6,5506000.0,89383.11688311688,ЮАО,basement,5.0,Вход через места общего пользования,1,8.0,8.619512160101149,1.92187279215804,55.6771488,37.654232,6331900.0,15.0,3.0,2025.0,Завершено,4.136765278106052,11.400698281877766,basement,0,1,0,0,0,0,0,5-10,cheap,6.844444444444445,770438.8628817681
https://investmoscow.ru/tenders/tender/19744740,completed,19744740.0,50.7,3038000.0,59921.10453648915,ВАО,basement,5.0,Вход через места общего пользования,1,13.0,6.778905906525097,3.7495336090927487,55.7943752,37.6956442,3038000.0,0.0,1.0,2025.0,Завершено,3.945457781514384,11.000800740012393,basement,0,1,0,0,0,0,0,10+,cheap,3.621428571428571,406199.529467914
https://investmoscow.ru/tenders/tender/19746710,completed,19746710.0,63.2,11618000.0,183829.11392405065,ЦАО,basement,4.0,Вход через места общего пользования,1,9.0,1.911613191371377,2.155392510522587,55.7428757,37.5915465,23816900.0,105.0,23.0,2025.0,Завершено,4.162003210695915,12.121767316201746,basement,0,1,0,0,0,0,1,5-10,cheap,6.32,351410.15913532686
https://investmoscow.ru/tenders/tender/19913156,completed,19913156.0,137.6,44786000.0,325479.6511627907,ВАО,1,15.0,Отдельный,1,13.0,10.31981601341531,10.08803046490016,55.8065022,37.7513374,45681720.0,2.0,7.0,2025.0,Завершено,4.931592086755803,12.693058295431644,floor_1,1,0,0,0,0,0,0,10+,expensive,9.828571428571427,3358890.1161105963
https://investmoscow.ru/tenders/tender/19810721,completed,19810721.0,69.0,16762000.0,242927.5362318841,ВАО,1,24.0,Отдельный,1,20.0,10.31981601341531,10.08803046490016,55.8065022,37.7513374,22880130.0,36.5,22.0,2025.0,Завершено,4.248495242049359,12.40052258948914,floor_1,1,0,0,0,0,0,0,10+,medium,3.2857142857142856,2506967.478505325
https://investmoscow.ru/tenders/tender/19810720,completed,19810720.0,104.6,23942000.0,228891.01338432124,ВАО,1,24.0,Отдельный,1,20.0,10.31981601341531,10.08803046490016,55.8065022,37.7513374,31842860.0,33.0,9.0,2025.0,Завершено,4.659658371272161,12.341005614044574,floor_1,1,0,0,0,0,0,0,10+,medium,4.980952380952381,2362113.1452503763
https://investmoscow.ru/tenders/tender/19810722,completed,19810722.0,109.7,24930000.0,227256.1531449408,ВАО,1,24.0,Отдельный,1,20.0,10.31981601341531,10.08803046490016,55.8065022,37.7513374,29417400.0,18.0,7.0,2025.0,Завершено,4.706823839714591,12.333837488529774,floor_1,1,0,0,0,0,0,0,10+,expensive,5.223809523809524,2345241.6883723214
https://investmoscow.ru/tenders/tender/19810723,completed,19810723.0,108.7,24737000.0,227571.29714811407,ВАО,1,24.0,Отдельный,1,20.0,10.31981601341531,10.08803046490016,55.8065022,37.7513374,46010820.0,86.0,51.0,2025.0,Завершено,4.697749367281185,12.335223256550742,floor_1,1,0,0,0,0,0,0,10+,medium,5.1761904761904765,2348493.916502801
https://investmoscow.ru/tenders/tender/19746766,completed,19746766.0,104.6,22431000.0,214445.50669216065,ВАО,1,24.0,Отдельный,1,1.0,10.31981601341531,10.08803046490016,55.8065022,37.7513374,,0.0,0.0,2025.0,Завершено,4.659658371272161,12.275815600197804,floor_1,1,0,0,0,0,0,0,0-5,medium,52.3,2213038.17396672
https://investmoscow.ru/tenders/tender/19746767,completed,19746767.0,109.7,23318000.0,212561.53144940743,ВАО,1,24.0,Отдельный,1,1.0,10.31981601341531,10.08803046490016,55.8065022,37.7513374,,0.0,0.0,2025.0,Завершено,4.706823839714591,12.266991489703235,floor_1,1,0,0,0,0,0,0,0-5,medium,54.85,2193595.8960876768
https://investmoscow.ru/tenders/tender/19851572,completed,19851572.0,162.5,40337000.0,248227.6923076923,ЮВАО,1,23.0,Отдельный,1,11.0,11.305777151467014,11.340255785514897,55.748312,37.798366,40337000.0,0.0,4.0,2025.0,Завершено,5.096812990337308,12.422105746633314,floor_1,1,0,0,0,0,0,0,10+,expensive,13.541666666666666,2806406.972053692
https://investmoscow.ru/tenders/tender/19746775,completed,19746775.0,82.7,18194000.0,220000.0,ЮВАО,1,21.0,Отдельный,1,1.0,11.305777151467014,11.340255785514897,55.748312,37.798366,25016750.0,37.5,13.0,2025.0,Завершено,4.4272389774954295,12.301387370778713,floor_1,1,0,0,0,0,0,0,0-5,medium,41.35,2487270.973322743
https://investmoscow.ru/tenders/tender/19752317,completed,19752317.0,159.6,16179000.0,101372.18045112782,ЦАО,basement,5.0,Отдельный,1,1.0,3.428617903337799,3.0366886439454768,55.7812534,37.6351205,21841650.0,35.0,3.0,2025.0,Завершено,5.078916801512661,11.526563842562457,basement,0,1,0,0,0,0,1,0-5,medium,79.8,347566.47279512684
https://investmoscow.ru/tenders/tender/19815556,completed,19815556.0,212.7,11920000.0,56041.372825575934,ВАО,basement,5.0,Вход через подъезд,1,5.0,8.994132047029623,1.3773057320425277,55.7917587,37.7429553,11920000.0,0.0,11.0,2025.0,Завершено,5.364573162325102,10.933863341195815,basement,0,1,0,0,0,0,0,0-5,cheap,35.45,504043.5072900476
https://investmoscow.ru/tenders/tender/19778851,completed,19778851.0,212.7,11920000.0,56041.372825575934,ВАО,basement,5.0,Вход через подъезд,1,5.0,8.994132047029623,1.3773057320425277,55.7917587,37.7429553,,0.0,0.0,2025.0,Завершено,5.364573162325102,10.933863341195815,basement,0,1,0,0,0,0,0,0-5,cheap,35.45,504043.5072900476
https://investmoscow.ru/tenders/tender/19743200,completed,19743200.0,212.7,11920000.0,56041.372825575934,ВАО,basement,5.0,Вход через подъезд,1,5.0,8.994132047029623,1.3773057320425277,55.7917587,37.7429553,,0.0,0.0,2025.0,Завершено,5.364573162325102,10.933863341195815,basement,0,1,0,0,0,0,0,0-5,cheap,35.45,504043.5072900476
https://investmoscow.ru/tenders/tender/19778941,completed,19778941.0,175.3,9689000.0,55270.96406160867,ВАО,basement,5.0,Вход через подъезд,1,1.0,9.447942260298582,8.764331987918448,55.7012862,37.7389674,9689000.0,0.0,1.0,2025.0,Завершено,5.172187089403825,10.920021079958705,basement,0,1,0,0,0,0,0,0-5,cheap,87.65,522196.8771251167
https://investmoscow.ru/tenders/tender/19752426,completed,19752426.0,175.3,9689000.0,55270.96406160867,ВАО,basement,5.0,Вход через подъезд,1,1.0,9.447942260298582,8.764331987918448,55.7012862,37.7389674,,0.0,0.0,2025.0,Завершено,5.172187089403825,10.920021079958705,basement,0,1,0,0,0,0,0,0-5,cheap,87.65,522196.8771251167
https://investmoscow.ru/tenders/tender/19795311,completed,19795311.0,127.9,34413000.0,269061.767005473,ВАО,1,15.0,Отдельный,1,0.0,13.316814442340965,6.019487400270959,55.750277,37.8306557,34413000.0,0.0,1.0,2025.0,Завершено,4.859036909945142,12.50269996595853,floor_1,1,0,0,0,0,0,0,0-5,expensive,127.9,3583045.624740263
https://investmoscow.ru/tenders/tender/19746938,completed,19746938.0,123.1,24562000.0,199528.83834281072,ВАО,1,21.0,Отдельный,1,1.0,13.316814442340965,6.019487400270959,55.750277,37.8306557,41141350.0,67.5,32.0,2025.0,Завершено,4.821087692210561,12.203719069756357,floor_1,1,0,0,0,0,0,0,0-5,medium,61.55,2657088.516107057
https://investmoscow.ru/tenders/tender/19746936,completed,19746936.0,64.4,14422000.0,223944.099378882,ВАО,1,21.0,Отдельный,1,1.0,13.316814442340965,6.019487400270959,55.750277,37.8306557,18604380.0,29.0,18.0,2025.0,Завершено,4.180522258463153,12.319156208738647,floor_1,1,0,0,0,0,0,0,0-5,medium,32.2,2982222.016885736
https://investmoscow.ru/tenders/tender/19746931,completed,19746931.0,79.6,20778000.0,261030.1507537689,ВАО,1,21.0,Отдельный,1,1.0,13.316814442340965,6.019487400270959,55.750277,37.8306557,22855800.0,10.0,15.0,2025.0,Завершено,4.389498649512583,12.47239503073001,floor_1,1,0,0,0,0,0,0,0-5,medium,39.8,3476090.081444229
https://investmoscow.ru/tenders/tender/19753472,completed,19753472.0,246.3,58093000.0,235862.7689809176,ЦАО,1,5.0,Отдельный,1,1.0,4.332739070928674,4.450307252194148,55.7417227,37.5505881,69711600.0,20.0,3.0,2025.0,Завершено,5.510602174527371,12.371009667253915,floor_1,1,0,0,0,0,0,1,0-5,expensive,123.15,1021931.8345410454
https://investmoscow.ru/tenders/tender/19792866,completed,19792866.0,375.6,68860000.0,183333.3333333333,САО,1,12.0,Отдельный,1,1.0,7.257544750642989,2.3988848244067333,55.7889099,37.5216025,,0.0,0.0,2025.0,Завершено,5.931183616223052,12.119066723071125,floor_1,1,0,0,0,0,0,0,0-5,expensive,187.8,1330549.8709512146
https://investmoscow.ru/tenders/tender/19774372,completed,19774372.0,375.6,68860000.0,183333.3333333333,САО,1,12.0,Отдельный,1,1.0,7.257544750642989,2.3988848244067333,55.7889099,37.5216025,,0.0,0.0,2025.0,Завершено,5.931183616223052,12.119066723071125,floor_1,1,0,0,0,0,0,0,0-5,expensive,187.8,1330549.8709512146
https://investmoscow.ru/tenders/tender/19753189,completed,19753189.0,375.6,68860000.0,183333.3333333333,САО,1,12.0,Отдельный,1,1.0,7.257544750642989,2.3988848244067333,55.7889099,37.5216025,,0.0,0.0,2025.0,Завершено,5.931183616223052,12.119066723071125,floor_1,1,0,0,0,0,0,0,0-5,expensive,187.8,1330549.8709512146
https://investmoscow.ru/tenders/tender/19755646,completed,19755646.0,58.1,17881000.0,307762.47848537005,ЗАО,1,15.0,Отдельный,1,1.0,4.403684563531952,4.546813153836581,55.7445078,37.5482736,,0.0,0.0,2025.0,Завершено,4.079230924412053,12.637086839953186,floor_1,1,0,0,0,0,0,1,0-5,medium,29.05,1355288.8757403586
https://investmoscow.ru/tenders/tender/19757526,completed,19757526.0,75.4,4749000.0,62984.0848806366,СВАО,basement,16.0,Вход через подъезд,1,9.0,15.668482872534987,7.761906020576123,55.8916843,37.5813568,8310750.0,75.0,7.0,2025.0,Завершено,4.335982696172475,11.050653229418051,basement,0,1,0,0,0,0,0,5-10,cheap,7.540000000000001,986865.0551945444
https://investmoscow.ru/tenders/tender/19757508,completed,19757508.0,51.0,7892000.0,154745.0980392157,СВАО,1,9.0,Отдельный,1,25.0,13.320586630360348,5.021017248866108,55.8643647,37.6923717,7892000.0,0.0,3.0,2025.0,Завершено,3.951243718581428,11.94954097561968,floor_1,1,0,0,0,0,0,0,10+,cheap,1.9615384615384608,2061295.4840549773
https://investmoscow.ru/tenders/tender/19755533,completed,19755533.0,28.6,7350000.0,256993.00699300697,ЗАО,1,15.0,Отдельный,1,1.0,10.531828397126258,3.2651537633364858,55.6905898,37.488981,8452500.0,15.0,9.0,2025.0,Завершено,3.387774361330014,12.456808044512105,floor_1,1,0,0,0,0,1,0,0-5,cheap,14.3,2706606.248911818
https://investmoscow.ru/tenders/tender/19757894,completed,19757894.0,77.3,17245800.0,223102.19922380336,САО,1,25.0,Отдельный,1,0.0,13.122511045469263,6.3964389744688415,55.8654082,37.5581731,17245800.0,0.0,1.0,2025.0,Завершено,4.360547602996758,12.31538972018246,floor_1,1,0,0,0,0,0,0,0-5,medium,77.3,2927661.0735828434
https://investmoscow.ru/tenders/tender/19778881,completed,19778881.0,238.0,45484088.0,191109.6134453781,ЮЗАО,mezzanine,9.0,Отдельный,1,12.0,,,,,,0.0,0.0,2025.0,Завершено,5.476463551931511,12.160607667385143,other,0,0,1,0,0,0,0,10+,expensive,18.307692307692307,2403125.5774839944
https://investmoscow.ru/tenders/tender/19757967,completed,19757967.0,238.0,45484088.0,191109.6134453781,ЮЗАО,mezzanine,9.0,Отдельный,1,12.0,,,,,,0.0,0.0,2025.0,Завершено,5.476463551931511,12.160607667385143,other,0,0,1,0,0,0,0,10+,expensive,18.307692307692307,2403125.5774839944
https://investmoscow.ru/tenders/tender/19749194,completed,19749194.0,134.2,19856000.0,147958.2712369598,ВАО,1,13.0,Отдельный,1,1.0,17.671538309518784,17.511881237288108,55.8176459,37.8752201,26011360.0,31.0,6.0,2025.0,Завершено,4.906755163608864,11.904692320528474,floor_1,1,0,0,0,0,0,0,0-5,medium,67.1,2614650.258374106
https://investmoscow.ru/tenders/tender/19753870,completed,19753870.0,52.4,11618000.0,221717.5572519084,СВАО,1,12.0,Вход через места общего пользования,1,1.0,12.108987661997142,3.919260365672518,55.8610067,37.6099272,14522500.0,25.0,2.0,2025.0,Завершено,3.977810745966149,12.309164096440174,floor_1,1,0,0,0,0,0,0,0-5,cheap,26.2,2684775.165211504
https://investmoscow.ru/tenders/tender/19897627,completed,19897627.0,69.3,18950000.0,273448.7734487735,САО,1,19.0,Отдельный,1,1.0,11.335908279536731,10.99795999816587,55.8325449,37.505935,18950000.0,0.0,1.0,2025.0,Завершено,4.252771798816619,12.51887324028225,floor_1,1,0,0,0,0,0,0,0-5,medium,34.65,3099790.214967116
https://investmoscow.ru/tenders/tender/19848143,completed,19848143.0,69.3,18950000.0,273448.7734487735,САО,1,19.0,Отдельный,1,1.0,11.335908279536731,10.99795999816587,55.8325449,37.505935,,0.0,0.0,2025.0,Завершено,4.252771798816619,12.51887324028225,floor_1,1,0,0,0,0,0,0,0-5,medium,34.65,3099790.214967116
https://investmoscow.ru/tenders/tender/19811455,completed,19811455.0,69.3,18950000.0,273448.7734487735,САО,1,19.0,Отдельный,1,1.0,11.335908279536731,10.99795999816587,55.8325449,37.505935,,0.0,0.0,2025.0,Завершено,4.252771798816619,12.51887324028225,floor_1,1,0,0,0,0,0,0,0-5,medium,34.65,3099790.214967116
https://investmoscow.ru/tenders/tender/19802334,completed,19802334.0,138.4,36293000.0,262232.6589595376,САО,1,19.0,Отдельный,1,20.0,11.335908279536731,10.99795999816587,55.8325449,37.505935,36293000.0,0.0,1.0,2025.0,Завершено,4.937347498326424,12.476991213390685,floor_1,1,0,0,0,0,0,0,10+,expensive,6.590476190476191,2972645.369864355
https://investmoscow.ru/tenders/tender/19783200,completed,19783200.0,69.3,18647000.0,269076.4790764791,САО,1,19.0,Отдельный,1,1.0,11.335908279536731,10.99795999816587,55.8325449,37.505935,,0.0,0.0,2025.0,Завершено,4.252771798816619,12.502754643418976,floor_1,1,0,0,0,0,0,0,0-5,medium,34.65,3050226.286991652
https://investmoscow.ru/tenders/tender/19746744,completed,19746744.0,53.9,15161000.0,281280.1484230056,САО,1,19.0,Отдельный,1,1.0,11.335908279536731,10.99795999816587,55.8325449,37.505935,15161000.0,0.0,1.0,2025.0,Завершено,4.005513348515485,12.547109976316907,floor_1,1,0,0,0,0,0,0,0-5,medium,26.95,3188565.96337767
https://investmoscow.ru/tenders/tender/19746745,completed,19746745.0,74.0,19682000.0,265972.97297297296,САО,1,19.0,Отдельный,1,1.0,11.335908279536731,10.99795999816587,55.8325449,37.505935,19682000.0,0.0,1.0,2025.0,Завершено,4.31748811353631,12.49115373701034,floor_1,1,0,0,0,0,0,0,0-5,medium,37.0,3015045.2264573234
https://investmoscow.ru/tenders/tender/19746743,completed,19746743.0,69.3,18647000.0,269076.4790764791,САО,1,19.0,Отдельный,1,1.0,11.335908279536731,10.99795999816587,55.8325449,37.505935,,0.0,0.0,2025.0,Завершено,4.252771798816619,12.502754643418976,floor_1,1,0,0,0,0,0,0,0-5,medium,34.65,3050226.286991652
https://investmoscow.ru/tenders/tender/19755769,completed,19755769.0,31.1,7593000.0,244147.90996784568,ЮЗАО,1,17.0,Вход через подъезд,1,1.0,9.296466812515568,9.699451526670927,55.6714578,37.5766952,,0.0,0.0,2025.0,Завершено,3.4688560301359703,12.405533604879576,floor_1,1,0,0,0,0,1,0,0-5,cheap,15.55,2269712.9423611164
https://investmoscow.ru/tenders/tender/19755406,completed,19755406.0,31.1,5726000.0,184115.75562700964,ВАО,1,10.0,Вход через подъезд,1,0.0,14.902935379243168,8.139019305367736,55.7360608,37.8543814,5726000.0,0.0,1.0,2025.0,Завершено,3.4688560301359703,12.12332537680596,floor_1,1,0,0,0,0,1,0,0-5,cheap,31.1,2743865.2084098514
https://investmoscow.ru/tenders/tender/19755375,completed,19755375.0,145.7,17915400.0,122960.87851750173,ЦАО,basement,5.0,Вход через места общего пользования,1,9.0,1.515666365823916,1.3173947982784069,55.7602202,37.6368738,17915400.0,0.0,2.0,2025.0,Завершено,4.988389685148936,11.719629655564075,basement,0,1,0,0,0,0,1,5-10,medium,14.57,186367.66788113787
https://investmoscow.ru/tenders/tender/19971996,completed,19971996.0,104.3,8721000.0,83614.57334611697,ЮАО,basement,6.0,Отдельный,1,9.0,4.101327047391326,6.602591657745453,55.7152391,37.6108855,14389650.0,65.0,10.0,2026.0,Завершено,4.6568134191399295,11.333985065768536,basement,0,1,0,0,0,0,1,5-10,cheap,10.43,342930.71122051537
https://investmoscow.ru/tenders/tender/19755910,completed,19755910.0,65.4,12463000.0,190565.749235474,ЮАО,2,15.0,Вход через подъезд,1,1.0,4.101327047391326,6.602591657745453,55.7152391,37.6108855,12463000.0,0.0,2.0,2025.0,Завершено,4.1956970564823886,12.157757801864287,floor_2,0,0,0,0,1,0,1,0-5,cheap,32.7,781572.4616458424
https://investmoscow.ru/tenders/tender/19757352,completed,19757352.0,61.5,12706000.0,206601.62601626007,ЮЗАО,1,18.0,Отдельный,1,1.0,12.299181719696096,3.417431649382217,55.6597078,37.5085487,18423700.0,45.0,7.0,2025.0,Завершено,4.135166556742356,12.23855254621739,floor_1,1,0,0,0,0,0,0,0-5,cheap,30.75,2541030.941958676
https://investmoscow.ru/tenders/tender/19757873,completed,19757873.0,59.0,8275000.0,140254.2372881356,ВАО,3,9.0,Вход через места общего пользования,1,1.0,11.840351236663713,4.790265492028674,55.8228441,37.7592027,8275000.0,0.0,2.0,2025.0,Завершено,4.0943445622221,11.85121916520563,floor_3_plus,0,0,0,1,0,0,0,0-5,cheap,29.5,1660659.431921902
https://investmoscow.ru/tenders/tender/19924995,completed,19924995.0,263.7,39564000.0,150034.12969283276,ВАО,3,3.0,Вход через места общего пользования,1,7.0,11.56162591164059,2.7236800242617893,55.7901999,37.7896841,,0.0,0.0,2026.0,Завершено,5.578597109233056,11.918624743610552,floor_3_plus,0,0,0,1,0,0,0,5-10,expensive,32.9625,1734638.4814871
https://investmoscow.ru/tenders/tender/19877687,completed,19877687.0,88.3,15291000.0,173171.00792751982,ВАО,3,3.0,Вход через места общего пользования,1,7.0,11.56162591164059,2.7236800242617893,55.7901999,37.7896841,,0.0,0.0,2025.0,Завершено,4.492001487882454,12.062040645002376,floor_3_plus,0,0,0,1,0,0,0,5-10,medium,11.0375,2002138.412399731
https://investmoscow.ru/tenders/tender/19877917,completed,19877917.0,72.6,4617000.0,63595.04132231406,ВАО,basement,3.0,Вход через места общего пользования,1,7.0,11.56162591164059,2.7236800242617893,55.7901999,37.7896841,,0.0,0.0,2025.0,Завершено,4.298645025734831,11.060306504031171,basement,0,1,0,0,0,0,0,5-10,cheap,9.075,735262.0776039202
https://investmoscow.ru/tenders/tender/19877349,completed,19877349.0,263.7,39564000.0,150034.12969283276,ВАО,3,3.0,Вход через места общего пользования,1,7.0,11.56162591164059,2.7236800242617893,55.7901999,37.7896841,,0.0,0.0,2025.0,Завершено,5.578597109233056,11.918624743610552,floor_3_plus,0,0,0,1,0,0,0,5-10,expensive,32.9625,1734638.4814871
https://investmoscow.ru/tenders/tender/19758282,completed,19758282.0,39.7,1950000.0,49118.3879093199,ВАО,basement,15.0,Вход через места общего пользования,1,1.0,11.56162591164059,2.7236800242617893,55.7901999,37.7896841,6727500.0,245.0,5.0,2025.0,Завершено,3.7062280924485496,10.802009101613905,basement,0,1,0,0,0,1,0,0-5,cheap,19.85,567888.4263904068
https://investmoscow.ru/tenders/tender/19757060,completed,19757060.0,50.0,8475000.0,169500.0,ВАО,1,14.0,Отдельный,1,1.0,12.111074578973112,3.937795921804986,55.8110415,37.7805385,10170000.0,20.0,3.0,2025.0,Завершено,3.9318256327243257,12.040614105490253,floor_1,1,0,0,0,0,0,0,0-5,cheap,25.0,2052827.1411359424
https://investmoscow.ru/tenders/tender/19753326,completed,19753326.0,455.0,73683900.0,161942.63736263735,ЮАО,basement,8.0,Отдельный,1,1.0,11.02339399739684,2.0205077799379203,55.6527039,37.620437,110525850.0,50.0,8.0,2025.0,Завершено,6.1224928095143865,11.995003636162595,basement,0,1,0,0,0,0,0,0-5,expensive,227.5,1785157.4966259098
https://investmoscow.ru/tenders/tender/19757939,completed,19757939.0,59.1,5347000.0,90473.77326565144,ЮАО,other,15.0,Отдельный,1,1.0,16.94714217614185,7.475505561609991,55.6157931,37.740067,6683750.0,25.0,4.0,2025.0,Завершено,4.096009841541162,11.412826342384609,other,0,0,1,0,0,0,0,0-5,cheap,29.55,1533271.8987450164
https://investmoscow.ru/tenders/tender/19778993,completed,19778993.0,287.1,14211000.0,49498.43260188087,ВАО,basement,5.0,Вход через подъезд,1,1.0,10.185389943348673,3.1166315476548845,55.7576579,37.7802391,14211000.0,0.0,1.0,2025.0,Завершено,5.663307642090483,10.80971648590282,basement,0,1,0,0,0,0,0,0-5,medium,143.55,504160.8376347195
https://investmoscow.ru/tenders/tender/19757345,completed,19757345.0,287.1,14211000.0,49498.43260188087,ВАО,basement,5.0,Вход через подъезд,1,1.0,10.185389943348673,3.1166315476548845,55.7576579,37.7802391,,0.0,0.0,2025.0,Завершено,5.663307642090483,10.80971648590282,basement,0,1,0,0,0,0,0,0-5,medium,143.55,504160.8376347195
https://investmoscow.ru/tenders/tender/19786768,completed,19786768.0,566.1,21916000.0,38714.00812577283,ВАО,basement,5.0,Вход через места общего пользования,1,0.0,13.5410209149028,4.700747543603215,55.7928248,37.8217683,16437000.0,-25.0,4.0,2025.0,Завершено,6.340535655019982,10.56398261070774,basement,0,1,0,0,0,0,0,0-5,medium,566.1,524227.1937308069
https://investmoscow.ru/tenders/tender/19758570,completed,19758570.0,566.1,21916000.0,38714.00812577283,ВАО,basement,5.0,Вход через места общего пользования,1,0.0,13.5410209149028,4.700747543603215,55.7928248,37.8217683,,0.0,0.0,2025.0,Завершено,6.340535655019982,10.56398261070774,basement,0,1,0,0,0,0,0,0-5,medium,566.1,524227.1937308069
https://investmoscow.ru/tenders/tender/19735421,completed,19735421.0,692.0,108324700.0,156538.5838150289,ЮАО,basement,14.0,Отдельный,1,1.0,13.128972135704572,4.063549205230364,55.6339509,37.6044016,197150954.0,82.0,4.0,2025.0,Завершено,6.541029999189903,11.961064188705931,basement,0,1,0,0,0,0,0,0-5,expensive,346.0,2055190.705070169
https://investmoscow.ru/tenders/tender/19826730,completed,19826730.0,27.4,4933000.0,180036.49635036496,Зеленоград,1,14.0,Вход через места общего пользования,1,342.0,36.6619228994357,2.5074808578128245,55.991971,37.214241,,0.0,0.0,2025.0,Завершено,3.3463891451671604,12.10092042123578,floor_1,1,0,0,0,0,1,0,10+,cheap,0.0798833819241982,6600484.148281617
https://investmoscow.ru/tenders/tender/19755805,completed,19755805.0,45.9,7962000.0,173464.0522875817,Зеленоград,1,14.0,Отдельный,1,0.0,36.6619228994357,2.5074808578128245,55.991971,37.214241,9952500.0,25.0,2.0,2025.0,Завершено,3.8480176754522337,12.06373143034248,floor_1,1,0,0,0,0,1,0,0-5,cheap,45.9,6359525.710791003
https://investmoscow.ru/tenders/tender/19753311,completed,19753311.0,1761.4,300041350.0,170342.54002498012,СВАО,basement,12.0,Отдельный,1,6.0,4.624831454692023,4.166370630051296,55.7934716,37.6246278,333045898.5,11.0,2.0,2025.0,Завершено,7.474431795488133,12.045572500591256,basement,0,1,0,0,0,0,1,5-10,expensive,251.62857142857143,787805.537179663
https://investmoscow.ru/tenders/tender/19753374,completed,19753374.0,266.5,53550000.0,200938.08630394,ЦАО,1,4.0,Отдельный,1,8.0,3.963945244461143,3.5589816973078148,55.7861212,37.5987762,,0.0,0.0,2025.0,Завершено,5.589119566336061,12.21075708789708,floor_1,1,0,0,0,0,0,1,5-10,expensive,29.61111111111111,796507.5716356258
https://investmoscow.ru/tenders/tender/19816556,completed,19816556.0,307.2,11281000.0,36722.005208333336,САО,basement,5.0,Вход через подъезд,1,1.0,11.171376702482238,3.0675381825272696,55.8373264,37.5226654,11845050.0,5.0,4.0,2025.0,Завершено,5.730748922886015,10.511158682571168,basement,0,1,0,0,0,0,0,0-5,cheap,153.6,410235.3534528064
https://investmoscow.ru/tenders/tender/19784668,completed,19784668.0,307.2,11281000.0,36722.005208333336,САО,basement,15.0,Вход через подъезд,1,1.0,11.171376702482238,3.0675381825272696,55.8373264,37.5226654,,0.0,0.0,2025.0,Завершено,5.730748922886015,10.511158682571168,basement,0,1,0,0,0,0,0,0-5,cheap,153.6,410235.3534528064
https://investmoscow.ru/tenders/tender/19762032,completed,19762032.0,307.2,11281000.0,36722.005208333336,САО,basement,15.0,Вход через подъезд,1,1.0,11.171376702482238,3.0675381825272696,55.8373264,37.5226654,,0.0,0.0,2025.0,Завершено,5.730748922886015,10.511158682571168,basement,0,1,0,0,0,0,0,0-5,cheap,153.6,410235.3534528064
https://investmoscow.ru/tenders/tender/19924894,completed,19924894.0,9.3,2394000.0,257419.35483870967,САО,1,5.0,Вход через места общего пользования,1,1.0,8.152677960236732,0.923010396232642,55.8026683,37.5230183,4668300.0,95.0,12.0,2025.0,Завершено,2.33214389523559,12.45846564964508,floor_1,1,0,0,0,0,1,0,0-5,cheap,4.65,2098657.100731907
https://investmoscow.ru/tenders/tender/19912082,completed,19912082.0,73.1,12620700.0,172649.7948016416,СВАО,1,14.0,Отдельный,1,0.0,14.546264296963905,6.312459815425502,55.8732938,37.7056539,13882770.0,10.0,2.0,2025.0,Завершено,4.3054155323020415,12.05902630635021,floor_1,1,0,0,0,0,0,0,0-5,cheap,73.1,2511409.5460012634
https://investmoscow.ru/tenders/tender/19865692,completed,19865692.0,73.1,12620700.0,172649.7948016416,СВАО,1,14.0,Отдельный,1,0.0,14.546264296963905,6.312459815425502,55.8732938,37.7056539,,0.0,0.0,2025.0,Завершено,4.3054155323020415,12.05902630635021,floor_1,1,0,0,0,0,0,0,0-5,cheap,73.1,2511409.5460012634
https://investmoscow.ru/tenders/tender/19761009,completed,19761009.0,73.1,14158000.0,193679.8905608756,СВАО,1,14.0,Отдельный,1,0.0,14.546264296963905,6.312459815425502,55.8732938,37.7056539,,0.0,0.0,2025.0,Завершено,4.3054155323020415,12.173967189705849,floor_1,1,0,0,0,0,0,0,0-5,medium,73.1,2817318.8771055406
https://investmoscow.ru/tenders/tender/19756596,completed,19756596.0,145.4,11801000.0,81162.31086657496,ВАО,basement,12.0,Отдельный,1,0.0,11.226759362940918,2.415561195244652,55.791217,37.7831599,15341300.0,30.0,2.0,2025.0,Завершено,4.986342601527212,11.30421858742231,basement,0,1,0,0,0,0,0,0-5,cheap,145.4,911189.7334392418
https://investmoscow.ru/tenders/tender/19760806,completed,19760806.0,27.3,5805000.0,212637.36263736265,ЮАО,1,12.0,Вход через места общего пользования,1,0.0,16.980840136411143,7.283533414295594,55.5991449,37.606494,5805000.0,0.0,1.0,2025.0,Завершено,3.342861804649192,12.267348173754534,floor_1,1,0,0,0,0,1,0,0-5,cheap,27.3,3610761.061973138
https://investmoscow.ru/tenders/tender/19998285,completed,19998285.0,86.6,12143000.0,140219.39953810626,ЦАО,basement,7.0,Вход через подъезд,1,2.0,3.273223191680564,2.9532959653863435,55.7746051,37.5838521,,0.0,0.0,2026.0,Завершено,4.472780997942346,11.85097074612294,basement,0,1,0,0,0,0,1,0-5,cheap,28.866666666666664,458969.3904916524
https://investmoscow.ru/tenders/tender/19761522,completed,19761522.0,86.6,11688000.0,134965.35796766746,ЦАО,basement,7.0,Вход через подъезд,1,1.0,3.273223191680564,2.9532959653863435,55.7746051,37.5838521,12272400.0,5.0,2.0,2025.0,Завершено,4.472780997942346,11.812780826125527,basement,0,1,0,0,0,0,1,0-5,cheap,43.3,441771.7397732383
https://investmoscow.ru/tenders/tender/19762123,completed,19762123.0,104.1,25063000.0,240758.8856868396,ЦАО,1,15.0,Вход через места общего пользования,1,1.0,2.087232180093933,1.899247757098306,55.762363,37.6453807,37594500.0,50.0,4.0,2025.0,Завершено,4.6549122778829055,12.391555390860296,floor_1,1,0,0,0,0,0,1,0-5,expensive,52.05,502519.6938491282
https://investmoscow.ru/tenders/tender/19761296,completed,19761296.0,175.8,30188000.0,171717.8612059158,ЮАО,1,15.0,Отдельный,1,1.0,8.158430414038927,2.8408646871867043,55.6838551,37.6664353,46791400.0,55.0,3.0,2025.0,Завершено,5.175019150203543,12.053613890624892,floor_1,1,0,0,0,0,0,0,0-5,expensive,87.9,1400948.2214960586
https://investmoscow.ru/tenders/tender/19762609,completed,19762609.0,652.3,31324000.0,48020.8493024682,ЮЗАО,basement,6.0,Вход через подъезд,1,1.0,8.553009823511179,1.4669427245661468,55.6781457,37.5784532,,0.0,0.0,2025.0,Завершено,6.482036441846705,10.77941138012218,basement,0,1,0,0,0,0,0,0-5,expensive,326.15,410722.79581736046
https://investmoscow.ru/tenders/tender/19759383,completed,19759383.0,409.9,67774000.0,165342.76652842158,ЦАО,3,5.0,Вход через места общего пользования,1,1.0,3.694859354122578,3.496990929136003,55.7699094,37.6673573,67774000.0,0.0,1.0,2025.0,Завершено,6.018349875889364,12.015782019050532,floor_3_plus,0,0,0,1,0,0,1,0-5,expensive,204.95,610918.267544044
https://investmoscow.ru/tenders/tender/19761545,completed,19761545.0,261.3,46185000.0,176750.8610792193,ЦАО,4,5.0,Вход через места общего пользования,1,1.0,3.694859354122578,3.496990929136003,55.7699094,37.6673573,,0.0,0.0,2025.0,Завершено,5.569488886872828,12.082502113147342,floor_3_plus,0,0,0,1,0,0,1,0-5,expensive,130.65,653069.5724077737
https://investmoscow.ru/tenders/tender/19761793,completed,19761793.0,182.7,33672487.0,184304.8002189381,ЦАО,5,5.0,Вход через подъезд,1,1.0,3.694859354122578,3.496990929136003,55.7699094,37.6673573,33672487.0,0.0,1.0,2025.0,Завершено,5.21330399222108,12.124351614779286,floor_3_plus,0,0,0,1,0,0,1,0-5,expensive,91.35,680980.3150986364
https://investmoscow.ru/tenders/tender/19762430,completed,19762430.0,31.2,8489000.0,272083.3333333333,ЦАО,1,9.0,Отдельный,1,1.0,4.1633177769623,3.756246258155271,55.7880169,37.5988988,16129100.0,90.0,19.0,2025.0,Завершено,3.471966452550362,12.513867346242478,floor_1,1,0,0,0,0,1,1,0-5,cheap,15.6,1132769.3784818258
https://investmoscow.ru/tenders/tender/19762394,completed,19762394.0,269.9,18549000.0,68725.45387180438,ЦАО,basement,5.0,Вход через места общего пользования,1,1.0,4.056692688841147,3.993897179221759,55.7582006,37.5535013,19476450.0,5.0,2.0,2025.0,Завершено,5.6017497490910495,11.137889467728629,basement,0,1,0,0,0,0,1,0-5,medium,134.95,278798.0462590383
https://investmoscow.ru/tenders/tender/19761154,completed,19761154.0,38.2,6486000.0,169790.57591623036,Зеленоград,1,12.0,Вход через подъезд,1,0.0,36.6619228994357,2.5074808578128245,55.991971,37.214241,,0.0,0.0,2025.0,Завершено,3.6686767467964168,12.042326939827914,floor_1,1,0,0,0,0,1,0,0-5,cheap,38.2,6224849.003291622
https://investmoscow.ru/tenders/tender/19762189,completed,19762189.0,16.0,3651000.0,228187.5,ЗАО,1,15.0,Вход через подъезд,1,0.0,19.0235285543598,15.406956712888336,55.8344202,37.3504961,3651000.0,0.0,2.0,2025.0,Завершено,2.833213344056216,12.337927320749388,floor_1,1,0,0,0,0,1,0,0-5,cheap,16.0,4340931.4219979765
https://investmoscow.ru/tenders/tender/19912542,completed,19912542.0,73.4,14121000.0,192384.1961852861,ЮАО,1,15.0,Отдельный,1,0.0,18.004437768205626,18.423611188307746,55.5915163,37.6593429,14615235.0,3.5,6.0,2025.0,Завершено,4.309455941839047,12.167254871349568,floor_1,1,0,0,0,0,0,0,0-5,medium,73.4,3463769.287804246
https://investmoscow.ru/tenders/tender/19912534,completed,19912534.0,55.7,11399000.0,204649.9102333932,ЮАО,1,15.0,Отдельный,1,0.0,18.004437768205626,18.423611188307746,55.5915163,37.6593429,11399000.0,0.0,1.0,2025.0,Завершено,4.037774210733707,12.229060929667282,floor_1,1,0,0,0,0,0,0,0-5,cheap,55.7,3684606.573065996
https://investmoscow.ru/tenders/tender/19813159,completed,19813159.0,73.4,14121000.0,192384.1961852861,ЮАО,1,15.0,Отдельный,1,0.0,18.004437768205626,18.423611188307746,55.5915163,37.6593429,18639720.0,32.0,17.0,2025.0,Завершено,4.309455941839047,12.167254871349568,floor_1,1,0,0,0,0,0,0,0-5,medium,73.4,3463769.287804246
https://investmoscow.ru/tenders/tender/19813132,completed,19813132.0,55.7,11399000.0,204649.9102333932,ЮАО,1,15.0,Отдельный,1,0.0,18.004437768205626,18.423611188307746,55.5915163,37.6593429,12652890.0,11.0,9.0,2025.0,Завершено,4.037774210733707,12.229060929667282,floor_1,1,0,0,0,0,0,0,0-5,cheap,55.7,3684606.573065996
https://investmoscow.ru/tenders/tender/19802229,completed,19802229.0,115.8,21612000.0,186632.1243523316,ЮАО,1,15.0,Отдельный,1,40.0,18.004437768205626,18.423611188307746,55.5915163,37.6593429,23773200.0,10.0,16.0,2025.0,Завершено,4.760463070394127,12.136900066927211,floor_1,1,0,0,0,0,0,0,10+,medium,2.824390243902439,3360206.468449568
https://investmoscow.ru/tenders/tender/19760332,completed,19760332.0,106.1,18210000.0,171630.53722902923,ЮАО,1,15.0,Отдельный,1,0.0,18.004437768205626,18.423611188307746,55.5915163,37.6593429,18210000.0,0.0,6.0,2025.0,Завершено,4.673762977453703,12.053105232535852,floor_1,1,0,0,0,0,0,0,0-5,medium,106.1,3090111.326663756
https://investmoscow.ru/tenders/tender/19760353,completed,19760353.0,55.7,10787000.0,193662.4775583483,ЮАО,1,15.0,Отдельный,1,0.0,18.004437768205626,18.423611188307746,55.5915163,37.6593429,14184905.0,31.5,13.0,2025.0,Завершено,4.037774210733707,12.173877280033876,floor_1,1,0,0,0,0,0,0,0-5,cheap,55.7,3486784.0252358005
https://investmoscow.ru/tenders/tender/19762271,completed,19762271.0,73.4,13674000.0,186294.2779291553,ЮАО,1,15.0,Отдельный,1,0.0,18.004437768205626,18.423611188307746,55.5915163,37.6593429,17776200.0,30.0,17.0,2025.0,Завершено,4.309455941839047,12.135088209672396,floor_1,1,0,0,0,0,0,0,0-5,medium,73.4,3354123.7335482794
https://investmoscow.ru/tenders/tender/19762312,completed,19762312.0,112.2,22803000.0,203235.29411764705,ВАО,1,15.0,Отдельный,1,0.0,12.507083700057274,12.317016760832685,55.8069539,37.7922887,45263955.0,98.5,38.0,2025.0,Завершено,4.729156165769083,12.222124591520796,floor_1,1,0,0,0,0,0,0,0-5,medium,112.2,2541880.8343351693
https://investmoscow.ru/tenders/tender/19762327,completed,19762327.0,84.6,17880000.0,211347.51773049647,ВАО,1,15.0,Отдельный,1,0.0,12.507083700057274,12.317016760832685,55.8069539,37.7922887,31290000.0,75.0,32.0,2025.0,Завершено,4.449685283147696,12.261263792629896,floor_1,1,0,0,0,0,0,0,0-5,medium,84.6,2643341.094054658
https://investmoscow.ru/tenders/tender/19762293,completed,19762293.0,93.4,19473000.0,208490.36402569592,ВАО,1,15.0,Отдельный,1,0.0,12.507083700057274,12.317016760832685,55.8069539,37.7922887,23562330.0,21.0,20.0,2025.0,Завершено,4.547541073151455,12.247652899822151,floor_1,1,0,0,0,0,0,0,0-5,medium,93.4,2607606.433524789
https://investmoscow.ru/tenders/tender/19762411,completed,19762411.0,95.6,19816000.0,207280.3347280335,ВАО,1,15.0,Отдельный,1,0.0,13.062593492035289,12.877710361215309,55.8079102,37.8015009,47360240.0,139.0,52.0,2025.0,Завершено,4.570578741218473,12.241832254466676,floor_1,1,0,0,0,0,0,0,0-5,medium,95.6,2707618.7514453065
https://investmoscow.ru/tenders/tender/19762376,completed,19762376.0,130.2,25745000.0,197734.2549923196,ВАО,1,15.0,Отдельный,1,0.0,13.062593492035289,12.877710361215309,55.8079102,37.8015009,54450675.0,111.5,48.0,2025.0,Завершено,4.876722876509988,12.1946843189678,floor_1,1,0,0,0,0,0,0,0-5,expensive,130.2,2582922.19241512
https://investmoscow.ru/tenders/tender/19762349,completed,19762349.0,55.5,12509000.0,225387.3873873874,ВАО,1,15.0,Отдельный,1,0.0,13.062593492035289,12.877710361215309,55.8079102,37.8015009,21515480.0,72.0,36.0,2025.0,Завершено,4.034240638152395,12.325580359240147,floor_1,1,0,0,0,0,0,0,0-5,cheap,55.5,2944143.819673323
https://investmoscow.ru/tenders/tender/19762396,completed,19762396.0,43.7,10203000.0,233478.2608695652,ВАО,1,15.0,Отдельный,1,0.0,13.062593492035289,12.877710361215309,55.8079102,37.8015009,22242540.0,118.0,49.0,2025.0,Завершено,3.7999735016195233,12.360848533600729,floor_1,1,0,0,0,0,1,0,0-5,cheap,43.7,3049831.6109664994
https://investmoscow.ru/tenders/tender/19815571,completed,19815571.0,290.1,40791000.0,140610.13443640122,СВАО,basement,8.0,Отдельный,1,0.0,9.059464303336288,0.5998799829325641,55.8316477,37.6491641,42830550.0,5.0,16.0,2025.0,Завершено,5.6736668507515775,11.853753447516196,basement,0,1,0,0,0,0,0,0-5,expensive,290.1,1273852.4936138934
https://investmoscow.ru/tenders/tender/19786560,completed,19786560.0,290.1,40791000.0,140610.13443640122,СВАО,basement,8.0,Отдельный,1,0.0,9.059464303336288,0.5998799829325641,55.8316477,37.6491641,,0.0,0.0,2025.0,Завершено,5.6736668507515775,11.853753447516196,basement,0,1,0,0,0,0,0,0-5,expensive,290.1,1273852.4936138934
https://investmoscow.ru/tenders/tender/19763726,completed,19763726.0,290.1,40791000.0,140610.13443640122,СВАО,basement,8.0,Отдельный,1,0.0,9.059464303336288,0.5998799829325641,55.8316477,37.6491641,,0.0,0.0,2025.0,Завершено,5.6736668507515775,11.853753447516196,basement,0,1,0,0,0,0,0,0-5,expensive,290.1,1273852.4936138934
https://investmoscow.ru/tenders/tender/19765523,completed,19765523.0,96.3,13020000.0,135202.49221183802,СВАО,1,15.0,Отдельный,1,1.0,9.561605314802136,0.8057020297056162,55.8372516,37.6394335,13020000.0,0.0,2.0,2025.0,Завершено,4.577798989191959,11.81453627222663,floor_1,1,0,0,0,0,0,0,0-5,medium,48.15,1292752.8681072048
https://investmoscow.ru/tenders/tender/19765358,completed,19765358.0,123.4,21871000.0,177236.62884927067,САО,1,17.0,Отдельный,1,0.0,15.15293685542964,7.0197510988227085,55.8704419,37.4968888,,0.0,0.0,2025.0,Завершено,4.823502180305079,12.085246647032054,floor_1,1,0,0,0,0,0,0,0-5,medium,123.4,2685655.4454222177
https://investmoscow.ru/tenders/tender/19625095,completed,19625095.0,16.2,3055000.0,188580.24691358025,Зеленоград,1,2.0,Отдельный,1,1.0,,,,,,0.0,0.0,2025.0,Завершено,2.844909383819408,12.14728421111776,floor_1,1,0,0,0,0,1,0,0-5,cheap,8.1,2371319.823195591
https://investmoscow.ru/tenders/tender/19760962,completed,19760962.0,127.8,31006000.0,242613.45852895148,ЮЗАО,1,14.0,Отдельный,1,0.0,10.620733731746885,1.424927475400801,55.6596007,37.5733458,43408400.0,40.0,20.0,2025.0,Завершено,4.858260813670253,12.399228871939396,floor_1,1,0,0,0,0,0,0,0-5,expensive,127.8,2576732.9427742087
https://investmoscow.ru/tenders/tender/19952003,completed,19952003.0,120.0,35891000.0,299091.6666666667,САО,1,22.0,Отдельный,1,33.0,12.98347810342819,12.61231864805526,55.8535505,37.5143618,,0.0,0.0,2026.0,Завершено,4.795790545596741,12.608508726319029,floor_1,1,0,0,0,0,0,0,10+,expensive,3.5294117647058822,3883250.10508451
https://investmoscow.ru/tenders/tender/19897608,completed,19897608.0,120.0,35891000.0,299091.6666666667,САО,1,22.0,Отдельный,1,0.0,12.98347810342819,12.61231864805526,55.8535505,37.5143618,,0.0,0.0,2025.0,Завершено,4.795790545596741,12.608508726319029,floor_1,1,0,0,0,0,0,0,0-5,expensive,120.0,3883250.10508451
https://investmoscow.ru/tenders/tender/19848126,completed,19848126.0,120.0,35891000.0,299091.6666666667,САО,1,22.0,Отдельный,1,0.0,12.98347810342819,12.61231864805526,55.8535505,37.5143618,,0.0,0.0,2025.0,Завершено,4.795790545596741,12.608508726319029,floor_1,1,0,0,0,0,0,0,0-5,expensive,120.0,3883250.10508451
https://investmoscow.ru/tenders/tender/19800868,completed,19800868.0,120.0,35866000.0,298883.3333333333,САО,1,22.0,Отдельный,1,0.0,12.98347810342819,12.61231864805526,55.8535505,37.5143618,,0.0,0.0,2025.0,Завершено,4.795790545596741,12.60781193248996,floor_1,1,0,0,0,0,0,0,0-5,expensive,120.0,3880545.213812962
https://investmoscow.ru/tenders/tender/19783904,completed,19783904.0,120.0,35866000.0,298883.3333333333,САО,1,22.0,Отдельный,1,0.0,12.98347810342819,12.61231864805526,55.8535505,37.5143618,,0.0,0.0,2025.0,Завершено,4.795790545596741,12.60781193248996,floor_1,1,0,0,0,0,0,0,0-5,expensive,120.0,3880545.213812962
https://investmoscow.ru/tenders/tender/19760920,completed,19760920.0,120.0,35866000.0,298883.3333333333,САО,1,22.0,Отдельный,1,0.0,12.98347810342819,12.61231864805526,55.8535505,37.5143618,,0.0,0.0,2025.0,Завершено,4.795790545596741,12.60781193248996,floor_1,1,0,0,0,0,0,0,0-5,expensive,120.0,3880545.213812962
https://investmoscow.ru/tenders/tender/19765226,completed,19765226.0,72.1,11246000.0,155977.80859916782,ЗАО,1,15.0,Отдельный,1,1.0,13.703409125299451,6.120253834809946,55.7404584,37.3990944,11246000.0,0.0,2.0,2025.0,Завершено,4.291828366755733,11.957475434691244,floor_1,1,0,0,0,0,0,0,0-5,cheap,36.05,2137427.725702048
https://investmoscow.ru/tenders/tender/19765536,completed,19765536.0,14.4,3538000.0,245694.44444444444,ЦАО,1,15.0,Отдельный,1,1.0,1.9680605892374947,2.140322153597773,55.7458443,37.5879547,7429800.0,110.0,7.0,2025.0,Завершено,2.734367509419584,12.41184801720773,floor_1,1,0,0,0,0,1,1,0-5,cheap,7.2,483541.5531057122
https://investmoscow.ru/tenders/tender/19765362,completed,19765362.0,183.8,31268700.0,170123.50380848747,САО,basement,15.0,Вход через места общего пользования,1,1.0,6.76757698881346,3.633857403346859,55.7778139,37.519353,31268700.0,0.0,1.0,2025.0,Завершено,5.219274159207584,12.044285823320491,basement,0,1,0,0,0,0,0,0-5,expensive,91.9,1151323.9096306388
https://investmoscow.ru/tenders/tender/19765189,completed,19765189.0,372.4,33522000.0,90016.11170784103,СВАО,1,8.0,Отдельный,1,1.0,5.273617820953662,5.112069583597068,55.7958462,37.584991,48606900.0,45.0,4.0,2025.0,Завершено,5.922650231107622,11.40775506132709,floor_1,1,0,0,0,0,0,0,0-5,expensive,186.2,474710.57087542606
https://investmoscow.ru/tenders/tender/19765168,completed,19765168.0,105.0,6453900.0,61465.71428571428,ЮАО,basement,5.0,Вход через места общего пользования,1,0.0,10.334247986197916,1.868948776743464,55.6589112,37.6202144,6453900.0,0.0,2.0,2025.0,Завершено,4.663439094112067,11.026251076149578,basement,0,1,0,0,0,0,0,0-5,cheap,105.0,635201.9340773593
https://investmoscow.ru/tenders/tender/19765401,completed,19765401.0,87.5,20146000.0,230240.0,САО,1,15.0,Отдельный,1,1.0,16.25443982150104,7.841494969884935,55.8694585,37.4621135,23167900.0,15.0,5.0,2025.0,Завершено,4.483002552013883,12.346881865405717,floor_1,1,0,0,0,0,0,0,0-5,medium,43.75,3742422.2245024
https://investmoscow.ru/tenders/tender/19764707,completed,19764707.0,58.1,8096000.0,139345.9552495697,ЮВАО,1,15.0,Отдельный,1,0.0,16.75185825979195,16.894696593201306,55.7063062,37.8730794,,0.0,0.0,2025.0,Завершено,4.079230924412053,11.844722183009168,floor_1,1,0,0,0,0,0,0,0-5,cheap,58.1,2334303.6914161034
https://investmoscow.ru/tenders/tender/19764610,completed,19764610.0,104.2,13318000.0,127811.90019193858,ЮВАО,1,15.0,Отдельный,1,0.0,16.75185825979195,16.894696593201306,55.7063062,37.8730794,,0.0,0.0,2025.0,Завершено,4.65586330030361,11.758322756300428,floor_1,1,0,0,0,0,0,0,0-5,medium,104.2,2141086.8359300303
https://investmoscow.ru/tenders/tender/19765566,completed,19765566.0,11.5,3172000.0,275826.0869565217,ЮЗАО,1,9.0,Вход через места общего пользования,1,0.0,17.701501160845105,7.919210658041751,55.6040223,37.511864,3172000.0,0.0,3.0,2025.0,Завершено,2.525728644308256,12.527529451833988,floor_1,1,0,0,0,0,1,0,0-5,cheap,11.5,4882535.798452232
https://investmoscow.ru/tenders/tender/19786627,completed,19786627.0,146.4,21511000.0,146933.06010928962,ВАО,1,15.0,Вход через подъезд,1,1.0,6.230852273867131,5.810480211998052,55.7324668,37.7110108,21511000.0,0.0,2.0,2025.0,Завершено,4.993149979755236,11.897739194437843,floor_1,1,0,0,0,0,0,0,0-5,medium,73.2,915518.1916882232
https://investmoscow.ru/tenders/tender/19764071,completed,19764071.0,146.4,21511000.0,146933.06010928962,ВАО,1,15.0,Вход через подъезд,1,1.0,6.230852273867131,5.810480211998052,55.7324668,37.7110108,,0.0,0.0,2025.0,Завершено,4.993149979755236,11.897739194437843,floor_1,1,0,0,0,0,0,0,0-5,medium,73.2,915518.1916882232
https://investmoscow.ru/tenders/tender/19783843,completed,19783843.0,232.3,16624000.0,71562.634524322,САО,basement,3.0,Отдельный,1,0.0,4.838856858522535,3.657469475379031,55.7878317,37.5733817,23273600.0,40.0,8.0,2025.0,Завершено,5.452325179027384,11.178342326220008,basement,0,1,0,0,0,0,1,0-5,medium,232.3,346281.34488195705
https://investmoscow.ru/tenders/tender/19764061,completed,19764061.0,277.9,16213000.0,58341.12990284275,ВАО,basement,5.0,Вход через подъезд,1,1.0,10.242829493775426,3.947627875490639,55.749126,37.7813893,16213000.0,0.0,1.0,2025.0,Завершено,5.630853294633443,10.974079751203062,basement,0,1,0,0,0,0,0,0-5,medium,138.95,597578.2460690212
https://investmoscow.ru/tenders/tender/19765165,completed,19765165.0,54.1,5838000.0,107911.27541589648,ЮВАО,1,15.0,Вход через места общего пользования,1,1.0,19.955366550388646,20.12742079279502,55.6844757,37.9135595,5838000.0,0.0,2.0,2025.0,Завершено,4.009149716158869,11.58907391137304,floor_1,1,0,0,0,0,0,0,0-5,cheap,27.05,2153409.055844157
https://investmoscow.ru/tenders/tender/19786847,completed,19786847.0,225.7,18183000.0,80562.69384138237,ЦАО,basement,15.0,Вход через места общего пользования,1,1.0,2.960809472120493,2.5904123169215008,55.775481,37.5950137,20001300.0,10.0,2.0,2025.0,Завершено,5.423627557513483,11.29680337839418,basement,0,1,0,0,0,0,1,0-5,medium,112.85,238530.78702510823
https://investmoscow.ru/tenders/tender/19765722,completed,19765722.0,225.7,18183000.0,80562.69384138237,ЦАО,basement,15.0,Вход через места общего пользования,1,1.0,2.960809472120493,2.5904123169215008,55.775481,37.5950137,,0.0,0.0,2025.0,Завершено,5.423627557513483,11.29680337839418,basement,0,1,0,0,0,0,1,0-5,medium,112.85,238530.78702510823
https://investmoscow.ru/tenders/tender/19786894,completed,19786894.0,37.9,6612000.0,174459.10290237467,ЮАО,1,15.0,Вход через места общего пользования,1,1.0,15.944393638113777,6.952470240158673,55.6275546,37.7449762,,0.0,0.0,2025.0,Завершено,3.6609942506244,12.069451357820665,floor_1,1,0,0,0,0,1,0,0-5,cheap,18.95,2781644.6104276595
https://investmoscow.ru/tenders/tender/19763920,completed,19763920.0,37.9,6612000.0,174459.10290237467,ЮАО,1,15.0,Вход через места общего пользования,1,1.0,15.944393638113777,6.952470240158673,55.6275546,37.7449762,,0.0,0.0,2025.0,Завершено,3.6609942506244,12.069451357820665,floor_1,1,0,0,0,0,1,0,0-5,cheap,18.95,2781644.6104276595
https://investmoscow.ru/tenders/tender/19786813,completed,19786813.0,274.7,49875300.0,181562.79577721152,ЦАО,basement,6.0,Вход через места общего пользования,1,1.0,4.644673932013246,4.934019855306498,55.7233758,37.563266,,0.0,0.0,2025.0,Завершено,5.619313318029751,12.109362362813703,basement,0,1,0,0,0,0,1,0-5,expensive,137.35,843299.984569859
https://investmoscow.ru/tenders/tender/19764183,completed,19764183.0,274.7,49875300.0,181562.79577721152,ЦАО,basement,6.0,Вход через места общего пользования,1,1.0,4.644673932013246,4.934019855306498,55.7233758,37.563266,,0.0,0.0,2025.0,Завершено,5.619313318029751,12.109362362813703,basement,0,1,0,0,0,0,1,0-5,expensive,137.35,843299.984569859
https://investmoscow.ru/tenders/tender/19773496,completed,19773496.0,134.4,12336000.0,91785.71428571428,ВАО,basement,5.0,Отдельный,1,0.0,13.450155647927824,4.606300141345316,55.7939673,37.8194861,,0.0,0.0,2025.0,Завершено,4.908233360478175,11.427222841578484,basement,0,1,0,0,0,0,0,0-5,cheap,134.4,1234532.143399089
https://investmoscow.ru/tenders/tender/19766399,completed,19766399.0,217.1,15618000.0,71939.19852602488,ВАО,basement,5.0,Вход через места общего пользования,1,0.0,13.450155647927824,4.606300141345316,55.7939673,37.8194861,,0.0,0.0,2025.0,Завершено,5.384953673207583,11.18359047685138,basement,0,1,0,0,0,0,0,0-5,medium,217.1,967593.4173622144
https://investmoscow.ru/tenders/tender/19761418,completed,19761418.0,193.5,14586000.0,75379.8449612403,ВАО,basement,9.0,Вход через места общего пользования,1,0.0,10.975241483211406,2.8127021796333334,55.8033049,37.7676909,,0.0,0.0,2025.0,Завершено,5.270432163058501,11.230308476114104,basement,0,1,0,0,0,0,0,0-5,medium,193.5,827312.0014166489
https://investmoscow.ru/tenders/tender/19766108,completed,19766108.0,17.1,3589000.0,209883.0409356725,ЮАО,1,16.0,Вход через подъезд,1,0.0,17.0441990061929,7.681542799164861,55.5991422,37.5915969,,0.0,0.0,2025.0,Завершено,2.89591193827178,12.254310471168152,floor_1,1,0,0,0,0,1,0,0-5,cheap,17.1,3577288.317732533
https://investmoscow.ru/tenders/tender/19766408,completed,19766408.0,27.6,6150000.0,222826.08695652173,ЮАО,1,9.0,Вход через места общего пользования,1,0.0,16.559461849528724,6.5094705533062855,55.612285,37.7104389,,0.0,0.0,2025.0,Завершено,3.353406717825807,12.314151354854404,floor_1,1,0,0,0,0,1,0,0-5,cheap,27.6,3689880.086036291
https://investmoscow.ru/tenders/tender/19766740,completed,19766740.0,58.9,8489000.0,144125.636672326,ЮАО,1,15.0,Вход через места общего пользования,1,1.0,15.201654618036969,6.151892575423806,55.6158932,37.5905082,,0.0,0.0,2025.0,Завершено,4.092676505121403,11.878447613429351,floor_1,1,0,0,0,0,0,0,0-5,cheap,29.45,2190948.150297383
https://investmoscow.ru/tenders/tender/19785887,completed,19785887.0,364.2,15354000.0,42158.15485996705,СВАО,basement,5.0,Вход через места общего пользования,1,0.0,6.789899333727811,3.683736872598513,55.8113432,37.5911331,,0.0,0.0,2025.0,Завершено,5.900445148720813,10.649207136998358,basement,0,1,0,0,0,0,0,0-5,medium,364.2,286249.62759488414
https://investmoscow.ru/tenders/tender/19761531,completed,19761531.0,364.2,15354000.0,42158.15485996705,СВАО,basement,5.0,Вход через места общего пользования,1,0.0,6.789899333727811,3.683736872598513,55.8113432,37.5911331,,0.0,0.0,2025.0,Завершено,5.900445148720813,10.649207136998358,basement,0,1,0,0,0,0,0,0-5,medium,364.2,286249.62759488414
https://investmoscow.ru/tenders/tender/19766630,completed,19766630.0,267.9,61877000.0,230970.5113848451,СВАО,1,15.0,Отдельный,1,1.0,6.9565343492398535,1.88747747524941,55.8130586,37.6426017,61877000.0,0.0,2.0,2025.0,Завершено,5.5943395632748185,12.350049654560156,floor_1,1,0,0,0,0,0,0,0-5,expensive,133.95,1606754.2961101695
https://investmoscow.ru/tenders/tender/19765423,completed,19765423.0,144.5,10806000.0,74782.00692041522,ЮАО,basement,6.0,Вход через подъезд,1,0.0,3.8673618844894926,6.592539955734849,55.7172502,37.6219789,10806000.0,0.0,1.0,2025.0,Завершено,4.980176086611547,11.222345957944883,basement,0,1,0,0,0,0,1,0-5,cheap,144.5,289209.0832096433
https://investmoscow.ru/tenders/tender/19766883,completed,19766883.0,157.8,10812000.0,68517.1102661597,ЮАО,basement,6.0,Вход через подъезд,1,1.0,3.8673618844894926,6.592539955734849,55.7172502,37.6219789,10812000.0,0.0,1.0,2025.0,Завершено,5.067645548813036,11.134853372754758,basement,0,1,0,0,0,0,1,0-5,cheap,78.9,264980.46067870973
https://investmoscow.ru/tenders/tender/19946236,completed,19946236.0,164.4,40698000.0,247554.74452554743,ВАО,1,16.0,Отдельный,1,3.0,12.946516432983636,4.496060534244225,55.8110738,37.7962012,40698000.0,0.0,1.0,2026.0,Завершено,5.108366782589591,12.419391066036576,floor_1,1,0,0,0,0,0,0,0-5,expensive,41.1,3204971.5680630654
https://investmoscow.ru/tenders/tender/19682695,completed,19682695.0,116.2,34955100.0,300818.4165232358,ВАО,1,16.0,Отдельный,1,3.0,12.946516432983636,4.496060534244225,55.8110738,37.7962012,,0.0,0.0,2025.0,Завершено,4.763881877142913,12.614265418586406,floor_1,1,0,0,0,0,0,0,0-5,expensive,29.05,3894550.572862188
https://investmoscow.ru/tenders/tender/19684066,completed,19684066.0,92.6,35432400.0,382639.3088552916,ЦАО,1,9.0,Отдельный,1,7.0,4.857098181566465,4.581094103403423,55.7826215,37.6730423,35432400.0,0.0,1.0,2025.0,Завершено,4.539030383483547,12.854850685523234,floor_1,1,0,0,0,0,0,1,5-10,expensive,11.575,1858516.6912368853
https://investmoscow.ru/tenders/tender/19684062,completed,19684062.0,95.9,42341200.0,441514.0771637122,ЦАО,1,9.0,Отдельный,1,8.0,4.857098181566465,4.581094103403423,55.7826215,37.6730423,42341200.0,0.0,1.0,2025.0,Завершено,4.5736795188967205,12.99796744830424,floor_1,1,0,0,0,0,0,1,5-10,expensive,10.655555555555557,2144477.2213278622
https://investmoscow.ru/tenders/tender/19768439,completed,19768439.0,71.9,7394000.0,102837.27399165506,ВАО,basement,12.0,Отдельный,1,0.0,12.09024777968254,3.2470856233085104,55.7899169,37.798937,7394000.0,0.0,2.0,2025.0,Завершено,4.289088639014612,11.540912877805056,basement,0,1,0,0,0,0,0,0-5,cheap,71.9,1243328.123546213
https://investmoscow.ru/tenders/tender/19768746,completed,19768746.0,80.5,13699000.0,170173.91304347827,Зеленоград,1,17.0,Отдельный,1,0.0,36.6619228994357,2.5074808578128245,55.991971,37.214241,13699000.0,0.0,2.0,2025.0,Завершено,4.400603020246817,12.04458208733308,floor_1,1,0,0,0,0,0,0,0-5,medium,80.5,6238902.879495276
https://investmoscow.ru/tenders/tender/19668023,completed,19668023.0,126.9,26726700.0,210612.29314420803,САО,1,17.0,Отдельный,1,36.0,15.55190301485546,7.6007599975318945,55.8770414,37.5051933,,0.0,0.0,2025.0,Завершено,4.851248708584797,12.257778997032876,floor_1,1,0,0,0,0,0,0,10+,expensive,3.42972972972973,3275421.956715031
https://investmoscow.ru/tenders/tender/19667424,completed,19667424.0,126.8,26228700.0,206850.94637223976,САО,1,17.0,Отдельный,1,36.0,15.55190301485546,7.6007599975318945,55.8770414,37.5051933,,0.0,0.0,2025.0,Завершено,4.850466541943434,12.23975858142827,floor_1,1,0,0,0,0,0,0,10+,expensive,3.427027027027027,3216925.8565121405
https://investmoscow.ru/tenders/tender/19779295,completed,19779295.0,150.3,45305000.0,301430.4723885562,САО,1,15.0,Отдельный,1,0.0,6.307087447638991,2.214454975809508,55.7922667,37.5462646,,0.0,0.0,2025.0,Завершено,5.01926462079431,12.61629798038849,floor_1,1,0,0,0,0,0,0,0-5,expensive,150.3,1901148.3487377544
https://investmoscow.ru/tenders/tender/19766535,completed,19766535.0,150.3,45305000.0,301430.4723885562,САО,1,15.0,Отдельный,1,0.0,6.307087447638991,2.214454975809508,55.7922667,37.5462646,,0.0,0.0,2025.0,Завершено,5.01926462079431,12.61629798038849,floor_1,1,0,0,0,0,0,0,0-5,expensive,150.3,1901148.3487377544
https://investmoscow.ru/tenders/tender/19769752,completed,19769752.0,131.3,10299600.0,78443.25971058644,ЮЗАО,basement,15.0,Отдельный,1,0.0,13.603804606105207,3.852576158852602,55.6400294,37.5289617,10299600.0,0.0,2.0,2025.0,Завершено,4.88507207112091,11.27014358417219,basement,0,1,0,0,0,0,0,0-5,cheap,131.3,1067126.7777687828
https://investmoscow.ru/tenders/tender/19769565,completed,19769565.0,278.5,27779000.0,99745.06283662475,ЮАО,basement,5.0,Отдельный,1,0.0,6.682475454898059,4.367440455191419,55.6919726,37.6093475,,0.0,0.0,2025.0,Завершено,5.633002292595154,11.51038286366361,basement,0,1,0,0,0,0,0,0-5,expensive,278.5,666543.9341530094
https://investmoscow.ru/tenders/tender/19940302,completed,19940302.0,39.4,13913100.0,353124.3654822335,ЦАО,mezzanine,9.0,Вход через места общего пользования,1,1.0,,,,,,0.0,0.0,2026.0,Завершено,3.698829784967105,12.774578415876242,other,0,0,1,0,0,1,0,0-5,medium,19.7,4440395.118928459
https://investmoscow.ru/tenders/tender/19879972,completed,19879972.0,39.4,13913100.0,353124.3654822335,ЦАО,mezzanine,9.0,Вход через места общего пользования,1,1.0,,,,,,0.0,0.0,2025.0,Завершено,3.698829784967105,12.774578415876242,other,0,0,1,0,0,1,0,0-5,medium,19.7,4440395.118928459
https://investmoscow.ru/tenders/tender/19769575,completed,19769575.0,39.4,14651000.0,371852.7918781726,ЦАО,mezzanine,15.0,Вход через места общего пользования,1,1.0,,,,,,0.0,0.0,2025.0,Завершено,3.698829784967105,12.826256023412176,other,0,0,1,0,0,1,0,0-5,medium,19.7,4675897.455449961
https://investmoscow.ru/tenders/tender/19769805,completed,19769805.0,73.5,12306600.0,167436.73469387754,САО,1,15.0,Отдельный,1,0.0,9.490971260583263,1.3716588011279636,55.8223412,37.5311217,12306600.0,0.0,1.0,2025.0,Завершено,4.310799125385514,12.028366827966476,floor_1,1,0,0,0,0,0,0,0-5,cheap,73.5,1589137.2369454964
https://investmoscow.ru/tenders/tender/19770588,completed,19770588.0,31.3,6709500.0,214361.02236421724,ЮЗАО,1,17.0,Отдельный,1,0.0,9.703587149506548,0.2441010902092892,55.6699498,37.5638984,12412575.0,85.0,15.0,2025.0,Завершено,3.475067230228611,12.27542155799336,floor_1,1,0,0,0,0,1,0,0-5,cheap,31.3,2080070.8619685045
https://investmoscow.ru/tenders/tender/19791726,completed,19791726.0,304.6,47499000.0,155938.93630991463,ЮЗАО,1,18.0,Отдельный,1,0.0,12.288552174243758,3.0724866631116896,55.6569143,37.5167493,,0.0,0.0,2025.0,Завершено,5.722277057292366,11.957226188436644,floor_1,1,0,0,0,0,0,0,0-5,expensive,304.6,1916263.7548404604
https://investmoscow.ru/tenders/tender/19771078,completed,19771078.0,304.6,47499000.0,155938.93630991463,ЮЗАО,1,18.0,Отдельный,1,0.0,12.288552174243758,3.0724866631116896,55.6569143,37.5167493,,0.0,0.0,2025.0,Завершено,5.722277057292366,11.957226188436644,floor_1,1,0,0,0,0,0,0,0-5,expensive,304.6,1916263.7548404604
https://investmoscow.ru/tenders/tender/19769585,completed,19769585.0,68.6,6244000.0,91020.40816326533,ЦАО,basement,15.0,Вход через подъезд,1,1.0,3.252317152079476,3.069783804114356,55.765437,37.571234,13112400.0,110.0,8.0,2025.0,Завершено,4.242764567340374,11.418850012372356,basement,0,1,0,0,0,0,1,0-5,cheap,34.3,296027.2346586626
https://investmoscow.ru/tenders/tender/19773750,completed,19773750.0,38.7,3098000.0,80051.6795865633,ЮАО,basement,12.0,Вход через места общего пользования,1,0.0,13.66393958491753,3.380572614374357,55.6334627,37.6764912,5731300.0,85.0,13.0,2025.0,Завершено,3.681351187693145,11.290440191775469,basement,0,1,0,0,0,1,0,0-5,cheap,38.7,1093821.313541977
https://investmoscow.ru/tenders/tender/19504695,completed,19504695.0,169.9,43272900.0,254696.2919364332,ЗАО,1,24.0,Отдельный,1,12.0,15.747523180702364,15.434289075850844,55.8570225,37.4480196,,0.0,0.0,2025.0,Завершено,5.141078590121546,12.447831028545234,floor_1,1,0,0,0,0,0,0,10+,expensive,13.069230769230767,4010835.76130792
https://investmoscow.ru/tenders/tender/19998781,completed,19998781.0,177.3,41245000.0,232628.31359278056,СВАО,1,22.0,Отдельный,1,5.0,8.007390632011646,3.693631536271645,55.821437,37.5827485,,0.0,0.0,2026.0,Завершено,5.183467524869095,12.35720153689044,floor_1,1,0,0,0,0,0,0,0-5,expensive,29.55,1862745.7790034984
https://investmoscow.ru/tenders/tender/19536699,completed,19536699.0,177.3,45926400.0,259032.1489001692,СВАО,1,22.0,Отдельный,1,4.0,8.007390632011646,3.693631536271645,55.821437,37.5827485,,0.0,0.0,2025.0,Завершено,5.183467524869095,12.464711320523447,floor_1,1,0,0,0,0,0,0,0-5,expensive,35.46,2074171.6024930608
https://investmoscow.ru/tenders/tender/19987430,completed,19987430.0,164.2,36378000.0,221546.89403166872,ВАО,1,23.0,Отдельный,1,7.0,6.045562603887806,2.994370086536309,55.7634538,37.7121141,,0.0,0.0,2026.0,Завершено,5.107156861086878,12.30839407097049,floor_1,1,0,0,0,0,0,0,5-10,expensive,20.525,1339375.6175653508
https://investmoscow.ru/tenders/tender/19945147,completed,19945147.0,164.2,36378000.0,221546.89403166872,ВАО,1,23.0,Отдельный,1,7.0,6.045562603887806,2.994370086536309,55.7634538,37.7121141,,0.0,0.0,2026.0,Завершено,5.107156861086878,12.30839407097049,floor_1,1,0,0,0,0,0,0,5-10,expensive,20.525,1339375.6175653508
https://investmoscow.ru/tenders/tender/19606597,completed,19606597.0,164.2,40031700.0,243798.4165651645,ВАО,1,23.0,Отдельный,1,7.0,6.045562603887806,2.994370086536309,55.7634538,37.7121141,,0.0,0.0,2025.0,Завершено,5.107156861086878,12.404101102938522,floor_1,1,0,0,0,0,0,0,5-10,expensive,20.525,1473898.5900734195
https://investmoscow.ru/tenders/tender/19726281,completed,19726281.0,148.8,43639900.0,293278.89784946234,ВАО,1,13.0,Отдельный,1,1.0,7.521328851007426,1.3919523091640222,55.7723338,37.7323535,,0.0,0.0,2025.0,Завершено,5.00930107108312,12.588882714769674,floor_1,1,0,0,0,0,0,0,0-5,expensive,74.4,2205847.035786821
https://investmoscow.ru/tenders/tender/19771976,completed,19771976.0,1072.4,196659500.0,183382.5997762029,САО,1,14.0,Отдельный,1,0.0,8.77592626153735,2.7150029352004417,55.8251461,37.5641777,257623945.0,31.0,4.0,2025.0,Завершено,6.978586459742728,12.119335411557383,floor_1,1,0,0,0,0,0,0,0-5,expensive,1072.4,1609352.1732849723
https://investmoscow.ru/tenders/tender/19824658,completed,19824658.0,512.0,58393000.0,114048.828125,ЮАО,basement,7.0,Отдельный,1,0.0,4.791255068332718,5.833338703424311,55.7088482,37.6156425,61312650.0,5.0,11.0,2025.0,Завершено,6.240275845170769,11.644390720696933,basement,0,1,0,0,0,0,1,0-5,expensive,512.0,546437.0257913133
https://investmoscow.ru/tenders/tender/19795305,completed,19795305.0,512.0,58393000.0,114048.828125,ЮАО,basement,7.0,Отдельный,1,0.0,4.791255068332718,5.833338703424311,55.7088482,37.6156425,,0.0,0.0,2025.0,Завершено,6.240275845170769,11.644390720696933,basement,0,1,0,0,0,0,1,0-5,expensive,512.0,546437.0257913133
https://investmoscow.ru/tenders/tender/19771952,completed,19771952.0,512.0,58393000.0,114048.828125,ЮАО,basement,7.0,Отдельный,1,0.0,4.791255068332718,5.833338703424311,55.7088482,37.6156425,,0.0,0.0,2025.0,Завершено,6.240275845170769,11.644390720696933,basement,0,1,0,0,0,0,1,0-5,expensive,512.0,546437.0257913133
https://investmoscow.ru/tenders/tender/19828745,completed,19828745.0,46.9,6446000.0,137441.36460554373,ВАО,1,1.0,Вход через места общего пользования,1,10.0,14.247937024095538,15.126799116816326,55.6438318,37.7402979,7412900.0,15.0,4.0,2025.0,Завершено,3.8691155044168695,11.83095994170879,floor_1,1,0,0,0,0,1,0,5-10,cheap,4.263636363636364,1958255.9074055408
https://investmoscow.ru/tenders/tender/19775843,completed,19775843.0,172.1,22564000.0,131109.81987216734,ВАО,1,15.0,Отдельный,1,0.0,14.247937024095538,15.126799116816326,55.6438318,37.7402979,29333200.0,30.0,4.0,2025.0,Завершено,5.153869462182164,11.783798197789183,floor_1,1,0,0,0,0,0,0,0-5,medium,172.1,1868044.45677915
https://investmoscow.ru/tenders/tender/19792528,completed,19792528.0,438.7,23367000.0,53264.18965124231,ЗАО,basement,4.0,Отдельный,1,0.0,13.79264137558197,12.694411315478588,55.8319468,37.4484737,,0.0,0.0,2025.0,Завершено,6.086092676186764,10.883038294561672,basement,0,1,0,0,0,0,0,0-5,medium,438.7,734653.8660205697
https://investmoscow.ru/tenders/tender/19776215,completed,19776215.0,438.7,23367000.0,53264.18965124231,ЗАО,basement,15.0,Отдельный,1,0.0,13.79264137558197,12.694411315478588,55.8319468,37.4484737,,0.0,0.0,2025.0,Завершено,6.086092676186764,10.883038294561672,basement,0,1,0,0,0,0,0,0-5,medium,438.7,734653.8660205697
https://investmoscow.ru/tenders/tender/19771201,completed,19771201.0,75.9,8870000.0,116864.29512516467,СВАО,basement,5.0,Вход через подъезд,1,1.0,7.216498568571657,1.5747430580583566,55.8158151,37.6395786,,0.0,0.0,2025.0,Завершено,4.342505876511599,11.668777226781051,basement,0,1,0,0,0,0,0,0-5,cheap,37.95,843351.0184878865
https://investmoscow.ru/tenders/tender/19773070,completed,19773070.0,221.6,20137000.0,90870.93862815884,САО,basement,5.0,Отдельный,1,0.0,7.185815079465696,1.3049664771708267,55.7994595,37.539266,,0.0,0.0,2025.0,Завершено,5.4053764388414445,11.417206526545227,basement,0,1,0,0,0,0,0,0-5,medium,221.6,652981.7610794256
https://investmoscow.ru/tenders/tender/19797998,completed,19797998.0,278.8,43568000.0,156269.72740315637,ВАО,1,5.0,Отдельный,1,0.0,11.840351236663713,4.790265492028674,55.8228441,37.7592027,43568000.0,0.0,1.0,2025.0,Завершено,5.634075062231381,11.9593452141809,floor_1,1,0,0,0,0,0,0,0-5,expensive,278.8,1850288.460111064
https://investmoscow.ru/tenders/tender/19775533,completed,19775533.0,278.8,43568000.0,156269.72740315637,ВАО,1,5.0,Отдельный,1,0.0,11.840351236663713,4.790265492028674,55.8228441,37.7592027,,0.0,0.0,2025.0,Завершено,5.634075062231381,11.9593452141809,floor_1,1,0,0,0,0,0,0,0-5,expensive,278.8,1850288.460111064
https://investmoscow.ru/tenders/tender/19777658,completed,19777658.0,137.3,17238000.0,125549.89075018208,ВАО,1,16.0,Отдельный,1,0.0,14.027468972378928,5.308182411469636,55.808319,37.8185218,21547500.0,25.0,6.0,2025.0,Завершено,4.929425238670713,11.740466459344969,floor_1,1,0,0,0,0,0,0,0-5,medium,137.3,1761147.1969837432
https://investmoscow.ru/tenders/tender/19798058,completed,19798058.0,152.2,30152000.0,198107.752956636,ЗАО,1,20.0,Отдельный,1,8.0,7.565862480170809,2.19648601617648,55.7391945,37.4985411,,0.0,0.0,2025.0,Завершено,5.0317442573064906,12.196571416246808,floor_1,1,0,0,0,0,0,0,5-10,expensive,16.91111111111111,1498856.01512556
https://investmoscow.ru/tenders/tender/19778388,completed,19778388.0,152.2,30152000.0,198107.752956636,ЗАО,1,20.0,Отдельный,1,8.0,7.565862480170809,2.19648601617648,55.7391945,37.4985411,,0.0,0.0,2025.0,Завершено,5.0317442573064906,12.196571416246808,floor_1,1,0,0,0,0,0,0,5-10,expensive,16.91111111111111,1498856.01512556
https://investmoscow.ru/tenders/tender/19778262,completed,19778262.0,11.2,2696000.0,240714.2857142857,ЗАО,basement,15.0,Отдельный,1,0.0,9.902476773408935,1.572875652933166,55.7249626,37.4664351,3909200.0,45.0,10.0,2025.0,Завершено,2.501435951739211,12.391370127007328,basement,0,1,0,0,0,1,0,0-5,cheap,11.2,2383667.6233134363
https://investmoscow.ru/tenders/tender/19778574,completed,19778574.0,105.1,22678000.0,215775.45195052333,ЗАО,1,5.0,Отдельный,1,0.0,10.913772586860109,7.119363975695356,55.7800636,37.4500583,,0.0,0.0,2025.0,Завершено,4.664382045619937,12.28199820606776,floor_1,1,0,0,0,0,0,0,0-5,medium,105.1,2354924.212414972
https://investmoscow.ru/tenders/tender/19758881,completed,19758881.0,29.6,6414000.0,216689.1891891892,ЦАО,1,1.0,Отдельный,1,1.0,2.1676445245840443,2.3942700241012376,55.7423508,37.5873319,6414000.0,0.0,2.0,2025.0,Завершено,3.4210000089583352,12.28622391279947,floor_1,1,0,0,0,0,1,1,0-5,cheap,14.8,469705.13448250206
https://investmoscow.ru/tenders/tender/19812361,completed,19812361.0,78.4,22165000.0,282716.83673469385,ЮАО,1,6.0,nsi:1032:1032004,1,0.0,4.354394379612225,6.378952192589618,55.7129701,37.6104899,,0.0,0.0,2025.0,Завершено,4.37449836825309,12.552204635906726,floor_1,1,0,0,0,0,0,1,0-5,medium,78.4,1231060.604899298
https://investmoscow.ru/tenders/tender/19798971,completed,19798971.0,78.4,22165000.0,282716.83673469385,ЮАО,1,6.0,nsi:1032:1032004,1,0.0,4.354394379612225,6.378952192589618,55.7129701,37.6104899,,0.0,0.0,2025.0,Завершено,4.37449836825309,12.552204635906726,floor_1,1,0,0,0,0,0,1,0-5,medium,78.4,1231060.604899298
https://investmoscow.ru/tenders/tender/19783511,completed,19783511.0,78.4,22165000.0,282716.83673469385,ЮАО,1,6.0,nsi:1032:1032004,1,0.0,4.354394379612225,6.378952192589618,55.7129701,37.6104899,,0.0,0.0,2025.0,Завершено,4.37449836825309,12.552204635906726,floor_1,1,0,0,0,0,0,1,0-5,medium,78.4,1231060.604899298
https://investmoscow.ru/tenders/tender/19878476,completed,19878476.0,102.8,14871100.0,144660.50583657587,ЮЗАО,1,15.0,Отдельный,1,0.0,27.4435337280893,18.25211681067616,55.5058338,37.5766178,,0.0,0.0,2026.0,Завершено,4.642465970731788,11.882151849837385,floor_1,1,0,0,0,0,0,0,0-5,medium,102.8,3969995.471048529
https://investmoscow.ru/tenders/tender/19878079,completed,19878079.0,103.2,14464600.0,140160.8527131783,ЮЗАО,1,15.0,Отдельный,1,0.0,27.4435337280893,18.25211681067616,55.5058338,37.5766178,,0.0,0.0,2026.0,Завершено,4.646312129319266,11.85055312464149,floor_1,1,0,0,0,0,0,0,0-5,medium,103.2,3846509.088791865
https://investmoscow.ru/tenders/tender/19878225,completed,19878225.0,81.5,12177900.0,149422.08588957056,ЮЗАО,1,15.0,Отдельный,1,0.0,27.4435337280893,18.25211681067616,55.5058338,37.5766178,,0.0,0.0,2026.0,Завершено,4.412798293340635,11.914537063769822,floor_1,1,0,0,0,0,0,0,0-5,cheap,81.5,4100670.053831886
https://investmoscow.ru/tenders/tender/19877807,completed,19877807.0,81.8,12219000.0,149376.5281173594,ЮЗАО,1,15.0,Отдельный,1,0.0,27.4435337280893,18.25211681067616,55.5058338,37.5766178,,0.0,0.0,2026.0,Завершено,4.416428061391214,11.914232126159732,floor_1,1,0,0,0,0,0,0,0-5,cheap,81.8,4099419.787573633
https://investmoscow.ru/tenders/tender/19789336,completed,19789336.0,81.8,12270000.0,150000.0,ЮЗАО,1,15.0,Отдельный,1,0.0,27.4435337280893,18.25211681067616,55.5058338,37.5766178,,0.0,0.0,2025.0,Завершено,4.416428061391214,11.918397239722838,floor_1,1,0,0,0,0,0,0,0-5,cheap,81.8,4116530.0592133934
https://investmoscow.ru/tenders/tender/19773105,completed,19773105.0,102.8,14908000.0,145019.4552529183,ЮЗАО,1,15.0,Отдельный,1,0.0,27.4435337280893,18.25211681067616,55.5058338,37.5766178,,0.0,0.0,2025.0,Завершено,4.642465970731788,11.884630082162955,floor_1,1,0,0,0,0,0,0,0-5,medium,102.8,3979846.3114626
https://investmoscow.ru/tenders/tender/19773232,completed,19773232.0,103.2,14965000.0,145009.6899224806,ЮЗАО,1,15.0,Отдельный,1,0.0,27.4435337280893,18.25211681067616,55.5058338,37.5766178,,0.0,0.0,2025.0,Завершено,4.646312129319266,11.884562742288574,floor_1,1,0,0,0,0,0,0,0-5,medium,103.2,3979578.316287368
https://investmoscow.ru/tenders/tender/19772144,completed,19772144.0,81.5,12225000.0,150000.0,ЮЗАО,1,15.0,Отдельный,1,0.0,27.4435337280893,18.25211681067616,55.5058338,37.5766178,,0.0,0.0,2025.0,Завершено,4.412798293340635,11.918397239722838,floor_1,1,0,0,0,0,0,0,0-5,cheap,81.5,4116530.0592133934
https://investmoscow.ru/tenders/tender/19772107,completed,19772107.0,81.8,12270000.0,150000.0,ЮЗАО,1,15.0,Отдельный,1,0.0,27.4435337280893,18.25211681067616,55.5058338,37.5766178,,0.0,0.0,2025.0,Завершено,4.416428061391214,11.918397239722838,floor_1,1,0,0,0,0,0,0,0-5,cheap,81.8,4116530.0592133934
https://investmoscow.ru/tenders/tender/19773290,completed,19773290.0,81.7,12255000.0,150000.0,ЮЗАО,1,15.0,Отдельный,1,0.0,27.4435337280893,18.25211681067616,55.5058338,37.5766178,12255000.0,0.0,0.0,2025.0,Завершено,4.415219602029645,11.918397239722838,floor_1,1,0,0,0,0,0,0,0-5,cheap,81.7,4116530.0592133934
https://investmoscow.ru/tenders/tender/19778588,completed,19778588.0,76.9,4567000.0,59388.81664499349,Зеленоград,basement,17.0,Отдельный,1,0.0,36.6619228994357,2.5074808578128245,55.991971,37.214241,9362350.0,105.0,13.0,2025.0,Завершено,4.355425952876702,10.99187805370077,basement,0,1,0,0,0,0,0,0-5,cheap,76.9,2177308.216927475
https://investmoscow.ru/tenders/tender/19798797,completed,19798797.0,471.2,75392000.0,160000.0,Зеленоград,1,10.0,Отдельный,1,0.0,36.6619228994357,2.5074808578128245,55.991971,37.214241,75392000.0,0.0,0.0,2025.0,Завершено,6.157402624651413,11.982935344196433,floor_1,1,0,0,0,0,0,0,0-5,expensive,471.2,5865907.663909712
https://investmoscow.ru/tenders/tender/19772980,completed,19772980.0,471.2,75392000.0,160000.0,Зеленоград,1,10.0,Отдельный,1,0.0,36.6619228994357,2.5074808578128245,55.991971,37.214241,,0.0,0.0,2025.0,Завершено,6.157402624651413,11.982935344196433,floor_1,1,0,0,0,0,0,0,0-5,expensive,471.2,5865907.663909712
https://investmoscow.ru/tenders/tender/19775730,completed,19775730.0,159.6,9266000.0,58057.644110275694,ЗАО,basement,5.0,Отдельный,1,0.0,13.829543552697116,12.750924897859951,55.8324678,37.4484816,,0.0,0.0,2025.0,Завершено,5.078916801512661,10.969208884055424,basement,0,1,0,0,0,0,0,0-5,cheap,159.6,802910.7177900469
https://investmoscow.ru/tenders/tender/19943292,completed,19943292.0,109.3,9131500.0,83545.28819762122,ВАО,basement,15.0,Вход через места общего пользования,1,0.0,11.35367999198132,7.37176496832241,55.7171983,37.7884079,9131500.0,0.0,1.0,2026.0,Завершено,4.703203926259457,11.33315610691604,basement,0,1,0,0,0,0,0,0-5,cheap,109.3,948546.4670336453
https://investmoscow.ru/tenders/tender/19803739,completed,19803739.0,326.9,18347000.0,56124.19700214133,ВАО,basement,15.0,Отдельный,1,0.0,11.35367999198132,7.37176496832241,55.7171983,37.7884079,,0.0,0.0,2025.0,Завершено,5.792708683850602,10.93534013509882,basement,0,1,0,0,0,0,0,0-5,medium,326.9,637216.17256923
https://investmoscow.ru/tenders/tender/19791299,completed,19791299.0,109.3,10154000.0,92900.27447392498,ВАО,basement,15.0,Вход через места общего пользования,1,0.0,11.35367999198132,7.37176496832241,55.7171983,37.7884079,,0.0,0.0,2025.0,Завершено,4.703203926259457,11.439292643479895,basement,0,1,0,0,0,0,0,0-5,cheap,109.3,1054759.987544175
https://investmoscow.ru/tenders/tender/19780521,completed,19780521.0,326.9,18347000.0,56124.19700214133,ВАО,basement,15.0,Отдельный,1,0.0,11.35367999198132,7.37176496832241,55.7171983,37.7884079,,0.0,0.0,2025.0,Завершено,5.792708683850602,10.93534013509882,basement,0,1,0,0,0,0,0,0-5,medium,326.9,637216.17256923
https://investmoscow.ru/tenders/tender/19778852,completed,19778852.0,157.9,24048000.0,152298.923369221,СВАО,1,15.0,Отдельный,1,0.0,14.254201282155377,5.538019614774411,55.8798827,37.6382786,24048000.0,0.0,2.0,2025.0,Завершено,5.068275073542671,11.933607035726338,floor_1,1,0,0,0,0,0,0,0-5,medium,157.9,2170899.5087604336
https://investmoscow.ru/tenders/tender/19779472,completed,19779472.0,104.8,5590000.0,53339.69465648855,ЮЗАО,basement,5.0,Вход через места общего пользования,1,0.0,7.72726033703671,2.080888650448968,55.686397,37.5761134,5590000.0,0.0,1.0,2025.0,Завершено,4.661550519424199,10.884454820832469,basement,0,1,0,0,0,0,0,0-5,cheap,104.8,412169.70690873294
https://investmoscow.ru/tenders/tender/19779524,completed,19779524.0,106.2,6656000.0,62674.19962335216,ЮЗАО,basement,5.0,Вход через места общего пользования,1,0.0,7.72726033703671,2.080888650448968,55.686397,37.5761134,9318400.0,40.0,6.0,2025.0,Завершено,4.674696248636701,11.0457211080769,basement,0,1,0,0,0,0,0,0-5,cheap,106.2,484299.8569050502
https://investmoscow.ru/tenders/tender/19779693,completed,19779693.0,79.8,5571000.0,69812.03007518797,ЮЗАО,basement,5.0,Вход через места общего пользования,1,0.0,7.72726033703671,2.080888650448968,55.686397,37.5761134,5571000.0,0.0,3.0,2025.0,Завершено,4.39197696552705,11.153575948623384,basement,0,1,0,0,0,0,0,0-5,cheap,79.8,539455.7310480139
https://investmoscow.ru/tenders/tender/19778694,completed,19778694.0,139.6,26337000.0,188660.4584527221,ЮЗАО,1,15.0,Отдельный,1,0.0,12.13786922633183,3.203151228464181,55.6602247,37.5118562,43456050.0,65.0,7.0,2025.0,Завершено,4.9459189793765646,12.14770946276191,floor_1,1,0,0,0,0,0,0,0-5,expensive,139.6,2289935.97287895
https://investmoscow.ru/tenders/tender/19782477,completed,19782477.0,144.9,7335000.0,50621.11801242236,ЗАО,basement,15.0,Отдельный,1,0.0,11.167681469572123,8.578994686048564,55.7948411,37.4557434,16870500.0,130.0,9.0,2025.0,Завершено,4.98292145552874,10.83214387463869,basement,0,1,0,0,0,0,0,0-5,cheap,144.9,565320.5215963528
https://investmoscow.ru/tenders/tender/19780678,completed,19780678.0,141.2,19547000.0,138434.84419263457,ЗАО,1,15.0,Отдельный,1,0.0,17.624787764979473,9.817747392732247,55.6432696,37.4118898,22479050.0,15.0,4.0,2025.0,Завершено,4.95723451736914,11.838162278464804,floor_1,1,0,0,0,0,0,0,0-5,medium,141.2,2439884.7481731856
https://investmoscow.ru/tenders/tender/19781392,completed,19781392.0,297.0,21493000.0,72367.00336700337,ЮЗАО,basement,6.0,Отдельный,1,0.0,8.553009823511179,1.4669427245661468,55.6781457,37.5784532,24716950.0,15.0,4.0,2025.0,Завершено,5.697093486505405,11.18951953824376,basement,0,1,0,0,0,0,0,0-5,medium,297.0,618955.6906960463
https://investmoscow.ru/tenders/tender/19783408,completed,19783408.0,50.6,6289000.0,124288.5375494071,ЦАО,basement,5.0,Вход через места общего пользования,1,0.0,1.5266505845967837,1.17963596522763,55.7641221,37.6290453,6289000.0,0.0,1.0,2025.0,Завершено,3.943521672487517,11.730369102994096,basement,0,1,0,0,0,0,1,0-5,cheap,50.6,189745.16850848167
https://investmoscow.ru/tenders/tender/19922531,completed,19922531.0,71.2,8523375.0,119710.32303370786,Зеленоград,1,22.0,Вход через места общего пользования,1,0.0,36.6619228994357,2.5074808578128245,55.991971,37.214241,11932725.0,40.0,5.0,2025.0,Завершено,4.279440045898781,11.692838482174215,floor_1,1,0,0,0,0,0,0,0-5,cheap,71.2,4388810.633328339
https://investmoscow.ru/tenders/tender/19781362,completed,19781362.0,71.2,8619300.0,121057.58426966293,Зеленоград,1,22.0,Вход через места общего пользования,1,0.0,36.6619228994357,2.5074808578128245,55.991971,37.214241,,0.0,0.0,2025.0,Завершено,4.279440045898781,11.70402987492548,floor_1,1,0,0,0,0,0,0,0-5,cheap,71.2,4438203.820886322
https://investmoscow.ru/tenders/tender/19803423,completed,19803423.0,236.7,13046000.0,55116.18081960287,Зеленоград,basement,3.0,Отдельный,1,0.0,36.6619228994357,2.5074808578128245,55.991971,37.214241,15002900.0,15.0,2.0,2025.0,Завершено,5.471009374366148,10.917216758145909,basement,0,1,0,0,0,0,0,0-5,medium,236.7,2020665.1717196368
https://investmoscow.ru/tenders/tender/19780642,completed,19780642.0,128.6,24183000.0,188048.21150855365,ЗАО,1,15.0,Отдельный,1,0.0,9.38069341296746,2.787786280975725,55.696271,37.5046092,30228750.0,25.0,4.0,2025.0,Завершено,4.864452783918174,12.144458970901413,floor_1,1,0,0,0,0,0,0,0-5,medium,128.6,1764022.619018601
https://investmoscow.ru/tenders/tender/19781875,completed,19781875.0,217.5,47997000.0,220675.8620689655,ЦАО,1,15.0,Отдельный,1,0.0,3.451437612780051,3.8733912663234737,55.7209339,37.6198414,79195050.0,65.0,7.0,2025.0,Завершено,5.3867860145356445,12.304454747913171,floor_1,1,0,0,0,0,0,1,0-5,expensive,217.5,761648.9705774902
https://investmoscow.ru/tenders/tender/19823511,completed,19823511.0,1118.5,246681900.0,220547.07197139025,ЦАО,basement,8.0,Отдельный,1,0.0,3.9696210722962486,4.308844701586303,55.7232694,37.5796599,246681900.0,0.0,1.0,2025.0,Завершено,7.020637436038809,12.303870963583249,basement,0,1,0,0,0,0,1,0-5,expensive,1118.5,875488.3043308681
https://investmoscow.ru/tenders/tender/19803515,completed,19803515.0,1118.5,246681900.0,220547.07197139025,ЦАО,basement,8.0,Отдельный,1,0.0,3.9696210722962486,4.308844701586303,55.7232694,37.5796599,,0.0,0.0,2025.0,Завершено,7.020637436038809,12.303870963583249,basement,0,1,0,0,0,0,1,0-5,expensive,1118.5,875488.3043308681
https://investmoscow.ru/tenders/tender/19784397,completed,19784397.0,1118.5,246681900.0,220547.07197139025,ЦАО,basement,15.0,Отдельный,1,0.0,3.9696210722962486,4.308844701586303,55.7232694,37.5796599,,0.0,0.0,2025.0,Завершено,7.020637436038809,12.303870963583249,basement,0,1,0,0,0,0,1,0-5,expensive,1118.5,875488.3043308681
https://investmoscow.ru/tenders/tender/19768568,completed,19768568.0,366.7,14962000.0,40801.7452958822,ЦАО,basement,5.0,Отдельный,1,0.0,4.416531231729633,4.00731987089656,55.7904035,37.5990081,28427800.0,90.0,0.0,2025.0,Завершено,5.907267388307226,10.616504644792387,basement,0,1,0,0,0,0,1,0-5,medium,366.7,180202.18240834132
https://investmoscow.ru/tenders/tender/19776137,completed,19776137.0,356.9,61700000.0,172877.55673858224,САО,1,5.0,Отдельный,1,0.0,15.274961556768746,8.122028946340603,55.8828663,37.5418792,74040000.0,20.0,4.0,2025.0,Завершено,5.88025361777198,12.060344642803615,floor_1,1,0,0,0,0,0,0,0-5,expensive,356.9,2640698.033209951
https://investmoscow.ru/tenders/tender/19782492,completed,19782492.0,306.7,15191000.0,49530.48581675905,ЮЗАО,basement,15.0,Отдельный,1,0.0,17.647543388341845,7.948609145568501,55.599529,37.537452,29622450.0,95.0,6.0,2025.0,Завершено,5.729125282327996,10.810363823451723,basement,0,1,0,0,0,0,0,0-5,medium,306.7,874091.3974969056
https://investmoscow.ru/tenders/tender/19779456,completed,19779456.0,416.8,36632000.0,87888.67562380039,СВАО,1,5.0,Вход через подъезд,1,0.0,12.842191713260837,4.369581520258524,55.8621294,37.6804974,,0.0,0.0,2025.0,Завершено,6.035002849122465,11.38383762084532,floor_1,1,0,0,0,0,0,0,0-5,expensive,416.8,1128683.221785439
https://investmoscow.ru/tenders/tender/19782546,completed,19782546.0,117.5,8031000.0,68348.93617021276,ЗАО,basement,8.0,Отдельный,1,0.0,9.134975533353062,7.643647044692758,55.7888371,37.4867333,12849600.0,60.0,5.0,2025.0,Завершено,4.774912960575186,11.132395908284984,basement,0,1,0,0,0,0,0,0-5,cheap,117.5,624365.8596456037
https://investmoscow.ru/tenders/tender/19782264,completed,19782264.0,76.5,10191000.0,133215.6862745098,ЮАО,basement,8.0,Отдельный,1,0.0,6.041631913450497,4.584770114382298,55.6975841,37.6196312,14776950.0,45.0,8.0,2025.0,Завершено,4.350277936359301,11.799732301573655,basement,0,1,0,0,0,0,0,0-5,cheap,76.5,804840.1415682877
https://investmoscow.ru/tenders/tender/19781798,completed,19781798.0,98.5,20458000.0,207695.43147208125,ЦАО,other,15.0,Вход через места общего пользования,1,0.0,2.239239827307093,2.468524782979652,55.7418502,37.5865214,20458000.0,0.0,1.0,2025.0,Завершено,4.600157644164547,12.243832828551854,other,0,0,1,0,0,0,1,0-5,medium,98.5,465079.8821020154
https://investmoscow.ru/tenders/tender/19804428,completed,19804428.0,174.4,29386000.0,168497.70642201835,СВАО,1,15.0,Отдельный,1,0.0,12.066134427799728,3.297035687838079,55.8595015,37.64615,,0.0,0.0,2025.0,Завершено,5.1670690799380825,12.034683351724423,floor_1,1,0,0,0,0,0,0,0-5,expensive,174.4,2033115.976464007
https://investmoscow.ru/tenders/tender/19781827,completed,19781827.0,174.4,29386000.0,168497.70642201835,СВАО,1,15.0,Отдельный,1,0.0,12.066134427799728,3.297035687838079,55.8595015,37.64615,,0.0,0.0,2025.0,Завершено,5.1670690799380825,12.034683351724423,floor_1,1,0,0,0,0,0,0,0-5,expensive,174.4,2033115.976464007
https://investmoscow.ru/tenders/tender/19781908,completed,19781908.0,42.1,2735000.0,64964.370546318285,ВАО,basement,15.0,Отдельный,1,0.0,14.15699202037928,5.351727674868015,55.8036394,37.8247206,7794750.0,185.0,21.0,2025.0,Завершено,3.763522997109702,11.081609646084427,basement,0,1,0,0,0,1,0,0-5,cheap,42.1,919700.0754331908
https://investmoscow.ru/tenders/tender/19781657,completed,19781657.0,49.5,8038000.0,162383.8383838384,ЮАО,1,15.0,Вход через места общего пользования,1,0.0,15.962538975065426,5.881899756926615,55.6167279,37.7042198,10449400.0,30.0,6.0,2025.0,Завершено,3.9219733362813134,11.997724342645997,floor_1,1,0,0,0,0,1,0,0-5,cheap,49.5,2592058.349122745
https://investmoscow.ru/tenders/tender/19781572,completed,19781572.0,192.4,29607000.0,153882.53638253635,СВАО,1,15.0,Отдельный,1,0.0,12.386764021494583,3.67037950454996,55.8608494,37.6611948,32567700.0,10.0,4.0,2025.0,Завершено,5.264760583019194,11.943951338032734,floor_1,1,0,0,0,0,0,0,0-5,expensive,192.4,1906106.6651995324
https://investmoscow.ru/tenders/tender/19778130,completed,19778130.0,1276.4,209776500.0,164350.12535255405,ВАО,basement,15.0,Отдельный,1,0.0,12.19791740734484,8.924561599465122,55.7032302,37.792483,,0.0,0.0,2025.0,Завершено,7.152582041127489,12.009760426361616,basement,0,1,0,0,0,0,0,0-5,expensive,1276.4,2004729.2549372253
https://investmoscow.ru/tenders/tender/19787638,completed,19787638.0,449.2,64446000.0,143468.38824577027,ВАО,1,15.0,Отдельный,1,0.0,7.030914991461234,9.507104726670311,55.7020788,37.6867772,64446000.0,0.0,2.0,2025.0,Завершено,6.109691928472632,11.87387696909624,floor_1,1,0,0,0,0,0,0,0-5,expensive,449.2,1008714.0417179668
https://investmoscow.ru/tenders/tender/19787663,completed,19787663.0,454.6,63803000.0,140349.75802903651,ВАО,mezzanine,8.0,Отдельный,1,0.0,,,,,63803000.0,0.0,1.0,2025.0,Завершено,6.121615231573027,11.851899982766083,other,0,0,1,0,0,0,0,0-5,expensive,454.6,1764841.062847245
https://investmoscow.ru/tenders/tender/19756979,completed,19756979.0,470.0,132500000.0,281914.89361702127,ЗАО,basement,15.0,Вход через места общего пользования,0,7.0,8.479551593116225,1.0272813832544252,55.7130102,37.5007695,,0.0,0.0,2025.0,Завершено,6.154858094016418,12.549364055849969,basement,0,1,0,0,0,0,0,5-10,expensive,58.75,2390511.885293404
https://investmoscow.ru/tenders/tender/19878654,completed,19878654.0,435.5,113049000.0,259584.38576349025,ЗАО,1,15.0,Отдельный,1,0.0,19.471132262295104,16.51063834075314,55.8486168,37.3573436,113049000.0,0.0,0.0,2025.0,Завершено,6.0787883752796565,12.46684096701746,floor_1,1,0,0,0,0,0,0,0-5,expensive,435.5,5054401.908427553
https://investmoscow.ru/tenders/tender/19773567,completed,19773567.0,234.1,65549000.0,280004.2716787698,ЗАО,1,15.0,Отдельный,1,0.0,19.471132262295104,16.51063834075314,55.8486168,37.3573436,65549000.0,0.0,0.0,2025.0,Завершено,5.460010955546024,12.542563709398332,floor_1,1,0,0,0,0,0,0,0-5,expensive,234.1,5452000.207864937
https://investmoscow.ru/tenders/tender/19773306,completed,19773306.0,435.5,113234000.0,260009.1848450057,ЗАО,1,15.0,Отдельный,1,0.0,19.471132262295104,16.51063834075314,55.8486168,37.3573436,,0.0,0.0,2025.0,Завершено,6.0787883752796565,12.468476081711234,floor_1,1,0,0,0,0,0,0,0-5,expensive,435.5,5062673.227528642
https://investmoscow.ru/tenders/tender/19824648,completed,19824648.0,157.4,22384000.0,142210.92757306225,ВАО,1,16.0,Отдельный,1,0.0,11.66661348391768,4.391637945802728,55.7547729,37.804196,24062800.0,7.5,27.0,2025.0,Завершено,5.0651234793803255,11.865073671687808,floor_1,1,0,0,0,0,0,0,0-5,medium,157.4,1659119.9251843286
https://investmoscow.ru/tenders/tender/19805532,completed,19805532.0,157.4,22384000.0,142210.92757306225,ВАО,1,16.0,Отдельный,1,0.0,11.66661348391768,4.391637945802728,55.7547729,37.804196,,0.0,0.0,2025.0,Завершено,5.0651234793803255,11.865073671687808,floor_1,1,0,0,0,0,0,0,0-5,medium,157.4,1659119.9251843286
https://investmoscow.ru/tenders/tender/19784142,completed,19784142.0,157.4,22384000.0,142210.92757306225,ВАО,1,16.0,Отдельный,1,0.0,11.66661348391768,4.391637945802728,55.7547729,37.804196,,0.0,0.0,2025.0,Завершено,5.0651234793803255,11.865073671687808,floor_1,1,0,0,0,0,0,0,0-5,medium,157.4,1659119.9251843286
https://investmoscow.ru/tenders/tender/19783760,completed,19783760.0,339.7,31866000.0,93806.29967618488,Зеленоград,basement,15.0,Отдельный,1,0.0,36.6619228994357,2.5074808578128245,55.991971,37.214241,38239200.0,20.0,4.0,2025.0,Завершено,5.831002324666921,11.448997953674091,basement,0,1,0,0,0,0,0,0-5,expensive,339.7,3439119.3262096504
https://investmoscow.ru/tenders/tender/19783871,completed,19783871.0,60.7,11077000.0,182487.64415156507,ЦАО,basement,15.0,Вход через места общего пользования,1,0.0,1.2153492641011527,1.2940601469766135,55.7514654,37.5980677,11077000.0,0.0,1.0,2025.0,Завершено,4.122283930911342,12.11444322624166,basement,0,1,0,0,0,0,1,0-5,cheap,60.7,221786.22402715764
https://investmoscow.ru/tenders/tender/19784329,completed,19784329.0,76.5,5365000.0,70130.71895424837,САО,basement,16.0,Отдельный,1,0.0,14.006328514801064,5.560777464030779,55.8495403,37.4752579,7779250.0,45.0,3.0,2025.0,Завершено,4.350277936359301,11.158130452199458,basement,0,1,0,0,0,0,0,0-5,cheap,76.5,982273.8886523884
https://investmoscow.ru/tenders/tender/19784284,completed,19784284.0,123.3,15881000.0,128799.67558799675,ВАО,1,17.0,Отдельный,1,0.0,20.455617849110133,14.96930088627768,55.6872458,37.9240757,15881000.0,0.0,1.0,2025.0,Завершено,4.822697998516666,11.766021337887056,floor_1,1,0,0,0,0,0,0,0-5,medium,123.3,2634676.942917421
https://investmoscow.ru/tenders/tender/19783543,completed,19783543.0,76.2,11278000.0,148005.24934383202,Зеленоград,1,7.0,Отдельный,1,0.0,36.6619228994357,2.5074808578128245,55.991971,37.214241,11278000.0,0.0,1.0,2025.0,Завершено,4.3463994570307305,11.905009777150951,floor_1,1,0,0,0,0,0,0,0-5,cheap,76.2,5426157.040155326
https://investmoscow.ru/tenders/tender/19784362,completed,19784362.0,424.2,65276000.0,153880.24516737388,ЮАО,1,9.0,Отдельный,1,0.0,4.312414991657474,6.21941121083759,55.7131542,37.6185835,114233000.0,75.0,11.0,2025.0,Завершено,6.052559646467793,11.943936448641226,floor_1,1,0,0,0,0,0,1,0-5,expensive,424.2,663595.4761797107
https://investmoscow.ru/tenders/tender/19794532,completed,19794532.0,103.1,5748000.0,55751.69738118332,САО,basement,5.0,Вход через места общего пользования,1,0.0,7.7584670323921054,1.970506900756964,55.8141615,37.5607109,8334600.0,45.0,6.0,2025.0,Завершено,4.645351975620923,10.928681071670905,basement,0,1,0,0,0,0,0,0-5,cheap,103.1,432547.70613181207
https://investmoscow.ru/tenders/tender/19789988,completed,19789988.0,103.1,5748000.0,55751.69738118332,САО,basement,5.0,Вход через места общего пользования,1,0.0,7.7584670323921054,1.970506900756964,55.8141615,37.5607109,,0.0,0.0,2025.0,Завершено,4.645351975620923,10.928681071670905,basement,0,1,0,0,0,0,0,0-5,cheap,103.1,432547.70613181207
https://investmoscow.ru/tenders/tender/19789254,completed,19789254.0,16.2,3027000.0,186851.85185185185,СВАО,1,16.0,Вход через места общего пользования,1,0.0,16.22100478398534,7.990887944733368,55.8976387,37.5961136,3481050.0,15.0,8.0,2025.0,Завершено,2.844909383819408,12.138076697584696,floor_1,1,0,0,0,0,1,0,0-5,cheap,16.2,3030924.7827854087
https://investmoscow.ru/tenders/tender/19789213,completed,19789213.0,77.2,19223000.0,249002.59067357512,ЮЗАО,1,15.0,Вход через места общего пользования,1,0.0,11.394260631034443,2.251339091195744,55.6519766,37.5764944,41329450.0,115.0,18.0,2025.0,Завершено,4.359269647551265,12.425222595718676,floor_1,1,0,0,0,0,0,0,0-5,medium,77.2,2837200.415937501
https://investmoscow.ru/tenders/tender/19967475,completed,19967475.0,106.5,10163000.0,95427.23004694836,ЗАО,basement,5.0,Вход через места общего пользования,1,13.0,11.786431863505866,9.55913597492436,55.8034858,37.4524842,,0.0,0.0,2026.0,Завершено,4.677490847567717,11.466129726104732,basement,0,1,0,0,0,0,0,10+,cheap,7.607142857142857,1124746.5448714565
https://investmoscow.ru/tenders/tender/19789412,completed,19789412.0,23.1,1033000.0,44718.61471861472,ЗАО,basement,5.0,Отдельный,1,0.0,11.786431863505866,9.55913597492436,55.8034858,37.4524842,2117650.0,105.0,4.0,2025.0,Завершено,3.1822118404966093,10.708167492376276,basement,0,1,0,0,0,1,0,0-5,cheap,23.1,527072.905411323
https://investmoscow.ru/tenders/tender/19789924,completed,19789924.0,93.4,16901000.0,180952.8907922912,ЦАО,basement,15.0,Отдельный,1,0.0,4.699884493578076,5.012051177284497,55.720661,37.566908,30421800.0,80.0,7.0,2025.0,Завершено,4.547541073151455,12.105997530790518,basement,0,1,0,0,0,0,1,0-5,medium,93.4,850457.6855028165
https://investmoscow.ru/tenders/tender/19789177,completed,19789177.0,228.2,15671000.0,68672.21735319895,ЮАО,basement,5.0,Отдельный,1,0.0,10.568216778570044,1.986482717089684,55.6567936,37.6187882,21939400.0,40.0,9.0,2025.0,Завершено,5.434594984840585,11.137114552901034,basement,0,1,0,0,0,0,0,0-5,medium,228.2,725742.8796536861
https://investmoscow.ru/tenders/tender/19852368,completed,19852368.0,77.6,15500000.0,199742.2680412372,СЗАО,1,15.0,Отдельный,1,0.0,15.365831761051398,14.973772315619271,55.8792395,37.5206101,35650000.0,130.0,43.0,2025.0,Завершено,4.364371699435161,12.204788161139383,floor_1,1,0,0,0,0,0,0,0-5,medium,77.6,3069206.086292484
https://investmoscow.ru/tenders/tender/19852373,completed,19852373.0,177.7,31412000.0,176769.8368036016,СЗАО,1,15.0,Отдельный,1,0.0,15.365831761051398,14.973772315619271,55.8792395,37.5206101,53086280.0,69.0,25.0,2025.0,Завершено,5.185708422165383,12.082609465374023,floor_1,1,0,0,0,0,0,0,0-5,expensive,177.7,2716215.5727526536
https://investmoscow.ru/tenders/tender/19793739,completed,19793739.0,77.6,15500000.0,199742.2680412372,СЗАО,1,15.0,Отдельный,1,0.0,15.365831761051398,14.973772315619271,55.8792395,37.5206101,43477500.0,180.5,56.0,2025.0,Завершено,4.364371699435161,12.204788161139383,floor_1,1,0,0,0,0,0,0,0-5,medium,77.6,3069206.086292484
https://investmoscow.ru/tenders/tender/19793751,completed,19793751.0,96.6,18677000.0,193343.68530020703,СЗАО,1,15.0,Отдельный,1,0.0,15.365831761051398,14.973772315619271,55.8792395,37.5206101,48093275.0,157.5,57.0,2025.0,Завершено,4.580877493419047,12.172229809200749,floor_1,1,0,0,0,0,0,0,0-5,medium,96.6,2970886.5403846474
https://investmoscow.ru/tenders/tender/19793745,completed,19793745.0,177.7,31412000.0,176769.8368036016,СЗАО,1,15.0,Отдельный,1,0.0,15.365831761051398,14.973772315619271,55.8792395,37.5206101,57955140.0,84.5,51.0,2025.0,Завершено,5.185708422165383,12.082609465374023,floor_1,1,0,0,0,0,0,0,0-5,expensive,177.7,2716215.5727526536
https://investmoscow.ru/tenders/tender/19793750,completed,19793750.0,144.4,26304000.0,182160.6648199446,СЗАО,1,15.0,Отдельный,1,0.0,15.365831761051398,14.973772315619271,55.8792395,37.5206101,50635200.0,92.5,35.0,2025.0,Завершено,4.979488565099419,12.112649840023616,floor_1,1,0,0,0,0,0,0,0-5,expensive,144.4,2799050.1291045425
https://investmoscow.ru/tenders/tender/19793747,completed,19793747.0,185.1,32498000.0,175569.962182604,СЗАО,1,15.0,Отдельный,1,0.0,15.365831761051398,14.973772315619271,55.8792395,37.5206101,59308850.0,82.5,50.0,2025.0,Завершено,5.226284163648205,12.075798583084309,floor_1,1,0,0,0,0,0,0,0-5,expensive,185.1,2697778.5011920496
https://investmoscow.ru/tenders/tender/19790680,completed,19790680.0,21.5,658000.0,30604.6511627907,ЗАО,1,15.0,Отдельный,1,0.0,15.0764292147064,13.616254242958076,55.8380439,37.4307598,954100.0,45.0,7.0,2025.0,Завершено,3.1135153092103742,10.328939949412066,floor_1,1,0,0,0,0,1,0,0-5,cheap,21.5,461408.8568965959
https://investmoscow.ru/tenders/tender/19790515,completed,19790515.0,20.9,658000.0,31483.25358851675,ЗАО,1,15.0,Отдельный,1,0.0,15.0764292147064,13.616254242958076,55.8380439,37.4307598,855400.0,30.0,7.0,2025.0,Завершено,3.086486636822455,10.357242813750192,floor_1,1,0,0,0,0,1,0,0-5,cheap,20.9,474655.044175924
https://investmoscow.ru/tenders/tender/19790908,completed,19790908.0,146.1,6390000.0,43737.16632443532,ВАО,basement,15.0,Вход через места общего пользования,1,0.0,8.946353627788925,5.621342555343555,55.729435,37.7549873,10543500.0,65.0,0.0,2025.0,Завершено,4.991112627607392,10.685976371185456,basement,0,1,0,0,0,0,0,0-5,cheap,146.1,391288.1566158195
https://investmoscow.ru/tenders/tender/19772000,completed,19772000.0,703.4,78535000.0,111650.5544498152,ЦАО,basement,2.0,Отдельный,1,0.0,4.299362926313973,4.134974276073844,55.7696984,37.6787198,,0.0,0.0,2025.0,Завершено,6.557346376622051,11.62313817969548,basement,0,1,0,0,0,0,1,0-5,expensive,703.4,480026.2545039351
https://investmoscow.ru/tenders/tender/19802336,completed,19802336.0,130.5,33284000.0,255049.8084291188,ВАО,1,15.0,Отдельный,1,10.0,7.661621691946613,7.62305815562121,55.7620989,37.7388286,33284000.0,0.0,1.0,2025.0,Завершено,4.879006851617819,12.449218053034812,floor_1,1,0,0,0,0,0,0,5-10,expensive,11.863636363636363,1954095.1447873649
https://investmoscow.ru/tenders/tender/19795307,completed,19795307.0,56.4,15311000.0,271471.63120567374,ВАО,1,15.0,Отдельный,1,0.0,7.661621691946613,7.62305815562121,55.7620989,37.7388286,17148320.0,12.0,6.0,2025.0,Завершено,4.050044303325521,12.511616607402583,floor_1,1,0,0,0,0,0,0,0-5,medium,56.4,2079912.938393521
https://investmoscow.ru/tenders/tender/19852367,completed,19852367.0,58.8,15963000.0,271479.59183673473,ВАО,1,15.0,Отдельный,0,7.0,7.968774132675207,7.848076288271381,55.7761737,37.737616,18197820.0,14.0,8.0,2025.0,Завершено,4.091005660956586,12.511645930853389,floor_1,1,0,0,0,0,0,0,5-10,medium,7.35,2163359.548977795
https://investmoscow.ru/tenders/tender/19852360,completed,19852360.0,145.7,29730000.0,204049.41660947152,ВАО,1,15.0,Отдельный,0,7.0,7.968774132675207,7.848076288271381,55.7761737,37.737616,41622000.0,40.0,17.0,2025.0,Завершено,4.988389685148936,12.226122382534742,floor_1,1,0,0,0,0,0,0,5-10,expensive,18.2125,1626023.7128650234
https://investmoscow.ru/tenders/tender/19795308,completed,19795308.0,58.8,15963000.0,271479.59183673473,ВАО,1,15.0,Отдельный,0,7.0,7.968774132675207,7.848076288271381,55.7761737,37.737616,29371920.0,84.0,10.0,2025.0,Завершено,4.091005660956586,12.511645930853389,floor_1,1,0,0,0,0,0,0,5-10,medium,7.35,2163359.548977795
https://investmoscow.ru/tenders/tender/19795310,completed,19795310.0,100.9,22795000.0,225916.74925668977,ВАО,1,15.0,Отдельный,0,7.0,7.968774132675207,7.848076288271381,55.7761737,37.737616,40233175.0,76.5,18.0,2025.0,Завершено,4.623991940228679,12.32792627066962,floor_1,1,0,0,0,0,0,0,5-10,medium,12.6125,1800279.5476147805
https://investmoscow.ru/tenders/tender/19795309,completed,19795309.0,145.7,29730000.0,204049.41660947152,ВАО,1,15.0,Отдельный,0,7.0,7.968774132675207,7.848076288271381,55.7761737,37.737616,56338350.0,89.5,28.0,2025.0,Завершено,4.988389685148936,12.226122382534742,floor_1,1,0,0,0,0,0,0,5-10,expensive,18.2125,1626023.7128650234
https://investmoscow.ru/tenders/tender/19918289,completed,19918289.0,94.1,18709000.0,198820.4038257173,СВАО,1,15.0,Отдельный,1,22.0,13.414541432943045,12.996355939248426,55.8712618,37.5827815,18709000.0,0.0,4.0,2025.0,Завершено,4.554928969551344,12.20016223252844,floor_1,1,0,0,0,0,0,0,10+,medium,4.091304347826087,2667084.544834553
https://investmoscow.ru/tenders/tender/19915169,completed,19915169.0,127.6,24207000.0,189710.0313479624,СВАО,1,15.0,Отдельный,1,22.0,13.414541432943045,12.996355939248426,55.8712618,37.5827815,36068430.0,49.0,7.0,2025.0,Завершено,4.856706811803519,12.153257305776716,floor_1,1,0,0,0,0,0,0,10+,medium,5.547826086956522,2544873.075762165
https://investmoscow.ru/tenders/tender/19854794,completed,19854794.0,155.7,30635000.0,196756.5831727681,СВАО,1,15.0,Отдельный,1,18.0,13.414541432943045,12.996355939248426,55.8712618,37.5827815,41204075.0,34.5,16.0,2025.0,Завершено,5.054333149361975,12.18972770771109,floor_1,1,0,0,0,0,0,0,10+,expensive,8.194736842105263,2639399.3371754023
https://investmoscow.ru/tenders/tender/19854792,completed,19854792.0,133.4,23348000.0,175022.48875562218,СВАО,1,15.0,Отдельный,1,18.0,13.414541432943045,12.996355939248426,55.8712618,37.5827815,39341380.0,68.5,17.0,2025.0,Завершено,4.900820428089049,12.072675465359454,floor_1,1,0,0,0,0,0,0,10+,medium,7.021052631578947,2347846.427109102
https://investmoscow.ru/tenders/tender/19854786,completed,19854786.0,157.8,26944000.0,170747.78200253483,СВАО,1,15.0,Отдельный,1,18.0,13.414541432943045,12.996355939248426,55.8712618,37.5827815,63722560.0,136.5,37.0,2025.0,Завершено,5.067645548813036,12.047948644186716,floor_1,1,0,0,0,0,0,0,10+,expensive,8.305263157894737,2290503.1962561305
https://investmoscow.ru/tenders/tender/19852690,completed,19852690.0,164.6,32127000.0,195182.26002430133,СВАО,1,15.0,Отдельный,1,22.0,13.414541432943045,12.996355939248426,55.8712618,37.5827815,45941610.0,43.0,18.0,2025.0,Завершено,5.109575241951159,12.181694191211468,floor_1,1,0,0,0,0,0,0,10+,expensive,7.156521739130435,2618280.514071453
https://investmoscow.ru/tenders/tender/19852661,completed,19852661.0,79.5,15027000.0,189018.8679245283,СВАО,1,15.0,Отдельный,1,22.0,13.414541432943045,12.996355939248426,55.8712618,37.5827815,27349140.0,82.0,9.0,2025.0,Завершено,4.388257184424518,12.149607409810724,floor_1,1,0,0,0,0,0,0,10+,medium,3.4565217391304346,2535601.435381574
https://investmoscow.ru/tenders/tender/19795526,completed,19795526.0,68.5,13229000.0,193124.08759124088,СВАО,1,15.0,Отдельный,1,0.0,13.414541432943045,12.996355939248426,55.8712618,37.5827815,37438070.0,183.0,60.0,2025.0,Завершено,4.241326752570746,12.171093380180922,floor_1,1,0,0,0,0,0,0,0-5,medium,68.5,2590671.0746920225
https://investmoscow.ru/tenders/tender/19795539,completed,19795539.0,84.4,15809000.0,187310.4265402844,СВАО,1,15.0,Отдельный,1,0.0,13.414541432943045,12.996355939248426,55.8712618,37.5827815,26717210.0,69.0,25.0,2025.0,Завершено,4.447346100794524,12.140527893193266,floor_1,1,0,0,0,0,0,0,0-5,medium,84.4,2512683.4776468794
https://investmoscow.ru/tenders/tender/19795537,completed,19795537.0,174.9,29416000.0,168187.53573470554,СВАО,1,15.0,Отдельный,1,0.0,13.414541432943045,12.996355939248426,55.8712618,37.5827815,78540720.0,167.0,56.0,2025.0,Завершено,5.169915651743512,12.032840865664824,floor_1,1,0,0,0,0,0,0,0-5,expensive,174.9,2256158.6666177963
https://investmoscow.ru/tenders/tender/19795541,completed,19795541.0,62.4,12221000.0,195849.35897435897,СВАО,1,24.0,Отдельный,1,0.0,13.414541432943045,12.996355939248426,55.8712618,37.5827815,19920230.0,63.0,20.0,2025.0,Завершено,4.14946386144318,12.185106171996862,floor_1,1,0,0,0,0,0,0,0-5,cheap,62.4,2627229.340576874
https://investmoscow.ru/tenders/tender/19988769,completed,19988769.0,87.1,17308000.0,198714.1216991964,СВАО,1,15.0,Отдельный,1,20.0,13.414541432943045,12.996355939248426,55.8712618,37.5827815,33058280.0,91.0,40.0,2026.0,Завершено,4.478472532942134,12.199627528810774,floor_1,1,0,0,0,0,0,0,10+,medium,4.147619047619047,2665658.818844756
https://investmoscow.ru/tenders/tender/19944944,completed,19944944.0,108.1,20643000.0,190962.07215541168,СВАО,1,15.0,Отдельный,1,23.0,13.414541432943045,12.996355939248426,55.8712618,37.5827815,38395980.0,86.0,26.0,2026.0,Завершено,4.692264892839025,12.159835348835816,floor_1,1,0,0,0,0,0,0,10+,medium,4.504166666666666,2561668.629049429
https://investmoscow.ru/tenders/tender/19915319,completed,19915319.0,53.3,11473000.0,215253.2833020638,СВАО,1,15.0,Отдельный,1,23.0,13.414541432943045,12.996355939248426,55.8712618,37.5827815,30059260.0,162.0,27.0,2025.0,Завершено,3.9945242269398897,12.27957532128857,floor_1,1,0,0,0,0,0,0,10+,cheap,2.220833333333333,2887524.087432562
https://investmoscow.ru/tenders/tender/19915218,completed,19915218.0,76.7,15620000.0,203650.58670143416,СВАО,1,15.0,Отдельный,1,23.0,13.414541432943045,12.996355939248426,55.8712618,37.5827815,25226300.0,61.5,14.0,2025.0,Завершено,4.3528552573736015,12.224165904361866,floor_1,1,0,0,0,0,0,0,10+,medium,3.1958333333333333,2731879.2331495485
https://investmoscow.ru/tenders/tender/19915283,completed,19915283.0,64.3,13448000.0,209144.6345256609,СВАО,1,15.0,Отдельный,1,23.0,13.414541432943045,12.996355939248426,55.8712618,37.5827815,16675520.0,24.0,8.0,2025.0,Завершено,4.178992036282385,12.250786104195717,floor_1,1,0,0,0,0,0,0,10+,medium,2.6791666666666667,2805579.3653222094
https://investmoscow.ru/tenders/tender/19915238,completed,19915238.0,92.1,18231000.0,197947.8827361564,СВАО,1,15.0,Отдельный,1,23.0,13.414541432943045,12.996355939248426,55.8712618,37.5827815,23517990.0,29.0,7.0,2025.0,Завершено,4.533674184283021,12.195764108346369,floor_1,1,0,0,0,0,0,0,10+,medium,3.8375,2655380.074527521
https://investmoscow.ru/tenders/tender/19915266,completed,19915266.0,69.1,14297000.0,206903.03907380608,СВАО,1,15.0,Отдельный,1,23.0,13.414541432943045,12.996355939248426,55.8712618,37.5827815,16155610.0,13.0,8.0,2025.0,Завершено,4.249922794040544,12.240010385407784,floor_1,1,0,0,0,0,0,0,10+,medium,2.8791666666666664,2775509.3902574056
https://investmoscow.ru/tenders/tender/19906201,completed,19906201.0,108.1,19157000.0,177215.54116558743,СВАО,1,15.0,Отдельный,1,23.0,13.414541432943045,12.996355939248426,55.8712618,37.5827815,,0.0,0.0,2025.0,Завершено,4.692264892839025,12.085127660232112,floor_1,1,0,0,0,0,0,0,10+,medium,4.504166666666666,2377265.2195271966
https://investmoscow.ru/tenders/tender/19854800,completed,19854800.0,87.1,15936000.0,182962.1125143513,СВАО,1,15.0,Отдельный,1,20.0,13.414541432943045,12.996355939248426,55.8712618,37.5827815,34262400.0,115.0,41.0,2025.0,Завершено,4.478472532942134,12.117039840545573,floor_1,1,0,0,0,0,0,0,10+,medium,4.147619047619047,2454352.8389825528
https://investmoscow.ru/tenders/tender/19854825,completed,19854825.0,89.3,16277000.0,182273.23628219485,СВАО,1,15.0,Отдельный,1,20.0,13.414541432943045,12.996355939248426,55.8712618,37.5827815,19451015.0,19.5,9.0,2025.0,Завершено,4.50313746042294,12.1132676247451,floor_1,1,0,0,0,0,0,0,10+,medium,4.252380952380952,2445111.8802241203
https://investmoscow.ru/tenders/tender/19854813,completed,19854813.0,88.6,16164000.0,182437.9232505644,СВАО,1,15.0,Отдельный,1,20.0,13.414541432943045,12.996355939248426,55.8712618,37.5827815,23114520.0,43.0,9.0,2025.0,Завершено,4.4953553199808844,12.114170728870947,floor_1,1,0,0,0,0,0,0,10+,medium,4.219047619047619,2447321.08038478
https://investmoscow.ru/tenders/tender/19852752,completed,19852752.0,80.9,14957000.0,184882.5710754017,СВАО,1,15.0,Отдельный,1,23.0,13.414541432943045,12.996355939248426,55.8712618,37.5827815,28119160.0,88.0,29.0,2025.0,Завершено,4.405498990859024,12.12748156040106,floor_1,1,0,0,0,0,0,0,10+,medium,3.3708333333333336,2480114.909920013
https://investmoscow.ru/tenders/tender/19852567,completed,19852567.0,88.4,16143000.0,182613.1221719457,СВАО,1,15.0,Отдельный,1,23.0,13.414541432943045,12.996355939248426,55.8712618,37.5827815,33981015.0,110.5,44.0,2025.0,Завершено,4.493120682179469,12.115130583538807,floor_1,1,0,0,0,0,0,0,10+,medium,3.6833333333333336,2449671.293574656
https://investmoscow.ru/tenders/tender/19852503,completed,19852503.0,120.2,20965000.0,174417.63727121463,СВАО,1,15.0,Отдельный,1,23.0,13.414541432943045,12.996355939248426,55.8712618,37.5827815,41615525.0,98.5,17.0,2025.0,Завершено,4.797442073635214,12.06921364983459,floor_1,1,0,0,0,0,0,0,10+,medium,5.008333333333334,2339732.62181074
https://investmoscow.ru/tenders/tender/19852709,completed,19852709.0,83.5,15365000.0,184011.9760479042,СВАО,1,15.0,Отдельный,1,23.0,13.414541432943045,12.996355939248426,55.8712618,37.5827815,31882375.0,107.5,34.0,2025.0,Завершено,4.436751534363128,12.122761556104043,floor_1,1,0,0,0,0,0,0,10+,medium,3.4791666666666665,2468436.276852334
https://investmoscow.ru/tenders/tender/19852782,completed,19852782.0,68.8,13032000.0,189418.6046511628,СВАО,1,15.0,Отдельный,1,23.0,13.414541432943045,12.996355939248426,55.8712618,37.5827815,25673040.0,97.0,24.0,2025.0,Завершено,4.245634009768327,12.151719963623249,floor_1,1,0,0,0,0,0,0,10+,medium,2.8666666666666667,2540963.720263282
https://investmoscow.ru/tenders/tender/19795542,completed,19795542.0,73.9,13856000.0,187496.61705006764,СВАО,1,24.0,Отдельный,1,0.0,13.414541432943045,12.996355939248426,55.8712618,37.5827815,24594400.0,77.5,24.0,2025.0,Завершено,4.316153890523174,12.141521415245537,floor_1,1,0,0,0,0,0,0,0-5,medium,73.9,2515181.137954788
https://investmoscow.ru/tenders/tender/19993774,completed,19993774.0,61.0,16523500.0,270877.04918032786,ЦАО,1,15.0,Вход через места общего пользования,1,0.0,3.708490055151642,3.325110792401887,55.7830593,37.6393737,16523500.0,0.0,2.0,2026.0,Завершено,4.127134385045092,12.509423995555473,floor_1,1,0,0,0,0,0,1,0-5,medium,61.0,1004544.8430540682
https://investmoscow.ru/tenders/tender/19943222,completed,19943222.0,61.0,16523500.0,270877.04918032786,ЦАО,1,15.0,Вход через места общего пользования,1,0.0,3.708490055151642,3.325110792401887,55.7830593,37.6393737,,0.0,0.0,2026.0,Завершено,4.127134385045092,12.509423995555473,floor_1,1,0,0,0,0,0,1,0-5,medium,61.0,1004544.8430540682
https://investmoscow.ru/tenders/tender/19791332,completed,19791332.0,61.0,17721000.0,290508.1967213115,ЦАО,1,15.0,Вход через места общего пользования,1,0.0,3.708490055151642,3.325110792401887,55.7830593,37.6393737,,0.0,0.0,2025.0,Завершено,4.127134385045092,12.579390513021911,floor_1,1,0,0,0,0,0,1,0-5,medium,61.0,1077346.7584810206
https://investmoscow.ru/tenders/tender/19792321,completed,19792321.0,93.9,13666000.0,145537.8061767838,ЦАО,basement,6.0,Отдельный,1,1.0,3.265221027711974,3.5009248397148864,55.7361213,37.573499,,0.0,0.0,2025.0,Завершено,4.552823705615882,11.888198039151918,basement,0,1,0,0,0,0,1,0-5,medium,46.95,475213.1050555041
https://investmoscow.ru/tenders/tender/19792232,completed,19792232.0,155.4,12127000.0,78037.32303732303,САО,basement,5.0,Отдельный,1,0.0,10.265715824365564,4.283745044701782,55.8407764,37.5714364,,0.0,0.0,2025.0,Завершено,5.052416828111211,11.264955306004412,basement,0,1,0,0,0,0,0,0-5,cheap,155.4,801108.9819953744
https://investmoscow.ru/tenders/tender/19795766,completed,19795766.0,14.9,3416000.0,229261.74496644296,ЮАО,1,16.0,Вход через места общего пользования,1,0.0,15.881872700234933,6.330327302181506,55.6091112,37.6043631,3416000.0,0.0,2.0,2025.0,Завершено,2.766319109226186,12.342623982756368,floor_1,1,0,0,0,0,1,0,0-5,cheap,14.9,3641105.848590774
https://investmoscow.ru/tenders/tender/19794996,completed,19794996.0,126.0,25150000.0,199603.17460317464,СВАО,1,5.0,Отдельный,1,0.0,4.577557978851003,4.882826098722544,55.7920852,37.6002857,32695000.0,30.0,5.0,2025.0,Завершено,4.844187086458591,12.204091557486352,floor_1,1,0,0,0,0,0,1,0-5,expensive,126.0,913695.104508752
https://investmoscow.ru/tenders/tender/19813256,completed,19813256.0,311.2,45899000.0,147490.35989717225,ВАО,1,15.0,Отдельный,1,0.0,13.387908596431402,4.922008925167447,55.7741694,37.8281643,45899000.0,0.0,2.0,2025.0,Завершено,5.743644008081332,11.90152487607799,floor_1,1,0,0,0,0,0,0,0-5,expensive,311.2,1974587.4571581136
https://investmoscow.ru/tenders/tender/19794466,completed,19794466.0,311.2,45899000.0,147490.35989717225,ВАО,1,15.0,Отдельный,1,0.0,13.387908596431402,4.922008925167447,55.7741694,37.8281643,,0.0,0.0,2025.0,Завершено,5.743644008081332,11.90152487607799,floor_1,1,0,0,0,0,0,0,0-5,expensive,311.2,1974587.4571581136
https://investmoscow.ru/tenders/tender/19796582,completed,19796582.0,271.3,65579450.0,241723.00036859565,СВАО,1,15.0,Отдельный,1,0.0,7.28948344037253,1.669884530151932,55.815509,37.6471956,85253285.0,30.0,5.0,2025.0,Завершено,5.606904399679714,12.395551859935589,floor_1,1,0,0,0,0,0,0,0-5,expensive,271.3,1762035.808344041
https://investmoscow.ru/tenders/tender/19861668,completed,19861668.0,1240.3,124918000.0,100715.95581714102,ВАО,basement,1.0,Отдельный,1,0.0,13.535105379526062,6.953587995454303,55.7380639,37.8327524,153024550.0,22.5,18.0,2025.0,Завершено,7.123914496521902,11.520069444047222,basement,0,1,0,0,0,0,0,0-5,expensive,1240.3,1363201.0753846946
https://investmoscow.ru/tenders/tender/19817351,completed,19817351.0,1240.3,124918000.0,100715.95581714102,ВАО,basement,1.0,Отдельный,1,0.0,13.535105379526062,6.953587995454303,55.7380639,37.8327524,,0.0,0.0,2025.0,Завершено,7.123914496521902,11.520069444047222,basement,0,1,0,0,0,0,0,0-5,expensive,1240.3,1363201.0753846946
https://investmoscow.ru/tenders/tender/19795455,completed,19795455.0,1240.3,124918000.0,100715.95581714102,ВАО,basement,1.0,Отдельный,1,0.0,13.535105379526062,6.953587995454303,55.7380639,37.8327524,,0.0,0.0,2025.0,Завершено,7.123914496521902,11.520069444047222,basement,0,1,0,0,0,0,0,0-5,expensive,1240.3,1363201.0753846946
https://investmoscow.ru/tenders/tender/19795500,completed,19795500.0,437.1,106670750.0,244041.98123999083,СВАО,1,16.0,Отдельный,1,0.0,16.236907875208804,8.082876874328228,55.8975491,37.5915764,141872097.5,33.0,6.0,2025.0,Завершено,6.082447194819853,12.4050996413852,floor_1,1,0,0,0,0,0,0,0-5,expensive,437.1,3962487.167077166
https://investmoscow.ru/tenders/tender/19799110,completed,19799110.0,72.7,12178000.0,167510.31636863825,САО,1,15.0,Отдельный,1,0.0,11.566163801762318,3.1250197680523084,55.8327239,37.5004233,13395800.0,10.0,4.0,2025.0,Завершено,4.300002799195291,12.028806188374936,floor_1,1,0,0,0,0,0,0,0-5,cheap,72.7,1937451.7576046973
https://investmoscow.ru/tenders/tender/19797649,completed,19797649.0,164.7,25726000.0,156199.1499696418,ВАО,1,5.0,Отдельный,1,0.0,8.46132287731329,4.87368850425902,55.7360929,37.7499682,25726000.0,0.0,1.0,2025.0,Завершено,5.1101789244325175,11.958893476500206,floor_1,1,0,0,0,0,0,0,0-5,expensive,164.7,1321651.4410550194
https://investmoscow.ru/tenders/tender/19813445,completed,19813445.0,657.2,42409000.0,64529.82349360925,САО,basement,15.0,Отдельный,1,0.0,6.453406496879474,3.4768608118653463,55.7787663,37.5257923,42409000.0,0.0,2.0,2025.0,Завершено,6.48950883650924,11.0748982722557,basement,0,1,0,0,0,0,0,0-5,expensive,657.2,416437.1821761436
https://investmoscow.ru/tenders/tender/19799208,completed,19799208.0,657.2,42409000.0,64529.82349360925,САО,basement,15.0,Отдельный,1,0.0,6.453406496879474,3.4768608118653463,55.7787663,37.5257923,,0.0,0.0,2025.0,Завершено,6.48950883650924,11.0748982722557,basement,0,1,0,0,0,0,0,0-5,expensive,657.2,416437.1821761436
https://investmoscow.ru/tenders/tender/19799249,completed,19799249.0,365.5,15068000.0,41225.71819425445,ЗАО,basement,15.0,Отдельный,1,0.0,13.517872563085074,4.939700623258732,55.7145657,37.4115806,27875800.0,85.0,7.0,2025.0,Завершено,5.903998521326706,10.626841825012994,basement,0,1,0,0,0,0,0,0-5,medium,365.5,557284.0048715894
https://investmoscow.ru/tenders/tender/19848136,completed,19848136.0,77.9,21817000.0,280064.18485237483,СЗАО,1,15.0,Отдельный,1,0.0,13.211663962475573,12.854098683225969,55.851385,37.5011251,23562360.0,8.0,5.0,2025.0,Завершено,4.368181227851829,12.54277765810116,floor_1,1,0,0,0,0,0,0,0-5,medium,77.9,3700113.8981942176
https://investmoscow.ru/tenders/tender/19820719,completed,19820719.0,78.3,21912000.0,279846.74329501914,СЗАО,1,15.0,Отдельный,1,0.0,13.211663962475573,12.854098683225969,55.851385,37.5011251,21912000.0,0.0,1.0,2025.0,Завершено,4.373238128640803,12.542000960306355,floor_1,1,0,0,0,0,0,0,0-5,medium,78.3,3697241.133406957
https://investmoscow.ru/tenders/tender/19798939,completed,19798939.0,78.3,21912000.0,279846.74329501914,СЗАО,1,15.0,Отдельный,1,0.0,13.211663962475573,12.854098683225969,55.851385,37.5011251,,0.0,0.0,2025.0,Завершено,4.373238128640803,12.542000960306355,floor_1,1,0,0,0,0,0,0,0-5,medium,78.3,3697241.133406957
https://investmoscow.ru/tenders/tender/19798940,completed,19798940.0,54.7,16143000.0,295118.82998171845,СЗАО,1,15.0,Отдельный,1,0.0,13.211663962475573,12.854098683225969,55.851385,37.5011251,16950150.0,5.0,7.0,2025.0,Завершено,4.019980146933238,12.59513675617158,floor_1,1,0,0,0,0,0,0,0-5,medium,54.7,3899010.810717425
https://investmoscow.ru/tenders/tender/19798937,completed,19798937.0,77.9,21817000.0,280064.18485237483,СЗАО,1,15.0,Отдельный,1,0.0,13.211663962475573,12.854098683225969,55.851385,37.5011251,21817000.0,0.0,4.0,2025.0,Завершено,4.368181227851829,12.54277765810116,floor_1,1,0,0,0,0,0,0,0-5,medium,77.9,3700113.8981942176
https://investmoscow.ru/tenders/tender/19851523,completed,19851523.0,139.2,31433000.0,225811.78160919543,САО,1,15.0,Отдельный,1,14.0,14.233000908086783,13.836674042167816,55.8712534,37.5337714,35519290.0,13.0,9.0,2025.0,Завершено,4.94306997460049,12.327461534982252,floor_1,1,0,0,0,0,0,0,10+,expensive,9.28,3213979.292700373
https://investmoscow.ru/tenders/tender/19820712,completed,19820712.0,105.7,23127000.0,218798.48628193,САО,1,15.0,Отдельный,1,0.0,14.233000908086783,13.836674042167816,55.8712534,37.5337714,24514620.0,6.0,5.0,2025.0,Завершено,4.670021158307708,12.295911001638403,floor_1,1,0,0,0,0,0,0,0-5,medium,105.7,3114159.053938723
https://investmoscow.ru/tenders/tender/19820713,completed,19820713.0,77.9,17848000.0,229114.2490372272,САО,1,15.0,Отдельный,1,0.0,14.233000908086783,13.836674042167816,55.8712534,37.5337714,17848000.0,0.0,1.0,2025.0,Завершено,4.368181227851829,12.341980426842971,floor_1,1,0,0,0,0,0,0,0-5,medium,77.9,3260983.314602476
https://investmoscow.ru/tenders/tender/19798944,completed,19798944.0,51.2,12479000.0,243730.46875,САО,1,15.0,Отдельный,1,0.0,14.233000908086783,13.836674042167816,55.8712534,37.5337714,15349170.0,23.0,13.0,2025.0,Завершено,3.955082494888593,12.403822360328972,floor_1,1,0,0,0,0,0,0,0-5,cheap,51.2,3469015.983047168
https://investmoscow.ru/tenders/tender/19798950,completed,19798950.0,121.3,26019000.0,214501.2366034625,САО,1,15.0,Отдельный,1,0.0,14.233000908086783,13.836674042167816,55.8712534,37.5337714,26019000.0,0.0,4.0,2025.0,Завершено,4.806477042693127,12.276075444351616,floor_1,1,0,0,0,0,0,0,0-5,expensive,121.3,3052996.2953628195
https://investmoscow.ru/tenders/tender/19798947,completed,19798947.0,105.7,23127000.0,218798.48628193,САО,1,15.0,Отдельный,1,0.0,14.233000908086783,13.836674042167816,55.8712534,37.5337714,,0.0,0.0,2025.0,Завершено,4.670021158307708,12.295911001638403,floor_1,1,0,0,0,0,0,0,0-5,medium,105.7,3114159.053938723
https://investmoscow.ru/tenders/tender/19798945,completed,19798945.0,128.8,27379000.0,212569.8757763975,САО,1,15.0,Отдельный,1,0.0,14.233000908086783,13.836674042167816,55.8712534,37.5337714,32170325.0,17.5,11.0,2025.0,Завершено,4.86599480426999,12.26703074480222,floor_1,1,0,0,0,0,0,0,0-5,expensive,128.8,3025507.23495736
https://investmoscow.ru/tenders/tender/19798953,completed,19798953.0,77.9,17848000.0,229114.2490372272,САО,1,15.0,Отдельный,1,0.0,14.233000908086783,13.836674042167816,55.8712534,37.5337714,,0.0,0.0,2025.0,Завершено,4.368181227851829,12.341980426842971,floor_1,1,0,0,0,0,0,0,0-5,medium,77.9,3260983.314602476
https://investmoscow.ru/tenders/tender/19798952,completed,19798952.0,91.8,20520000.0,223529.4117647059,САО,1,15.0,Отдельный,1,0.0,14.233000908086783,13.836674042167816,55.8712534,37.5337714,20520000.0,0.0,1.0,2025.0,Завершено,4.530446639792155,12.317302754314602,floor_1,1,0,0,0,0,0,0,0-5,medium,91.8,3181494.320631164
https://investmoscow.ru/tenders/tender/19798943,completed,19798943.0,119.6,25706000.0,214933.1103678929,САО,1,15.0,Отдельный,1,0.0,14.233000908086783,13.836674042167816,55.8712534,37.5337714,42800490.0,66.5,29.0,2025.0,Завершено,4.792479284293085,12.278086796735144,floor_1,1,0,0,0,0,0,0,0-5,expensive,119.6,3059143.155044137
https://investmoscow.ru/tenders/tender/19841650,completed,19841650.0,56.5,16062000.0,284283.185840708,СЗАО,1,15.0,Отдельный,1,0.0,13.01153819976442,12.65147221232586,55.8506016,37.504859,16062000.0,0.0,1.0,2025.0,Завершено,4.051784947803305,12.557729671191188,floor_1,1,0,0,0,0,0,0,0-5,medium,56.5,3698961.5321171
https://investmoscow.ru/tenders/tender/19798935,completed,19798935.0,56.5,16062000.0,284283.185840708,СЗАО,1,15.0,Отдельный,1,0.0,13.01153819976442,12.65147221232586,55.8506016,37.504859,16062000.0,0.0,1.0,2025.0,Завершено,4.051784947803305,12.557729671191188,floor_1,1,0,0,0,0,0,0,0-5,medium,56.5,3698961.5321171
https://investmoscow.ru/tenders/tender/19945802,completed,19945802.0,85.9,8153000.0,94912.6891734575,ЮАО,basement,7.0,Отдельный,1,5.0,5.828478998603629,5.005582345939331,55.7048384,37.6585215,13044800.0,60.0,8.0,2026.0,Завершено,4.464758032271346,11.460723222598354,basement,0,1,0,0,0,0,0,0-5,cheap,14.316666666666668,553196.615548491
https://investmoscow.ru/tenders/tender/19770695,completed,19770695.0,51.7,5652000.0,109323.01740812378,ЮАО,basement,7.0,Вход через подъезд,1,0.0,5.828478998603629,5.005582345939331,55.7048384,37.6585215,,0.0,0.0,2025.0,Завершено,3.964615455547317,11.602071388434863,basement,0,1,0,0,0,0,0,0-5,cheap,51.7,637186.9110272283
https://investmoscow.ru/tenders/tender/19817368,completed,19817368.0,193.5,26371000.0,136284.2377260982,ЮАО,basement,5.0,Отдельный,1,0.0,4.3207241592602585,6.873872629406977,55.7216285,37.6607618,26371000.0,0.0,1.0,2025.0,Завершено,5.270432163058501,11.822505304600323,basement,0,1,0,0,0,0,1,0-5,expensive,193.5,588846.5984695208
https://investmoscow.ru/tenders/tender/19799905,completed,19799905.0,193.5,26371000.0,136284.2377260982,ЮАО,basement,5.0,Отдельный,1,0.0,4.3207241592602585,6.873872629406977,55.7216285,37.6607618,,0.0,0.0,2025.0,Завершено,5.270432163058501,11.822505304600323,basement,0,1,0,0,0,0,1,0-5,expensive,193.5,588846.5984695208
https://investmoscow.ru/tenders/tender/19797986,completed,19797986.0,127.7,9735000.0,76233.35943617854,ЗАО,basement,5.0,Вход через места общего пользования,1,0.0,12.70230062255682,4.668051959107775,55.6826172,37.4557974,,0.0,0.0,2025.0,Завершено,4.857484114602081,11.241567551280754,basement,0,1,0,0,0,0,0,0-5,cheap,127.7,968339.0490257684
https://investmoscow.ru/tenders/tender/19889231,completed,19889231.0,186.0,11130000.0,59838.70967741936,Зеленоград,basement,3.0,Отдельный,1,0.0,,,,,7512750.0,-32.5,6.0,2025.0,Завершено,5.231108616854587,10.999424760989186,basement,0,1,0,0,0,0,0,0-5,cheap,186.0,752447.4104519372
https://investmoscow.ru/tenders/tender/19817378,completed,19817378.0,186.0,11130000.0,59838.70967741936,Зеленоград,basement,3.0,Отдельный,1,0.0,,,,,,0.0,0.0,2025.0,Завершено,5.231108616854587,10.999424760989186,basement,0,1,0,0,0,0,0,0-5,cheap,186.0,752447.4104519372
https://investmoscow.ru/tenders/tender/19802195,completed,19802195.0,186.0,11130000.0,59838.70967741936,Зеленоград,basement,3.0,Отдельный,1,0.0,,,,,,0.0,0.0,2025.0,Завершено,5.231108616854587,10.999424760989186,basement,0,1,0,0,0,0,0,0-5,cheap,186.0,752447.4104519372
https://investmoscow.ru/tenders/tender/19803213,completed,19803213.0,376.7,20245000.0,53743.03159012477,ЗАО,basement,5.0,Отдельный,1,0.0,9.162989538015507,2.4816865103905767,55.7400307,37.4723675,21257250.0,5.0,2.0,2025.0,Завершено,5.934100229718411,10.891987899640766,basement,0,1,0,0,0,0,0,0-5,medium,376.7,492446.83620155015
https://investmoscow.ru/tenders/tender/19797927,completed,19797927.0,114.6,17641000.0,153935.42757417104,ВАО,1,9.0,Отдельный,1,0.0,10.263172789140068,2.89852994725722,55.7606005,37.7810822,,0.0,0.0,2025.0,Завершено,4.750135956238277,11.944294988207176,floor_1,1,0,0,0,0,0,0,0-5,medium,114.6,1579865.891563874
https://investmoscow.ru/tenders/tender/19802333,completed,19802333.0,98.1,25338000.0,258287.4617737003,ВАО,1,15.0,Отдельный,1,17.0,11.77949588597716,4.086194307480818,55.7604529,37.8054689,38007000.0,50.0,24.0,2025.0,Завершено,4.596129441335942,12.461832308220544,floor_1,1,0,0,0,0,0,0,10+,expensive,5.449999999999999,3042496.093362786
https://investmoscow.ru/tenders/tender/19940827,completed,19940827.0,151.3,11109500.0,73426.96629213482,ЗАО,basement,5.0,Вход через места общего пользования,1,16.0,13.7348257124733,12.71195403799943,55.8323105,37.4502337,,0.0,0.0,2026.0,Завершено,5.025852259901116,11.204060154190334,basement,0,1,0,0,0,0,0,10+,cheap,8.9,1008506.5846181236
https://investmoscow.ru/tenders/tender/19803941,completed,19803941.0,151.3,11368000.0,75135.49239920687,ЗАО,basement,5.0,Вход через места общего пользования,1,16.0,13.7348257124733,12.71195403799943,55.8323105,37.4502337,,0.0,0.0,2025.0,Завершено,5.025852259901116,11.227061637165429,basement,0,1,0,0,0,0,0,10+,cheap,8.9,1031972.8929239688
https://investmoscow.ru/tenders/tender/19803953,completed,19803953.0,56.9,5917000.0,103989.45518453428,САО,basement,7.0,Вход через места общего пользования,1,10.0,4.977511482502211,3.588268877513116,55.7900008,37.5751968,,0.0,0.0,2025.0,Завершено,4.05871738457895,11.552054396839951,basement,0,1,0,0,0,0,1,5-10,cheap,5.172727272727273,517608.70724016847
https://investmoscow.ru/tenders/tender/19800165,completed,19800165.0,49.5,7188000.0,145212.12121212122,ЦАО,basement,5.0,Отдельный,1,9.0,,,,,19048200.0,165.0,24.0,2025.0,Завершено,3.9219733362813134,11.885957743764694,basement,0,1,0,0,0,1,0,5-10,cheap,4.95,1825983.300129971
https://investmoscow.ru/tenders/tender/19804125,completed,19804125.0,118.5,9416000.0,79459.91561181434,ВАО,basement,15.0,Отдельный,1,0.0,12.040280956213326,11.874983077709548,55.798771,37.7914048,10828400.0,15.0,2.0,2025.0,Завершено,4.783316371371566,11.28302055222964,basement,0,1,0,0,0,0,0,0-5,cheap,118.5,956719.7087232462
https://investmoscow.ru/tenders/tender/19805696,completed,19805696.0,111.0,31738000.0,285927.9279279279,ЦАО,1,15.0,Отдельный,1,0.0,2.373990359528725,2.7462130749118647,55.7338818,37.6376933,39672500.0,25.0,3.0,2025.0,Завершено,4.718498871295094,12.563498555171313,floor_1,1,0,0,0,0,0,1,0-5,expensive,111.0,678790.1444209251
https://investmoscow.ru/tenders/tender/19803539,completed,19803539.0,470.0,132500000.0,281914.89361702127,ЗАО,basement,15.0,Вход через места общего пользования,1,16.0,8.479551593116225,1.0272813832544252,55.7130102,37.5007695,,0.0,0.0,2025.0,Завершено,6.154858094016418,12.549364055849969,basement,0,1,0,0,0,0,0,10+,expensive,27.647058823529413,2390511.885293404
https://investmoscow.ru/tenders/tender/20000309,completed,20000309.0,152.1,12111000.0,79625.24654832347,ЮЗАО,basement,15.0,Вход через подъезд,1,6.0,8.838995004422351,2.749325174427271,55.6888033,37.5314125,,0.0,0.0,2026.0,Завершено,5.031091302663638,11.285099047989894,basement,0,1,0,0,0,0,0,5-10,cheap,21.728571428571428,703807.1564665292
https://investmoscow.ru/tenders/tender/19806813,completed,19806813.0,123.4,6801000.0,55113.45218800648,САО,basement,5.0,Отдельный,1,7.0,10.329626569644237,4.414510385758112,55.8416163,37.5729345,12921900.0,90.0,21.0,2025.0,Завершено,4.823502180305079,10.917167250912412,basement,0,1,0,0,0,0,0,5-10,cheap,15.425,569301.380066049
https://investmoscow.ru/tenders/tender/19806704,completed,19806704.0,164.6,13960000.0,84811.66464155528,ЮАО,basement,5.0,Отдельный,1,22.0,12.40548354963938,2.141968612743389,55.6441339,37.6694711,13960000.0,0.0,1.0,2025.0,Завершено,5.109575241951159,11.348200157816963,basement,0,1,0,0,0,0,0,10+,medium,7.156521739130435,1052129.7105283458
https://investmoscow.ru/tenders/tender/19805444,completed,19805444.0,48.2,9371000.0,194419.08713692945,ЮАО,1,5.0,Вход через места общего пользования,1,0.0,8.642968575194883,1.9844671437075017,55.6774102,37.6572032,13119400.0,40.0,2.0,2025.0,Завершено,3.8958936234982624,12.177776494564084,floor_1,1,0,0,0,0,1,0,0-5,cheap,48.2,1680358.060542557
https://investmoscow.ru/tenders/tender/19806319,completed,19806319.0,128.7,15083000.0,117195.0271950272,ЦАО,basement,7.0,Вход через места общего пользования,1,8.0,4.769900753370732,4.494199689248297,55.7820629,37.6720606,,0.0,0.0,2025.0,Завершено,4.865224091322398,11.67160325789716,basement,0,1,0,0,0,0,1,5-10,medium,14.3,559008.6485088636
https://investmoscow.ru/tenders/tender/19810708,completed,19810708.0,89.4,19896000.0,222550.3355704698,ВАО,1,24.0,Отдельный,1,18.0,10.532677794608688,10.302534043450626,55.8072418,37.7545899,25765320.0,29.5,16.0,2025.0,Завершено,4.504244267398131,12.312913075641315,floor_1,1,0,0,0,0,0,0,10+,medium,4.705263157894737,2344050.977645799
https://investmoscow.ru/tenders/tender/19810707,completed,19810707.0,35.9,9128000.0,254261.83844011143,ВАО,1,24.0,Отдельный,1,18.0,10.532677794608688,10.302534043450626,55.8072418,37.7545899,15198120.0,66.5,47.0,2025.0,Завершено,3.6082115510464816,12.446123807975631,floor_1,1,0,0,0,0,1,0,10+,cheap,1.8894736842105264,2678058.0197545434
https://investmoscow.ru/tenders/tender/19810704,completed,19810704.0,51.2,12361000.0,241425.78125,ВАО,1,24.0,Отдельный,1,18.0,10.532677794608688,10.302534043450626,55.8072418,37.7545899,15389445.0,24.5,7.0,2025.0,Завершено,3.955082494888593,12.394321522875623,floor_1,1,0,0,0,0,0,0,10+,cheap,2.694736842105263,2542859.9652179293
https://investmoscow.ru/tenders/tender/19810709,completed,19810709.0,96.2,21170000.0,220062.3700623701,ВАО,1,24.0,Отдельный,1,18.0,10.532677794608688,10.302534043450626,55.8072418,37.7545899,44986250.0,112.5,51.0,2025.0,Завершено,4.576770711466393,12.301670829595336,floor_1,1,0,0,0,0,0,0,10+,medium,5.063157894736842,2317846.038584885
https://investmoscow.ru/tenders/tender/19810706,completed,19810706.0,55.9,13324000.0,238354.2039355993,ВАО,1,24.0,Отдельный,1,18.0,10.532677794608688,10.302534043450626,55.8072418,37.7545899,16122040.0,21.0,17.0,2025.0,Завершено,4.041295341132285,12.38151729356266,floor_1,1,0,0,0,0,0,0,10+,medium,2.942105263157895,2510508.0310441176
https://investmoscow.ru/tenders/tender/19810703,completed,19810703.0,44.5,10965000.0,246404.49438202247,ВАО,1,24.0,Отдельный,1,18.0,10.532677794608688,10.302534043450626,55.8072418,37.7545899,13925550.0,27.0,19.0,2025.0,Завершено,3.817712325956905,12.414733809021229,floor_1,1,0,0,0,0,1,0,10+,cheap,2.3421052631578947,2595299.146469309
https://investmoscow.ru/tenders/tender/19810699,completed,19810699.0,56.2,13385000.0,238167.25978647685,ВАО,1,24.0,Отдельный,1,18.0,10.532677794608688,10.302534043450626,55.8072418,37.7545899,22219100.0,66.0,44.0,2025.0,Завершено,4.046553898385752,12.38073267675805,floor_1,1,0,0,0,0,0,0,10+,medium,2.9578947368421056,2508539.0085558235
https://investmoscow.ru/tenders/tender/19810705,completed,19810705.0,65.7,15290000.0,232724.50532724505,ВАО,1,24.0,Отдельный,1,18.0,10.532677794608688,10.302534043450626,55.8072418,37.7545899,18806700.0,23.0,16.0,2025.0,Завершено,4.200204952921578,12.357614949331545,floor_1,1,0,0,0,0,0,0,10+,medium,3.4578947368421056,2451212.229521565
https://investmoscow.ru/tenders/tender/19810696,completed,19810696.0,74.7,17061000.0,228393.57429718875,ВАО,1,24.0,Отдельный,1,18.0,10.532677794608688,10.302534043450626,55.8072418,37.7545899,25591500.0,50.0,38.0,2025.0,Завершено,4.326778160443404,12.338830001215582,floor_1,1,0,0,0,0,0,0,10+,medium,3.931578947368421,2405595.9284313093
https://investmoscow.ru/tenders/tender/19810685,completed,19810685.0,68.4,15825000.0,231359.649122807,ВАО,1,24.0,Отдельный,1,18.0,10.532677794608688,10.302534043450626,55.8072418,37.7545899,27614625.0,74.5,49.0,2025.0,Завершено,4.239886867512759,12.35173302363155,floor_1,1,0,0,0,0,0,0,10+,medium,3.6,2436836.638884247
https://investmoscow.ru/tenders/tender/19863532,completed,19863532.0,107.0,24407000.0,228102.8037383177,ВАО,1,24.0,Отдельный,1,15.0,10.396940098851092,10.166190809143696,55.8066778,37.7526346,33315555.0,36.5,9.0,2025.0,Завершено,4.68213122712422,12.337556083882312,floor_1,1,0,0,0,0,0,0,10+,medium,6.6875,2371571.186847276
https://investmoscow.ru/tenders/tender/19863520,completed,19863520.0,67.5,16448000.0,243674.07407407407,ВАО,1,24.0,Отдельный,1,15.0,10.396940098851092,10.166190809143696,55.8066778,37.7526346,33224960.0,102.0,26.0,2025.0,Завершено,4.22683374526818,12.403590953192536,floor_1,1,0,0,0,0,0,0,10+,medium,4.21875,2533464.751791152
https://investmoscow.ru/tenders/tender/19810717,completed,19810717.0,37.2,9851000.0,264811.82795698923,ВАО,1,24.0,Отдельный,1,19.0,10.396940098851092,10.166190809143696,55.8066778,37.7526346,15318305.0,55.5,32.0,2025.0,Завершено,3.6428355156125294,12.486778545817954,floor_1,1,0,0,0,0,1,0,10+,cheap,1.86,2753232.712736078
https://investmoscow.ru/tenders/tender/19810715,completed,19810715.0,65.7,16071000.0,244611.87214611872,ВАО,1,24.0,Отдельный,1,19.0,10.396940098851092,10.166190809143696,55.8066778,37.7526346,18963780.0,18.0,9.0,2025.0,Завершено,4.200204952921578,12.407432126141302,floor_1,1,0,0,0,0,0,0,10+,medium,3.285,2543214.982171018
https://investmoscow.ru/tenders/tender/19810711,completed,19810711.0,73.0,17593000.0,241000.0,ВАО,1,24.0,Отдельный,1,19.0,10.396940098851092,10.166190809143696,55.8066778,37.7526346,24806130.0,41.0,30.0,2025.0,Завершено,4.30406509320417,12.392556361841775,floor_1,1,0,0,0,0,0,0,10+,medium,3.65,2505662.563823113
https://investmoscow.ru/tenders/tender/19810719,completed,19810719.0,96.6,22378000.0,231656.31469979297,ВАО,1,24.0,Отдельный,1,19.0,10.396940098851092,10.166190809143696,55.8066778,37.7526346,44420330.0,98.5,50.0,2025.0,Завершено,4.580877493419047,12.35301446686167,floor_1,1,0,0,0,0,0,0,10+,medium,4.83,2408516.8274543453
https://investmoscow.ru/tenders/tender/19810718,completed,19810718.0,86.4,20339000.0,235405.09259259253,ВАО,1,24.0,Отдельный,1,19.0,10.396940098851092,10.166190809143696,55.8066778,37.7526346,24610190.0,21.0,14.0,2025.0,Завершено,4.470495282661489,12.36906735534506,floor_1,1,0,0,0,0,0,0,10+,medium,4.32,2447492.64664968
https://investmoscow.ru/tenders/tender/19810714,completed,19810714.0,49.6,12621000.0,254455.6451612903,ВАО,1,24.0,Отдельный,1,19.0,10.396940098851092,10.166190809143696,55.8066778,37.7526346,14892780.0,18.0,8.0,2025.0,Завершено,3.92395157629342,12.44688574746017,floor_1,1,0,0,0,0,1,0,10+,cheap,2.48,2645560.100556444
https://investmoscow.ru/tenders/tender/19810712,completed,19810712.0,57.2,14271000.0,249493.00699300697,ВАО,1,24.0,Отдельный,1,19.0,10.396940098851092,10.166190809143696,55.8066778,37.7526346,21049725.0,47.5,28.0,2025.0,Завершено,4.063885354737392,12.427190173817117,floor_1,1,0,0,0,0,0,0,10+,medium,2.8600000000000003,2593963.84878853
https://investmoscow.ru/tenders/tender/19810716,completed,19810716.0,57.7,14377000.0,249168.1109185441,ВАО,1,24.0,Отдельный,1,19.0,10.396940098851092,10.166190809143696,55.8066778,37.7526346,17324285.0,20.5,12.0,2025.0,Завершено,4.072439726834051,12.425887105237283,floor_1,1,0,0,0,0,0,0,10+,medium,2.885,2590585.923763988
https://investmoscow.ru/tenders/tender/19810713,completed,19810713.0,45.4,11694000.0,257577.09251101324,ВАО,1,24.0,Отдельный,1,19.0,10.396940098851092,10.166190809143696,55.8066778,37.7526346,14792910.0,26.5,17.0,2025.0,Завершено,3.8372994592322094,12.459078224995734,floor_1,1,0,0,0,0,1,0,10+,cheap,2.27,2678013.6016732305
https://investmoscow.ru/tenders/tender/19810710,completed,19810710.0,79.8,18994000.0,238020.05012531328,ВАО,1,24.0,Отдельный,1,19.0,10.396940098851092,10.166190809143696,55.8066778,37.7526346,25736870.0,35.5,28.0,2025.0,Завершено,4.39197696552705,12.38011439464718,floor_1,1,0,0,0,0,0,0,10+,medium,3.99,2474680.2034784164
https://investmoscow.ru/tenders/tender/19810724,completed,19810724.0,143.5,32420000.0,225923.3449477352,ЮВАО,1,18.0,Отдельный,1,8.0,10.873852820950503,10.911067704686928,55.7478967,37.7914176,44091200.0,36.0,27.0,2025.0,Завершено,4.973279507552487,12.327955465342406,floor_1,1,0,0,0,0,0,0,5-10,expensive,15.944444444444445,2456657.201778504
https://investmoscow.ru/tenders/tender/19851422,completed,19851422.0,201.3,47185000.0,234401.390958768,СВАО,1,22.0,Отдельный,1,6.0,10.743645934929717,10.330952401999095,55.8460984,37.5772258,57801625.0,22.5,10.0,2025.0,Завершено,5.3097517441737,12.364794536969011,floor_1,1,0,0,0,0,0,0,5-10,expensive,28.75714285714286,2518325.551116039
https://investmoscow.ru/tenders/tender/19851317,completed,19851317.0,141.6,30999000.0,218919.4915254237,СВАО,1,22.0,Отдельный,1,6.0,10.743645934929717,10.330952401999095,55.8460984,37.5772258,31308990.0,1.0,8.0,2025.0,Завершено,4.960043507980195,12.296463890483835,floor_1,1,0,0,0,0,0,0,5-10,expensive,20.228571428571428,2351993.505203999
https://investmoscow.ru/tenders/tender/19851368,completed,19851368.0,132.9,34738000.0,261384.4996237773,СВАО,1,22.0,Отдельный,1,6.0,10.743645934929717,10.330952401999095,55.8460984,37.5772258,35953830.0,3.5,7.0,2025.0,Завершено,4.897093252697127,12.473751606651142,floor_1,1,0,0,0,0,0,0,5-10,expensive,18.985714285714288,2808222.516836633
https://investmoscow.ru/tenders/tender/19746741,completed,19746741.0,106.8,24428000.0,228726.59176029963,СВАО,1,22.0,Отдельный,1,1.0,10.743645934929717,10.330952401999095,55.8460984,37.5772258,32855660.0,34.5,25.0,2025.0,Завершено,4.680277658474897,12.340287018821606,floor_1,1,0,0,0,0,0,0,0-5,medium,53.4,2457357.517775872
https://investmoscow.ru/tenders/tender/19746742,completed,19746742.0,96.9,26411000.0,272559.3395252838,СВАО,1,22.0,Отдельный,1,1.0,10.743645934929717,10.330952401999095,55.8460984,37.5772258,33013750.0,25.0,18.0,2025.0,Завершено,4.583946549536464,12.515615298024136,floor_1,1,0,0,0,0,0,0,0-5,expensive,48.45,2928281.040117944
https://investmoscow.ru/tenders/tender/19746927,completed,19746927.0,95.0,25784000.0,271410.5263157895,СВАО,1,23.0,Отдельный,1,1.0,5.304013995254466,4.88242802612526,55.7997804,37.6185291,43574960.0,69.0,22.0,2025.0,Завершено,4.564348191467836,12.511391495325558,floor_1,1,0,0,0,0,0,0,0-5,expensive,47.5,1439565.230038328
https://investmoscow.ru/tenders/tender/19812884,completed,19812884.0,569.3,83763000.0,147133.32162304586,ЗАО,1,8.0,Отдельный,1,0.0,7.3814941969585535,3.1830546500408365,55.7481691,37.4995321,,0.0,0.0,2025.0,Завершено,6.346162538162493,11.899101201080889,floor_1,1,0,0,0,0,0,0,0-5,expensive,569.3,1086063.7597397496
https://investmoscow.ru/tenders/tender/19812523,completed,19812523.0,352.2,29089000.0,82592.27711527541,ЗАО,basement,1.0,Отдельный,1,0.0,,,,,61086900.0,110.0,19.0,2025.0,Завершено,5.867034468729805,11.321683565340424,basement,0,1,0,0,0,0,0,0-5,expensive,352.2,1038564.2567117256
https://investmoscow.ru/tenders/tender/19865930,completed,19865930.0,561.2,27612000.0,49201.71062009978,ЮАО,other,15.0,Вход через подъезд,1,0.0,,,,,18638100.0,-32.5,2.0,2025.0,Завершено,6.331857658472432,10.803703994867254,other,0,0,1,0,0,0,0,0-5,expensive,561.2,618691.4782333635
https://investmoscow.ru/tenders/tender/19814983,completed,19814983.0,561.2,27612000.0,49201.71062009978,ЮАО,other,15.0,Вход через места общего пользования,1,0.0,,,,,,0.0,0.0,2025.0,Завершено,6.331857658472432,10.803703994867254,other,0,0,1,0,0,0,0,0-5,expensive,561.2,618691.4782333635
https://investmoscow.ru/tenders/tender/19859299,completed,19859299.0,238.5,41248000.0,172947.58909853248,ЮЗАО,basement,24.0,Отдельный,1,0.0,11.385291561230288,1.6858457199709869,55.6548189,37.5592002,41248000.0,0.0,1.0,2025.0,Завершено,5.4785534168509695,12.060749656474464,basement,0,1,0,0,0,0,0,0-5,expensive,238.5,1969058.7266986447
https://investmoscow.ru/tenders/tender/19815253,completed,19815253.0,79.5,16282000.0,204805.03144654087,ЮЗАО,basement,24.0,Отдельный,1,0.0,11.385291561230288,1.6858457199709869,55.6548189,37.5592002,17096100.0,5.0,3.0,2025.0,Завершено,4.388257184424518,12.229818622136396,basement,0,1,0,0,0,0,0,0-5,medium,79.5,2331764.996225805
https://investmoscow.ru/tenders/tender/19816143,completed,19816143.0,238.5,41248000.0,172947.58909853248,ЮЗАО,basement,24.0,Отдельный,1,0.0,11.385291561230288,1.6858457199709869,55.6548189,37.5592002,,0.0,0.0,2025.0,Завершено,5.4785534168509695,12.060749656474464,basement,0,1,0,0,0,0,0,0-5,expensive,238.5,1969058.7266986447
https://investmoscow.ru/tenders/tender/19815275,completed,19815275.0,130.7,25023000.0,191453.7107880643,ЮЗАО,basement,24.0,Отдельный,1,0.0,11.385291561230288,1.6858457199709869,55.6548189,37.5592002,32529900.0,30.0,5.0,2025.0,Завершено,4.880526608749236,12.162406562442705,basement,0,1,0,0,0,0,0,0-5,expensive,130.7,2179756.3178015724
https://investmoscow.ru/tenders/tender/19814855,completed,19814855.0,47.7,7626000.0,159874.21383647798,НАО,1,16.0,Отдельный,1,120.0,30.406089153148763,0.8468995785450261,55.5224465,37.3519008,10676400.0,40.0,12.0,2025.0,Завершено,3.885679030088544,11.982148876403176,floor_1,1,0,0,0,0,1,0,10+,cheap,0.3942148760330579,4861149.599201519
https://investmoscow.ru/tenders/tender/19962094,completed,19962094.0,180.9,38685000.0,213847.4295190713,ЗАО,1,18.0,Отдельный,1,0.0,8.360848089834027,5.1723384046453695,55.7665479,37.4861783,40619250.0,5.0,17.0,2026.0,Завершено,5.203457085524077,12.273022769784609,floor_1,1,0,0,0,0,0,0,0-5,expensive,180.9,1787945.872610444
https://investmoscow.ru/tenders/tender/19859373,completed,19859373.0,180.9,38685000.0,213847.4295190713,ЗАО,1,18.0,Отдельный,1,0.0,8.360848089834027,5.1723384046453695,55.7665479,37.4861783,,0.0,0.0,2025.0,Завершено,5.203457085524077,12.273022769784609,floor_1,1,0,0,0,0,0,0,0-5,expensive,180.9,1787945.872610444
https://investmoscow.ru/tenders/tender/19817171,completed,19817171.0,180.9,38685000.0,213847.4295190713,ЗАО,1,18.0,Отдельный,1,0.0,8.360848089834027,5.1723384046453695,55.7665479,37.4861783,,0.0,0.0,2025.0,Завершено,5.203457085524077,12.273022769784609,floor_1,1,0,0,0,0,0,0,0-5,expensive,180.9,1787945.872610444
https://investmoscow.ru/tenders/tender/19816873,completed,19816873.0,50.2,7334000.0,146095.61752988046,ЦАО,basement,5.0,Вход через места общего пользования,1,0.0,2.0586497509837898,1.658753669239971,55.7699183,37.6260038,16134800.0,120.0,6.0,2025.0,Завершено,3.9357395320454622,11.892023445724586,basement,0,1,0,0,0,0,1,0-5,cheap,50.2,300759.7066477114
https://investmoscow.ru/tenders/tender/19817019,completed,19817019.0,46.6,8497000.0,182339.0557939914,САО,1,15.0,Отдельный,1,0.0,15.362997992527074,7.135674215966189,55.8700232,37.4890385,19118250.0,125.0,34.0,2025.0,Завершено,3.862832761237376,12.113628661127612,floor_1,1,0,0,0,0,1,0,0-5,cheap,46.6,2801274.548122372
https://investmoscow.ru/tenders/tender/19961716,completed,19961716.0,301.0,46611000.0,154853.82059800666,Зеленоград,1,15.0,Отдельный,1,0.0,36.6619228994357,2.5074808578128245,55.991971,37.214241,26801325.0,-42.5,2.0,2026.0,Завершено,5.71042701737487,11.95024331567564,floor_1,1,0,0,0,0,0,0,0-5,expensive,301.0,5677238.831447168
https://investmoscow.ru/tenders/tender/19864892,completed,19864892.0,301.0,46611000.0,154853.82059800666,Зеленоград,1,15.0,Отдельный,1,0.0,36.6619228994357,2.5074808578128245,55.991971,37.214241,,0.0,0.0,2025.0,Завершено,5.71042701737487,11.95024331567564,floor_1,1,0,0,0,0,0,0,0-5,expensive,301.0,5677238.831447168
https://investmoscow.ru/tenders/tender/19815705,completed,19815705.0,301.0,46611000.0,154853.82059800666,Зеленоград,1,15.0,Отдельный,1,0.0,36.6619228994357,2.5074808578128245,55.991971,37.214241,,0.0,0.0,2025.0,Завершено,5.71042701737487,11.95024331567564,floor_1,1,0,0,0,0,0,0,0-5,expensive,301.0,5677238.831447168
https://investmoscow.ru/tenders/tender/19805504,completed,19805504.0,155.4,37323000.0,240173.7451737452,ЦАО,mezzanine,15.0,Отдельный,1,0.0,,,,,,0.0,0.0,2025.0,Завершено,5.052416828111211,12.389122042274964,other,0,0,1,0,0,0,0,0-5,expensive,155.4,3020087.05717001
https://investmoscow.ru/tenders/tender/19809263,completed,19809263.0,163.4,52691000.0,322466.34026927786,ЦАО,3,4.0,Вход через места общего пользования,1,2.0,0.8578803718501471,0.5432823683906253,55.7587217,37.6242781,52691000.0,0.0,2.0,2025.0,Завершено,5.10230248262208,12.683757139606904,floor_3_plus,0,0,0,1,0,0,1,0-5,expensive,54.46666666666667,276637.54389936413
https://investmoscow.ru/tenders/tender/19817967,completed,19817967.0,596.9,93347000.0,156386.3293684034,САО,basement,5.0,Вход через места общего пользования,1,10.0,7.700718061526802,1.6152848540020082,55.7960997,37.5223364,93347000.0,0.0,2.0,2025.0,Завершено,6.393423515886859,11.960091089542994,basement,0,1,0,0,0,0,0,5-10,expensive,54.26363636363636,1204287.0311431435
https://investmoscow.ru/tenders/tender/19818260,completed,19818260.0,3873.7,212797000.0,54933.78423729252,СВАО,3,15.0,Вход через места общего пользования,1,3.0,12.727896186099596,5.488097660314726,55.8643393,37.5766655,212797000.0,0.0,3.0,2025.0,Завершено,8.262223519435576,10.913902019527242,floor_3_plus,0,0,0,1,0,0,0,0-5,expensive,968.425,699191.5028818536
https://investmoscow.ru/tenders/tender/19820740,completed,19820740.0,132.8,39057000.0,294103.9156626506,ЗАО,1,15.0,Отдельный,1,4.0,8.477662238841145,8.558726399274386,55.7367931,37.4845055,92369805.0,136.5,51.0,2025.0,Завершено,4.896346147694128,12.591691838658273,floor_1,1,0,0,0,0,0,0,0-5,expensive,26.56,2493313.6601085737
https://investmoscow.ru/tenders/tender/19847424,completed,19847424.0,19.6,1775000.0,90561.22448979592,ВАО,basement,5.0,Вход через подъезд,1,6.0,10.872847741100024,2.099757172083697,55.7913817,37.7768676,1775000.0,0.0,1.0,2025.0,Завершено,3.025291075795536,11.413792456847736,basement,0,1,0,0,0,1,0,5-10,cheap,2.8000000000000003,984658.4051251296
https://investmoscow.ru/tenders/tender/19847223,completed,19847223.0,25.6,2253000.0,88007.8125,ВАО,basement,5.0,Вход через подъезд,1,6.0,10.872847741100024,2.099757172083697,55.7913817,37.7768676,2253000.0,0.0,1.0,2025.0,Завершено,3.2809112157876537,11.38519223049192,basement,0,1,0,0,0,1,0,5-10,cheap,3.6571428571428575,956895.5453397796
https://investmoscow.ru/tenders/tender/19833173,completed,19833173.0,26.4,2315000.0,87689.39393939395,ВАО,basement,5.0,Вход через места общего пользования,1,6.0,10.872847741100024,2.099757172083697,55.7913817,37.7768676,2315000.0,0.0,1.0,2025.0,Завершено,3.310543013394025,11.381567639172866,basement,0,1,0,0,0,1,0,5-10,cheap,3.7714285714285714,953433.4288123696
https://investmoscow.ru/tenders/tender/19823641,completed,19823641.0,42.2,3620000.0,85781.99052132701,ВАО,basement,5.0,Вход через места общего пользования,1,0.0,10.872847741100024,2.099757172083697,55.7913817,37.7768676,3620000.0,0.0,1.0,2025.0,Завершено,3.765840495250065,11.359576020150604,basement,0,1,0,0,0,1,0,0-5,cheap,42.2,932694.521866874
https://investmoscow.ru/tenders/tender/19791337,completed,19791337.0,200.9,12374000.0,61592.83225485316,САО,basement,9.0,Отдельный,1,0.0,12.579476016085891,4.786106513480188,55.8188619,37.4549072,12374000.0,0.0,1.0,2025.0,Завершено,5.307772525318792,11.028317018775793,basement,0,1,0,0,0,0,0,0-5,cheap,200.9,774805.5561127268
https://investmoscow.ru/tenders/tender/19825158,completed,19825158.0,141.9,15824000.0,111515.1515151515,ЦАО,basement,9.0,Отдельный,1,13.0,6.379761411626096,6.231579493803166,55.7753434,37.7108256,15824000.0,0.0,1.0,2025.0,Завершено,4.9621450849358215,11.621924716029731,basement,0,1,0,0,0,0,0,10+,medium,10.135714285714286,711440.0604480009
https://investmoscow.ru/tenders/tender/19873975,completed,19873975.0,81.3,12405600.0,152590.40590405904,ВАО,1,17.0,Отдельный,1,67.0,20.748275861102822,15.467972289237292,55.6813413,37.9249969,,0.0,0.0,2025.0,Завершено,4.410371107683024,11.93551907844881,floor_1,1,0,0,0,0,0,0,10+,cheap,1.1955882352941176,3165987.83545507
https://investmoscow.ru/tenders/tender/19826098,completed,19826098.0,81.3,12405600.0,152590.40590405904,ВАО,1,17.0,Отдельный,1,67.0,20.748275861102822,15.467972289237292,55.6813413,37.9249969,,0.0,0.0,2025.0,Завершено,4.410371107683024,11.93551907844881,floor_1,1,0,0,0,0,0,0,10+,cheap,1.1955882352941176,3165987.83545507
https://investmoscow.ru/tenders/tender/19823228,completed,19823228.0,201.8,30990000.0,153567.88899900892,ВАО,basement,5.0,Отдельный,1,32.0,12.175462204802448,4.944450382257629,55.823746,37.7649313,,0.0,0.0,2025.0,Завершено,5.312220271717028,11.941904533601214,basement,0,1,0,0,0,0,0,10+,expensive,6.115151515151515,1869760.0283787309
https://investmoscow.ru/tenders/tender/19828976,completed,19828976.0,53.9,10136000.0,188051.94805194807,СВАО,1,15.0,Отдельный,1,9.0,11.952142755876716,3.757014040216818,55.8596111,37.610809,14190400.0,40.0,2.0,2025.0,Завершено,4.005513348515485,12.14447884073358,floor_1,1,0,0,0,0,0,0,5-10,cheap,5.39,2247623.728637596
https://investmoscow.ru/tenders/tender/19885380,completed,19885380.0,82.1,7953000.0,96869.67113276492,ЗАО,basement,18.0,Вход через места общего пользования,1,11.0,13.194923859345122,5.54633766257253,55.7385543,37.4076291,7953000.0,0.0,2.0,2025.0,Завершено,4.420044701861403,11.481132080576105,basement,0,1,0,0,0,0,0,10+,cheap,6.841666666666666,1278187.9348766354
https://investmoscow.ru/tenders/tender/19833356,completed,19833356.0,2.9,502000.0,173103.4482758621,ЗАО,basement,18.0,Вход через места общего пользования,1,11.0,13.194923859345122,5.54633766257253,55.7385543,37.4076291,502000.0,0.0,3.0,2025.0,Завершено,1.3609765531356006,12.061650438557182,basement,0,1,0,0,0,1,0,10+,cheap,0.2416666666666666,2284086.8197900867
https://investmoscow.ru/tenders/tender/19833067,completed,19833067.0,17.8,1783000.0,100168.53932584268,ЗАО,basement,18.0,Вход через места общего пользования,1,11.0,13.194923859345122,5.54633766257253,55.7385543,37.4076291,2407050.0,35.0,2.0,2025.0,Завершено,2.933856869835904,11.514619422671831,basement,0,1,0,0,0,1,0,10+,cheap,1.4833333333333334,1321716.2495063115
https://investmoscow.ru/tenders/tender/19829814,completed,19829814.0,32.8,2981000.0,90884.14634146342,ЗАО,basement,18.0,Вход через места общего пользования,1,11.0,13.194923859345122,5.54633766257253,55.7385543,37.4076291,2981000.0,0.0,1.0,2025.0,Завершено,3.520460802488973,11.4173518602287,basement,0,1,0,0,0,1,0,10+,cheap,2.733333333333333,1199209.390997189
https://investmoscow.ru/tenders/tender/19832979,completed,19832979.0,132.9,27976000.0,210504.1384499624,ЗАО,1,18.0,Отдельный,1,42.0,8.360848089834027,5.1723384046453695,55.7665479,37.4861783,32172400.0,15.0,5.0,2025.0,Завершено,4.897093252697127,12.257265342495296,floor_1,1,0,0,0,0,0,0,10+,expensive,3.090697674418605,1759993.1238615257
https://investmoscow.ru/tenders/tender/19830174,completed,19830174.0,92.0,21233000.0,230793.4782608696,ЗАО,1,18.0,Отдельный,1,42.0,8.360848089834027,5.1723384046453695,55.7665479,37.4861783,21233000.0,0.0,4.0,2025.0,Завершено,4.532599493153256,12.349282888983572,floor_1,1,0,0,0,0,0,0,10+,medium,2.13953488372093,1929629.211863543
https://investmoscow.ru/tenders/tender/19830094,completed,19830094.0,210.5,44362000.0,210745.8432304038,ЗАО,1,18.0,Отдельный,1,42.0,8.360848089834027,5.1723384046453695,55.7665479,37.4861783,44362000.0,0.0,3.0,2025.0,Завершено,5.354224998486333,12.25841289701125,floor_1,1,0,0,0,0,0,0,10+,expensive,4.895348837209302,1762013.9808133831
https://investmoscow.ru/tenders/tender/19833501,completed,19833501.0,55.3,9777000.0,176799.2766726944,СВАО,1,15.0,Отдельный,1,10.0,13.158634416889637,4.914059246099831,55.8704219,37.6078541,14176650.0,45.0,6.0,2025.0,Завершено,4.030694535145645,12.08277599407526,floor_1,1,0,0,0,0,0,0,5-10,cheap,5.027272727272727,2326437.046906509
https://investmoscow.ru/tenders/tender/19832826,completed,19832826.0,407.7,17197000.0,42180.52489575669,ЗАО,basement,5.0,Отдельный,1,1.0,14.569294154541549,12.520676239840697,55.8268727,37.4259406,24075800.0,40.0,3.0,2025.0,Завершено,6.012981390570231,10.64973760548353,basement,0,1,0,0,0,0,0,0-5,medium,203.85,614540.4747992422
https://investmoscow.ru/tenders/tender/19834811,completed,19834811.0,110.6,26317000.0,237947.5587703436,САО,1,15.0,Отдельный,1,11.0,5.311779861950127,3.2345520782776456,55.7919659,37.5707326,,0.0,0.0,2025.0,Завершено,4.71492104994721,12.379809789671672,floor_1,1,0,0,0,0,0,0,10+,expensive,9.216666666666669,1263925.0508765054
https://investmoscow.ru/tenders/tender/19831730,completed,19831730.0,125.4,11532000.0,91961.72248803829,ВАО,basement,5.0,Отдельный,1,15.0,11.507486888143948,4.099496335263817,55.7570776,37.8014926,,0.0,0.0,2025.0,Завершено,4.839451481712757,11.429138583571977,basement,0,1,0,0,0,0,0,10+,cheap,7.8375,1058248.315742233
https://investmoscow.ru/tenders/tender/19831776,completed,19831776.0,20.4,10828000.0,530784.3137254902,ЦАО,1,15.0,Вход через места общего пользования,1,7.0,1.7746113799904355,1.883921974708324,55.7491586,37.589544,,0.0,0.0,2025.0,Завершено,3.0633909220278057,13.182112912868815,floor_1,1,0,0,0,0,1,1,5-10,cheap,2.55,941935.8834576684
https://investmoscow.ru/tenders/tender/19840254,completed,19840254.0,68.4,20967000.0,306535.0877192982,ЗАО,1,5.0,Отдельный,1,22.0,6.881408718212487,2.0093960825209067,55.7210121,37.5220901,20967000.0,0.0,1.0,2025.0,Завершено,4.239886867512759,12.63309076876283,floor_1,1,0,0,0,0,0,0,10+,medium,2.973913043478261,2109393.225069608
https://investmoscow.ru/tenders/tender/19840310,completed,19840310.0,32.6,6360000.0,195092.02453987728,СВАО,1,15.0,Отдельный,1,17.0,14.344723822296007,5.593676037890355,55.8803261,37.6446382,15582000.0,145.0,17.0,2025.0,Завершено,3.5145260669691587,12.18123177271667,floor_1,1,0,0,0,0,1,0,10+,cheap,1.8111111111111111,2798541.211957135
https://investmoscow.ru/tenders/tender/19847614,completed,19847614.0,64.5,10862000.0,168403.1007751938,САО,1,15.0,Отдельный,1,7.0,13.307372176309109,6.395463660335667,55.8661945,37.5526411,17922300.0,65.0,14.0,2025.0,Завершено,4.182050142641207,12.034121731890512,floor_1,1,0,0,0,0,0,0,5-10,cheap,8.0625,2241002.7376599927
https://investmoscow.ru/tenders/tender/19849806,completed,19849806.0,68.8,16900000.0,245639.5348837209,ЦАО,2,15.0,Вход через места общего пользования,1,8.0,2.760541991987492,2.9300642675376736,55.7442854,37.6595113,21970000.0,30.0,2.0,2025.0,Завершено,4.245634009768327,12.411624505951634,floor_2,0,0,0,0,1,0,1,5-10,medium,7.644444444444444,678098.2509387879
https://investmoscow.ru/tenders/tender/19849745,completed,19849745.0,445.0,40127000.0,90173.03370786516,САО,basement,15.0,Отдельный,1,12.0,8.307293480811362,0.8971993090319772,55.8036094,37.5211929,56177800.0,40.0,2.0,2025.0,Завершено,6.100318952020064,11.409496789971216,basement,0,1,0,0,0,0,0,10+,expensive,34.23076923076923,749093.8550663315
https://investmoscow.ru/tenders/tender/19849278,completed,19849278.0,141.2,10139000.0,71805.94900849859,ЦАО,basement,15.0,Отдельный,1,7.0,3.116394029576758,3.52069849306053,55.7255189,37.6340731,10139000.0,0.0,2.0,2025.0,Завершено,4.95723451736914,11.181736533201327,basement,0,1,0,0,0,0,1,5-10,cheap,17.65,223775.6307781781
https://investmoscow.ru/tenders/tender/19849582,completed,19849582.0,50.0,9771000.0,195420.0,САО,1,15.0,Отдельный,1,14.0,18.35614991294896,11.506948531466463,55.9130211,37.5505486,9771000.0,0.0,2.0,2025.0,Завершено,3.9318256327243257,12.182911484668743,floor_1,1,0,0,0,0,0,0,10+,cheap,3.333333333333333,3587158.815988486
https://investmoscow.ru/tenders/tender/19826049,completed,19826049.0,686.2,66392000.0,96753.13319731856,ЦАО,basement,3.0,Вход через места общего пользования,1,8.0,3.5355546426077304,3.1540690116064254,55.7815066,37.6388155,,0.0,0.0,2025.0,Завершено,6.532625370670046,11.47992833036526,basement,0,1,0,0,0,0,1,5-10,expensive,76.24444444444445,342075.98926262377
https://investmoscow.ru/tenders/tender/20002293,completed,20002293.0,49.2,15151000.0,307947.1544715447,ВАО,1,15.0,Отдельный,1,7.0,10.817225986087578,10.821747327476208,55.7554978,37.7905523,33332200.0,120.0,44.0,2026.0,Завершено,3.9160150266976834,12.637686718148846,floor_1,1,0,0,0,0,1,0,5-10,medium,6.15,3331133.961691319
https://investmoscow.ru/tenders/tender/19974200,completed,19974200.0,43.4,12282200.0,283000.0,ВАО,1,15.0,Отдельный,1,7.0,10.817225986087578,10.821747327476208,55.7554978,37.7905523,18300478.0,49.0,15.0,2026.0,Завершено,3.7932394694381792,12.553205710188037,floor_1,1,0,0,0,0,1,0,5-10,cheap,5.425,3061274.954062785
https://investmoscow.ru/tenders/tender/19912554,completed,19912554.0,115.8,33749000.0,291442.1416234888,ВАО,1,15.0,Отдельный,1,7.0,10.817225986087578,10.821747327476208,55.7554978,37.7905523,38980095.0,15.5,8.0,2025.0,Завершено,4.760463070394127,12.582600211282212,floor_1,1,0,0,0,0,0,0,5-10,expensive,14.475,3152595.507810619
https://investmoscow.ru/tenders/tender/19854843,completed,19854843.0,46.6,15029000.0,322510.7296137339,ВАО,1,15.0,Отдельный,1,7.0,10.817225986087578,10.821747327476208,55.7554978,37.7905523,19687990.0,31.0,14.0,2025.0,Завершено,3.862832761237376,12.68389478545186,floor_1,1,0,0,0,0,1,0,5-10,medium,5.825,3488671.445169747
https://investmoscow.ru/tenders/tender/19854877,completed,19854877.0,43.4,12412000.0,285990.7834101383,ВАО,1,15.0,Отдельный,1,7.0,10.817225986087578,10.821747327476208,55.7554978,37.7905523,20045380.0,61.5,19.0,2025.0,Завершено,3.7932394694381792,12.563718360054114,floor_1,1,0,0,0,0,1,0,5-10,cheap,5.425,3093626.9340856923
https://investmoscow.ru/tenders/tender/19852612,completed,19852612.0,49.2,15736000.0,319837.39837398374,ВАО,1,15.0,Отдельный,1,7.0,10.817225986087578,10.821747327476208,55.7554978,37.7905523,29190280.0,85.5,38.0,2025.0,Завершено,3.9160150266976834,12.675571142136596,floor_1,1,0,0,0,0,1,0,5-10,medium,6.15,3459753.417013702
https://investmoscow.ru/tenders/tender/19852589,completed,19852589.0,88.4,25849000.0,292409.5022624434,ВАО,1,15.0,Отдельный,1,7.0,10.817225986087578,10.821747327476208,55.7554978,37.7905523,35542375.0,37.5,19.0,2025.0,Завершено,4.493120682179469,12.58591392366296,floor_1,1,0,0,0,0,0,0,5-10,expensive,11.05,3163059.6664522374
https://investmoscow.ru/tenders/tender/19852563,completed,19852563.0,73.6,22133000.0,300720.1086956522,ВАО,1,15.0,Отдельный,1,7.0,10.817225986087578,10.821747327476208,55.7554978,37.7905523,27112925.0,22.5,8.0,2025.0,Завершено,4.312140507209715,12.613938565035108,floor_1,1,0,0,0,0,0,0,5-10,medium,9.2,3252957.3743216903
https://investmoscow.ru/tenders/tender/19852493,completed,19852493.0,51.0,14230000.0,279019.60784313723,ВАО,1,15.0,Отдельный,1,7.0,10.817225986087578,10.821747327476208,55.7554978,37.7905523,24048700.0,69.0,18.0,2025.0,Завершено,3.951243718581428,12.539040921312798,floor_1,1,0,0,0,0,0,0,5-10,medium,6.375,3018218.1525887493
https://investmoscow.ru/tenders/tender/19852465,completed,19852465.0,36.2,10644000.0,294033.1491712707,ВАО,1,15.0,Отдельный,1,7.0,10.817225986087578,10.821747327476208,55.7554978,37.7905523,16338540.0,53.5,17.0,2025.0,Завершено,3.616308761279101,12.591451193219283,floor_1,1,0,0,0,0,1,0,5-10,cheap,4.525,3180623.021986635
https://investmoscow.ru/tenders/tender/19852522,completed,19852522.0,44.2,14370000.0,325113.1221719457,ВАО,1,15.0,Отдельный,1,7.0,10.817225986087578,10.821747327476208,55.7554978,37.7905523,19758750.0,37.5,16.0,2025.0,Завершено,3.8110970868381857,12.691931544819296,floor_1,1,0,0,0,0,1,0,5-10,medium,5.525,3516822.1135764364
https://investmoscow.ru/tenders/tender/19852640,completed,19852640.0,136.8,36764000.0,268742.6900584795,ЮЗАО,1,15.0,Отдельный,1,5.0,9.661355051515365,10.049213287995414,55.6712693,37.5596923,55329820.0,50.5,13.0,2025.0,Завершено,4.925803358579558,12.501513379296208,floor_1,1,0,0,0,0,0,0,0-5,expensive,22.8,2596418.546154319
https://investmoscow.ru/tenders/tender/19852615,completed,19852615.0,179.1,46192000.0,257911.7811278616,ЮЗАО,1,15.0,Отдельный,1,5.0,9.661355051515365,10.049213287995414,55.6712693,37.5596923,52658880.0,14.0,13.0,2025.0,Завершено,5.19351225218191,12.46037674910544,floor_1,1,0,0,0,0,0,0,0-5,expensive,29.85,2491777.2894449905
https://investmoscow.ru/tenders/tender/19969109,completed,19969109.0,53.5,15853000.0,296317.7570093458,СЗАО,1,15.0,Отдельный,1,22.0,13.098937318919743,12.739534779285558,55.8510693,37.5035663,15853000.0,0.0,1.0,2026.0,Завершено,3.9982007016692,12.599191035673275,floor_1,1,0,0,0,0,0,0,10+,medium,2.3260869565217392,3881447.725548312
https://investmoscow.ru/tenders/tender/19969116,completed,19969116.0,57.1,16751000.0,293362.5218914185,СЗАО,1,15.0,Отдельный,1,22.0,13.098937318919743,12.739534779285558,55.8510693,37.5035663,16918510.0,1.0,5.0,2026.0,Завершено,4.062165663857866,12.589167808029766,floor_1,1,0,0,0,0,0,0,10+,medium,2.482608695652174,3842737.285975912
https://investmoscow.ru/tenders/tender/19944851,completed,19944851.0,119.2,32511000.0,272743.28859060403,СЗАО,1,15.0,Отдельный,1,25.0,13.098937318919743,12.739534779285558,55.8510693,37.5035663,32511000.0,0.0,1.0,2026.0,Завершено,4.789157022101107,12.516289963386626,floor_1,1,0,0,0,0,0,0,10+,expensive,4.584615384615384,3572647.2414043606
https://investmoscow.ru/tenders/tender/19906224,completed,19906224.0,57.1,16751000.0,293362.5218914185,СЗАО,1,15.0,Отдельный,1,25.0,13.098937318919743,12.739534779285558,55.8510693,37.5035663,,0.0,0.0,2025.0,Завершено,4.062165663857866,12.589167808029766,floor_1,1,0,0,0,0,0,0,10+,medium,2.1961538461538463,3842737.285975912
https://investmoscow.ru/tenders/tender/19906214,completed,19906214.0,53.5,15853000.0,296317.7570093458,СЗАО,1,15.0,Отдельный,1,25.0,13.098937318919743,12.739534779285558,55.8510693,37.5035663,,0.0,0.0,2025.0,Завершено,3.9982007016692,12.599191035673275,floor_1,1,0,0,0,0,0,0,10+,medium,2.0576923076923075,3881447.725548312
https://investmoscow.ru/tenders/tender/19852648,completed,19852648.0,57.1,16751000.0,293362.5218914185,СЗАО,1,15.0,Отдельный,1,25.0,13.098937318919743,12.739534779285558,55.8510693,37.5035663,,0.0,0.0,2025.0,Завершено,4.062165663857866,12.589167808029766,floor_1,1,0,0,0,0,0,0,10+,medium,2.1961538461538463,3842737.285975912
https://investmoscow.ru/tenders/tender/19852634,completed,19852634.0,53.5,15853000.0,296317.7570093458,СЗАО,1,15.0,Отдельный,1,25.0,13.098937318919743,12.739534779285558,55.8510693,37.5035663,,0.0,0.0,2025.0,Завершено,3.9982007016692,12.599191035673275,floor_1,1,0,0,0,0,0,0,10+,medium,2.0576923076923075,3881447.725548312
https://investmoscow.ru/tenders/tender/19852470,completed,19852470.0,119.2,32511000.0,272743.28859060403,СЗАО,1,15.0,Отдельный,1,25.0,13.098937318919743,12.739534779285558,55.8510693,37.5035663,32511000.0,0.0,1.0,2025.0,Завершено,4.789157022101107,12.516289963386626,floor_1,1,0,0,0,0,0,0,10+,expensive,4.584615384615384,3572647.2414043606
https://investmoscow.ru/tenders/tender/19992530,completed,19992530.0,71.0,18306000.0,257830.98591549296,ЗАО,1,26.0,Отдельный,1,5.0,11.748392020582472,11.980359952526731,55.692335,37.4621606,,0.0,0.0,2026.0,Завершено,4.276666119016055,12.460063434387804,floor_1,1,0,0,0,0,0,0,0-5,medium,11.833333333333334,3029099.497588489
https://investmoscow.ru/tenders/tender/19992535,completed,19992535.0,52.5,14171000.0,269923.8095238095,ЗАО,1,26.0,Отдельный,1,5.0,11.748392020582472,11.980359952526731,55.692335,37.4621606,42442145.0,199.5,75.0,2026.0,Завершено,3.979681653901961,12.505898715951702,floor_1,1,0,0,0,0,0,0,0-5,medium,8.75,3171170.7299747467
https://investmoscow.ru/tenders/tender/19992526,completed,19992526.0,36.9,10511000.0,284850.9485094851,ЗАО,1,26.0,Отдельный,1,5.0,11.748392020582472,11.980359952526731,55.692335,37.4621606,22651205.0,115.5,39.0,2026.0,Завершено,3.634951112088381,12.55972484536078,floor_1,1,0,0,0,0,1,0,0-5,cheap,6.15,3346540.610524184
https://investmoscow.ru/tenders/tender/19912653,completed,19912653.0,50.5,13709000.0,271465.34653465345,ЗАО,1,15.0,Отдельный,1,43.0,11.748392020582472,11.980359952526731,55.692335,37.4621606,26801095.0,95.5,20.0,2025.0,Завершено,3.9415818076696905,12.51159345684137,floor_1,1,0,0,0,0,0,0,10+,medium,1.1477272727272727,3189281.311092378
https://investmoscow.ru/tenders/tender/19912763,completed,19912763.0,90.8,22547000.0,248314.97797356828,ЗАО,1,15.0,Отдельный,1,43.0,11.748392020582472,11.980359952526731,55.692335,37.4621606,54225535.0,140.5,33.0,2025.0,Завершено,4.519612297626445,12.422457318896594,floor_1,1,0,0,0,0,0,0,10+,medium,2.0636363636363635,2917301.705815782
https://investmoscow.ru/tenders/tender/19912606,completed,19912606.0,52.0,14050000.0,270192.3076923077,ЗАО,1,15.0,Отдельный,1,43.0,11.748392020582472,11.980359952526731,55.692335,37.4621606,26133000.0,86.0,20.0,2025.0,Завершено,3.970291913552122,12.506892936223368,floor_1,1,0,0,0,0,0,0,10+,medium,1.181818181818182,3174325.1517150714
https://investmoscow.ru/tenders/tender/19912568,completed,19912568.0,88.8,22119000.0,249087.83783783784,ЗАО,1,15.0,Отдельный,1,43.0,11.748392020582472,11.980359952526731,55.692335,37.4621606,48661800.0,120.0,31.0,2025.0,Завершено,4.497584975308154,12.425564890281754,floor_1,1,0,0,0,0,0,0,10+,medium,2.018181818181818,2926381.5664781947
https://investmoscow.ru/tenders/tender/19901275,completed,19901275.0,91.3,22648000.0,248061.33625410736,ЗАО,1,15.0,Отдельный,1,43.0,11.748392020582472,11.980359952526731,55.692335,37.4621606,53449280.0,136.0,31.0,2025.0,Завершено,4.525044141508807,12.421435349425863,floor_1,1,0,0,0,0,0,0,10+,medium,2.075,2914321.82346278
https://investmoscow.ru/tenders/tender/19901267,completed,19901267.0,131.6,30850000.0,234422.49240121583,ЗАО,1,15.0,Отдельный,1,43.0,11.748392020582472,11.980359952526731,55.692335,37.4621606,73268750.0,137.5,29.0,2025.0,Завершено,4.887337077751762,12.364884555217625,floor_1,1,0,0,0,0,0,0,10+,expensive,2.9909090909090907,2754087.339171499
https://investmoscow.ru/tenders/tender/19885138,completed,19885138.0,56.0,14972000.0,267357.14285714284,ЗАО,1,26.0,Отдельный,1,5.0,11.748392020582472,11.980359952526731,55.692335,37.4621606,41322720.0,176.0,79.0,2025.0,Завершено,4.04305126783455,12.496344397579568,floor_1,1,0,0,0,0,0,0,0-5,medium,9.333333333333334,3141016.523788585
https://investmoscow.ru/tenders/tender/19885093,completed,19885093.0,52.5,14171000.0,269923.8095238095,ЗАО,1,26.0,Отдельный,1,5.0,11.748392020582472,11.980359952526731,55.692335,37.4621606,41875305.0,195.5,64.0,2025.0,Завершено,3.979681653901961,12.505898715951702,floor_1,1,0,0,0,0,0,0,0-5,medium,8.75,3171170.7299747467
https://investmoscow.ru/tenders/tender/19884966,completed,19884966.0,71.0,18306000.0,257830.98591549296,ЗАО,1,26.0,Отдельный,1,5.0,11.748392020582472,11.980359952526731,55.692335,37.4621606,36978120.0,102.0,33.0,2025.0,Завершено,4.276666119016055,12.460063434387804,floor_1,1,0,0,0,0,0,0,0-5,medium,11.833333333333334,3029099.497588489
https://investmoscow.ru/tenders/tender/19885076,completed,19885076.0,62.0,16305000.0,262983.87096774194,ЗАО,1,26.0,Отдельный,1,5.0,11.748392020582472,11.980359952526731,55.692335,37.4621606,33425250.0,105.0,24.0,2025.0,Завершено,4.143134726391533,12.4798517846678,floor_1,1,0,0,0,0,0,0,0-5,medium,10.333333333333334,3089637.6112193097
https://investmoscow.ru/tenders/tender/19885053,completed,19885053.0,36.9,10511000.0,284850.9485094851,ЗАО,1,26.0,Отдельный,1,5.0,11.748392020582472,11.980359952526731,55.692335,37.4621606,23807415.0,126.5,31.0,2025.0,Завершено,3.634951112088381,12.55972484536078,floor_1,1,0,0,0,0,1,0,0-5,cheap,6.15,3346540.610524184
https://investmoscow.ru/tenders/tender/19885042,completed,19885042.0,87.3,21790000.0,249599.08361970217,ЗАО,1,26.0,Отдельный,1,5.0,11.748392020582472,11.980359952526731,55.692335,37.4621606,44560550.0,104.5,34.0,2025.0,Завершено,4.480740107609915,12.427615250492186,floor_1,1,0,0,0,0,0,0,0-5,medium,14.55,2932387.882342406
https://investmoscow.ru/tenders/tender/19885014,completed,19885014.0,88.8,22119000.0,249087.83783783784,ЗАО,1,26.0,Отдельный,1,5.0,11.748392020582472,11.980359952526731,55.692335,37.4621606,45122760.0,104.0,35.0,2025.0,Завершено,4.497584975308154,12.425564890281754,floor_1,1,0,0,0,0,0,0,0-5,medium,14.8,2926381.5664781947
https://investmoscow.ru/tenders/tender/19863559,completed,19863559.0,105.6,25597000.0,242395.8333333333,ЗАО,1,25.0,Отдельный,1,5.0,11.748392020582472,11.980359952526731,55.692335,37.4621606,85110025.0,232.5,96.0,2025.0,Завершено,4.669083511731744,12.398331469285583,floor_1,1,0,0,0,0,0,0,0-5,expensive,17.599999999999998,2847761.274155772
https://investmoscow.ru/tenders/tender/19863316,completed,19863316.0,140.8,32680000.0,232102.2727272727,ЗАО,1,25.0,Отдельный,1,5.0,11.748392020582472,11.980359952526731,55.692335,37.4621606,95098800.0,191.0,81.0,2025.0,Завершено,4.954417614098027,12.354937692668384,floor_1,1,0,0,0,0,0,0,0-5,expensive,23.46666666666667,2726828.488868147
https://investmoscow.ru/tenders/tender/19863301,completed,19863301.0,84.2,21146000.0,251140.1425178148,ЗАО,1,25.0,Отдельный,1,5.0,11.748392020582472,11.980359952526731,55.692335,37.4621606,58680150.0,177.5,68.0,2025.0,Завершено,4.44500143383527,12.433770380858938,floor_1,1,0,0,0,0,0,0,0-5,medium,14.033333333333331,2950492.8464042395
https://investmoscow.ru/tenders/tender/19863548,completed,19863548.0,71.7,18450000.0,257322.17573221755,ЗАО,1,25.0,Отдельный,1,5.0,11.748392020582472,11.980359952526731,55.692335,37.4621606,56364750.0,205.5,98.0,2025.0,Завершено,4.286341384539473,12.458088067016549,floor_1,1,0,0,0,0,0,0,0-5,medium,11.95,3023121.796091305
https://investmoscow.ru/tenders/tender/19863340,completed,19863340.0,63.7,16686000.0,261946.62480376769,ЗАО,1,25.0,Отдельный,1,5.0,11.748392020582472,11.980359952526731,55.692335,37.4621606,45135630.0,170.5,53.0,2025.0,Завершено,4.169761201506855,12.475899857430369,floor_1,1,0,0,0,0,0,0,0-5,medium,10.616666666666667,3077451.6366630946
https://investmoscow.ru/tenders/tender/19863360,completed,19863360.0,81.4,20548000.0,252432.43243243243,ЗАО,1,25.0,Отдельный,1,5.0,11.748392020582472,11.980359952526731,55.692335,37.4621606,60308380.0,193.5,89.0,2025.0,Завершено,4.411585436915426,12.438902859009056,floor_1,1,0,0,0,0,0,0,0-5,medium,13.566666666666668,2965675.174925413
https://investmoscow.ru/tenders/tender/19863292,completed,19863292.0,73.7,18889000.0,256295.79375848031,ЗАО,1,25.0,Отдельный,1,5.0,11.748392020582472,11.980359952526731,55.692335,37.4621606,37966890.0,101.0,33.0,2025.0,Завершено,4.313480092138772,12.454091402552809,floor_1,1,0,0,0,0,0,0,0-5,medium,12.283333333333331,3011063.458300981
https://investmoscow.ru/tenders/tender/19852595,completed,19852595.0,81.7,20603000.0,252178.70257037945,ЗАО,1,15.0,Отдельный,1,5.0,11.748392020582472,11.980359952526731,55.692335,37.4621606,42442180.0,106.0,39.0,2025.0,Завершено,4.415219602029645,12.437897217792704,floor_1,1,0,0,0,0,0,0,0-5,medium,13.616666666666667,2962694.2570386864
https://investmoscow.ru/tenders/tender/19974128,completed,19974128.0,191.3,44535000.0,232801.88186095137,ЮВАО,1,15.0,Отдельный,1,4.0,13.67007287651207,13.851970429894646,55.7034628,37.8186203,,0.0,0.0,2026.0,Завершено,5.259056652594734,12.357947373890598,floor_1,1,0,0,0,0,0,0,0-5,expensive,38.260000000000005,3182418.6908283583
https://investmoscow.ru/tenders/tender/19852654,completed,19852654.0,191.3,44535000.0,232801.88186095137,ЮВАО,1,15.0,Отдельный,1,4.0,13.67007287651207,13.851970429894646,55.7034628,37.8186203,46761750.0,5.0,7.0,2025.0,Завершено,5.259056652594734,12.357947373890598,floor_1,1,0,0,0,0,0,0,0-5,expensive,38.260000000000005,3182418.6908283583
https://investmoscow.ru/tenders/tender/19974134,completed,19974134.0,42.8,9084000.0,212242.9906542056,СЗАО,1,15.0,Отдельный,1,27.0,15.539461824270068,15.149543217231598,55.8799248,37.5164522,15215700.0,67.5,14.0,2026.0,Завершено,3.779633817382401,12.265491791189538,floor_1,1,0,0,0,0,1,0,10+,cheap,1.5285714285714285,3298141.850739937
https://investmoscow.ru/tenders/tender/19912908,completed,19912908.0,118.1,21473000.0,181820.49110922948,СЗАО,1,15.0,Отдельный,1,34.0,15.539461824270068,15.149543217231598,55.8799248,37.5164522,21473000.0,0.0,6.0,2025.0,Завершено,4.779963476361254,12.110780666660974,floor_1,1,0,0,0,0,0,0,10+,medium,3.374285714285714,2825392.5804619067
https://investmoscow.ru/tenders/tender/19912922,completed,19912922.0,50.6,10474000.0,206996.04743083005,СЗАО,1,15.0,Отдельный,1,34.0,15.539461824270068,15.149543217231598,55.8799248,37.5164522,13878050.0,32.5,12.0,2025.0,Завершено,3.943521672487517,12.240459808526602,floor_1,1,0,0,0,0,0,0,10+,cheap,1.4457142857142855,3216607.17682618
https://investmoscow.ru/tenders/tender/19912903,completed,19912903.0,121.0,21913000.0,181099.173553719,СЗАО,1,15.0,Отдельный,1,34.0,15.539461824270068,15.149543217231598,55.8799248,37.5164522,27172120.0,24.0,11.0,2025.0,Завершено,4.804021044733257,12.106805602201907,floor_1,1,0,0,0,0,0,0,10+,medium,3.4571428571428573,2814183.6938448763
https://investmoscow.ru/tenders/tender/19890909,completed,19890909.0,173.4,31528000.0,181822.3760092272,СЗАО,1,15.0,Отдельный,1,34.0,15.539461824270068,15.149543217231598,55.8799248,37.5164522,41616960.0,32.0,8.0,2025.0,Завершено,5.161351511474879,12.11079103336854,floor_1,1,0,0,0,0,0,0,10+,expensive,4.954285714285715,2825421.870793464
https://investmoscow.ru/tenders/tender/19852699,completed,19852699.0,90.0,17049000.0,189433.3333333333,СЗАО,1,15.0,Отдельный,1,27.0,15.539461824270068,15.149543217231598,55.8799248,37.5164522,17986695.0,5.5,8.0,2025.0,Завершено,4.51085950651685,12.151797717505158,floor_1,1,0,0,0,0,0,0,10+,medium,3.2142857142857144,2943692.05157756
https://investmoscow.ru/tenders/tender/19852679,completed,19852679.0,42.8,9084000.0,212242.9906542056,СЗАО,1,15.0,Отдельный,1,27.0,15.539461824270068,15.149543217231598,55.8799248,37.5164522,16260360.0,79.0,26.0,2025.0,Завершено,3.779633817382401,12.265491791189538,floor_1,1,0,0,0,0,1,0,10+,cheap,1.5285714285714285,3298141.850739937
https://investmoscow.ru/tenders/tender/19854915,completed,19854915.0,167.1,44602000.0,266918.013165769,СВАО,1,15.0,Отдельный,1,18.0,9.36344354486486,8.95657867903524,55.8340701,37.652153,44602000.0,0.0,4.0,2025.0,Завершено,5.12455904041457,12.494700569894604,floor_1,1,0,0,0,0,0,0,10+,expensive,8.794736842105262,2499271.747385173
https://investmoscow.ru/tenders/tender/19854835,completed,19854835.0,54.1,14418000.0,266506.4695009242,ЮВАО,1,15.0,Отдельный,1,6.0,10.326234719508554,10.370334074904989,55.746684,37.7825339,20257290.0,40.5,8.0,2025.0,Завершено,4.009149716158869,12.493157550341312,floor_1,1,0,0,0,0,0,0,5-10,medium,7.728571428571429,2752008.358334091
https://investmoscow.ru/tenders/tender/19876870,completed,19876870.0,93.7,22935000.0,244770.5442902881,СВАО,1,15.0,Отдельный,1,18.0,9.600806491169193,9.280503816427522,55.8199967,37.7124875,29356800.0,28.0,7.0,2025.0,Завершено,4.550714000192032,12.408080582219592,floor_1,1,0,0,0,0,0,0,10+,medium,4.931578947368421,2349994.630469214
https://investmoscow.ru/tenders/tender/19854924,completed,19854924.0,61.8,16125000.0,260922.3300970874,СВАО,1,15.0,Отдельный,1,18.0,9.600806491169193,9.280503816427522,55.8199967,37.7124875,18624375.0,15.5,8.0,2025.0,Завершено,4.139955073474153,12.47198188873326,floor_1,1,0,0,0,0,0,0,10+,medium,3.2526315789473683,2505064.800487108
https://investmoscow.ru/tenders/tender/19854917,completed,19854917.0,71.3,18203000.0,255301.5427769986,СВАО,1,15.0,Отдельный,1,18.0,9.600806491169193,9.280503816427522,55.8199967,37.7124875,19022135.0,4.5,7.0,2025.0,Завершено,4.280824129164719,12.450204563136882,floor_1,1,0,0,0,0,0,0,10+,medium,3.752631578947368,2451100.7090989174
https://investmoscow.ru/tenders/tender/19924698,completed,19924698.0,154.1,34518400.0,224000.0,СВАО,1,15.0,Отдельный,1,27.0,14.742534943630789,14.347570906911663,55.877815,37.6931089,54539072.0,58.0,0.0,2025.0,Завершено,5.044070070182493,12.319405795112926,floor_1,1,0,0,0,0,0,0,10+,expensive,5.503571428571428,3302327.8273732965
https://investmoscow.ru/tenders/tender/19854906,completed,19854906.0,88.2,25263000.0,286428.5714285714,СВАО,1,15.0,Отдельный,1,28.0,14.742534943630789,14.347570906911663,55.877815,37.6931089,29052450.0,15.0,8.0,2025.0,Завершено,4.490881039585964,12.56524796093322,floor_1,1,0,0,0,0,0,0,10+,expensive,3.041379310344828,4222683.223139961
https://investmoscow.ru/tenders/tender/19974153,completed,19974153.0,91.2,23296000.0,255438.5964912281,ЮВАО,1,15.0,Отдельный,1,8.0,13.20777711827552,13.230504189573884,55.7506455,37.8289185,37739520.0,62.0,27.0,2026.0,Завершено,4.523960130562548,12.450741247725766,floor_1,1,0,0,0,0,0,0,5-10,medium,10.133333333333333,3373776.049861256
https://investmoscow.ru/tenders/tender/19924667,completed,19924667.0,166.3,36386440.0,218800.0,ЮВАО,1,15.0,Отдельный,1,8.0,13.20777711827552,13.230504189573884,55.7506455,37.8289185,40570880.6,11.5,8.0,2025.0,Завершено,5.119788607992779,12.295917919903433,floor_1,1,0,0,0,0,0,0,5-10,expensive,18.47777777777777,2889861.6334786834
https://investmoscow.ru/tenders/tender/19906476,completed,19906476.0,91.2,20827000.0,228366.22807017545,ЮВАО,1,15.0,Отдельный,1,8.0,13.20777711827552,13.230504189573884,55.7506455,37.8289185,,0.0,0.0,2025.0,Завершено,4.523960130562548,12.338710261662476,floor_1,1,0,0,0,0,0,0,5-10,medium,10.133333333333333,3016210.241692152
https://investmoscow.ru/tenders/tender/19857053,completed,19857053.0,76.0,17830000.0,234605.26315789475,ЮВАО,1,15.0,Отдельный,1,8.0,13.20777711827552,13.230504189573884,55.7506455,37.8289185,25318600.0,42.0,14.0,2025.0,Завершено,4.343805421853684,12.365663912022876,floor_1,1,0,0,0,0,0,0,5-10,medium,8.444444444444445,3098614.026563849
https://investmoscow.ru/tenders/tender/19857265,completed,19857265.0,81.4,16441000.0,201977.88697788696,ЮВАО,1,15.0,Отдельный,1,8.0,13.20777711827552,13.230504189573884,55.7506455,37.8289185,23428425.0,42.5,12.0,2025.0,Завершено,4.411585436915426,12.215918451009305,floor_1,1,0,0,0,0,0,0,5-10,medium,9.044444444444444,2667678.914024174
https://investmoscow.ru/tenders/tender/19857041,completed,19857041.0,81.1,18837000.0,232268.803945746,ЮВАО,1,15.0,Отдельный,1,8.0,13.20777711827552,13.230504189573884,55.7506455,37.8289185,26277615.0,39.5,14.0,2025.0,Завершено,4.407938016458383,12.3556549229902,floor_1,1,0,0,0,0,0,0,5-10,medium,9.011111111111113,3067754.5940438467
https://investmoscow.ru/tenders/tender/19857010,completed,19857010.0,75.5,15420000.0,204238.4105960265,ЮВАО,1,15.0,Отдельный,1,8.0,13.20777711827552,13.230504189573884,55.7506455,37.8289185,19737600.0,28.0,9.0,2025.0,Завершено,4.33729074083249,12.227048166071144,floor_1,1,0,0,0,0,0,0,5-10,medium,8.38888888888889,2697535.406143159
https://investmoscow.ru/tenders/tender/19856988,completed,19856988.0,68.4,14170000.0,207163.74269005845,ЮВАО,1,15.0,Отдельный,1,8.0,13.20777711827552,13.230504189573884,55.7506455,37.8289185,17854200.0,26.0,9.0,2025.0,Завершено,4.239886867512759,12.241269614126214,floor_1,1,0,0,0,0,0,0,5-10,medium,7.6,2736172.540438072
https://investmoscow.ru/tenders/tender/19856957,completed,19856957.0,38.1,8608000.0,225931.75853018367,ЮВАО,1,15.0,Отдельный,1,8.0,13.20777711827552,13.230504189573884,55.7506455,37.8289185,12180320.0,41.5,15.0,2025.0,Завершено,3.66612246699132,12.327992705356491,floor_1,1,0,0,0,0,1,0,5-10,cheap,4.233333333333333,2984056.3106067097
https://investmoscow.ru/tenders/tender/19856377,completed,19856377.0,140.2,22593000.0,161148.35948644794,ЮЗАО,1,16.0,Отдельный,0,7.0,36.95383469223691,29.60082662816838,55.5711679,37.1208119,27111600.0,20.0,6.0,2025.0,Завершено,4.950177325059141,11.990086912593725,floor_1,1,0,0,0,0,0,0,5-10,medium,17.525,5955049.837387364
https://investmoscow.ru/tenders/tender/19856432,completed,19856432.0,49.4,9503000.0,192368.4210526316,ЮЗАО,1,17.0,Отдельный,0,7.0,12.288552174243758,3.0724866631116896,55.6569143,37.5167493,15679950.0,65.0,12.0,2025.0,Завершено,3.919991175077323,12.167172870344478,floor_1,1,0,0,0,0,1,0,5-10,cheap,6.175,2363929.378782155
https://investmoscow.ru/tenders/tender/19856820,completed,19856820.0,115.9,14685000.0,126704.05522001724,САО,basement,15.0,Отдельный,1,4.0,5.1413838321457375,3.935109200581972,55.7758516,37.546947,24964500.0,70.0,14.0,2025.0,Завершено,4.761318868478023,11.749617264645224,basement,0,1,0,0,0,0,0,0-5,medium,23.18,651434.1809754974
https://investmoscow.ru/tenders/tender/19890914,completed,19890914.0,44.0,13182000.0,299590.9090909091,ЗАО,1,15.0,Отдельный,1,10.0,6.950466796711787,7.01676524841676,55.7420837,37.5076399,18850260.0,43.0,18.0,2025.0,Завершено,3.80666248977032,12.610176524555966,floor_1,1,0,0,0,0,1,0,5-10,medium,4.0,2082296.6662330632
https://investmoscow.ru/tenders/tender/19857282,completed,19857282.0,295.2,69161000.0,234285.2303523036,ЗАО,1,15.0,Отдельный,1,10.0,6.950466796711787,7.01676524841676,55.7420837,37.5076399,69161000.0,0.0,1.0,2025.0,Завершено,5.6910349018336985,12.364298853465888,floor_1,1,0,0,0,0,0,0,5-10,expensive,26.83636363636364,1628391.7145236584
https://investmoscow.ru/tenders/tender/19973980,completed,19973980.0,135.3,33345000.0,246452.3281596452,ЮВАО,1,15.0,Отдельный,1,7.0,12.422606652882058,12.739924501909345,55.6707607,37.7542782,,0.0,0.0,2026.0,Завершено,4.914858338702487,12.414927916443416,floor_1,1,0,0,0,0,0,0,5-10,expensive,16.9125,3061580.3314142805
https://investmoscow.ru/tenders/tender/19973971,completed,19973971.0,82.5,22189000.0,268957.57575757575,ЮВАО,1,15.0,Отдельный,1,7.0,12.422606652882058,12.739924501909345,55.6707607,37.7542782,22189000.0,0.0,1.0,2026.0,Завершено,4.42484663185681,12.502312653259503,floor_1,1,0,0,0,0,0,0,5-10,medium,10.3125,3341154.1699490906
https://investmoscow.ru/tenders/tender/19973958,completed,19973958.0,135.6,41282000.0,304439.52802359883,ЮВАО,1,15.0,Отдельный,1,7.0,12.422606652882058,12.739924501909345,55.6707607,37.7542782,,0.0,0.0,2026.0,Завершено,4.91705694713669,12.626231036789228,floor_1,1,0,0,0,0,0,0,5-10,expensive,16.95,3781932.5062262327
https://investmoscow.ru/tenders/tender/19973962,completed,19973962.0,82.4,22162000.0,268956.31067961163,ЮВАО,1,15.0,Отдельный,1,7.0,12.422606652882058,12.739924501909345,55.6707607,37.7542782,,0.0,0.0,2026.0,Завершено,4.423648309364701,12.502307949632057,floor_1,1,0,0,0,0,0,0,5-10,medium,10.3,3341138.454383157
https://investmoscow.ru/tenders/tender/19909607,completed,19909607.0,93.4,24582000.0,263190.57815845823,ЮВАО,1,15.0,Отдельный,1,7.0,12.422606652882058,12.739924501909345,55.6707607,37.7542782,24582000.0,0.0,1.0,2025.0,Завершено,4.547541073151455,12.48063748004316,floor_1,1,0,0,0,0,0,0,5-10,medium,11.675,3269513.0272071385
https://investmoscow.ru/tenders/tender/19909603,completed,19909603.0,135.3,33345000.0,246452.3281596452,ЮВАО,1,15.0,Отдельный,1,7.0,12.422606652882058,12.739924501909345,55.6707607,37.7542782,,0.0,0.0,2025.0,Завершено,4.914858338702487,12.414927916443416,floor_1,1,0,0,0,0,0,0,5-10,expensive,16.9125,3061580.3314142805
https://investmoscow.ru/tenders/tender/19909901,completed,19909901.0,135.6,41282000.0,304439.52802359883,ЮВАО,1,15.0,Отдельный,1,7.0,12.422606652882058,12.739924501909345,55.6707607,37.7542782,,0.0,0.0,2025.0,Завершено,4.91705694713669,12.626231036789228,floor_1,1,0,0,0,0,0,0,5-10,expensive,16.95,3781932.5062262327
https://investmoscow.ru/tenders/tender/19909896,completed,19909896.0,105.3,27100000.0,257359.9240265907,ЮВАО,1,15.0,Отдельный,1,7.0,12.422606652882058,12.739924501909345,55.6707607,37.7542782,38211000.0,41.0,17.0,2025.0,Завершено,4.666265285347902,12.458234752311308,floor_1,1,0,0,0,0,0,0,5-10,expensive,13.1625,3197081.104397947
https://investmoscow.ru/tenders/tender/19909610,completed,19909610.0,82.5,22189000.0,268957.57575757575,ЮВАО,1,15.0,Отдельный,1,7.0,12.422606652882058,12.739924501909345,55.6707607,37.7542782,,0.0,0.0,2025.0,Завершено,4.42484663185681,12.502312653259503,floor_1,1,0,0,0,0,0,0,5-10,medium,10.3125,3341154.1699490906
https://investmoscow.ru/tenders/tender/19909601,completed,19909601.0,82.4,22162000.0,268956.31067961163,ЮВАО,1,15.0,Отдельный,1,7.0,12.422606652882058,12.739924501909345,55.6707607,37.7542782,,0.0,0.0,2025.0,Завершено,4.423648309364701,12.502307949632057,floor_1,1,0,0,0,0,0,0,5-10,medium,10.3,3341138.454383157
https://investmoscow.ru/tenders/tender/19859855,completed,19859855.0,74.0,20288000.0,274162.1621621622,ЮВАО,1,15.0,Отдельный,1,7.0,12.422606652882058,12.739924501909345,55.6707607,37.7542782,24751360.0,22.0,7.0,2025.0,Завершено,4.31748811353631,12.521478690484608,floor_1,1,0,0,0,0,0,0,5-10,medium,9.25,3405808.6996442056
https://investmoscow.ru/tenders/tender/19859716,completed,19859716.0,57.6,16527000.0,286927.0833333333,ЮВАО,1,15.0,Отдельный,1,7.0,12.422606652882058,12.739924501909345,55.6707607,37.7542782,16527000.0,0.0,1.0,2025.0,Завершено,4.070734696582967,12.566986882621071,floor_1,1,0,0,0,0,0,0,5-10,medium,7.2,3564382.294308711
https://investmoscow.ru/tenders/tender/19860040,completed,19860040.0,93.4,24582000.0,263190.57815845823,ЮВАО,1,15.0,Отдельный,1,7.0,12.422606652882058,12.739924501909345,55.6707607,37.7542782,,0.0,0.0,2025.0,Завершено,4.547541073151455,12.48063748004316,floor_1,1,0,0,0,0,0,0,5-10,medium,11.675,3269513.0272071385
https://investmoscow.ru/tenders/tender/19859948,completed,19859948.0,94.8,24835000.0,261972.57383966245,ЮВАО,1,15.0,Отдельный,1,7.0,12.422606652882058,12.739924501909345,55.6707607,37.7542782,33278900.0,34.0,11.0,2025.0,Завершено,4.562262684976814,12.475998914448803,floor_1,1,0,0,0,0,0,0,5-10,medium,11.85,3254382.2386532268
https://investmoscow.ru/tenders/tender/19859759,completed,19859759.0,147.5,35882000.0,243267.7966101695,ЮВАО,1,15.0,Отдельный,1,7.0,12.422606652882058,12.739924501909345,55.6707607,37.7542782,35882000.0,0.0,6.0,2025.0,Завершено,5.000584958242754,12.401922269869312,floor_1,1,0,0,0,0,0,0,5-10,expensive,18.4375,3022020.148601451
https://investmoscow.ru/tenders/tender/19859642,completed,19859642.0,100.2,26110000.0,260578.8423153693,ЮВАО,1,15.0,Отдельный,1,7.0,12.422606652882058,12.739924501909345,55.6707607,37.7542782,26110000.0,0.0,1.0,2025.0,Завершено,4.617098756853365,12.470664589627294,floor_1,1,0,0,0,0,0,0,5-10,expensive,12.525,3237068.460147212
https://investmoscow.ru/tenders/tender/19859803,completed,19859803.0,51.7,15160000.0,293230.17408123787,ЮВАО,1,15.0,Отдельный,1,7.0,12.422606652882058,12.739924501909345,55.6707607,37.7542782,18798400.0,24.0,8.0,2025.0,Завершено,3.964615455547317,12.588716566948538,floor_1,1,0,0,0,0,0,0,5-10,medium,6.4625,3642683.1113673495
https://investmoscow.ru/tenders/tender/19859680,completed,19859680.0,82.4,22162000.0,268956.31067961163,ЮВАО,1,15.0,Отдельный,1,7.0,12.422606652882058,12.739924501909345,55.6707607,37.7542782,,0.0,0.0,2025.0,Завершено,4.423648309364701,12.502307949632057,floor_1,1,0,0,0,0,0,0,5-10,medium,10.3,3341138.454383157
https://investmoscow.ru/tenders/tender/19860084,completed,19860084.0,82.5,22189000.0,268957.57575757575,ЮВАО,1,15.0,Отдельный,1,7.0,12.422606652882058,12.739924501909345,55.6707607,37.7542782,,0.0,0.0,2025.0,Завершено,4.42484663185681,12.502312653259503,floor_1,1,0,0,0,0,0,0,5-10,medium,10.3125,3341154.1699490906
https://investmoscow.ru/tenders/tender/19859995,completed,19859995.0,135.3,33345000.0,246452.3281596452,ЮВАО,1,15.0,Отдельный,1,7.0,12.422606652882058,12.739924501909345,55.6707607,37.7542782,,0.0,0.0,2025.0,Завершено,4.914858338702487,12.414927916443416,floor_1,1,0,0,0,0,0,0,5-10,expensive,16.9125,3061580.3314142805
https://investmoscow.ru/tenders/tender/19859887,completed,19859887.0,51.0,14955000.0,293235.29411764705,ЮВАО,1,15.0,Отдельный,1,7.0,12.422606652882058,12.739924501909345,55.6707607,37.7542782,17946000.0,20.0,7.0,2025.0,Завершено,3.951243718581428,12.588734027546735,floor_1,1,0,0,0,0,0,0,5-10,medium,6.375,3642746.715565709
https://investmoscow.ru/tenders/tender/19859608,completed,19859608.0,74.8,20443000.0,273302.13903743314,ЮВАО,1,15.0,Отдельный,1,7.0,12.422606652882058,12.739924501909345,55.6707607,37.7542782,20443000.0,0.0,1.0,2025.0,Завершено,4.328098292648326,12.518336857534184,floor_1,1,0,0,0,0,0,0,5-10,medium,9.35,3395124.970653314
https://investmoscow.ru/tenders/tender/19860876,completed,19860876.0,16.7,4221950.0,252811.3772455089,ЮАО,1,15.0,Вход через места общего пользования,1,7.0,17.15499418428085,7.701327831225179,55.5979756,37.5948815,,0.0,0.0,2025.0,Завершено,2.873564639579784,12.440402900679365,floor_1,1,0,0,0,0,1,0,5-10,cheap,2.0875,4336977.706366737
https://investmoscow.ru/tenders/tender/19859409,completed,19859409.0,56.1,4843000.0,86327.98573975044,САО,basement,6.0,Вход через места общего пользования,1,13.0,7.779207340784976,1.8715067586641527,55.7944482,37.5184103,4843000.0,0.0,1.0,2025.0,Завершено,4.044804116661965,11.36592069251872,basement,0,1,0,0,0,0,0,10+,cheap,4.007142857142857,671563.3003818473
https://investmoscow.ru/tenders/tender/19855247,completed,19855247.0,70.5,12181000.0,172780.14184397162,ЦАО,basement,8.0,Вход через подъезд,0,7.0,2.45847107574738,2.8412922804777105,55.7325456,37.6363115,12181000.0,0.0,2.0,2025.0,Завершено,4.269697449699962,12.059780996549284,basement,0,1,0,0,0,0,1,5-10,cheap,8.8125,424774.98118693376
https://investmoscow.ru/tenders/tender/19866064,completed,19866064.0,70.3,5023000.0,71450.92460881935,ЗАО,basement,7.0,Отдельный,1,7.0,9.069122747578486,7.747958411754601,55.7897981,37.48879,5023000.0,0.0,3.0,2025.0,Завершено,4.26689632742025,11.176780119437772,basement,0,1,0,0,0,0,0,5-10,cheap,8.7875,647997.205705359
https://investmoscow.ru/tenders/tender/19866048,completed,19866048.0,31.1,5379000.0,172958.1993569132,СВАО,1,16.0,Отдельный,1,17.0,14.235804020347071,5.5754804263038205,55.875911,37.6762791,9144300.0,70.0,21.0,2025.0,Завершено,3.4688560301359703,12.060811003797296,floor_1,1,0,0,0,0,1,0,10+,cheap,1.727777777777778,2462199.029757135
https://investmoscow.ru/tenders/tender/19863582,completed,19863582.0,197.1,53220600.0,270018.2648401827,ЗАО,1,1.0,Отдельный,1,7.0,12.213933675746814,10.343520941046531,55.8107116,37.4521356,,0.0,0.0,2025.0,Завершено,5.288771953704505,12.506248586695069,floor_1,1,0,0,0,0,0,0,5-10,expensive,24.6375,3297985.177998229
https://investmoscow.ru/tenders/tender/19921864,completed,19921864.0,205.7,85404000.0,415187.1657754011,ЦАО,5,5.0,Вход через места общего пользования,1,1.0,1.6202623845958743,1.226654804961442,55.7657203,37.6086467,,0.0,0.0,2025.0,Завершено,5.331268466687723,12.93648710795989,floor_3_plus,0,0,0,1,0,0,1,0-5,expensive,102.85,672712.147272854
https://investmoscow.ru/tenders/tender/19863767,completed,19863767.0,205.7,85404000.0,415187.1657754011,ЦАО,5,5.0,Вход через места общего пользования,1,1.0,1.6202623845958743,1.226654804961442,55.7657203,37.6086467,,0.0,0.0,2025.0,Завершено,5.331268466687723,12.93648710795989,floor_3_plus,0,0,0,1,0,0,1,0-5,expensive,102.85,672712.147272854
https://investmoscow.ru/tenders/tender/19917261,completed,19917261.0,124.8,41451000.0,332139.42307692306,ВАО,1,12.0,Отдельный,1,6.0,4.524415321423037,4.365843713696096,55.7700053,37.6824781,48290415.0,16.5,7.0,2025.0,Завершено,4.8346933442663405,12.713313119550874,floor_1,1,0,0,0,0,0,1,5-10,expensive,17.82857142857143,1502736.6946178388
https://investmoscow.ru/tenders/tender/19915279,completed,19915279.0,67.7,26558000.0,392289.5125553914,ВАО,1,15.0,Отдельный,1,6.0,4.524415321423037,4.365843713696096,55.7700053,37.6824781,32400760.0,22.0,6.0,2025.0,Завершено,4.229749199228304,12.879757947748669,floor_1,1,0,0,0,0,0,1,5-10,expensive,9.671428571428573,1774880.6810391878
https://investmoscow.ru/tenders/tender/19915287,completed,19915287.0,52.6,21439000.0,407585.5513307985,ВАО,1,15.0,Отдельный,1,6.0,4.524415321423037,4.365843713696096,55.7700053,37.6824781,21439000.0,0.0,1.0,2025.0,Завершено,3.981549068076757,12.918008585014038,floor_1,1,0,0,0,0,0,1,5-10,medium,7.514285714285714,1844086.3132317204
https://investmoscow.ru/tenders/tender/19915325,completed,19915325.0,73.8,28575000.0,387195.1219512195,ВАО,1,15.0,Отдельный,1,6.0,4.524415321423037,4.365843713696096,55.7700053,37.6824781,29860875.0,4.5,6.0,2025.0,Завершено,4.314817884980432,12.866686618712553,floor_1,1,0,0,0,0,0,1,5-10,expensive,10.542857142857144,1751831.5421363588
https://investmoscow.ru/tenders/tender/19863393,completed,19863393.0,124.8,41451000.0,332139.42307692306,ВАО,1,12.0,Отдельный,1,6.0,4.524415321423037,4.365843713696096,55.7700053,37.6824781,,0.0,0.0,2025.0,Завершено,4.8346933442663405,12.713313119550874,floor_1,1,0,0,0,0,0,1,5-10,expensive,17.82857142857143,1502736.6946178388
https://investmoscow.ru/tenders/tender/19968974,completed,19968974.0,120.4,33036000.0,274385.3820598007,ЮАО,1,15.0,Отдельный,1,27.0,16.514303693141912,6.106234613271667,55.6056423,37.664986,,0.0,0.0,2026.0,Завершено,4.799090878625398,12.522292545540404,floor_1,1,0,0,0,0,0,0,10+,expensive,4.3,4531283.528294321
https://investmoscow.ru/tenders/tender/19968948,completed,19968948.0,67.0,20275000.0,302611.94029850746,ЮАО,1,15.0,Отдельный,1,27.0,16.514303693141912,6.106234613271667,55.6056423,37.664986,,0.0,0.0,2026.0,Завершено,4.219507705176107,12.620209843131594,floor_1,1,0,0,0,0,0,0,10+,medium,2.392857142857143,4997425.483260482
https://investmoscow.ru/tenders/tender/19968982,completed,19968982.0,110.2,30639000.0,278030.8529945554,ЮАО,1,15.0,Отдельный,1,27.0,16.514303693141912,6.106234613271667,55.6056423,37.664986,,0.0,0.0,2026.0,Завершено,4.711330381816482,12.535490965226192,floor_1,1,0,0,0,0,0,0,10+,expensive,3.935714285714286,4591485.942415382
https://investmoscow.ru/tenders/tender/19968936,completed,19968936.0,93.1,26673000.0,286498.3888292159,ЮАО,1,15.0,Отдельный,1,27.0,16.514303693141912,6.106234613271667,55.6056423,37.664986,,0.0,0.0,2026.0,Завершено,4.544358046591334,12.565491681903298,floor_1,1,0,0,0,0,0,0,10+,expensive,3.325,4731321.400721528
https://investmoscow.ru/tenders/tender/19968930,completed,19968930.0,48.5,15464000.0,318845.3608247423,ЮАО,1,15.0,Отдельный,1,27.0,16.514303693141912,6.106234613271667,55.6056423,37.664986,,0.0,0.0,2026.0,Завершено,3.901972669574645,12.672464638238557,floor_1,1,0,0,0,0,1,0,10+,medium,1.7321428571428572,5265509.119809208
https://investmoscow.ru/tenders/tender/19968932,completed,19968932.0,85.7,24816000.0,289568.2613768961,ЮАО,1,15.0,Отдельный,1,27.0,16.514303693141912,6.106234613271667,55.6056423,37.664986,,0.0,0.0,2026.0,Завершено,4.462453883786496,12.57614979220591,floor_1,1,0,0,0,0,0,0,10+,medium,3.060714285714286,4782018.208273158
https://investmoscow.ru/tenders/tender/19919423,completed,19919423.0,67.0,20275000.0,302611.94029850746,ЮАО,1,15.0,Отдельный,1,24.0,16.514303693141912,6.106234613271667,55.6056423,37.664986,,0.0,0.0,2025.0,Завершено,4.219507705176107,12.620209843131594,floor_1,1,0,0,0,0,0,0,10+,medium,2.68,4997425.483260482
https://investmoscow.ru/tenders/tender/19920501,completed,19920501.0,85.7,24816000.0,289568.2613768961,ЮАО,1,15.0,Отдельный,1,24.0,16.514303693141912,6.106234613271667,55.6056423,37.664986,,0.0,0.0,2025.0,Завершено,4.462453883786496,12.57614979220591,floor_1,1,0,0,0,0,0,0,10+,medium,3.428,4782018.208273158
https://investmoscow.ru/tenders/tender/19920495,completed,19920495.0,93.1,26673000.0,286498.3888292159,ЮАО,1,15.0,Отдельный,1,24.0,16.514303693141912,6.106234613271667,55.6056423,37.664986,,0.0,0.0,2025.0,Завершено,4.544358046591334,12.565491681903298,floor_1,1,0,0,0,0,0,0,10+,expensive,3.724,4731321.400721528
https://investmoscow.ru/tenders/tender/19920487,completed,19920487.0,110.2,30639000.0,278030.8529945554,ЮАО,1,15.0,Отдельный,1,24.0,16.514303693141912,6.106234613271667,55.6056423,37.664986,,0.0,0.0,2025.0,Завершено,4.711330381816482,12.535490965226192,floor_1,1,0,0,0,0,0,0,10+,expensive,4.408,4591485.942415382
https://investmoscow.ru/tenders/tender/19919439,completed,19919439.0,48.5,15464000.0,318845.3608247423,ЮАО,1,15.0,Отдельный,1,24.0,16.514303693141912,6.106234613271667,55.6056423,37.664986,,0.0,0.0,2025.0,Завершено,3.901972669574645,12.672464638238557,floor_1,1,0,0,0,0,1,0,10+,medium,1.94,5265509.119809208
https://investmoscow.ru/tenders/tender/19920491,completed,19920491.0,120.4,33036000.0,274385.3820598007,ЮАО,1,15.0,Отдельный,1,24.0,16.514303693141912,6.106234613271667,55.6056423,37.664986,,0.0,0.0,2025.0,Завершено,4.799090878625398,12.522292545540404,floor_1,1,0,0,0,0,0,0,10+,expensive,4.816,4531283.528294321
https://investmoscow.ru/tenders/tender/19870773,completed,19870773.0,93.1,26673000.0,286498.3888292159,ЮАО,1,15.0,Отдельный,1,24.0,16.514303693141912,6.106234613271667,55.6056423,37.664986,,0.0,0.0,2025.0,Завершено,4.544358046591334,12.565491681903298,floor_1,1,0,0,0,0,0,0,10+,expensive,3.724,4731321.400721528
https://investmoscow.ru/tenders/tender/19870682,completed,19870682.0,110.2,30639000.0,278030.8529945554,ЮАО,1,15.0,Отдельный,1,24.0,16.514303693141912,6.106234613271667,55.6056423,37.664986,,0.0,0.0,2025.0,Завершено,4.711330381816482,12.535490965226192,floor_1,1,0,0,0,0,0,0,10+,expensive,4.408,4591485.942415382
https://investmoscow.ru/tenders/tender/19870815,completed,19870815.0,85.7,24816000.0,289568.2613768961,ЮАО,1,15.0,Отдельный,1,24.0,16.514303693141912,6.106234613271667,55.6056423,37.664986,,0.0,0.0,2025.0,Завершено,4.462453883786496,12.57614979220591,floor_1,1,0,0,0,0,0,0,10+,medium,3.428,4782018.208273158
https://investmoscow.ru/tenders/tender/19870728,completed,19870728.0,120.4,33036000.0,274385.3820598007,ЮАО,1,15.0,Отдельный,1,24.0,16.514303693141912,6.106234613271667,55.6056423,37.664986,,0.0,0.0,2025.0,Завершено,4.799090878625398,12.522292545540404,floor_1,1,0,0,0,0,0,0,10+,expensive,4.816,4531283.528294321
https://investmoscow.ru/tenders/tender/19867860,completed,19867860.0,48.5,15464000.0,318845.3608247423,ЮАО,1,15.0,Отдельный,1,24.0,16.514303693141912,6.106234613271667,55.6056423,37.664986,,0.0,0.0,2025.0,Завершено,3.901972669574645,12.672464638238557,floor_1,1,0,0,0,0,1,0,10+,medium,1.94,5265509.119809208
https://investmoscow.ru/tenders/tender/19867827,completed,19867827.0,67.0,20275000.0,302611.94029850746,ЮАО,1,15.0,Отдельный,1,24.0,16.514303693141912,6.106234613271667,55.6056423,37.664986,,0.0,0.0,2025.0,Завершено,4.219507705176107,12.620209843131594,floor_1,1,0,0,0,0,0,0,10+,medium,2.68,4997425.483260482
https://investmoscow.ru/tenders/tender/19864924,completed,19864924.0,157.7,31768000.0,201445.7831325301,ЮАО,1,15.0,Отдельный,1,24.0,16.514303693141912,6.106234613271667,55.6056423,37.664986,31768000.0,0.0,7.0,2025.0,Завершено,5.067015627532364,12.213280521926745,floor_1,1,0,0,0,0,0,0,10+,expensive,6.308,3326736.8403534065
https://investmoscow.ru/tenders/tender/19960202,completed,19960202.0,89.5,37202000.0,415664.8044692737,САО,1,15.0,Отдельный,1,6.0,8.38002912457903,7.971834698482322,55.8245536,37.5804148,39062100.0,5.0,5.0,2026.0,Завершено,4.505349850705881,12.937636861739964,floor_1,1,0,0,0,0,0,0,5-10,expensive,12.785714285714286,3483283.1675149617
https://investmoscow.ru/tenders/tender/19864910,completed,19864910.0,89.5,37202000.0,415664.8044692737,САО,1,15.0,Отдельный,1,6.0,8.38002912457903,7.971834698482322,55.8245536,37.5804148,37202000.0,0.0,1.0,2025.0,Завершено,4.505349850705881,12.937636861739964,floor_1,1,0,0,0,0,0,0,5-10,expensive,12.785714285714286,3483283.1675149617
https://investmoscow.ru/tenders/tender/19864893,completed,19864893.0,167.9,62201000.0,370464.5622394282,САО,1,15.0,Отдельный,1,6.0,8.38002912457903,7.971834698482322,55.8245536,37.5804148,70909140.0,14.0,6.0,2025.0,Завершено,5.129306823813755,12.822515769976969,floor_1,1,0,0,0,0,0,0,5-10,expensive,23.985714285714288,3104503.8211908294
https://investmoscow.ru/tenders/tender/19867804,completed,19867804.0,141.5,27434000.0,193879.8586572438,ВАО,1,15.0,Отдельный,1,17.0,6.872517444015732,6.009013757410333,55.7286712,37.719408,47049310.0,71.5,16.0,2025.0,Завершено,4.959341999708705,12.17499911875724,floor_1,1,0,0,0,0,0,0,10+,expensive,7.861111111111111,1332442.7106652125
https://investmoscow.ru/tenders/tender/19872737,completed,19872737.0,13.4,6585000.0,491417.9104477612,ЦАО,basement,15.0,Вход через подъезд,1,6.0,2.7073162102728503,2.3032869821073194,55.7756918,37.6277972,,0.0,0.0,2025.0,Завершено,2.667228206581955,13.10505222112845,basement,0,1,0,0,0,1,1,5-10,cheap,1.9142857142857144,1330423.6749736357
https://investmoscow.ru/tenders/tender/19864341,completed,19864341.0,77.9,10999000.0,141193.838254172,ЮАО,basement,11.0,Отдельный,1,5.0,3.9954359864675855,6.765422709303735,55.7163409,37.6087836,,0.0,0.0,2025.0,Завершено,4.368181227851829,11.857896047099512,basement,0,1,0,0,0,0,1,0-5,cheap,12.983333333333334,564130.9424282025
https://investmoscow.ru/tenders/tender/19840409,completed,19840409.0,20.1,6590000.0,327860.6965174129,ЮАО,1,15.0,Отдельный,1,4.0,14.282536668095643,4.659232455472271,55.6233459,37.6137399,9226000.0,40.0,2.0,2025.0,Завершено,3.0492730404820207,12.70034714148488,floor_1,1,0,0,0,0,1,0,0-5,cheap,4.0200000000000005,4682682.420037327
https://investmoscow.ru/tenders/tender/19968925,completed,19968925.0,115.1,28673000.0,249113.81407471764,ЮАО,1,15.0,Отдельный,1,28.0,16.514303693141912,6.106234613271667,55.6056423,37.664986,28673000.0,0.0,1.0,2026.0,Завершено,4.754451888703846,12.42566916987426,floor_1,1,0,0,0,0,0,0,10+,expensive,3.968965517241379,4113941.179786777
https://investmoscow.ru/tenders/tender/19919411,completed,19919411.0,115.1,28673000.0,249113.81407471764,ЮАО,1,15.0,Отдельный,1,25.0,16.514303693141912,6.106234613271667,55.6056423,37.664986,,0.0,0.0,2025.0,Завершено,4.754451888703846,12.42566916987426,floor_1,1,0,0,0,0,0,0,10+,expensive,4.426923076923076,4113941.179786777
https://investmoscow.ru/tenders/tender/19867821,completed,19867821.0,115.1,28673000.0,249113.81407471764,ЮАО,1,15.0,Отдельный,1,25.0,16.514303693141912,6.106234613271667,55.6056423,37.664986,,0.0,0.0,2025.0,Завершено,4.754451888703846,12.42566916987426,floor_1,1,0,0,0,0,0,0,10+,expensive,4.426923076923076,4113941.179786777
https://investmoscow.ru/tenders/tender/19968754,completed,19968754.0,82.3,16857000.0,204823.8153098421,ЮАО,1,15.0,Отдельный,1,32.0,16.62827494627118,17.047550788271586,55.6037401,37.6556238,16857000.0,0.0,4.0,2026.0,Завершено,4.422448549172797,12.229910333312269,floor_1,1,0,0,0,0,0,0,10+,medium,2.4939393939393937,3405866.7165163225
https://investmoscow.ru/tenders/tender/19919555,completed,19919555.0,82.3,16857000.0,204823.8153098421,ЮАО,1,15.0,Отдельный,1,29.0,16.62827494627118,17.047550788271586,55.6037401,37.6556238,,0.0,0.0,2025.0,Завершено,4.422448549172797,12.229910333312269,floor_1,1,0,0,0,0,0,0,10+,medium,2.743333333333333,3405866.7165163225
https://investmoscow.ru/tenders/tender/19912766,completed,19912766.0,110.8,21494000.0,193989.16967509023,ЮАО,1,15.0,Отдельный,1,32.0,16.62827494627118,17.047550788271586,55.6037401,37.6556238,,0.0,0.0,2025.0,Завершено,4.716711560720999,12.175562764983722,floor_1,1,0,0,0,0,0,0,10+,medium,3.357575757575757,3225705.249956252
https://investmoscow.ru/tenders/tender/19912705,completed,19912705.0,53.1,11710000.0,220527.3069679849,ЮАО,1,15.0,Отдельный,1,32.0,16.62827494627118,17.047550788271586,55.6037401,37.6556238,,0.0,0.0,2025.0,Завершено,3.990834185852436,12.30378134190155,floor_1,1,0,0,0,0,0,0,10+,cheap,1.6090909090909091,3666988.693424397
https://investmoscow.ru/tenders/tender/19867794,completed,19867794.0,82.3,16857000.0,204823.8153098421,ЮАО,1,15.0,Отдельный,1,29.0,16.62827494627118,17.047550788271586,55.6037401,37.6556238,,0.0,0.0,2025.0,Завершено,4.422448549172797,12.229910333312269,floor_1,1,0,0,0,0,0,0,10+,medium,2.743333333333333,3405866.7165163225
https://investmoscow.ru/tenders/tender/19867766,completed,19867766.0,53.4,11776000.0,220524.3445692884,ЮАО,1,15.0,Отдельный,1,29.0,16.62827494627118,17.047550788271586,55.6037401,37.6556238,14072320.0,19.5,6.0,2025.0,Завершено,3.996364153861897,12.303767908621102,floor_1,1,0,0,0,0,0,0,10+,cheap,1.78,3666939.4338443712
https://investmoscow.ru/tenders/tender/19912927,completed,19912927.0,89.5,18037000.0,201530.72625698324,ЮАО,1,15.0,Отдельный,1,33.0,16.62827494627118,17.047550788271586,55.6037401,37.6556238,,0.0,0.0,2025.0,Завершено,4.505349850705881,12.213702098381724,floor_1,1,0,0,0,0,0,0,10+,medium,2.6323529411764706,3351108.32632283
https://investmoscow.ru/tenders/tender/19912924,completed,19912924.0,81.2,16631000.0,204815.2709359605,ЮАО,1,15.0,Отдельный,1,33.0,16.62827494627118,17.047550788271586,55.6037401,37.6556238,,0.0,0.0,2025.0,Завершено,4.409155302062135,12.229868616921165,floor_1,1,0,0,0,0,0,0,10+,medium,2.388235294117647,3405724.6383181764
https://investmoscow.ru/tenders/tender/19867868,completed,19867868.0,63.3,13510000.0,213428.1200631912,ЮАО,1,15.0,Отдельный,1,30.0,16.62827494627118,17.047550788271586,55.6037401,37.6556238,14793450.0,9.5,6.0,2025.0,Завершено,4.163559631243574,12.271060066193485,floor_1,1,0,0,0,0,0,0,10+,medium,2.041935483870968,3548941.46167652
https://investmoscow.ru/tenders/tender/19918057,completed,19918057.0,87.4,17702000.0,202540.0457665904,ЮАО,1,15.0,Отдельный,1,35.0,16.585739859449784,17.00576541131416,55.6037747,37.6510228,,0.0,0.0,2025.0,Завершено,4.481871969643598,12.218697840132505,floor_1,1,0,0,0,0,0,0,10+,medium,2.427777777777778,3359276.510205722
https://investmoscow.ru/tenders/tender/19918078,completed,19918078.0,86.1,17468000.0,202880.37166085947,ЮАО,1,15.0,Отдельный,1,35.0,16.585739859449784,17.00576541131416,55.6037747,37.6510228,,0.0,0.0,2025.0,Завершено,4.467056883858457,12.220376711154808,floor_1,1,0,0,0,0,0,0,10+,medium,2.3916666666666666,3364921.0669555035
https://investmoscow.ru/tenders/tender/19918063,completed,19918063.0,94.2,18781000.0,199373.67303609345,ЮАО,1,15.0,Отдельный,1,35.0,16.585739859449784,17.00576541131416,55.6037747,37.6510228,,0.0,0.0,2025.0,Завершено,4.55597994179732,12.202941112575544,floor_1,1,0,0,0,0,0,0,10+,medium,2.6166666666666667,3306759.875799644
https://investmoscow.ru/tenders/tender/19918044,completed,19918044.0,93.4,18752000.0,200770.87794432548,ЮАО,1,15.0,Отдельный,1,35.0,16.585739859449784,17.00576541131416,55.6037747,37.6510228,,0.0,0.0,2025.0,Завершено,4.547541073151455,12.209924606913724,floor_1,1,0,0,0,0,0,0,10+,medium,2.594444444444445,3329933.5529379267
https://investmoscow.ru/tenders/tender/19918023,completed,19918023.0,83.2,17021000.0,204579.3269230769,ЮАО,1,15.0,Отдельный,1,35.0,16.585739859449784,17.00576541131416,55.6037747,37.6510228,,0.0,0.0,2025.0,Завершено,4.4331949212482815,12.228715974030433,floor_1,1,0,0,0,0,0,0,10+,medium,2.311111111111112,3393099.496967485
https://investmoscow.ru/tenders/tender/19918013,completed,19918013.0,72.2,15062000.0,208614.95844875343,ЮАО,1,15.0,Отдельный,1,35.0,16.585739859449784,17.00576541131416,55.6037747,37.6510228,15062000.0,0.0,4.0,2025.0,Завершено,4.293195420967266,12.24825032125328,floor_1,1,0,0,0,0,0,0,10+,medium,2.0055555555555555,3460033.4316209503
https://investmoscow.ru/tenders/tender/19918027,completed,19918027.0,96.1,19089000.0,198636.836628512,ЮАО,1,15.0,Отдельный,1,35.0,16.585739859449784,17.00576541131416,55.6037747,37.6510228,,0.0,0.0,2025.0,Завершено,4.575741375297279,12.199238529207076,floor_1,1,0,0,0,0,0,0,10+,medium,2.6694444444444443,3294538.8988245265
https://investmoscow.ru/tenders/tender/19867733,completed,19867733.0,62.2,13351000.0,214646.30225080383,ЮАО,1,15.0,Отдельный,1,32.0,16.585739859449784,17.00576541131416,55.6037747,37.6510228,13351000.0,0.0,1.0,2025.0,Завершено,4.146304301152812,12.2767515054433,floor_1,1,0,0,0,0,0,0,10+,medium,1.884848484848485,3560067.730924663
https://investmoscow.ru/tenders/tender/19867696,completed,19867696.0,70.1,14777000.0,210798.8587731812,ЮАО,1,15.0,Отдельный,1,32.0,16.585739859449784,17.00576541131416,55.6037747,37.6510228,23273775.0,57.5,13.0,2025.0,Завершено,4.264087336809195,12.258664425692674,floor_1,1,0,0,0,0,0,0,10+,medium,2.124242424242424,3496255.034280877
https://investmoscow.ru/tenders/tender/20006216,completed,20006216.0,61.8,12955000.0,209627.8317152104,ЮАО,1,20.0,Отдельный,1,39.0,16.585739859449784,17.00576541131416,55.6037747,37.6510228,,0.0,0.0,2026.0,Завершено,4.139955073474153,12.25309377786226,floor_1,1,0,0,0,0,0,0,10+,medium,1.545,3476832.684128997
https://investmoscow.ru/tenders/tender/20006207,completed,20006207.0,122.4,23116000.0,188856.2091503268,ЮАО,1,20.0,Отдельный,1,39.0,16.585739859449784,17.00576541131416,55.6037747,37.6510228,,0.0,0.0,2026.0,Завершено,4.815431111471288,12.148746501361304,floor_1,1,0,0,0,0,0,0,10+,medium,3.06,3132319.95580916
https://investmoscow.ru/tenders/tender/20006226,completed,20006226.0,82.8,16607000.0,200567.6328502416,ЮАО,1,20.0,Отдельный,1,39.0,16.585739859449784,17.00576541131416,55.6037747,37.6510228,,0.0,0.0,2026.0,Завершено,4.428433007488037,12.208911775634588,floor_1,1,0,0,0,0,0,0,10+,medium,2.07,3326562.5826797425
https://investmoscow.ru/tenders/tender/20006213,completed,20006213.0,129.4,24243000.0,187349.30448222565,ЮАО,1,15.0,Отдельный,1,35.0,16.585739859449784,17.00576541131416,55.6037747,37.6510228,,0.0,0.0,2026.0,Завершено,4.870606649492553,12.14073542942588,floor_1,1,0,0,0,0,0,0,10+,medium,3.594444444444445,3107326.826991044
https://investmoscow.ru/tenders/tender/20006212,completed,20006212.0,73.0,14917000.0,204342.46575342465,ЮАО,1,20.0,Отдельный,1,39.0,16.585739859449784,17.00576541131416,55.6037747,37.6510228,,0.0,0.0,2026.0,Завершено,4.30406509320417,12.227557512721091,floor_1,1,0,0,0,0,0,0,10+,medium,1.825,3389170.979224828
https://investmoscow.ru/tenders/tender/19960788,completed,19960788.0,85.3,17443850.0,204500.0,ЮАО,1,15.0,Отдельный,1,39.0,16.585739859449784,6.241336884797997,55.6037747,37.6510228,,0.0,0.0,2026.0,Завершено,4.457829598089382,12.228328144428588,floor_1,1,0,0,0,0,0,0,10+,medium,2.1325,3391783.801257481
https://investmoscow.ru/tenders/tender/19960784,completed,19960784.0,136.5,25102350.0,183900.0,ЮАО,1,15.0,Отдельный,1,39.0,16.585739859449784,6.241336884797997,55.6037747,37.6510228,25102350.0,0.0,5.0,2026.0,Завершено,4.923623917106626,12.12215284831553,floor_1,1,0,0,0,0,0,0,10+,expensive,3.4125,3050117.560152815
https://investmoscow.ru/tenders/tender/19960786,completed,19960786.0,78.9,16395420.0,207800.0,ЮАО,1,15.0,Отдельный,1,39.0,16.585739859449784,6.241336884797997,55.6037747,37.6510228,16395420.0,0.0,5.0,2026.0,Завершено,4.380775852772229,12.244336169955224,floor_1,1,0,0,0,0,0,0,10+,medium,1.9725,3446516.7427936653
https://investmoscow.ru/tenders/tender/19960785,completed,19960785.0,72.3,15291450.0,211500.0,ЮАО,1,15.0,Отдельный,1,39.0,16.585739859449784,6.241336884797997,55.6037747,37.6510228,,0.0,0.0,2026.0,Завершено,4.294560608892605,12.26198500558968,floor_1,1,0,0,0,0,0,0,10+,medium,1.8075,3507883.980273629
https://investmoscow.ru/tenders/tender/19960787,completed,19960787.0,129.7,24137170.0,186100.00000000003,ЮАО,1,15.0,Отдельный,1,39.0,16.585739859449784,6.241336884797997,55.6037747,37.6510228,24619913.4,2.0,6.0,2026.0,Завершено,4.872904620630176,12.134044816071038,floor_1,1,0,0,0,0,0,0,10+,medium,3.2425,3086606.1878436054
https://investmoscow.ru/tenders/tender/19960782,completed,19960782.0,47.2,10874880.0,230400.0,ЮАО,1,15.0,Отдельный,1,39.0,16.585739859449784,6.241336884797997,55.6037747,37.6510228,10874880.0,0.0,6.0,2026.0,Завершено,3.8753590210565534,12.347576548072231,floor_1,1,0,0,0,0,1,0,10+,cheap,1.1800000000000002,3821354.4636172303
https://investmoscow.ru/tenders/tender/19969076,completed,19969076.0,106.4,20833000.0,195798.87218045112,ЮАО,1,15.0,Отдельный,1,39.0,16.585739859449784,17.00576541131416,55.6037747,37.6510228,,0.0,0.0,2026.0,Завершено,4.676560182074764,12.18484835627165,floor_1,1,0,0,0,0,0,0,10+,medium,2.66,3247469.1587586217
https://investmoscow.ru/tenders/tender/19968901,completed,19968901.0,100.5,19856000.0,197572.13930348257,ЮАО,1,15.0,Отдельный,1,39.0,16.585739859449784,17.00576541131416,55.6037747,37.6510228,,0.0,0.0,2026.0,Завершено,4.620058798481842,12.193864120356972,floor_1,1,0,0,0,0,0,0,10+,medium,2.5125,3276880.1059625363
https://investmoscow.ru/tenders/tender/19968850,completed,19968850.0,90.7,18234000.0,201036.3836824697,ЮАО,1,15.0,Отдельный,1,39.0,16.585739859449784,17.00576541131416,55.6037747,37.6510228,,0.0,0.0,2026.0,Завершено,4.51852237926242,12.2112461582175,floor_1,1,0,0,0,0,0,0,10+,medium,2.2675,3334337.162041978
https://investmoscow.ru/tenders/tender/19968897,completed,19968897.0,91.1,18315000.0,201042.8100987925,ЮАО,1,15.0,Отдельный,1,39.0,16.585739859449784,17.00576541131416,55.6037747,37.6510228,,0.0,0.0,2026.0,Завершено,4.522874943261261,12.211278123981742,floor_1,1,0,0,0,0,0,0,10+,medium,2.2775,3334443.7489113365
https://investmoscow.ru/tenders/tender/19968842,completed,19968842.0,89.9,18073000.0,201034.48275862067,ЮАО,1,15.0,Отдельный,1,39.0,16.585739859449784,17.00576541131416,55.6037747,37.6510228,,0.0,0.0,2026.0,Завершено,4.509760001183433,12.21123670259884,floor_1,1,0,0,0,0,0,0,10+,medium,2.2475,3334305.633813525
https://investmoscow.ru/tenders/tender/19968914,completed,19968914.0,74.4,15521000.0,208615.59139784944,ЮАО,1,15.0,Отдельный,1,39.0,16.585739859449784,17.00576541131416,55.6037747,37.6510228,,0.0,0.0,2026.0,Завершено,4.32280727501391,12.24825335528836,floor_1,1,0,0,0,0,0,0,10+,medium,1.86,3460043.929550001
https://investmoscow.ru/tenders/tender/19968908,completed,19968908.0,95.4,18950000.0,198637.31656184484,ЮАО,1,15.0,Отдельный,1,39.0,16.585739859449784,17.00576541131416,55.6037747,37.6510228,18950000.0,0.0,1.0,2026.0,Завершено,4.5685062016165,12.199240945326588,floor_1,1,0,0,0,0,0,0,10+,medium,2.385,3294546.858873935
https://investmoscow.ru/tenders/tender/19968866,completed,19968866.0,111.3,21591000.0,193989.21832884097,ЮАО,1,15.0,Отдельный,1,39.0,16.585739859449784,17.00576541131416,55.6037747,37.6510228,,0.0,0.0,2026.0,Завершено,4.721173861744398,12.17556301578893,floor_1,1,0,0,0,0,0,0,10+,medium,2.7825,3217454.7107401644
https://investmoscow.ru/tenders/tender/19968861,completed,19968861.0,91.0,18294000.0,201032.96703296705,ЮАО,1,15.0,Отдельный,1,39.0,16.585739859449784,17.00576541131416,55.6037747,37.6510228,,0.0,0.0,2026.0,Завершено,4.5217885770490405,12.21122916297774,floor_1,1,0,0,0,0,0,0,10+,medium,2.275,3334280.494382136
https://investmoscow.ru/tenders/tender/19968859,completed,19968859.0,92.5,18571000.0,200767.5675675676,ЮАО,1,15.0,Отдельный,1,39.0,16.585739859449784,17.00576541131416,55.6037747,37.6510228,,0.0,0.0,2026.0,Завершено,4.537961436294641,12.20990811852858,floor_1,1,0,0,0,0,0,0,10+,medium,2.3125,3329878.647890184
https://investmoscow.ru/tenders/tender/19969092,completed,19969092.0,81.5,16693000.0,204822.08588957056,ЮАО,1,15.0,Отдельный,1,39.0,16.585739859449784,17.00576541131416,55.6037747,37.6510228,,0.0,0.0,2026.0,Завершено,4.412798293340635,12.229901889864776,floor_1,1,0,0,0,0,0,0,10+,medium,2.0375,3397125.8340342976
https://investmoscow.ru/tenders/tender/19932036,completed,19932036.0,122.4,23306000.0,190408.4967320261,ЮАО,1,20.0,Отдельный,1,39.0,16.585739859449784,17.00576541131416,55.6037747,37.6510228,,0.0,0.0,2026.0,Завершено,4.815431111471288,12.1569322778898,floor_1,1,0,0,0,0,0,0,10+,medium,3.06,3158065.793826279
https://investmoscow.ru/tenders/tender/19932040,completed,19932040.0,70.4,14840000.0,210795.45454545453,ЮАО,1,20.0,Отдельный,1,39.0,16.585739859449784,17.00576541131416,55.6037747,37.6510228,14840000.0,0.0,1.0,2026.0,Завершено,4.268297869345539,12.25864827646357,floor_1,1,0,0,0,0,0,0,10+,medium,1.7600000000000002,3496198.5726453806
https://investmoscow.ru/tenders/tender/19924691,completed,19924691.0,61.8,13265000.0,214644.01294498384,ЮАО,1,20.0,Отдельный,1,39.0,16.585739859449784,17.00576541131416,55.6037747,37.6510228,,0.0,0.0,2025.0,Завершено,4.139955073474153,12.276740839956222,floor_1,1,0,0,0,0,0,0,10+,medium,1.545,3560029.761093874
https://investmoscow.ru/tenders/tender/19924715,completed,19924715.0,82.8,16939000.0,204577.29468599035,ЮАО,1,20.0,Отдельный,1,39.0,16.585739859449784,17.00576541131416,55.6037747,37.6510228,,0.0,0.0,2025.0,Завершено,4.428433007488037,12.228706040293346,floor_1,1,0,0,0,0,0,0,10+,medium,2.07,3393065.790811835
https://investmoscow.ru/tenders/tender/19924703,completed,19924703.0,73.0,15229000.0,208616.4383561644,ЮАО,1,20.0,Отдельный,1,39.0,16.585739859449784,17.00576541131416,55.6037747,37.6510228,,0.0,0.0,2025.0,Завершено,4.30406509320417,12.24825741516006,floor_1,1,0,0,0,0,0,0,10+,medium,1.825,3460057.976980285
https://investmoscow.ru/tenders/tender/19919530,completed,19919530.0,92.5,18571000.0,200767.5675675676,ЮАО,1,15.0,Отдельный,1,35.0,16.585739859449784,17.00576541131416,55.6037747,37.6510228,,0.0,0.0,2025.0,Завершено,4.537961436294641,12.20990811852858,floor_1,1,0,0,0,0,0,0,10+,medium,2.5694444444444446,3329878.647890184
https://investmoscow.ru/tenders/tender/19919453,completed,19919453.0,74.4,15521000.0,208615.59139784944,ЮАО,1,15.0,Отдельный,1,35.0,16.585739859449784,17.00576541131416,55.6037747,37.6510228,,0.0,0.0,2025.0,Завершено,4.32280727501391,12.24825335528836,floor_1,1,0,0,0,0,0,0,10+,medium,2.066666666666667,3460043.929550001
https://investmoscow.ru/tenders/tender/19919499,completed,19919499.0,129.4,24392000.0,188500.77279752705,ЮАО,1,15.0,Отдельный,1,35.0,16.585739859449784,17.00576541131416,55.6037747,37.6510228,24392000.0,0.0,1.0,2025.0,Завершено,4.870606649492553,12.146862690587394,floor_1,1,0,0,0,0,0,0,10+,medium,3.594444444444445,3126424.780925032
https://investmoscow.ru/tenders/tender/19919538,completed,19919538.0,90.7,18234000.0,201036.3836824697,ЮАО,1,15.0,Отдельный,1,35.0,16.585739859449784,17.00576541131416,55.6037747,37.6510228,,0.0,0.0,2025.0,Завершено,4.51852237926242,12.2112461582175,floor_1,1,0,0,0,0,0,0,10+,medium,2.5194444444444444,3334337.162041978
https://investmoscow.ru/tenders/tender/19919517,completed,19919517.0,91.0,18294000.0,201032.96703296705,ЮАО,1,15.0,Отдельный,1,35.0,16.585739859449784,17.00576541131416,55.6037747,37.6510228,,0.0,0.0,2025.0,Завершено,4.5217885770490405,12.21122916297774,floor_1,1,0,0,0,0,0,0,10+,medium,2.5277777777777777,3334280.494382136
https://investmoscow.ru/tenders/tender/19919472,completed,19919472.0,100.5,19856000.0,197572.13930348257,ЮАО,1,15.0,Отдельный,1,35.0,16.585739859449784,17.00576541131416,55.6037747,37.6510228,,0.0,0.0,2025.0,Завершено,4.620058798481842,12.193864120356972,floor_1,1,0,0,0,0,0,0,10+,medium,2.7916666666666665,3276880.1059625363
https://investmoscow.ru/tenders/tender/19919466,completed,19919466.0,95.4,18950000.0,198637.31656184484,ЮАО,1,15.0,Отдельный,1,35.0,16.585739859449784,17.00576541131416,55.6037747,37.6510228,,0.0,0.0,2025.0,Завершено,4.5685062016165,12.199240945326588,floor_1,1,0,0,0,0,0,0,10+,medium,2.6500000000000004,3294546.858873935
https://investmoscow.ru/tenders/tender/19919548,completed,19919548.0,89.9,18073000.0,201034.48275862067,ЮАО,1,15.0,Отдельный,1,35.0,16.585739859449784,17.00576541131416,55.6037747,37.6510228,,0.0,0.0,2025.0,Завершено,4.509760001183433,12.21123670259884,floor_1,1,0,0,0,0,0,0,10+,medium,2.4972222222222222,3334305.633813525
https://investmoscow.ru/tenders/tender/19919508,completed,19919508.0,111.3,21591000.0,193989.21832884097,ЮАО,1,15.0,Отдельный,1,35.0,16.585739859449784,17.00576541131416,55.6037747,37.6510228,,0.0,0.0,2025.0,Завершено,4.721173861744398,12.17556301578893,floor_1,1,0,0,0,0,0,0,10+,medium,3.091666666666667,3217454.7107401644
https://investmoscow.ru/tenders/tender/19919482,completed,19919482.0,91.1,18315000.0,201042.8100987925,ЮАО,1,15.0,Отдельный,1,35.0,16.585739859449784,17.00576541131416,55.6037747,37.6510228,,0.0,0.0,2025.0,Завершено,4.522874943261261,12.211278123981742,floor_1,1,0,0,0,0,0,0,10+,medium,2.5305555555555554,3334443.7489113365
https://investmoscow.ru/tenders/tender/19912906,completed,19912906.0,81.5,16693000.0,204822.08588957056,ЮАО,1,15.0,Отдельный,1,39.0,16.585739859449784,17.00576541131416,55.6037747,37.6510228,,0.0,0.0,2025.0,Завершено,4.412798293340635,12.229901889864776,floor_1,1,0,0,0,0,0,0,10+,medium,2.0375,3397125.8340342976
https://investmoscow.ru/tenders/tender/19876904,completed,19876904.0,73.0,15229000.0,208616.4383561644,ЮАО,1,20.0,Отдельный,1,39.0,16.585739859449784,17.00576541131416,55.6037747,37.6510228,,0.0,0.0,2025.0,Завершено,4.30406509320417,12.24825741516006,floor_1,1,0,0,0,0,0,0,10+,medium,1.825,3460057.976980285
https://investmoscow.ru/tenders/tender/19876887,completed,19876887.0,82.8,16939000.0,204577.29468599035,ЮАО,1,20.0,Отдельный,1,39.0,16.585739859449784,17.00576541131416,55.6037747,37.6510228,,0.0,0.0,2025.0,Завершено,4.428433007488037,12.228706040293346,floor_1,1,0,0,0,0,0,0,10+,medium,2.07,3393065.790811835
https://investmoscow.ru/tenders/tender/19876896,completed,19876896.0,61.8,13265000.0,214644.01294498384,ЮАО,1,20.0,Отдельный,1,39.0,16.585739859449784,17.00576541131416,55.6037747,37.6510228,,0.0,0.0,2025.0,Завершено,4.139955073474153,12.276740839956222,floor_1,1,0,0,0,0,0,0,10+,medium,1.545,3560029.761093874
https://investmoscow.ru/tenders/tender/19876913,completed,19876913.0,106.4,20833000.0,195798.87218045112,ЮАО,1,20.0,Отдельный,1,39.0,16.585739859449784,17.00576541131416,55.6037747,37.6510228,20833000.0,0.0,1.0,2025.0,Завершено,4.676560182074764,12.18484835627165,floor_1,1,0,0,0,0,0,0,10+,medium,2.66,3247469.1587586217
https://investmoscow.ru/tenders/tender/19867863,completed,19867863.0,95.4,18950000.0,198637.31656184484,ЮАО,1,15.0,Отдельный,1,35.0,16.585739859449784,17.00576541131416,55.6037747,37.6510228,,0.0,0.0,2025.0,Завершено,4.5685062016165,12.199240945326588,floor_1,1,0,0,0,0,0,0,10+,medium,2.6500000000000004,3294546.858873935
https://investmoscow.ru/tenders/tender/19867861,completed,19867861.0,91.0,18294000.0,201032.96703296705,ЮАО,1,15.0,Отдельный,1,35.0,16.585739859449784,17.00576541131416,55.6037747,37.6510228,,0.0,0.0,2025.0,Завершено,4.5217885770490405,12.21122916297774,floor_1,1,0,0,0,0,0,0,10+,medium,2.5277777777777777,3334280.494382136
https://investmoscow.ru/tenders/tender/19867796,completed,19867796.0,127.3,24155000.0,189748.6252945797,ЮАО,1,15.0,Отдельный,1,35.0,16.585739859449784,17.00576541131416,55.6037747,37.6510228,24155000.0,0.0,1.0,2025.0,Завершено,4.854371271621591,12.153460720523803,floor_1,1,0,0,0,0,0,0,10+,medium,3.536111111111111,3147121.3378241123
https://investmoscow.ru/tenders/tender/19867869,completed,19867869.0,100.5,19856000.0,197572.13930348257,ЮАО,1,15.0,Отдельный,1,35.0,16.585739859449784,17.00576541131416,55.6037747,37.6510228,,0.0,0.0,2025.0,Завершено,4.620058798481842,12.193864120356972,floor_1,1,0,0,0,0,0,0,10+,medium,2.7916666666666665,3276880.1059625363
https://investmoscow.ru/tenders/tender/19867865,completed,19867865.0,92.5,18571000.0,200767.5675675676,ЮАО,1,15.0,Отдельный,1,35.0,16.585739859449784,17.00576541131416,55.6037747,37.6510228,,0.0,0.0,2025.0,Завершено,4.537961436294641,12.20990811852858,floor_1,1,0,0,0,0,0,0,10+,medium,2.5694444444444446,3329878.647890184
https://investmoscow.ru/tenders/tender/19867768,completed,19867768.0,88.4,17816000.0,201538.4615384616,ЮАО,1,15.0,Отдельный,1,35.0,16.585739859449784,17.00576541131416,55.6037747,37.6510228,19241280.0,8.0,5.0,2025.0,Завершено,4.493120682179469,12.213740480095494,floor_1,1,0,0,0,0,0,0,10+,medium,2.455555555555556,3342664.494750649
https://investmoscow.ru/tenders/tender/19867854,completed,19867854.0,74.4,15521000.0,208615.59139784944,ЮАО,1,15.0,Отдельный,1,35.0,16.585739859449784,17.00576541131416,55.6037747,37.6510228,,0.0,0.0,2025.0,Завершено,4.32280727501391,12.24825335528836,floor_1,1,0,0,0,0,0,0,10+,medium,2.066666666666667,3460043.929550001
https://investmoscow.ru/tenders/tender/19867725,completed,19867725.0,176.7,31695000.0,179371.81663837013,ЮАО,1,15.0,Отдельный,1,35.0,16.585739859449784,17.00576541131416,55.6037747,37.6510228,31695000.0,0.0,1.0,2025.0,Завершено,5.180096735160606,12.097221693371043,floor_1,1,0,0,0,0,0,0,10+,expensive,4.908333333333333,2975014.288880933
https://investmoscow.ru/tenders/tender/19867679,completed,19867679.0,193.8,34473000.0,177879.25696594425,ЮАО,1,15.0,Отдельный,1,35.0,16.585739859449784,17.00576541131416,55.6037747,37.6510228,35162460.0,2.0,0.0,2025.0,Завершено,5.271973391208435,12.08886588922638,floor_1,1,0,0,0,0,0,0,10+,expensive,5.383333333333334,2950259.082429372
https://investmoscow.ru/tenders/tender/19867626,completed,19867626.0,89.9,18073000.0,201034.48275862067,ЮАО,1,15.0,Отдельный,1,35.0,16.585739859449784,17.00576541131416,55.6037747,37.6510228,,0.0,0.0,2025.0,Завершено,4.509760001183433,12.21123670259884,floor_1,1,0,0,0,0,0,0,10+,medium,2.4972222222222222,3334305.633813525
https://investmoscow.ru/tenders/tender/19867623,completed,19867623.0,91.1,18315000.0,201042.8100987925,ЮАО,1,15.0,Отдельный,1,35.0,16.585739859449784,17.00576541131416,55.6037747,37.6510228,,0.0,0.0,2025.0,Завершено,4.522874943261261,12.211278123981742,floor_1,1,0,0,0,0,0,0,10+,medium,2.5305555555555554,3334443.7489113365
https://investmoscow.ru/tenders/tender/19867872,completed,19867872.0,90.7,18234000.0,201036.3836824697,ЮАО,1,15.0,Отдельный,1,35.0,16.585739859449784,17.00576541131416,55.6037747,37.6510228,,0.0,0.0,2025.0,Завершено,4.51852237926242,12.2112461582175,floor_1,1,0,0,0,0,0,0,10+,medium,2.5194444444444444,3334337.162041978
https://investmoscow.ru/tenders/tender/19867836,completed,19867836.0,111.3,21591000.0,193989.21832884097,ЮАО,1,15.0,Отдельный,1,35.0,16.585739859449784,17.00576541131416,55.6037747,37.6510228,,0.0,0.0,2025.0,Завершено,4.721173861744398,12.17556301578893,floor_1,1,0,0,0,0,0,0,10+,medium,3.091666666666667,3217454.7107401644
https://investmoscow.ru/tenders/tender/19867805,completed,19867805.0,129.4,24392000.0,188500.77279752705,ЮАО,1,15.0,Отдельный,1,35.0,16.585739859449784,17.00576541131416,55.6037747,37.6510228,,0.0,0.0,2025.0,Завершено,4.870606649492553,12.146862690587394,floor_1,1,0,0,0,0,0,0,10+,medium,3.594444444444445,3126424.780925032
https://investmoscow.ru/tenders/tender/20002303,completed,20002303.0,135.9,36948000.0,271876.3796909492,САО,1,15.0,Отдельный,1,14.0,11.244320413180851,10.861613421265597,55.842872,37.5379548,,0.0,0.0,2026.0,Завершено,4.919250732294404,12.513106433673029,floor_1,1,0,0,0,0,0,0,10+,expensive,9.06,3057065.126020648
https://investmoscow.ru/tenders/tender/19919551,completed,19919551.0,135.9,37165000.0,273473.1420161884,САО,1,15.0,Отдельный,1,14.0,11.244320413180851,10.861613421265597,55.842872,37.5379548,,0.0,0.0,2025.0,Завершено,4.919250732294404,12.518962351643966,floor_1,1,0,0,0,0,0,0,10+,expensive,9.06,3075019.633229333
https://investmoscow.ru/tenders/tender/19867806,completed,19867806.0,135.9,37165000.0,273473.1420161884,САО,1,15.0,Отдельный,1,14.0,11.244320413180851,10.861613421265597,55.842872,37.5379548,,0.0,0.0,2025.0,Завершено,4.919250732294404,12.518962351643966,floor_1,1,0,0,0,0,0,0,10+,expensive,9.06,3075019.633229333
https://investmoscow.ru/tenders/tender/19867673,completed,19867673.0,167.0,32302000.0,193425.1497005988,ЮАО,1,15.0,Отдельный,1,11.0,13.930525084883037,14.343924586100636,55.6299153,37.669172,,0.0,0.0,2025.0,Завершено,5.123963979403259,12.172651063308992,floor_1,1,0,0,0,0,0,0,10+,expensive,13.916666666666666,2694513.899951448
https://investmoscow.ru/tenders/tender/19867625,completed,19867625.0,98.4,20643000.0,209786.58536585365,ЮАО,1,15.0,Отдельный,1,11.0,13.930525084883037,14.343924586100636,55.6299153,37.669172,20643000.0,0.0,5.0,2025.0,Завершено,4.599152113662528,12.253850799532175,floor_1,1,0,0,0,0,0,0,10+,medium,8.200000000000001,2922437.289910981
https://investmoscow.ru/tenders/tender/19867781,completed,19867781.0,113.3,23270000.0,205383.93645189764,ЮАО,1,15.0,Отдельный,1,11.0,13.930525084883037,14.343924586100636,55.6299153,37.669172,27574950.0,18.5,6.0,2025.0,Завершено,4.738826570800765,12.232641236162614,floor_1,1,0,0,0,0,0,0,10+,medium,9.441666666666666,2861106.078775184
https://investmoscow.ru/tenders/tender/19867757,completed,19867757.0,109.1,22522000.0,206434.4637946837,ЮАО,1,15.0,Отдельный,1,11.0,13.930525084883037,14.343924586100636,55.6299153,37.669172,,0.0,0.0,2025.0,Завершено,4.701389043728634,12.237743118540736,floor_1,1,0,0,0,0,0,0,10+,medium,9.091666666666669,2875740.476276221
https://investmoscow.ru/tenders/tender/19867713,completed,19867713.0,148.4,29234000.0,196994.6091644205,ЮАО,1,15.0,Отдельный,1,11.0,13.930525084883037,14.343924586100636,55.6299153,37.669172,,0.0,0.0,2025.0,Завершено,5.006627272698717,12.190936718966253,floor_1,1,0,0,0,0,0,0,10+,expensive,12.366666666666667,2744238.344551689
https://investmoscow.ru/tenders/tender/19870658,completed,19870658.0,88.2,23201000.0,263049.8866213152,ЮАО,1,15.0,Отдельный,1,21.0,16.514303693141912,6.106234613271667,55.6056423,37.664986,23201000.0,0.0,1.0,2025.0,Завершено,4.490881039585964,12.480102777696194,floor_1,1,0,0,0,0,0,0,10+,medium,4.009090909090909,4344085.714110947
https://investmoscow.ru/tenders/tender/19876167,completed,19876167.0,499.9,21443000.0,42894.57891578316,ВАО,basement,9.0,Отдельный,1,16.0,8.927080938123707,2.323511464951364,55.7988176,37.733696,43958150.0,105.0,7.0,2025.0,Завершено,6.216406480363571,10.666524044029368,basement,0,1,0,0,0,0,0,10+,medium,29.405882352941177,382923.3777879309
https://investmoscow.ru/tenders/tender/19875758,completed,19875758.0,187.6,19262000.0,102675.90618336888,ЦАО,basement,5.0,Вход через места общего пользования,1,3.0,2.03685275450055,1.768122433689165,55.7651948,37.6401596,27929900.0,45.0,8.0,2025.0,Завершено,5.239628370199357,11.539342503866637,basement,0,1,0,0,0,0,1,0-5,medium,46.9,209135.70233043496
https://investmoscow.ru/tenders/tender/19877446,completed,19877446.0,16.3,982000.0,60245.39877300613,ВАО,1,1.0,Отдельный,1,12.0,13.15894105862365,4.323401078517043,55.7964216,37.8128028,1522100.0,55.0,5.0,2025.0,Завершено,2.8507065015037334,11.006198078164132,floor_1,1,0,0,0,0,1,0,10+,cheap,1.2538461538461538,792765.6515072652
https://investmoscow.ru/tenders/tender/19875089,completed,19875089.0,17.0,3009000.0,177000.0,ВАО,1,12.0,Вход через места общего пользования,1,15.0,13.13913680899129,8.989026079271198,55.7068997,37.8119682,3009000.0,0.0,1.0,2025.0,Завершено,2.8903717578961645,12.08391066125752,floor_1,1,0,0,0,0,1,0,10+,cheap,1.0625,2325627.2151914584
https://investmoscow.ru/tenders/tender/19880090,completed,19880090.0,17.8,6141000.0,345000.0,САО,1,5.0,Вход через места общего пользования,1,11.0,8.11137671335781,0.3351716114795201,55.8075355,37.5331048,,0.0,0.0,2025.0,Завершено,2.933856869835904,12.75130259456002,floor_1,1,0,0,0,0,1,0,10+,cheap,1.4833333333333334,2798424.9661084446
https://investmoscow.ru/tenders/tender/19925007,completed,19925007.0,91.9,20630000.0,224483.13384113164,ЗАО,1,18.0,Отдельный,1,17.0,8.360848089834027,5.1723384046453695,55.7665479,37.4861783,20630000.0,0.0,3.0,2026.0,Завершено,4.531523645819793,12.321560310353524,floor_1,1,0,0,0,0,0,0,10+,medium,5.105555555555556,1876869.3807755816
https://investmoscow.ru/tenders/tender/19876845,completed,19876845.0,91.9,20630000.0,224483.13384113164,ЗАО,1,18.0,Отдельный,1,17.0,8.360848089834027,5.1723384046453695,55.7665479,37.4861783,,0.0,0.0,2025.0,Завершено,4.531523645819793,12.321560310353524,floor_1,1,0,0,0,0,0,0,10+,medium,5.105555555555556,1876869.3807755816
https://investmoscow.ru/tenders/tender/19877813,completed,19877813.0,138.4,18237000.0,131770.23121387282,НАО,1,17.0,Отдельный,1,9.0,24.164144397019395,10.587304417132522,55.6222148,37.3069382,,0.0,0.0,2025.0,Завершено,4.937347498326424,11.788822601154088,floor_1,1,0,0,0,0,0,0,5-10,medium,13.84,3184114.894280655
https://investmoscow.ru/tenders/tender/19877692,completed,19877692.0,84.3,11992000.0,142253.8552787663,НАО,1,17.0,Отдельный,1,9.0,24.164144397019395,10.587304417132522,55.6222148,37.3069382,11992000.0,0.0,2.0,2025.0,Завершено,4.446174454497633,11.86537548341851,floor_1,1,0,0,0,0,0,0,5-10,cheap,8.43,3437442.699988809
https://investmoscow.ru/tenders/tender/19876928,completed,19876928.0,90.1,21250000.0,235849.0566037736,ВАО,1,17.0,Отдельный,1,22.0,12.130565508160178,9.355659105298194,55.6982656,37.7865928,25075000.0,18.0,8.0,2025.0,Завершено,4.511957804265912,12.37095152871142,floor_1,1,0,0,0,0,0,0,10+,medium,3.917391304347826,2860982.431169853
https://investmoscow.ru/tenders/tender/19876924,completed,19876924.0,74.0,18289000.0,247148.64864864864,ВАО,1,17.0,Отдельный,1,22.0,12.130565508160178,9.355659105298194,55.6982656,37.7865928,22404025.0,22.5,9.0,2025.0,Завершено,4.31748811353631,12.417749297122317,floor_1,1,0,0,0,0,0,0,10+,medium,3.217391304347826,2998052.8726856955
https://investmoscow.ru/tenders/tender/19992565,completed,19992565.0,39.4,13670000.0,346954.3147208122,ЮВАО,1,15.0,Отдельный,1,9.0,9.963377689274855,10.050434017331868,55.7377179,37.7749634,,0.0,0.0,2026.0,Завершено,3.698829784967105,12.756951274615938,floor_1,1,0,0,0,0,1,0,5-10,medium,3.94,3456836.8784869867
https://investmoscow.ru/tenders/tender/19992556,completed,19992556.0,90.8,27426000.0,302048.45814977976,ЮВАО,1,15.0,Отдельный,1,9.0,9.963377689274855,10.050434017331868,55.7377179,37.7749634,27426000.0,0.0,1.0,2026.0,Завершено,4.519612297626445,12.618346051656255,floor_1,1,0,0,0,0,0,0,5-10,expensive,9.08,3009422.8690093854
https://investmoscow.ru/tenders/tender/19974020,completed,19974020.0,54.9,18023000.0,328287.79599271406,ЮВАО,1,15.0,Отдельный,1,9.0,9.963377689274855,10.050434017331868,55.7377179,37.7749634,,0.0,0.0,2026.0,Завершено,4.023564380161053,12.70164897556257,floor_1,1,0,0,0,0,0,0,5-10,medium,5.49,3270855.3022550223
https://investmoscow.ru/tenders/tender/19974012,completed,19974012.0,30.5,11093000.0,363704.91803278687,ЮВАО,1,15.0,Отдельный,1,9.0,9.963377689274855,10.050434017331868,55.7377179,37.7749634,,0.0,0.0,2026.0,Завершено,3.449987545831587,12.804100902585306,floor_1,1,0,0,0,0,1,0,5-10,cheap,3.05,3623729.465807409
https://investmoscow.ru/tenders/tender/19974057,completed,19974057.0,35.1,12452000.0,354757.83475783473,ЮВАО,1,15.0,Отдельный,1,9.0,9.963377689274855,10.050434017331868,55.7377179,37.7749634,,0.0,0.0,2026.0,Завершено,3.586292865338835,12.779193498892129,floor_1,1,0,0,0,0,1,0,5-10,cheap,3.51,3534586.2959216665
https://investmoscow.ru/tenders/tender/19974039,completed,19974039.0,33.8,12093000.0,357781.06508875743,ЮВАО,1,15.0,Отдельный,1,9.0,9.963377689274855,10.050434017331868,55.7377179,37.7749634,,0.0,0.0,2026.0,Завершено,3.5496173867804286,12.787679323279908,floor_1,1,0,0,0,0,1,0,5-10,cheap,3.38,3564707.8815503204
https://investmoscow.ru/tenders/tender/19974011,completed,19974011.0,46.9,15808000.0,337057.56929637527,ЮВАО,1,15.0,Отдельный,1,9.0,9.963377689274855,10.050434017331868,55.7377179,37.7749634,,0.0,0.0,2026.0,Завершено,3.8691155044168695,12.728011990365378,floor_1,1,0,0,0,0,1,0,5-10,medium,4.69,3358231.865928719
https://investmoscow.ru/tenders/tender/19973989,completed,19973989.0,87.0,26499000.0,304586.2068965517,ЮВАО,1,15.0,Отдельный,1,9.0,9.963377689274855,10.050434017331868,55.7377179,37.7749634,,0.0,0.0,2026.0,Завершено,4.477336814478207,12.626712718878164,floor_1,1,0,0,0,0,0,0,5-10,expensive,8.7,3034707.418253958
https://investmoscow.ru/tenders/tender/19974054,completed,19974054.0,67.8,21362000.0,315073.7463126844,ЮВАО,1,15.0,Отдельный,1,9.0,9.963377689274855,10.050434017331868,55.7377179,37.7749634,,0.0,0.0,2026.0,Завершено,4.231203744939298,12.660565179540518,floor_1,1,0,0,0,0,0,0,5-10,medium,6.779999999999999,3139198.7344880453
https://investmoscow.ru/tenders/tender/19974025,completed,19974025.0,35.8,12644000.0,353184.3575418995,ЮВАО,1,15.0,Отдельный,1,9.0,9.963377689274855,10.050434017331868,55.7377179,37.7749634,,0.0,0.0,2026.0,Завершено,3.605497845174885,12.774748290289455,floor_1,1,0,0,0,0,1,0,5-10,cheap,3.58,3518909.148133835
https://investmoscow.ru/tenders/tender/19974021,completed,19974021.0,77.7,24026000.0,309214.92921492923,ЮВАО,1,15.0,Отдельный,1,9.0,9.963377689274855,10.050434017331868,55.7377179,37.7749634,,0.0,0.0,2026.0,Завершено,4.365643155423357,12.64179511188113,floor_1,1,0,0,0,0,0,0,5-10,medium,7.77,3080825.126930729
https://investmoscow.ru/tenders/tender/19974018,completed,19974018.0,61.7,19810000.0,321069.6920583468,ЮВАО,1,15.0,Отдельный,1,9.0,9.963377689274855,10.050434017331868,55.7377179,37.7749634,,0.0,0.0,2026.0,Завершено,4.138361447638875,12.679416602347132,floor_1,1,0,0,0,0,0,0,5-10,medium,6.17,3198938.6065564808
https://investmoscow.ru/tenders/tender/19974008,completed,19974008.0,34.5,12276000.0,355826.0869565217,ЮВАО,1,15.0,Отдельный,1,9.0,9.963377689274855,10.050434017331868,55.7377179,37.7749634,,0.0,0.0,2026.0,Завершено,3.56953269648137,12.782200181042182,floor_1,1,0,0,0,0,1,0,5-10,cheap,3.45,3545229.696044584
https://investmoscow.ru/tenders/tender/19973999,completed,19973999.0,36.3,12804000.0,352727.2727272728,ЮВАО,1,15.0,Отдельный,1,9.0,9.963377689274855,10.050434017331868,55.7377179,37.7749634,,0.0,0.0,2026.0,Завершено,3.6189933266497696,12.773453273848611,floor_1,1,0,0,0,0,1,0,5-10,cheap,3.63,3514355.039489677
https://investmoscow.ru/tenders/tender/19908879,completed,19908879.0,54.9,18023000.0,328287.79599271406,ЮВАО,1,15.0,Отдельный,1,9.0,9.963377689274855,10.050434017331868,55.7377179,37.7749634,,0.0,0.0,2025.0,Завершено,4.023564380161053,12.70164897556257,floor_1,1,0,0,0,0,0,0,5-10,medium,5.49,3270855.3022550223
https://investmoscow.ru/tenders/tender/19908870,completed,19908870.0,77.7,24026000.0,309214.92921492923,ЮВАО,1,15.0,Отдельный,1,9.0,9.963377689274855,10.050434017331868,55.7377179,37.7749634,,0.0,0.0,2025.0,Завершено,4.365643155423357,12.64179511188113,floor_1,1,0,0,0,0,0,0,5-10,medium,7.77,3080825.126930729
https://investmoscow.ru/tenders/tender/19908805,completed,19908805.0,35.1,12452000.0,354757.83475783473,ЮВАО,1,15.0,Отдельный,1,9.0,9.963377689274855,10.050434017331868,55.7377179,37.7749634,,0.0,0.0,2025.0,Завершено,3.586292865338835,12.779193498892129,floor_1,1,0,0,0,0,1,0,5-10,cheap,3.51,3534586.2959216665
https://investmoscow.ru/tenders/tender/19908782,completed,19908782.0,107.4,31585000.0,294087.5232774674,ЮВАО,1,15.0,Отдельный,1,9.0,9.963377689274855,10.050434017331868,55.7377179,37.7749634,31585000.0,0.0,5.0,2025.0,Завершено,4.685828089005546,12.591636100582658,floor_1,1,0,0,0,0,0,0,5-10,expensive,10.74,2930105.0681168186
https://investmoscow.ru/tenders/tender/19908929,completed,19908929.0,34.5,12276000.0,355826.0869565217,ЮВАО,1,15.0,Отдельный,1,9.0,9.963377689274855,10.050434017331868,55.7377179,37.7749634,,0.0,0.0,2025.0,Завершено,3.56953269648137,12.782200181042182,floor_1,1,0,0,0,0,1,0,5-10,cheap,3.45,3545229.696044584
https://investmoscow.ru/tenders/tender/19908926,completed,19908926.0,87.0,26499000.0,304586.2068965517,ЮВАО,1,15.0,Отдельный,1,9.0,9.963377689274855,10.050434017331868,55.7377179,37.7749634,,0.0,0.0,2025.0,Завершено,4.477336814478207,12.626712718878164,floor_1,1,0,0,0,0,0,0,5-10,expensive,8.7,3034707.418253958
https://investmoscow.ru/tenders/tender/19908917,completed,19908917.0,90.8,27426000.0,302048.45814977976,ЮВАО,1,15.0,Отдельный,1,9.0,9.963377689274855,10.050434017331868,55.7377179,37.7749634,27426000.0,0.0,1.0,2025.0,Завершено,4.519612297626445,12.618346051656255,floor_1,1,0,0,0,0,0,0,5-10,expensive,9.08,3009422.8690093854
https://investmoscow.ru/tenders/tender/19908863,completed,19908863.0,35.8,12644000.0,353184.3575418995,ЮВАО,1,15.0,Отдельный,1,9.0,9.963377689274855,10.050434017331868,55.7377179,37.7749634,,0.0,0.0,2025.0,Завершено,3.605497845174885,12.774748290289455,floor_1,1,0,0,0,0,1,0,5-10,cheap,3.58,3518909.148133835
https://investmoscow.ru/tenders/tender/19908854,completed,19908854.0,33.8,12093000.0,357781.06508875743,ЮВАО,1,15.0,Отдельный,1,9.0,9.963377689274855,10.050434017331868,55.7377179,37.7749634,,0.0,0.0,2025.0,Завершено,3.5496173867804286,12.787679323279908,floor_1,1,0,0,0,0,1,0,5-10,cheap,3.38,3564707.8815503204
https://investmoscow.ru/tenders/tender/19908933,completed,19908933.0,61.7,19810000.0,321069.6920583468,ЮВАО,1,15.0,Отдельный,1,9.0,9.963377689274855,10.050434017331868,55.7377179,37.7749634,,0.0,0.0,2025.0,Завершено,4.138361447638875,12.679416602347132,floor_1,1,0,0,0,0,0,0,5-10,medium,6.17,3198938.6065564808
https://investmoscow.ru/tenders/tender/19908931,completed,19908931.0,39.4,13670000.0,346954.3147208122,ЮВАО,1,15.0,Отдельный,1,9.0,9.963377689274855,10.050434017331868,55.7377179,37.7749634,13670000.0,0.0,1.0,2025.0,Завершено,3.698829784967105,12.756951274615938,floor_1,1,0,0,0,0,1,0,5-10,medium,3.94,3456836.8784869867
https://investmoscow.ru/tenders/tender/19908930,completed,19908930.0,30.5,11093000.0,363704.91803278687,ЮВАО,1,15.0,Отдельный,1,9.0,9.963377689274855,10.050434017331868,55.7377179,37.7749634,,0.0,0.0,2025.0,Завершено,3.449987545831587,12.804100902585306,floor_1,1,0,0,0,0,1,0,5-10,cheap,3.05,3623729.465807409
https://investmoscow.ru/tenders/tender/19908928,completed,19908928.0,36.3,12804000.0,352727.2727272728,ЮВАО,1,15.0,Отдельный,1,9.0,9.963377689274855,10.050434017331868,55.7377179,37.7749634,,0.0,0.0,2025.0,Завершено,3.6189933266497696,12.773453273848611,floor_1,1,0,0,0,0,1,0,5-10,cheap,3.63,3514355.039489677
https://investmoscow.ru/tenders/tender/19908838,completed,19908838.0,67.8,21362000.0,315073.7463126844,ЮВАО,1,15.0,Отдельный,1,9.0,9.963377689274855,10.050434017331868,55.7377179,37.7749634,,0.0,0.0,2025.0,Завершено,4.231203744939298,12.660565179540518,floor_1,1,0,0,0,0,0,0,5-10,medium,6.779999999999999,3139198.7344880453
https://investmoscow.ru/tenders/tender/19908932,completed,19908932.0,46.9,15808000.0,337057.56929637527,ЮВАО,1,15.0,Отдельный,1,9.0,9.963377689274855,10.050434017331868,55.7377179,37.7749634,,0.0,0.0,2025.0,Завершено,3.8691155044168695,12.728011990365378,floor_1,1,0,0,0,0,1,0,5-10,medium,4.69,3358231.865928719
https://investmoscow.ru/tenders/tender/19908925,completed,19908925.0,48.0,16107000.0,335562.5,ЮВАО,1,15.0,Отдельный,1,9.0,9.963377689274855,10.050434017331868,55.7377179,37.7749634,16107000.0,0.0,1.0,2025.0,Завершено,3.8918202981106265,12.72356648723126,floor_1,1,0,0,0,0,1,0,5-10,medium,4.8,3343335.9258572934
https://investmoscow.ru/tenders/tender/19908907,completed,19908907.0,79.8,24567000.0,307857.14285714284,ЮВАО,1,15.0,Отдельный,1,9.0,9.963377689274855,10.050434017331868,55.7377179,37.7749634,27637875.0,12.5,6.0,2025.0,Завершено,4.39197696552705,12.637394380719256,floor_1,1,0,0,0,0,0,0,5-10,medium,7.979999999999999,3067296.988626759
https://investmoscow.ru/tenders/tender/19908899,completed,19908899.0,65.0,20688000.0,318276.92307692306,ЮВАО,1,15.0,Отдельный,1,9.0,9.963377689274855,10.050434017331868,55.7377179,37.7749634,22549920.0,9.0,5.0,2025.0,Завершено,4.189654742026425,12.670680252011223,floor_1,1,0,0,0,0,0,0,5-10,medium,6.5,3171113.1943956646
https://investmoscow.ru/tenders/tender/19908889,completed,19908889.0,30.5,11093000.0,363704.91803278687,ЮВАО,1,15.0,Отдельный,1,9.0,9.963377689274855,10.050434017331868,55.7377179,37.7749634,15530200.0,40.0,8.0,2025.0,Завершено,3.449987545831587,12.804100902585306,floor_1,1,0,0,0,0,1,0,5-10,cheap,3.05,3623729.465807409
https://investmoscow.ru/tenders/tender/19908794,completed,19908794.0,145.0,40440000.0,278896.5517241379,ЮВАО,1,15.0,Отдельный,1,9.0,9.963377689274855,10.050434017331868,55.7377179,37.7749634,,0.0,0.0,2025.0,Завершено,4.983606621708336,12.538599795248397,floor_1,1,0,0,0,0,0,0,5-10,expensive,14.5,2778751.6810639664
https://investmoscow.ru/tenders/tender/19908786,completed,19908786.0,94.7,28420000.0,300105.5966209081,ЮВАО,1,15.0,Отдельный,1,9.0,9.963377689274855,10.050434017331868,55.7377179,37.7749634,28420000.0,0.0,1.0,2025.0,Завершено,4.5612182984589085,12.611893012596097,floor_1,1,0,0,0,0,0,0,5-10,expensive,9.47,2990065.405799276
https://investmoscow.ru/tenders/tender/19876860,completed,19876860.0,48.5,14731000.0,303731.9587628866,ЮВАО,1,16.0,Отдельный,1,9.0,9.963377689274855,10.050434017331868,55.7377179,37.7749634,16056790.0,9.0,8.0,2025.0,Завершено,3.901972669574645,12.623904169224838,floor_1,1,0,0,0,0,1,0,5-10,medium,4.85,3026196.2214578944
https://investmoscow.ru/tenders/tender/19876863,completed,19876863.0,52.0,17257000.0,331865.3846153846,ЮВАО,1,16.0,Отдельный,1,9.0,9.963377689274855,10.050434017331868,55.7377179,37.7749634,17257000.0,0.0,1.0,2025.0,Завершено,3.970291913552122,12.712487710913726,floor_1,1,0,0,0,0,0,0,5-10,medium,5.2,3306500.168919542
https://investmoscow.ru/tenders/tender/19879206,completed,19879206.0,155.9,23500800.0,150742.78383579216,ЦАО,basement,7.0,Вход через места общего пользования,1,4.0,2.1232230754931964,1.7570054683083525,55.7688042,37.6012625,,0.0,0.0,2025.0,Завершено,5.055608659738987,11.92333687881913,basement,0,1,0,0,0,0,1,0-5,medium,31.18,320060.55710423674
https://investmoscow.ru/tenders/tender/19885236,completed,19885236.0,84.2,6611000.0,78515.43942992874,ВАО,basement,5.0,Вход через места общего пользования,1,10.0,11.347489915924738,4.320106145914426,55.7525997,37.7991493,6611000.0,0.0,2.0,2025.0,Завершено,4.44500143383527,11.271063301334838,basement,0,1,0,0,0,0,0,5-10,cheap,7.654545454545455,890953.1571755159
https://investmoscow.ru/tenders/tender/19881585,completed,19881585.0,62.3,5012000.0,80449.4382022472,ВАО,basement,5.0,Вход через места общего пользования,1,10.0,11.347489915924738,4.320106145914426,55.7525997,37.7991493,7016800.0,40.0,3.0,2025.0,Завершено,4.147885329150131,11.295396599295032,basement,0,1,0,0,0,0,0,5-10,cheap,5.663636363636363,912899.1887418104
https://investmoscow.ru/tenders/tender/19881716,completed,19881716.0,94.0,11049000.0,117542.55319148937,ЦАО,basement,15.0,Отдельный,1,2.0,3.084669518827834,3.350278184476087,55.7363148,37.6582624,18783300.0,70.0,10.0,2025.0,Завершено,4.553876891600541,11.674564209346364,basement,0,1,0,0,0,0,1,0-5,cheap,31.33333333333333,362579.93099498656
https://investmoscow.ru/tenders/tender/19881684,completed,19881684.0,74.4,13232000.0,177849.46236559135,ВАО,1,15.0,Отдельный,1,20.0,9.32515537438684,4.827450811354368,55.8175277,37.7109164,17201600.0,30.0,3.0,2025.0,Завершено,4.32280727501391,12.088698377123524,floor_1,1,0,0,0,0,0,0,10+,medium,3.542857142857143,1658473.869810304
https://investmoscow.ru/tenders/tender/19880319,completed,19880319.0,162.7,36103000.0,221899.20098340503,ЮЗАО,1,21.0,Отдельный,1,9.0,8.356662526555812,8.74959806304642,55.6813333,37.5713659,,0.0,0.0,2025.0,Завершено,5.098035484377089,12.309983014658918,floor_1,1,0,0,0,0,0,0,5-10,expensive,16.27,1854336.737530697
https://investmoscow.ru/tenders/tender/19880282,completed,19880282.0,116.2,27152000.0,233666.09294320137,ЮЗАО,1,21.0,Отдельный,1,9.0,8.356662526555812,8.74959806304642,55.6813333,37.5713659,,0.0,0.0,2025.0,Завершено,4.763881877142913,12.361652701640256,floor_1,1,0,0,0,0,0,0,5-10,expensive,11.62,1952668.6826251585
https://investmoscow.ru/tenders/tender/19880191,completed,19880191.0,116.0,27105000.0,233663.7931034483,ЮЗАО,1,21.0,Отдельный,1,9.0,8.356662526555812,8.74959806304642,55.6813333,37.5713659,,0.0,0.0,2025.0,Завершено,4.762173934797756,12.361642859214252,floor_1,1,0,0,0,0,0,0,5-10,expensive,11.6,1952649.4636404768
https://investmoscow.ru/tenders/tender/19880404,completed,19880404.0,62.8,16118000.0,256656.050955414,ЮЗАО,1,21.0,Отдельный,1,9.0,8.356662526555812,8.74959806304642,55.6813333,37.5713659,,0.0,0.0,2025.0,Завершено,4.155753190350744,12.455496040649896,floor_1,1,0,0,0,0,0,0,5-10,medium,6.279999999999999,2144788.003232907
https://investmoscow.ru/tenders/tender/19880245,completed,19880245.0,194.7,42059000.0,216019.5172059579,ЮЗАО,1,21.0,Отдельный,1,9.0,8.356662526555812,8.74959806304642,55.6813333,37.5713659,,0.0,0.0,2025.0,Завершено,5.27658287440203,12.283128669219936,floor_1,1,0,0,0,0,0,0,5-10,expensive,19.47,1805202.2044397069
https://investmoscow.ru/tenders/tender/19880216,completed,19880216.0,69.6,17584000.0,252643.6781609196,ЮЗАО,1,21.0,Отдельный,1,9.0,8.356662526555812,8.74959806304642,55.6813333,37.5713659,,0.0,0.0,2025.0,Завершено,4.257030144499196,12.4397393464211,floor_1,1,0,0,0,0,0,0,5-10,medium,6.959999999999999,2111257.957858584
https://investmoscow.ru/tenders/tender/19880439,completed,19880439.0,77.1,19190000.0,248897.5356679637,ЮЗАО,1,21.0,Отдельный,1,9.0,8.356662526555812,8.74959806304642,55.6813333,37.5713659,,0.0,0.0,2025.0,Завершено,4.35799005684564,12.424800605124087,floor_1,1,0,0,0,0,0,0,5-10,medium,7.709999999999999,2079952.709268561
https://investmoscow.ru/tenders/tender/19880368,completed,19880368.0,132.2,30290000.0,229122.54160363087,ЮЗАО,1,21.0,Отдельный,1,9.0,8.356662526555812,8.74959806304642,55.6813333,37.5713659,,0.0,0.0,2025.0,Завершено,4.891851758106289,12.342016620053036,floor_1,1,0,0,0,0,0,0,5-10,expensive,13.22,1914699.7574082871
https://investmoscow.ru/tenders/tender/19885551,completed,19885551.0,15.5,2988000.0,192774.1935483871,Зеленоград,1,14.0,Вход через места общего пользования,1,250.0,36.6619228994357,2.5074808578128245,55.991971,37.214241,4332600.0,45.0,9.0,2025.0,Завершено,2.803360380906535,12.16927998871252,floor_1,1,0,0,0,0,1,0,10+,cheap,0.0617529880478087,7067472.620871862
https://investmoscow.ru/tenders/tender/19884873,completed,19884873.0,438.8,21943000.0,50006.83682771194,ЮЗАО,basement,8.0,Вход через места общего пользования,1,9.0,9.110967286933796,2.8147234300304413,55.6874587,37.5273901,25234450.0,15.0,2.0,2025.0,Завершено,6.086320078120661,10.81993500868263,basement,0,1,0,0,0,0,0,5-10,medium,43.88,455610.65446031967
https://investmoscow.ru/tenders/tender/19885377,completed,19885377.0,461.2,70342000.0,152519.51431049436,ЮЗАО,1,15.0,Отдельный,1,6.0,10.295385415583448,0.7719147942547739,55.6678238,37.5482883,70342000.0,0.0,2.0,2025.0,Завершено,6.13599769784028,11.935054386051403,floor_1,1,0,0,0,0,0,0,5-10,expensive,65.88571428571429,1570247.1832241346
https://investmoscow.ru/tenders/tender/19886699,completed,19886699.0,153.6,19410000.0,126367.1875,ЦАО,basement,15.0,Отдельный,1,7.0,4.042923443575176,4.461159743581079,55.7157993,37.6103647,,0.0,0.0,2025.0,Завершено,5.040841136153322,11.746955047846988,basement,0,1,0,0,0,0,1,5-10,medium,19.2,510892.8648424099
https://investmoscow.ru/tenders/tender/20008048,completed,20008048.0,61.7,17351000.0,281215.5591572123,СЗАО,1,15.0,Отдельный,1,25.0,13.109751952086295,12.751337524441734,55.8508671,37.5026963,,0.0,0.0,2026.0,Завершено,4.138361447638875,12.546880324657153,floor_1,1,0,0,0,0,0,0,10+,medium,2.373076923076923,3686666.2256183033
https://investmoscow.ru/tenders/tender/19969031,completed,19969031.0,61.7,17351000.0,281215.5591572123,СЗАО,1,15.0,Отдельный,1,25.0,13.109751952086295,12.751337524441734,55.8508671,37.5026963,,0.0,0.0,2026.0,Завершено,4.138361447638875,12.546880324657153,floor_1,1,0,0,0,0,0,0,10+,medium,2.373076923076923,3686666.2256183033
https://investmoscow.ru/tenders/tender/19918390,completed,19918390.0,61.7,17351000.0,281215.5591572123,СЗАО,1,15.0,Отдельный,1,25.0,13.109751952086295,12.751337524441734,55.8508671,37.5026963,,0.0,0.0,2025.0,Завершено,4.138361447638875,12.546880324657153,floor_1,1,0,0,0,0,0,0,10+,medium,2.373076923076923,3686666.2256183033
https://investmoscow.ru/tenders/tender/19884905,completed,19884905.0,63.5,17268000.0,271937.0078740158,СЗАО,1,22.0,Отдельный,1,25.0,13.109751952086295,12.751337524441734,55.8508671,37.5026963,18649440.0,8.0,6.0,2025.0,Завершено,4.166665223801727,12.513329407074313,floor_1,1,0,0,0,0,0,0,10+,medium,2.4423076923076925,3565026.7198208845
https://investmoscow.ru/tenders/tender/19892872,completed,19892872.0,246.5,14015000.0,56855.98377281948,СВАО,basement,15.0,Отдельный,1,23.0,15.990839491446785,7.440675292094051,55.8960563,37.6196993,21723250.0,55.0,8.0,2025.0,Завершено,5.511410582008745,10.94829433724186,basement,0,1,0,0,0,0,0,10+,medium,10.270833333333334,909174.9106394594
https://investmoscow.ru/tenders/tender/19891636,completed,19891636.0,101.1,22152000.0,219109.79228486647,ЦАО,basement,15.0,Вход через места общего пользования,1,7.0,2.0078198360950568,1.640357052258126,55.7684399,37.6309062,22152000.0,0.0,1.0,2025.0,Завершено,4.625952725170619,12.297332781718088,basement,0,1,0,0,0,0,1,5-10,medium,12.6375,439932.9872322225
https://investmoscow.ru/tenders/tender/19891342,completed,19891342.0,113.7,36514000.0,321143.3597185576,ЦАО,1,15.0,Отдельный,1,4.0,1.7789390668397296,1.3883561099738937,55.7672575,37.6262153,67550900.0,85.0,8.0,2025.0,Завершено,4.742320024135325,12.679646019768384,floor_1,1,0,0,0,0,0,1,0-5,expensive,22.74,571294.4686595065
https://investmoscow.ru/tenders/tender/19891628,completed,19891628.0,188.3,31660000.0,168135.95326606478,СВАО,1,15.0,Отдельный,1,19.0,16.197737528912164,8.507276422415572,55.8953042,37.5685729,,0.0,0.0,2025.0,Завершено,5.243333058215277,12.032534124304256,floor_1,1,0,0,0,0,0,0,10+,expensive,9.415,2723422.040177159
https://investmoscow.ru/tenders/tender/19890776,completed,19890776.0,211.3,33910000.0,160482.72598201607,СВАО,1,17.0,Отдельный,1,12.0,12.565434982170895,4.136645340180992,55.8652014,37.6182159,33910000.0,0.0,2.0,2025.0,Завершено,5.35800036870921,11.985947820660632,floor_1,1,0,0,0,0,0,0,10+,expensive,16.253846153846155,2016535.2590885707
https://investmoscow.ru/tenders/tender/19890835,completed,19890835.0,104.0,16129000.0,155086.53846153847,НАО,1,15.0,Отдельный,1,188.0,27.93588672466693,28.35361607988755,55.5019311,37.5670635,20967700.0,30.0,13.0,2025.0,Завершено,4.653960350157523,11.951745000750057,floor_1,1,0,0,0,0,0,0,10+,medium,0.5502645502645502,4332479.97098224
https://investmoscow.ru/tenders/tender/19890896,completed,19890896.0,48.3,8406000.0,174037.26708074534,НАО,1,15.0,Отдельный,1,191.0,27.85945445739566,28.27717498154164,55.5026196,37.567134,12609000.0,50.0,7.0,2025.0,Завершено,3.897924081048645,12.067030479767952,floor_1,1,0,0,0,0,1,0,10+,cheap,0.2515624999999999,4848583.3161256295
https://investmoscow.ru/tenders/tender/19890858,completed,19890858.0,113.2,17297000.0,152800.35335689047,НАО,1,15.0,Отдельный,1,191.0,,,,,25426590.0,47.0,6.0,2025.0,Завершено,4.73795129722191,11.936894012723046,floor_1,1,0,0,0,0,0,0,10+,medium,0.5895833333333333,1921402.229749612
https://investmoscow.ru/tenders/tender/19890899,completed,19890899.0,53.0,9094000.0,171584.90566037735,НАО,1,15.0,Отдельный,1,191.0,27.85945445739566,28.27717498154164,55.5026196,37.567134,11640320.0,28.0,6.0,2025.0,Завершено,3.9889840465642745,12.052839327816464,floor_1,1,0,0,0,0,0,0,10+,cheap,0.2760416666666667,4780261.864821814
https://investmoscow.ru/tenders/tender/19890891,completed,19890891.0,65.4,10872000.0,166238.53211009174,НАО,1,15.0,Отдельный,1,191.0,27.85945445739566,28.27717498154164,55.5026196,37.567134,14405400.0,32.5,7.0,2025.0,Завершено,4.1956970564823886,12.02118499178441,floor_1,1,0,0,0,0,0,0,10+,cheap,0.340625,4631314.814385407
https://investmoscow.ru/tenders/tender/19890884,completed,19890884.0,84.5,13506000.0,159834.31952662722,НАО,1,15.0,Отдельный,1,191.0,27.85945445739566,28.27717498154164,55.5026196,37.567134,19043460.0,41.0,11.0,2025.0,Завершено,4.448516375942715,11.981899311212826,floor_1,1,0,0,0,0,0,0,10+,medium,0.4401041666666667,4452896.945580897
https://investmoscow.ru/tenders/tender/19890877,completed,19890877.0,87.3,13886000.0,159060.7101947308,НАО,1,15.0,Отдельный,1,191.0,27.85945445739566,28.27717498154164,55.5026196,37.567134,16385480.0,18.0,6.0,2025.0,Завершено,4.480740107609915,11.977047520337711,floor_1,1,0,0,0,0,0,0,10+,medium,0.4546874999999999,4431344.611631113
https://investmoscow.ru/tenders/tender/19890824,completed,19890824.0,85.0,18128000.0,213270.58823529413,СЗАО,1,15.0,Отдельный,1,10.0,11.88338401742624,11.65543796683603,55.8082927,37.4556899,27101360.0,49.5,14.0,2025.0,Завершено,4.454347296253507,12.270321694627697,floor_1,1,0,0,0,0,0,0,5-10,medium,7.727272727272727,2534376.2996223867
https://investmoscow.ru/tenders/tender/19890903,completed,19890903.0,90.5,21839000.0,241314.91712707185,ЮАО,1,15.0,Отдельный,1,6.0,14.688083472100804,15.101143296998927,55.6233941,37.6728542,25879215.0,18.5,7.0,2025.0,Завершено,4.516338972281476,12.393862213495078,floor_1,1,0,0,0,0,0,0,5-10,medium,12.928571428571429,3544453.645825519
https://investmoscow.ru/tenders/tender/19890908,completed,19890908.0,100.7,23912000.0,237457.7954319761,ЮАО,1,15.0,Отдельный,1,6.0,14.688083472100804,15.101143296998927,55.6233941,37.6728542,29172640.0,22.0,8.0,2025.0,Завершено,4.622027303054514,12.3777493944872,floor_1,1,0,0,0,0,0,0,5-10,medium,14.385714285714286,3487799.920405902
https://investmoscow.ru/tenders/tender/19890907,completed,19890907.0,171.8,37603000.0,218876.6006984866,ЮАО,1,15.0,Отдельный,1,6.0,14.688083472100804,15.101143296998927,55.6233941,37.6728542,42303375.0,12.5,12.0,2025.0,Завершено,5.152134856369956,12.296267951635148,floor_1,1,0,0,0,0,0,0,5-10,expensive,24.542857142857144,3214877.7811490484
https://investmoscow.ru/tenders/tender/19890905,completed,19890905.0,162.0,35771000.0,220808.64197530865,ЮАО,1,15.0,Отдельный,1,6.0,14.688083472100804,15.101143296998927,55.6233941,37.6728542,40242375.0,12.5,11.0,2025.0,Завершено,5.093750200806762,12.305056260798075,floor_1,1,0,0,0,0,0,0,5-10,expensive,23.142857142857142,3243255.7646945547
https://investmoscow.ru/tenders/tender/19988731,completed,19988731.0,114.7,43748000.0,381412.3801220575,СВАО,1,15.0,Отдельный,1,2.0,8.191890427696338,7.781236193240767,55.8233882,37.5842436,43748000.0,0.0,1.0,2026.0,Завершено,4.751000634199631,12.851639053132631,floor_1,1,0,0,0,0,0,0,0-5,expensive,38.23333333333333,3124488.42572676
https://investmoscow.ru/tenders/tender/19988732,completed,19988732.0,133.1,49490000.0,371825.6949661909,СВАО,1,15.0,Отдельный,1,2.0,8.191890427696338,7.781236193240767,55.8233882,37.5842436,49490000.0,0.0,1.0,2026.0,Завершено,4.898585790287632,12.826183150955597,floor_1,1,0,0,0,0,0,0,0-5,expensive,44.36666666666667,3045955.351365078
https://investmoscow.ru/tenders/tender/19944962,completed,19944962.0,114.7,43748000.0,381412.3801220575,СВАО,1,15.0,Отдельный,1,2.0,8.191890427696338,7.781236193240767,55.8233882,37.5842436,,0.0,0.0,2026.0,Завершено,4.751000634199631,12.851639053132631,floor_1,1,0,0,0,0,0,0,0-5,expensive,38.23333333333333,3124488.42572676
https://investmoscow.ru/tenders/tender/19944978,completed,19944978.0,133.1,49490000.0,371825.6949661909,СВАО,1,15.0,Отдельный,1,2.0,8.191890427696338,7.781236193240767,55.8233882,37.5842436,,0.0,0.0,2026.0,Завершено,4.898585790287632,12.826183150955597,floor_1,1,0,0,0,0,0,0,0-5,expensive,44.36666666666667,3045955.351365078
https://investmoscow.ru/tenders/tender/19893963,completed,19893963.0,114.7,43748000.0,381412.3801220575,СВАО,1,15.0,Отдельный,1,2.0,8.191890427696338,7.781236193240767,55.8233882,37.5842436,,0.0,0.0,2025.0,Завершено,4.751000634199631,12.851639053132631,floor_1,1,0,0,0,0,0,0,0-5,expensive,38.23333333333333,3124488.42572676
https://investmoscow.ru/tenders/tender/19893947,completed,19893947.0,133.1,49490000.0,371825.6949661909,СВАО,1,15.0,Отдельный,1,2.0,8.191890427696338,7.781236193240767,55.8233882,37.5842436,,0.0,0.0,2025.0,Завершено,4.898585790287632,12.826183150955597,floor_1,1,0,0,0,0,0,0,0-5,expensive,44.36666666666667,3045955.351365078
https://investmoscow.ru/tenders/tender/19893926,completed,19893926.0,128.4,29364000.0,228691.5887850467,ЮВАО,1,15.0,Отдельный,1,14.0,12.121203820254127,12.16796375864829,55.7446949,37.8111035,31125840.0,6.0,6.0,2025.0,Завершено,4.8629083820668,12.340133973648657,floor_1,1,0,0,0,0,0,0,10+,expensive,8.56,2772017.359641294
https://investmoscow.ru/tenders/tender/20006209,completed,20006209.0,100.5,24241000.0,241203.98009950249,ЮАО,1,15.0,Отдельный,1,18.0,14.183008506172545,14.602804297963676,55.6253444,37.6474856,,0.0,0.0,2026.0,Завершено,4.620058798481842,12.393402390800718,floor_1,1,0,0,0,0,0,0,10+,medium,5.289473684210527,3420998.101473917
https://investmoscow.ru/tenders/tender/19912798,completed,19912798.0,118.1,27713000.0,234657.07027942425,ЮАО,1,15.0,Отдельный,1,18.0,14.183008506172545,14.602804297963676,55.6253444,37.6474856,30345735.0,9.5,12.0,2025.0,Завершено,4.779963476361254,12.365884713469091,floor_1,1,0,0,0,0,0,0,10+,expensive,6.21578947368421,3328143.223806603
https://investmoscow.ru/tenders/tender/19912845,completed,19912845.0,93.9,22034000.0,234653.887113951,ЮАО,1,15.0,Отдельный,1,18.0,14.183008506172545,14.602804297963676,55.6253444,37.6474856,24678080.0,12.0,13.0,2025.0,Завершено,4.552823705615882,12.365871148254564,floor_1,1,0,0,0,0,0,0,10+,medium,4.942105263157895,3328098.076943619
https://investmoscow.ru/tenders/tender/19893982,completed,19893982.0,81.9,20420000.0,249328.4493284493,ЮАО,1,15.0,Отдельный,1,18.0,14.183008506172545,14.602804297963676,55.6253444,37.6474856,27260700.0,33.5,15.0,2025.0,Завершено,4.417635062141249,12.426530390607478,floor_1,1,0,0,0,0,0,0,10+,medium,4.310526315789474,3536227.5176562066
https://investmoscow.ru/tenders/tender/19893971,completed,19893971.0,100.5,24241000.0,241203.98009950249,ЮАО,1,15.0,Отдельный,1,18.0,14.183008506172545,14.602804297963676,55.6253444,37.6474856,34058605.0,40.5,18.0,2025.0,Завершено,4.620058798481842,12.393402390800718,floor_1,1,0,0,0,0,0,0,10+,medium,5.289473684210527,3420998.101473917
https://investmoscow.ru/tenders/tender/19894012,completed,19894012.0,126.3,33261000.0,263349.1686460808,НАО,1,15.0,Отдельный,1,12.0,24.458746832475303,24.869449581824654,55.5361814,37.5385117,38416455.0,15.5,6.0,2025.0,Завершено,4.846546505563361,12.481239865298956,floor_1,1,0,0,0,0,0,0,10+,expensive,9.715384615384616,6441190.644457334
https://investmoscow.ru/tenders/tender/19894020,completed,19894020.0,202.9,49091000.0,241946.7718087728,НАО,1,15.0,Отдельный,1,12.0,24.458746832475303,24.869449581824654,55.5361814,37.5385117,86645615.0,76.5,15.0,2025.0,Завершено,5.31762967758041,12.396477162874543,floor_1,1,0,0,0,0,0,0,10+,expensive,15.607692307692307,5917714.838605447
https://investmoscow.ru/tenders/tender/20008013,completed,20008013.0,173.9,43229000.0,248585.39390454284,НАО,1,15.0,Отдельный,1,12.0,24.458746832475303,24.869449581824654,55.5361814,37.5385117,,0.0,0.0,2026.0,Завершено,5.164214382024556,12.423545725686232,floor_1,1,0,0,0,0,0,0,10+,expensive,13.376923076923076,6080087.215762363
https://investmoscow.ru/tenders/tender/19988729,completed,19988729.0,217.4,55602000.0,255758.96964121435,НАО,1,15.0,Отдельный,1,12.0,24.458746832475303,24.869449581824654,55.5361814,37.5385117,,0.0,0.0,2026.0,Завершено,5.38632824387075,12.451994665033428,floor_1,1,0,0,0,0,0,0,10+,expensive,16.723076923076924,6255543.888589199
https://investmoscow.ru/tenders/tender/19988720,completed,19988720.0,207.0,50083000.0,241946.85990338164,НАО,1,15.0,Отдельный,1,12.0,24.458746832475303,24.869449581824654,55.5361814,37.5385117,,0.0,0.0,2026.0,Завершено,5.337538079701318,12.396477526980368,floor_1,1,0,0,0,0,0,0,10+,expensive,15.923076923076923,5917716.993289182
https://investmoscow.ru/tenders/tender/19974148,completed,19974148.0,159.5,40261000.0,252420.0626959248,НАО,1,15.0,Отдельный,1,12.0,24.458746832475303,24.869449581824654,55.5361814,37.5385117,,0.0,0.0,2026.0,Завершено,5.07829394257007,12.438853855834362,floor_1,1,0,0,0,0,0,0,10+,expensive,12.26923076923077,6173878.408917168
https://investmoscow.ru/tenders/tender/19968748,completed,19968748.0,173.9,43229000.0,248585.39390454284,НАО,1,15.0,Отдельный,1,12.0,24.458746832475303,24.869449581824654,55.5361814,37.5385117,,0.0,0.0,2026.0,Завершено,5.164214382024556,12.423545725686232,floor_1,1,0,0,0,0,0,0,10+,expensive,13.376923076923076,6080087.215762363
https://investmoscow.ru/tenders/tender/19945022,completed,19945022.0,217.4,55602000.0,255758.96964121435,НАО,1,15.0,Отдельный,1,12.0,24.458746832475303,24.869449581824654,55.5361814,37.5385117,,0.0,0.0,2026.0,Завершено,5.38632824387075,12.451994665033428,floor_1,1,0,0,0,0,0,0,10+,expensive,16.723076923076924,6255543.888589199
https://investmoscow.ru/tenders/tender/19945006,completed,19945006.0,207.0,50083000.0,241946.85990338164,НАО,1,15.0,Отдельный,1,12.0,24.458746832475303,24.869449581824654,55.5361814,37.5385117,,0.0,0.0,2026.0,Завершено,5.337538079701318,12.396477526980368,floor_1,1,0,0,0,0,0,0,10+,expensive,15.923076923076923,5917716.993289182
https://investmoscow.ru/tenders/tender/19915372,completed,19915372.0,214.9,51608000.0,240148.9064681247,НАО,1,15.0,Отдельный,1,12.0,24.458746832475303,24.869449581824654,55.5361814,37.5385117,51608000.0,0.0,1.0,2025.0,Завершено,5.3748153375207615,12.389018617620168,floor_1,1,0,0,0,0,0,0,10+,expensive,16.53076923076923,5873741.305399653
https://investmoscow.ru/tenders/tender/19915371,completed,19915371.0,173.9,43229000.0,248585.39390454284,НАО,1,15.0,Отдельный,1,12.0,24.458746832475303,24.869449581824654,55.5361814,37.5385117,,0.0,0.0,2025.0,Завершено,5.164214382024556,12.423545725686232,floor_1,1,0,0,0,0,0,0,10+,expensive,13.376923076923076,6080087.215762363
https://investmoscow.ru/tenders/tender/19894044,completed,19894044.0,217.4,55602000.0,255758.96964121435,НАО,1,15.0,Отдельный,1,12.0,24.458746832475303,24.869449581824654,55.5361814,37.5385117,,0.0,0.0,2025.0,Завершено,5.38632824387075,12.451994665033428,floor_1,1,0,0,0,0,0,0,10+,expensive,16.723076923076924,6255543.888589199
https://investmoscow.ru/tenders/tender/19894051,completed,19894051.0,159.5,40261000.0,252420.0626959248,НАО,1,15.0,Отдельный,1,12.0,24.458746832475303,24.869449581824654,55.5361814,37.5385117,40261000.0,0.0,1.0,2025.0,Завершено,5.07829394257007,12.438853855834362,floor_1,1,0,0,0,0,0,0,10+,expensive,12.26923076923077,6173878.408917168
https://investmoscow.ru/tenders/tender/19894035,completed,19894035.0,207.0,50083000.0,241946.85990338164,НАО,1,15.0,Отдельный,1,12.0,24.458746832475303,24.869449581824654,55.5361814,37.5385117,,0.0,0.0,2025.0,Завершено,5.337538079701318,12.396477526980368,floor_1,1,0,0,0,0,0,0,10+,expensive,15.923076923076923,5917716.993289182
https://investmoscow.ru/tenders/tender/19894027,completed,19894027.0,193.3,47223000.0,244299.0170719089,НАО,1,15.0,Отдельный,1,12.0,24.458746832475303,24.869449581824654,55.5361814,37.5385117,48167460.0,2.0,7.0,2025.0,Завершено,5.269403356383394,12.40615232712675,floor_1,1,0,0,0,0,0,0,10+,expensive,14.86923076923077,5975247.809984381
https://investmoscow.ru/tenders/tender/19913366,completed,19913366.0,78.5,24207000.0,308369.4267515924,ЮВАО,1,15.0,Отдельный,1,12.0,12.583001919860962,12.909612904939875,55.6670633,37.7509021,26264595.0,8.5,7.0,2025.0,Завершено,4.375757021660286,12.639057023568768,floor_1,1,0,0,0,0,0,0,10+,medium,6.038461538461538,3880213.088841711
https://investmoscow.ru/tenders/tender/19912892,completed,19912892.0,74.5,23191000.0,311288.59060402686,ЮВАО,1,15.0,Отдельный,1,12.0,12.583001919860962,12.909612904939875,55.6670633,37.7509021,23770775.0,2.5,6.0,2025.0,Завершено,4.324132656254979,12.64847891739978,floor_1,1,0,0,0,0,0,0,10+,medium,5.730769230769231,3916944.933201282
https://investmoscow.ru/tenders/tender/19912885,completed,19912885.0,58.4,19006000.0,325445.20547945204,ЮВАО,1,15.0,Отдельный,1,12.0,12.583001919860962,12.909612904939875,55.6670633,37.7509021,19006000.0,0.0,4.0,2025.0,Завершено,4.084294226368599,12.692952459628374,floor_1,1,0,0,0,0,0,0,10+,medium,4.492307692307692,4095077.64535749
https://investmoscow.ru/tenders/tender/19893992,completed,19893992.0,70.9,22187000.0,312933.7094499295,ЮВАО,1,15.0,Отдельный,1,12.0,12.583001919860962,12.909612904939875,55.6670633,37.7509021,28177490.0,27.0,7.0,2025.0,Завершено,4.275276264727001,12.653749851756505,floor_1,1,0,0,0,0,0,0,10+,medium,5.453846153846154,3937645.466797675
https://investmoscow.ru/tenders/tender/19894000,completed,19894000.0,57.6,18745000.0,325434.0277777777,ЮВАО,1,15.0,Отдельный,1,12.0,12.583001919860962,12.909612904939875,55.6670633,37.7509021,20244600.0,8.0,5.0,2025.0,Завершено,4.070734696582967,12.692918113265002,floor_1,1,0,0,0,0,0,0,10+,medium,4.430769230769231,4094936.996315863
https://investmoscow.ru/tenders/tender/19894006,completed,19894006.0,99.8,29533000.0,295921.8436873748,ЮВАО,1,15.0,Отдельный,1,12.0,12.583001919860962,12.909612904939875,55.6670633,37.7509021,31304980.0,6.0,5.0,2025.0,Завершено,4.613138355637268,12.597854036109307,floor_1,1,0,0,0,0,0,0,10+,expensive,7.676923076923076,3723585.127247032
https://investmoscow.ru/tenders/tender/19898441,completed,19898441.0,50.6,14647000.0,289466.4031620553,ЮВАО,1,15.0,Отдельный,1,10.0,10.50089149253276,10.696542094484434,55.7119617,37.7698026,15159645.0,3.5,5.0,2025.0,Завершено,3.943521672487517,12.575797972633405,floor_1,1,0,0,0,0,0,0,5-10,medium,4.6000000000000005,3039655.2903384846
https://investmoscow.ru/tenders/tender/20006228,completed,20006228.0,82.2,17074000.0,207712.8953771289,ЮАО,1,15.0,Отдельный,1,31.0,16.62827494627118,17.047550788271586,55.6037401,37.6556238,,0.0,0.0,2026.0,Завершено,4.421247347827163,12.243916908816256,floor_1,1,0,0,0,0,0,0,10+,medium,2.56875,3453907.13421696
https://investmoscow.ru/tenders/tender/19912914,completed,19912914.0,82.3,16857000.0,204823.8153098421,ЮАО,1,15.0,Отдельный,1,31.0,16.62827494627118,17.047550788271586,55.6037401,37.6556238,,0.0,0.0,2025.0,Завершено,4.422448549172797,12.229910333312269,floor_1,1,0,0,0,0,0,0,10+,medium,2.571875,3405866.7165163225
https://investmoscow.ru/tenders/tender/19898006,completed,19898006.0,82.2,16836000.0,204817.5182481752,ЮАО,1,15.0,Отдельный,1,31.0,16.62827494627118,17.047550788271586,55.6037401,37.6556238,16836000.0,0.0,5.0,2025.0,Завершено,4.421247347827163,12.229879589193413,floor_1,1,0,0,0,0,0,0,10+,medium,2.56875,3405762.0072435723
https://investmoscow.ru/tenders/tender/19898382,completed,19898382.0,70.3,22974000.0,326799.43100995733,ЮЗАО,1,15.0,Отдельный,1,10.0,8.448034732329383,8.866253876424526,55.6763286,37.6030282,22974000.0,0.0,7.0,2025.0,Завершено,4.26689632742025,12.697104960847032,floor_1,1,0,0,0,0,0,0,5-10,medium,6.390909090909091,2760812.9436775995
https://investmoscow.ru/tenders/tender/19912926,completed,19912926.0,96.3,19247000.0,199865.005192108,ЮАО,1,15.0,Отдельный,1,74.0,19.60940659445924,20.026629371477128,55.5782124,37.6738896,46192800.0,140.0,20.0,2025.0,Завершено,4.577798989191959,12.205402446957814,floor_1,1,0,0,0,0,0,0,10+,medium,1.284,3919234.150815753
https://investmoscow.ru/tenders/tender/19897966,completed,19897966.0,144.2,28510000.0,197711.5117891817,ЮАО,1,19.0,Отдельный,1,74.0,19.60940659445924,20.026629371477128,55.5782124,37.6738896,44333050.0,55.5,28.0,2025.0,Завершено,4.978112102390695,12.194569293899646,floor_1,1,0,0,0,0,0,0,10+,expensive,1.9226666666666663,3877005.423079286
https://investmoscow.ru/tenders/tender/19897650,completed,19897650.0,35.4,10761000.0,303983.05084745766,ЮАО,1,9.0,Вход через места общего пользования,1,12.0,3.500007462031579,7.417821189556605,55.7268236,37.6512327,,0.0,0.0,2025.0,Завершено,3.594568774642695,12.624730514694486,floor_1,1,0,0,0,0,1,1,10+,cheap,2.723076923076923,1063942.9462972267
https://investmoscow.ru/tenders/tender/19901944,completed,19901944.0,772.8,77321000.0,100053.05383022776,ВАО,basement,5.0,nsi:1032:1032004,1,6.0,10.779757079354956,10.64604661121174,55.6842208,37.7410849,92785200.0,20.0,3.0,2025.0,Завершено,6.651313442266413,11.5134658572343,basement,0,1,0,0,0,0,0,5-10,expensive,110.4,1078547.61533748
https://investmoscow.ru/tenders/tender/19901260,completed,19901260.0,125.9,25450000.0,202144.5591739476,САО,1,15.0,Отдельный,1,13.0,14.364951715578156,13.963919561745612,55.8738901,37.5402346,28249500.0,11.0,7.0,2025.0,Завершено,4.843399374720342,12.21674330685308,floor_1,1,0,0,0,0,0,0,10+,expensive,8.992857142857144,2903796.832100589
https://investmoscow.ru/tenders/tender/19901256,completed,19901256.0,52.9,12207000.0,230756.1436672968,САО,1,15.0,Отдельный,1,13.0,14.364951715578156,13.963919561745612,55.8738901,37.5402346,25939875.0,112.5,64.0,2025.0,Завершено,3.9871304779149512,12.349121110357387,floor_1,1,0,0,0,0,0,0,10+,cheap,3.778571428571429,3314800.8618537346
https://investmoscow.ru/tenders/tender/19952082,completed,19952082.0,170.3,39322270.0,230900.0,ЮАО,1,19.0,Отдельный,1,13.0,13.868012094213626,14.281951278733828,55.6302766,37.667528,,0.0,0.0,2026.0,Завершено,5.143416405330075,12.349744326212376,floor_1,1,0,0,0,0,0,0,10+,expensive,12.164285714285716,3202123.992553926
https://investmoscow.ru/tenders/tender/19912923,completed,19912923.0,45.5,10887000.0,239274.7252747253,ЮАО,1,15.0,Отдельный,1,13.0,13.868012094213626,14.281951278733828,55.6302766,37.667528,11594655.0,6.5,7.0,2025.0,Завершено,3.8394523125933104,12.385371828194089,floor_1,1,0,0,0,0,1,0,10+,cheap,3.25,3318264.783949533
https://investmoscow.ru/tenders/tender/19901264,completed,19901264.0,54.7,12720000.0,232541.13345521025,ЮАО,1,15.0,Отдельный,1,13.0,13.868012094213626,14.281951278733828,55.6302766,37.667528,15136800.0,19.0,15.0,2025.0,Завершено,4.019980146933238,12.356826706753534,floor_1,1,0,0,0,0,0,0,10+,cheap,3.9071428571428575,3224883.2511590007
https://investmoscow.ru/tenders/tender/19908544,completed,19908544.0,34.9,9460000.0,271060.1719197708,ЗАО,1,16.0,Отдельный,1,21.0,15.312820111735972,12.066849819370956,55.8163733,37.4006942,9460000.0,0.0,2.0,2025.0,Завершено,3.580737295494233,12.510099801030634,floor_1,1,0,0,0,0,1,0,10+,cheap,1.5863636363636362,4150695.652063676
https://investmoscow.ru/tenders/tender/19907376,completed,19907376.0,67.9,9251000.0,136244.4771723122,ЗАО,basement,22.0,Отдельный,0,7.0,14.879939600244665,11.05340517217608,55.8053751,37.3989952,11563750.0,25.0,3.0,2025.0,Завершено,4.232656178019613,11.822213516908924,basement,0,1,0,0,0,0,0,5-10,cheap,8.4875,2027309.5911909188
https://investmoscow.ru/tenders/tender/19912382,completed,19912382.0,149.5,23004000.0,153872.90969899666,ЦАО,basement,15.0,Отдельный,1,9.0,2.368115899706623,1.964180732482665,55.7724045,37.60643,35656200.0,55.0,12.0,2025.0,Завершено,5.01396308418893,11.943888777833685,basement,0,1,0,0,0,0,1,5-10,medium,14.95,364388.8839923154
https://investmoscow.ru/tenders/tender/19789142,completed,19789142.0,567.2,107769000.0,190001.7630465444,ЦАО,basement,15.0,Отдельный,1,1.0,1.1454727943476852,1.0424449444956758,55.7565806,37.6339315,,0.0,0.0,2025.0,Завершено,6.342473469420088,12.15479389338712,basement,0,1,0,0,0,0,1,0-5,expensive,283.6,217641.850447912
https://investmoscow.ru/tenders/tender/19909887,completed,19909887.0,171.6,41166840.0,239900.0,ВАО,1,15.0,Отдельный,1,9.0,10.940361640243315,10.909027851679417,55.7638651,37.7913614,41578508.4,1.0,6.0,2025.0,Завершено,5.150976778649327,12.3879816172226,floor_1,1,0,0,0,0,0,0,5-10,expensive,17.16,2624592.7574943714
https://investmoscow.ru/tenders/tender/19915363,completed,19915363.0,156.3,42286000.0,270543.82597568777,ЮЗАО,1,15.0,Отдельный,1,7.0,9.75339818013918,10.127175743222573,55.6733458,37.5478965,86052010.0,103.5,32.0,2025.0,Завершено,5.058154810064233,12.508193078791498,floor_1,1,0,0,0,0,0,0,5-10,expensive,19.5375,2638721.659919164
https://investmoscow.ru/tenders/tender/19915326,completed,19915326.0,127.4,35793000.0,280949.7645211931,ЮЗАО,1,15.0,Отдельный,1,7.0,9.75339818013918,10.127175743222573,55.6733458,37.5478965,35793000.0,0.0,4.0,2025.0,Завершено,4.855150391255861,12.54593471773683,floor_1,1,0,0,0,0,0,0,5-10,expensive,15.925,2740214.9219915364
https://investmoscow.ru/tenders/tender/19915329,completed,19915329.0,58.6,18178000.0,310204.7781569966,ЮЗАО,1,15.0,Отдельный,1,7.0,9.75339818013918,10.127175743222573,55.6733458,37.5478965,38264690.0,110.5,29.0,2025.0,Завершено,4.087655574071304,12.64499115674966,floor_1,1,0,0,0,0,0,0,5-10,medium,7.325,3025550.718746929
https://investmoscow.ru/tenders/tender/19909912,completed,19909912.0,82.9,24783000.0,298950.54282267793,ЮЗАО,1,15.0,Отдельный,1,7.0,9.75339818013918,10.127175743222573,55.6733458,37.5478965,24783000.0,0.0,1.0,2025.0,Завершено,4.429625613473161,12.60803677510081,floor_1,1,0,0,0,0,0,0,5-10,medium,10.3625,2915783.680318327
https://investmoscow.ru/tenders/tender/19909926,completed,19909926.0,92.1,27174000.0,295048.85993485345,ЮЗАО,1,15.0,Отдельный,1,7.0,9.75339818013918,10.127175743222573,55.6733458,37.5478965,30842490.0,13.5,5.0,2025.0,Завершено,4.533674184283021,12.594899637768556,floor_1,1,0,0,0,0,0,0,5-10,expensive,11.5125,2877729.01354074
https://investmoscow.ru/tenders/tender/19992542,completed,19992542.0,131.3,35455000.0,270030.46458492003,САО,1,15.0,Отдельный,1,11.0,11.168346960556768,2.8785745520198502,55.8346067,37.5154298,,0.0,0.0,2026.0,Завершено,4.88507207112091,12.50629376669048,floor_1,1,0,0,0,0,0,0,10+,expensive,10.941666666666668,3015793.9184047235
https://investmoscow.ru/tenders/tender/19973955,completed,19973955.0,108.9,30425000.0,279384.756657484,САО,1,15.0,Отдельный,1,11.0,11.168346960556768,2.8785745520198502,55.8346067,37.5154298,,0.0,0.0,2026.0,Завершено,4.699570861409576,12.54034874618589,floor_1,1,0,0,0,0,0,0,10+,expensive,9.075,3120265.8978415034
https://investmoscow.ru/tenders/tender/19973950,completed,19973950.0,94.6,27107000.0,286543.3403805497,САО,1,15.0,Отдельный,1,11.0,11.168346960556768,2.8785745520198502,55.8346067,37.5154298,,0.0,0.0,2026.0,Завершено,4.560172820057356,12.565648568888127,floor_1,1,0,0,0,0,0,0,10+,expensive,7.883333333333333,3200215.444606896
https://investmoscow.ru/tenders/tender/19918182,completed,19918182.0,108.9,30425000.0,279384.756657484,САО,1,15.0,Отдельный,1,11.0,11.168346960556768,10.817003977469586,55.8346067,37.5154298,,0.0,0.0,2025.0,Завершено,4.699570861409576,12.54034874618589,floor_1,1,0,0,0,0,0,0,10+,expensive,9.075,3120265.8978415034
https://investmoscow.ru/tenders/tender/19918169,completed,19918169.0,157.4,41087000.0,261035.57814485388,САО,1,15.0,Отдельный,1,11.0,11.168346960556768,10.817003977469586,55.8346067,37.5154298,43346785.0,5.5,6.0,2025.0,Завершено,5.0651234793803255,12.472415822634142,floor_1,1,0,0,0,0,0,0,10+,expensive,13.116666666666667,2915335.9057712574
https://investmoscow.ru/tenders/tender/19918109,completed,19918109.0,52.1,16446000.0,315662.18809980806,САО,1,15.0,Отдельный,1,11.0,11.168346960556768,10.817003977469586,55.8346067,37.5154298,16446000.0,0.0,1.0,2025.0,Завершено,3.972176928247893,12.662431063692212,floor_1,1,0,0,0,0,0,0,10+,medium,4.341666666666667,3525424.83902719
https://investmoscow.ru/tenders/tender/19918092,completed,19918092.0,117.9,32515000.0,275784.5631891433,САО,1,15.0,Отдельный,1,11.0,11.168346960556768,10.817003977469586,55.8346067,37.5154298,35278775.0,8.5,7.0,2025.0,Завершено,4.778282803696737,12.52737889775425,floor_1,1,0,0,0,0,0,0,10+,expensive,9.825,3080057.6880619447
https://investmoscow.ru/tenders/tender/19918219,completed,19918219.0,96.2,27473000.0,285582.1205821205,САО,1,15.0,Отдельный,1,11.0,11.168346960556768,10.817003977469586,55.8346067,37.5154298,27473000.0,0.0,4.0,2025.0,Завершено,4.576770711466393,12.562288406097778,floor_1,1,0,0,0,0,0,0,10+,expensive,8.016666666666667,3189480.208392682
https://investmoscow.ru/tenders/tender/19918207,completed,19918207.0,114.2,31630000.0,276970.2276707531,САО,1,15.0,Отдельный,1,11.0,11.168346960556768,10.817003977469586,55.8346067,37.5154298,31630000.0,0.0,1.0,2025.0,Завершено,4.746669748261791,12.531668908549769,floor_1,1,0,0,0,0,0,0,10+,expensive,9.516666666666667,3093299.600371371
https://investmoscow.ru/tenders/tender/19918194,completed,19918194.0,114.9,31738000.0,276222.80243690166,САО,1,15.0,Отдельный,1,11.0,11.168346960556768,10.817003977469586,55.8346067,37.5154298,31738000.0,0.0,1.0,2025.0,Завершено,4.752727750345706,12.528966694509588,floor_1,1,0,0,0,0,0,0,10+,expensive,9.575,3084952.096032643
https://investmoscow.ru/tenders/tender/19918175,completed,19918175.0,94.6,27107000.0,286543.3403805497,САО,1,15.0,Отдельный,1,11.0,11.168346960556768,10.817003977469586,55.8346067,37.5154298,,0.0,0.0,2025.0,Завершено,4.560172820057356,12.565648568888127,floor_1,1,0,0,0,0,0,0,10+,expensive,7.883333333333333,3200215.444606896
https://investmoscow.ru/tenders/tender/19918153,completed,19918153.0,91.4,26351000.0,288304.1575492341,САО,1,15.0,Отдельный,1,11.0,11.168346960556768,10.817003977469586,55.8346067,37.5154298,26482755.0,0.5,5.0,2025.0,Завершено,4.526126978647638,12.571774772988622,floor_1,1,0,0,0,0,0,0,10+,expensive,7.616666666666667,3219880.8616808685
https://investmoscow.ru/tenders/tender/19918137,completed,19918137.0,131.3,35455000.0,270030.46458492003,САО,1,15.0,Отдельный,1,11.0,11.168346960556768,10.817003977469586,55.8346067,37.5154298,35455000.0,0.0,1.0,2025.0,Завершено,4.88507207112091,12.50629376669048,floor_1,1,0,0,0,0,0,0,10+,expensive,10.941666666666668,3015793.9184047235
https://investmoscow.ru/tenders/tender/19918124,completed,19918124.0,124.6,34023000.0,273057.7849117175,САО,1,15.0,Отдельный,1,11.0,11.168346960556768,10.817003977469586,55.8346067,37.5154298,40487370.0,19.0,11.0,2025.0,Завершено,4.833102254034098,12.51744238033401,floor_1,1,0,0,0,0,0,0,10+,expensive,10.383333333333333,3049604.082175144
https://investmoscow.ru/tenders/tender/19914139,completed,19914139.0,290.7,42654000.0,146728.58617131063,ЦАО,1,1.0,Отдельный,1,14.0,4.741280201479937,4.929203992890332,55.7356225,37.6875985,42654000.0,0.0,1.0,2025.0,Завершено,5.675725876873676,11.896346621856164,floor_1,1,0,0,0,0,0,1,10+,expensive,19.38,695681.340605178
https://investmoscow.ru/tenders/tender/19912902,completed,19912902.0,165.8,35552000.0,214427.0205066345,ЮАО,1,15.0,Отдельный,1,26.0,16.514303693141912,6.106234613271667,55.6056423,37.664986,,0.0,0.0,2025.0,Завершено,5.116795489924646,12.275729392300784,floor_1,1,0,0,0,0,0,0,10+,expensive,6.140740740740741,3541112.9366621305
https://investmoscow.ru/tenders/tender/19912897,completed,19912897.0,146.7,35702000.0,243367.41649625087,ЮАО,1,15.0,Отдельный,1,26.0,16.514303693141912,6.106234613271667,55.6056423,37.664986,,0.0,0.0,2025.0,Завершено,4.995183189537334,12.402331691445758,floor_1,1,0,0,0,0,0,0,10+,expensive,5.433333333333333,4019043.4250344415
https://investmoscow.ru/tenders/tender/19914365,completed,19914365.0,128.0,22634000.0,176828.125,ЗАО,1,17.0,Отдельный,1,40.0,17.123163808966677,9.12757461789213,55.6512302,37.4099559,22634000.0,0.0,2.0,2025.0,Завершено,4.859812404361672,12.082939149781394,floor_1,1,0,0,0,0,0,0,10+,medium,3.1219512195121952,3027856.950407436
https://investmoscow.ru/tenders/tender/19912930,completed,19912930.0,57.9,14518000.0,250742.6597582038,САО,1,15.0,Отдельный,1,7.0,8.768708767378534,8.62614024829349,55.7780344,37.484971,23083620.0,59.0,18.0,2025.0,Завершено,4.075841090657541,12.43218642039266,floor_1,1,0,0,0,0,0,0,5-10,medium,7.2375,2198689.3589775744
https://investmoscow.ru/tenders/tender/19912550,completed,19912550.0,62.9,15565000.0,247456.27980922096,САО,1,15.0,Отдельный,1,7.0,8.768708767378534,8.62614024829349,55.7780344,37.484971,23036200.0,48.0,14.0,2025.0,Завершено,4.157319361383489,12.418993239261178,floor_1,1,0,0,0,0,0,0,5-10,medium,7.8625,2169872.0503059914
https://investmoscow.ru/tenders/tender/19912931,completed,19912931.0,68.8,16799000.0,244171.511627907,САО,1,15.0,Отдельный,1,7.0,8.768708767378534,8.62614024829349,55.7780344,37.484971,16799000.0,0.0,7.0,2025.0,Завершено,4.245634009768327,12.40563026932654,floor_1,1,0,0,0,0,0,0,5-10,medium,8.6,2141068.874755698
https://investmoscow.ru/tenders/tender/19912925,completed,19912925.0,88.3,20751000.0,235005.66251415628,САО,1,15.0,Отдельный,1,7.0,8.768708767378534,8.62614024829349,55.7780344,37.484971,25731240.0,24.0,13.0,2025.0,Завершено,4.492001487882454,12.36736914384848,floor_1,1,0,0,0,0,0,0,5-10,medium,11.0375,2060696.213271483
https://investmoscow.ru/tenders/tender/19916260,completed,19916260.0,185.9,31844670.0,171300.0,Зеленоград,1,15.0,Отдельный,1,12.0,,,,,42990304.5,35.0,5.0,2025.0,Завершено,5.230573714461517,12.051177522006787,floor_1,1,0,0,0,0,0,0,10+,expensive,14.3,2154027.7540285294
https://investmoscow.ru/tenders/tender/19916221,completed,19916221.0,73.9,14905630.0,201700.0,Зеленоград,1,15.0,Отдельный,1,12.0,,,,,29662203.7,99.0,8.0,2025.0,Завершено,4.316153890523174,12.214541681788218,floor_1,1,0,0,0,0,0,0,10+,medium,5.684615384615385,2536295.376459745
https://investmoscow.ru/tenders/tender/19916237,completed,19916237.0,28.3,6605220.0,233400.0,Зеленоград,1,15.0,Отдельный,1,12.0,,,,,10370195.4,57.0,13.0,2025.0,Завершено,3.3775875160230218,12.36051328331556,floor_1,1,0,0,0,0,1,0,10+,cheap,2.176923076923077,2934909.969587033
https://investmoscow.ru/tenders/tender/19916291,completed,19916291.0,69.0,13965600.0,202400.0,Зеленоград,1,15.0,Отдельный,1,12.0,,,,,15781128.0,13.0,5.0,2025.0,Завершено,4.248495242049359,12.218006157094704,floor_1,1,0,0,0,0,0,0,10+,medium,5.307692307692308,2545097.591449938
https://investmoscow.ru/tenders/tender/19916216,completed,19916216.0,44.6,9678200.0,217000.0,Зеленоград,1,15.0,Отдельный,1,12.0,,,,,19646746.0,103.0,15.0,2025.0,Завершено,3.819907716520341,12.28765724080691,floor_1,1,0,0,0,0,1,0,10+,cheap,3.430769230769231,2728686.6469596666
https://investmoscow.ru/tenders/tender/19912585,completed,19912585.0,141.6,22479000.0,158750.0,Зеленоград,1,15.0,Отдельный,1,12.0,,,,,32594550.0,45.0,19.0,2025.0,Завершено,4.960043507980195,11.975092215947695,floor_1,1,0,0,0,0,0,0,10+,medium,10.892307692307693,1996216.6138472208
https://investmoscow.ru/tenders/tender/19912806,completed,19912806.0,121.9,26330000.0,215996.7186218212,СВАО,1,15.0,Отдельный,1,40.0,15.875617064269042,15.485466180518038,55.8859857,37.7064088,30937750.0,17.5,5.0,2025.0,Завершено,4.811371016571989,12.28302312467451,floor_1,1,0,0,0,0,0,0,10+,expensive,2.973170731707317,3429081.191978703
https://investmoscow.ru/tenders/tender/20002323,completed,20002323.0,119.9,30194000.0,251826.52210175144,ВАО,1,15.0,Отдельный,1,11.0,7.629222108425153,7.567514873360361,55.7657939,37.737145,30194000.0,0.0,1.0,2026.0,Завершено,4.794963757620747,12.436499696056078,floor_1,1,0,0,0,0,0,0,10+,expensive,9.991666666666667,1921240.4699064973
https://investmoscow.ru/tenders/tender/19912762,completed,19912762.0,119.9,31068000.0,259115.929941618,ВАО,1,15.0,Отдельный,1,11.0,7.629222108425153,7.567514873360361,55.7657939,37.737145,,0.0,0.0,2025.0,Завершено,4.794963757620747,12.465034705757184,floor_1,1,0,0,0,0,0,0,10+,expensive,9.991666666666667,1976852.981355735
https://investmoscow.ru/tenders/tender/19924685,completed,19924685.0,156.1,34482490.0,220900.0,ЮВАО,1,15.0,Отдельный,1,11.0,12.008320365292263,12.048963379640476,55.7463601,37.8094697,38275563.9,11.0,5.0,2025.0,Завершено,5.056882545261575,12.305469916333228,floor_1,1,0,0,0,0,0,0,10+,expensive,13.008333333333333,2652637.968693061
https://investmoscow.ru/tenders/tender/19913320,completed,19913320.0,146.0,30007000.0,205527.397260274,ЮВАО,1,15.0,Отдельный,1,11.0,12.008320365292263,12.048963379640476,55.7463601,37.8094697,30007000.0,0.0,7.0,2025.0,Завершено,4.990432586778736,12.233339489552977,floor_1,1,0,0,0,0,0,0,10+,expensive,12.166666666666666,2468038.8301460617
https://investmoscow.ru/tenders/tender/20008020,completed,20008020.0,50.1,12065000.0,240818.36327345308,ЮВАО,1,15.0,Отдельный,1,19.0,15.610391870261548,15.737492950359227,55.7148973,37.8585401,,0.0,0.0,2026.0,Завершено,3.933784497209659,12.39180240144908,floor_1,1,0,0,0,0,0,0,10+,cheap,2.505,3759269.020253604
https://investmoscow.ru/tenders/tender/19969063,completed,19969063.0,59.0,13769000.0,233372.88135593224,ЮВАО,1,15.0,Отдельный,1,19.0,15.610391870261548,15.737492950359227,55.7148973,37.8585401,13769000.0,0.0,1.0,2026.0,Завершено,4.0943445622221,12.360397087499626,floor_1,1,0,0,0,0,0,0,10+,medium,2.95,3643042.1298581576
https://investmoscow.ru/tenders/tender/19969069,completed,19969069.0,50.1,12065000.0,240818.36327345308,ЮВАО,1,15.0,Отдельный,1,19.0,15.610391870261548,15.737492950359227,55.7148973,37.8585401,,0.0,0.0,2026.0,Завершено,3.933784497209659,12.39180240144908,floor_1,1,0,0,0,0,0,0,10+,cheap,2.505,3759269.020253604
https://investmoscow.ru/tenders/tender/19912883,completed,19912883.0,59.0,13769000.0,233372.88135593224,ЮВАО,1,15.0,Отдельный,1,19.0,15.610391870261548,15.737492950359227,55.7148973,37.8585401,,0.0,0.0,2025.0,Завершено,4.0943445622221,12.360397087499626,floor_1,1,0,0,0,0,0,0,10+,medium,2.95,3643042.1298581576
https://investmoscow.ru/tenders/tender/19912860,completed,19912860.0,50.1,12065000.0,240818.36327345308,ЮВАО,1,15.0,Отдельный,1,19.0,15.610391870261548,15.737492950359227,55.7148973,37.8585401,,0.0,0.0,2025.0,Завершено,3.933784497209659,12.39180240144908,floor_1,1,0,0,0,0,0,0,10+,cheap,2.505,3759269.020253604
https://investmoscow.ru/tenders/tender/19992572,completed,19992572.0,75.5,22786000.0,301801.32450331125,СВАО,1,15.0,Отдельный,1,14.0,6.359207300066606,5.940316124569926,55.8090706,37.6264038,,0.0,0.0,2026.0,Завершено,4.33729074083249,12.617527527417806,floor_1,1,0,0,0,0,0,0,10+,medium,5.033333333333333,1919217.185951228
https://investmoscow.ru/tenders/tender/19912904,completed,19912904.0,103.0,29303000.0,284495.145631068,СВАО,1,15.0,Отдельный,1,14.0,6.359207300066606,5.940316124569926,55.8090706,37.6264038,29303000.0,0.0,0.0,2025.0,Завершено,4.6443908991413725,12.558474984587042,floor_1,1,0,0,0,0,0,0,10+,expensive,6.866666666666666,1809163.6069305995
https://investmoscow.ru/tenders/tender/19912910,completed,19912910.0,75.5,22786000.0,301801.32450331125,СВАО,1,15.0,Отдельный,1,14.0,6.359207300066606,5.940316124569926,55.8090706,37.6264038,22786000.0,0.0,1.0,2025.0,Завершено,4.33729074083249,12.617527527417806,floor_1,1,0,0,0,0,0,0,10+,medium,5.033333333333333,1919217.185951228
https://investmoscow.ru/tenders/tender/19912901,completed,19912901.0,47.9,15559000.0,324822.5469728601,СВАО,1,15.0,Отдельный,1,14.0,6.359207300066606,5.940316124569926,55.8090706,37.6264038,15559000.0,0.0,1.0,2025.0,Завершено,3.8897773964808255,12.691037381479514,floor_1,1,0,0,0,0,1,0,10+,medium,3.1933333333333334,2065613.91193604
https://investmoscow.ru/tenders/tender/20008003,completed,20008003.0,68.8,19004000.0,276220.93023255817,ЮВАО,1,15.0,Отдельный,1,14.0,11.025579153662218,11.279025555108907,55.6957849,37.7630135,,0.0,0.0,2026.0,Завершено,4.245634009768327,12.528959916633562,floor_1,1,0,0,0,0,0,0,10+,medium,4.586666666666667,3045495.730177279
https://investmoscow.ru/tenders/tender/19969041,completed,19969041.0,68.8,19004000.0,276220.93023255817,ЮВАО,1,15.0,Отдельный,1,14.0,11.025579153662218,11.279025555108907,55.6957849,37.7630135,,0.0,0.0,2026.0,Завершено,4.245634009768327,12.528959916633562,floor_1,1,0,0,0,0,0,0,10+,medium,4.586666666666667,3045495.730177279
https://investmoscow.ru/tenders/tender/19912649,completed,19912649.0,68.8,19004000.0,276220.93023255817,ЮВАО,1,15.0,Отдельный,1,14.0,11.025579153662218,11.279025555108907,55.6957849,37.7630135,,0.0,0.0,2025.0,Завершено,4.245634009768327,12.528959916633562,floor_1,1,0,0,0,0,0,0,10+,medium,4.586666666666667,3045495.730177279
https://investmoscow.ru/tenders/tender/19912604,completed,19912604.0,30.2,9486000.0,314105.96026490064,ЮВАО,1,15.0,Отдельный,1,14.0,11.025579153662218,11.279025555108907,55.6957849,37.7630135,9486000.0,0.0,4.0,2025.0,Завершено,3.4404180948154366,12.65748884467282,floor_1,1,0,0,0,0,1,0,10+,cheap,2.013333333333333,3463200.1275377413
https://investmoscow.ru/tenders/tender/19912695,completed,19912695.0,110.8,27687000.0,249882.6714801444,ЮВАО,1,15.0,Отдельный,1,14.0,11.025579153662218,11.279025555108907,55.6957849,37.7630135,27687000.0,0.0,1.0,2025.0,Завершено,4.716711560720999,12.42875077447277,floor_1,1,0,0,0,0,0,0,10+,expensive,7.386666666666667,2755101.1735329046
https://investmoscow.ru/tenders/tender/19912565,completed,19912565.0,80.9,21486000.0,265587.1446229913,ЮВАО,1,15.0,Отдельный,1,14.0,11.025579153662218,11.279025555108907,55.6957849,37.7630135,21486000.0,0.0,1.0,2025.0,Завершено,4.405498990859024,12.489702059379574,floor_1,1,0,0,0,0,0,0,10+,medium,5.3933333333333335,2928252.085235926
https://investmoscow.ru/tenders/tender/19912546,completed,19912546.0,104.9,26580000.0,253384.1754051477,ЮВАО,1,15.0,Отдельный,1,14.0,11.025579153662218,11.279025555108907,55.6957849,37.7630135,26845800.0,1.0,5.0,2025.0,Завершено,4.662495252607361,12.442666042415707,floor_1,1,0,0,0,0,0,0,10+,expensive,6.993333333333334,2793707.2822148874
https://investmoscow.ru/tenders/tender/19969077,completed,19969077.0,232.9,16391000.0,70377.84456848433,САО,basement,5.0,Вход через места общего пользования,1,11.0,7.010736954048501,1.4340053108015698,55.8000154,37.5445888,,0.0,0.0,2026.0,Завершено,5.454893673590133,11.161647993697398,basement,0,1,0,0,0,0,0,10+,medium,19.40833333333333,493400.5556625547
https://investmoscow.ru/tenders/tender/19918128,completed,19918128.0,232.9,16391000.0,70377.84456848433,САО,basement,5.0,Вход через места общего пользования,1,11.0,7.010736954048501,1.4340053108015698,55.8000154,37.5445888,,0.0,0.0,2025.0,Завершено,5.454893673590133,11.161647993697398,basement,0,1,0,0,0,0,0,10+,medium,19.40833333333333,493400.5556625547
https://investmoscow.ru/tenders/tender/19971573,completed,19971573.0,326.7,49431000.0,151303.94857667584,ЮАО,basement,6.0,Отдельный,1,5.0,4.638818761396473,5.923016213535669,55.7102097,37.6179764,,0.0,0.0,2026.0,Завершено,5.792098555704769,11.927052606291657,basement,0,1,0,0,0,0,1,0-5,expensive,54.45,701871.595330851
https://investmoscow.ru/tenders/tender/19919469,completed,19919469.0,326.7,49431000.0,151303.94857667584,ЮАО,basement,6.0,Отдельный,1,5.0,4.638818761396473,5.923016213535669,55.7102097,37.6179764,,0.0,0.0,2025.0,Завершено,5.792098555704769,11.927052606291657,basement,0,1,0,0,0,0,1,0-5,expensive,54.45,701871.595330851
https://investmoscow.ru/tenders/tender/19917606,completed,19917606.0,141.9,25603000.0,180429.88019732205,ЗАО,1,15.0,Отдельный,1,14.0,21.038491730991247,12.582135049562536,55.6438614,37.3409075,28163300.0,10.0,2.0,2025.0,Завершено,4.9621450849358215,12.103103048221776,floor_1,1,0,0,0,0,0,0,10+,expensive,9.46,3795972.542555101
https://investmoscow.ru/tenders/tender/19917788,completed,19917788.0,206.3,38283000.0,185569.5588948133,ЮАО,1,15.0,Отдельный,1,10.0,8.143864749652868,3.107393634854113,55.6852262,37.6715175,38283000.0,0.0,3.0,2025.0,Завершено,5.334167019441734,12.131190460107376,floor_1,1,0,0,0,0,0,0,5-10,expensive,18.75454545454545,1511253.3892921023
https://investmoscow.ru/tenders/tender/19918329,completed,19918329.0,89.9,22418000.0,249365.9621802002,САО,1,15.0,Отдельный,1,8.0,13.959617830662346,13.556468827732894,55.8711325,37.5459013,27013690.0,20.5,13.0,2025.0,Завершено,4.509760001183433,12.42668083424796,floor_1,1,0,0,0,0,0,0,5-10,medium,9.988888888888887,3481053.532010995
https://investmoscow.ru/tenders/tender/19918344,completed,19918344.0,86.3,21574000.0,249988.4125144844,САО,1,15.0,Отдельный,1,8.0,13.959617830662346,13.556468827732894,55.8711325,37.5459013,25025840.0,16.0,7.0,2025.0,Завершено,4.469350462845557,12.429173846005536,floor_1,1,0,0,0,0,0,0,5-10,medium,9.588888888888889,3489742.70079617
https://investmoscow.ru/tenders/tender/19918369,completed,19918369.0,67.9,17804000.0,262209.13107511046,САО,1,15.0,Отдельный,1,8.0,13.959617830662346,13.556468827732894,55.8711325,37.5459013,21008720.0,18.0,7.0,2025.0,Завершено,4.232656178019613,12.47690148829568,floor_1,1,0,0,0,0,0,0,5-10,medium,7.544444444444445,3660339.261518592
https://investmoscow.ru/tenders/tender/19918306,completed,19918306.0,101.8,24886000.0,244459.7249508841,САО,1,15.0,Отдельный,1,8.0,13.959617830662346,13.556468827732894,55.8711325,37.5459013,24886000.0,0.0,6.0,2025.0,Завершено,4.632785353021065,12.406809940846305,floor_1,1,0,0,0,0,0,0,5-10,medium,11.31111111111111,3412564.3353031743
https://investmoscow.ru/tenders/tender/19918387,completed,19918387.0,249.3,54181000.0,217332.53108704367,СВАО,1,15.0,Отдельный,1,17.0,14.29676474978327,13.881268193069907,55.8794707,37.6502924,61495435.0,13.5,6.0,2025.0,Завершено,5.522660198437729,12.289188462149976,floor_1,1,0,0,0,0,0,0,10+,expensive,13.85,3107152.0694264225
https://investmoscow.ru/tenders/tender/19918506,completed,19918506.0,137.2,33050000.0,240889.21282798835,СВАО,1,15.0,Отдельный,1,17.0,14.29676474978327,13.881268193069907,55.8794707,37.6502924,33050000.0,0.0,1.0,2025.0,Завершено,4.92870191133357,12.3920965602475,floor_1,1,0,0,0,0,0,0,10+,expensive,7.622222222222222,3443936.406562224
https://investmoscow.ru/tenders/tender/19918447,completed,19918447.0,134.8,32472000.0,240890.20771513355,СВАО,1,15.0,Отдельный,1,17.0,14.29676474978327,13.881268193069907,55.8794707,37.6502924,32472000.0,0.0,1.0,2025.0,Завершено,4.911183215124596,12.392100690282833,floor_1,1,0,0,0,0,0,0,10+,expensive,7.48888888888889,3443950.630229691
https://investmoscow.ru/tenders/tender/19918411,completed,19918411.0,157.6,36940000.0,234390.86294416245,СВАО,1,15.0,Отдельный,1,17.0,14.29676474978327,13.881268193069907,55.8794707,37.6502924,36940000.0,0.0,1.0,2025.0,Завершено,5.066385309200747,12.364749621680398,floor_1,1,0,0,0,0,0,0,10+,expensive,8.755555555555555,3351031.027011384
https://investmoscow.ru/tenders/tender/20008022,completed,20008022.0,70.4,19463000.0,276463.0681818182,ЮВАО,1,15.0,Отдельный,1,12.0,11.162678853668648,11.482550054771098,55.6784566,37.7393784,,0.0,0.0,2026.0,Завершено,4.268297869345539,12.529836139173836,floor_1,1,0,0,0,0,0,0,10+,medium,5.415384615384616,3086068.445013536
https://investmoscow.ru/tenders/tender/20008037,completed,20008037.0,139.4,34217000.0,245459.11047345767,ЮВАО,1,15.0,Отдельный,1,12.0,11.162678853668648,11.482550054771098,55.6784566,37.7393784,,0.0,0.0,2026.0,Завершено,4.944495491591711,12.410889730218448,floor_1,1,0,0,0,0,0,0,10+,expensive,10.723076923076924,2739981.2219223827
https://investmoscow.ru/tenders/tender/20008031,completed,20008031.0,92.3,24292000.0,263185.2654387866,ЮВАО,1,15.0,Отдельный,1,12.0,11.162678853668648,11.482550054771098,55.6784566,37.7393784,,0.0,0.0,2026.0,Завершено,4.535820107853298,12.480617294088386,floor_1,1,0,0,0,0,0,0,10+,medium,7.1,2937852.5971107134
https://investmoscow.ru/tenders/tender/20008026,completed,20008026.0,174.3,41275000.0,236804.3602983362,ЮВАО,1,15.0,Отдельный,1,12.0,11.162678853668648,11.482550054771098,55.6784566,37.7393784,,0.0,0.0,2026.0,Завершено,5.1664987919271885,12.37499381813079,floor_1,1,0,0,0,0,0,0,10+,expensive,13.407692307692308,2643371.025158769
https://investmoscow.ru/tenders/tender/20008028,completed,20008028.0,127.1,31660000.0,249095.20062942567,ЮВАО,1,15.0,Отдельный,1,12.0,11.162678853668648,11.482550054771098,55.6784566,37.7393784,,0.0,0.0,2026.0,Завершено,4.852811208902689,12.425594448743048,floor_1,1,0,0,0,0,0,0,10+,expensive,9.776923076923076,2780569.72861644
https://investmoscow.ru/tenders/tender/19968778,completed,19968778.0,139.4,34217000.0,245459.11047345767,ЮВАО,1,15.0,Отдельный,1,12.0,11.162678853668648,11.482550054771098,55.6784566,37.7393784,,0.0,0.0,2026.0,Завершено,4.944495491591711,12.410889730218448,floor_1,1,0,0,0,0,0,0,10+,expensive,10.723076923076924,2739981.2219223827
https://investmoscow.ru/tenders/tender/19968770,completed,19968770.0,83.4,22388000.0,268441.2470023981,ЮВАО,1,15.0,Отдельный,1,12.0,11.162678853668648,11.482550054771098,55.6784566,37.7393784,22388000.0,0.0,1.0,2026.0,Завершено,4.435567401601912,12.50039107483168,floor_1,1,0,0,0,0,0,0,10+,medium,6.415384615384616,2996523.431366111
https://investmoscow.ru/tenders/tender/19968764,completed,19968764.0,127.1,31660000.0,249095.20062942567,ЮВАО,1,15.0,Отдельный,1,12.0,11.162678853668648,11.482550054771098,55.6784566,37.7393784,,0.0,0.0,2026.0,Завершено,4.852811208902689,12.425594448743048,floor_1,1,0,0,0,0,0,0,10+,expensive,9.776923076923076,2780569.72861644
https://investmoscow.ru/tenders/tender/19968762,completed,19968762.0,174.3,41275000.0,236804.3602983362,ЮВАО,1,15.0,Отдельный,1,12.0,11.162678853668648,11.482550054771098,55.6784566,37.7393784,,0.0,0.0,2026.0,Завершено,5.1664987919271885,12.37499381813079,floor_1,1,0,0,0,0,0,0,10+,expensive,13.407692307692308,2643371.025158769
https://investmoscow.ru/tenders/tender/19968758,completed,19968758.0,70.4,19463000.0,276463.0681818182,ЮВАО,1,15.0,Отдельный,1,12.0,11.162678853668648,11.482550054771098,55.6784566,37.7393784,,0.0,0.0,2026.0,Завершено,4.268297869345539,12.529836139173836,floor_1,1,0,0,0,0,0,0,10+,medium,5.415384615384616,3086068.445013536
https://investmoscow.ru/tenders/tender/19968775,completed,19968775.0,92.3,24292000.0,263185.2654387866,ЮВАО,1,15.0,Отдельный,1,12.0,11.162678853668648,11.482550054771098,55.6784566,37.7393784,,0.0,0.0,2026.0,Завершено,4.535820107853298,12.480617294088386,floor_1,1,0,0,0,0,0,0,10+,medium,7.1,2937852.5971107134
https://investmoscow.ru/tenders/tender/19918617,completed,19918617.0,174.3,41275000.0,236804.3602983362,ЮВАО,1,15.0,Отдельный,1,12.0,11.162678853668648,11.482550054771098,55.6784566,37.7393784,,0.0,0.0,2025.0,Завершено,5.1664987919271885,12.37499381813079,floor_1,1,0,0,0,0,0,0,10+,expensive,13.407692307692308,2643371.025158769
https://investmoscow.ru/tenders/tender/19918566,completed,19918566.0,127.1,31660000.0,249095.20062942567,ЮВАО,1,15.0,Отдельный,1,12.0,11.162678853668648,11.482550054771098,55.6784566,37.7393784,,0.0,0.0,2025.0,Завершено,4.852811208902689,12.425594448743048,floor_1,1,0,0,0,0,0,0,10+,expensive,9.776923076923076,2780569.72861644
https://investmoscow.ru/tenders/tender/19918450,completed,19918450.0,92.3,24292000.0,263185.2654387866,ЮВАО,1,15.0,Отдельный,1,12.0,11.162678853668648,11.482550054771098,55.6784566,37.7393784,,0.0,0.0,2025.0,Завершено,4.535820107853298,12.480617294088386,floor_1,1,0,0,0,0,0,0,10+,medium,7.1,2937852.5971107134
https://investmoscow.ru/tenders/tender/19918654,completed,19918654.0,70.4,19463000.0,276463.0681818182,ЮВАО,1,15.0,Отдельный,1,12.0,11.162678853668648,11.482550054771098,55.6784566,37.7393784,,0.0,0.0,2025.0,Завершено,4.268297869345539,12.529836139173836,floor_1,1,0,0,0,0,0,0,10+,medium,5.415384615384616,3086068.445013536
https://investmoscow.ru/tenders/tender/19918507,completed,19918507.0,83.4,22388000.0,268441.2470023981,ЮВАО,1,15.0,Отдельный,1,12.0,11.162678853668648,11.482550054771098,55.6784566,37.7393784,,0.0,0.0,2025.0,Завершено,4.435567401601912,12.50039107483168,floor_1,1,0,0,0,0,0,0,10+,medium,6.415384615384616,2996523.431366111
https://investmoscow.ru/tenders/tender/19918413,completed,19918413.0,139.4,34217000.0,245459.11047345767,ЮВАО,1,15.0,Отдельный,1,12.0,11.162678853668648,11.482550054771098,55.6784566,37.7393784,,0.0,0.0,2025.0,Завершено,4.944495491591711,12.410889730218448,floor_1,1,0,0,0,0,0,0,10+,expensive,10.723076923076924,2739981.2219223827
https://investmoscow.ru/tenders/tender/19968744,completed,19968744.0,73.9,18996000.0,257050.06765899865,СВАО,1,15.0,Отдельный,1,13.0,15.408983280236036,14.989979176876597,55.8893112,37.5812348,18996000.0,0.0,1.0,2026.0,Завершено,4.316153890523174,12.45703005098212,floor_1,1,0,0,0,0,0,0,10+,medium,5.278571428571429,3960880.194741052
https://investmoscow.ru/tenders/tender/19915370,completed,19915370.0,73.9,18996000.0,257050.06765899865,СВАО,1,15.0,Отдельный,1,13.0,15.408983280236036,14.989979176876597,55.8893112,37.5812348,,0.0,0.0,2025.0,Завершено,4.316153890523174,12.45703005098212,floor_1,1,0,0,0,0,0,0,10+,medium,5.278571428571429,3960880.194741052
https://investmoscow.ru/tenders/tender/19915367,completed,19915367.0,102.0,27118000.0,265862.7450980392,СВАО,1,15.0,Отдельный,1,22.0,15.145325643492676,14.74406791717919,55.8830678,37.684889,39592280.0,46.0,18.0,2025.0,Завершено,4.634728988229636,12.490739220052378,floor_1,1,0,0,0,0,0,0,10+,expensive,4.434782608695652,4026577.85098269
https://investmoscow.ru/tenders/tender/19915346,completed,19915346.0,77.2,21490000.0,278367.8756476684,СВАО,1,15.0,Отдельный,1,22.0,15.145325643492676,14.74406791717919,55.8830678,37.684889,37392600.0,74.0,34.0,2025.0,Завершено,4.359269647551265,12.536702403950054,floor_1,1,0,0,0,0,0,0,10+,medium,3.356521739130435,4215972.125371212
https://investmoscow.ru/tenders/tender/19974101,completed,19974101.0,53.6,18187000.0,339309.7014925373,СВАО,1,15.0,Отдельный,1,30.0,8.370326227256605,8.052310217265797,55.8110096,37.7009254,20369440.0,12.0,6.0,2026.0,Завершено,4.000033882750859,12.734671490188116,floor_1,1,0,0,0,0,0,0,10+,medium,1.729032258064516,2840132.893565594
https://investmoscow.ru/tenders/tender/19915240,completed,19915240.0,90.2,28232000.0,312993.3481152993,СВАО,1,15.0,Отдельный,1,30.0,8.370326227256605,8.052310217265797,55.8110096,37.7009254,28232000.0,0.0,1.0,2025.0,Завершено,4.513054897080286,12.65394041221964,floor_1,1,0,0,0,0,0,0,10+,expensive,2.9096774193548387,2619856.4306863463
https://investmoscow.ru/tenders/tender/19915234,completed,19915234.0,97.6,30239000.0,309825.81967213115,СВАО,1,15.0,Отдельный,1,30.0,8.370326227256605,8.052310217265797,55.8110096,37.7009254,35228435.0,16.5,8.0,2025.0,Завершено,4.591071261608589,12.643768774141458,floor_1,1,0,0,0,0,0,0,10+,expensive,3.148387096774193,2593343.1842829147
https://investmoscow.ru/tenders/tender/19915211,completed,19915211.0,53.6,18187000.0,339309.7014925373,СВАО,1,15.0,Отдельный,1,30.0,8.370326227256605,8.052310217265797,55.8110096,37.7009254,,0.0,0.0,2025.0,Завершено,4.000033882750859,12.734671490188116,floor_1,1,0,0,0,0,0,0,10+,medium,1.729032258064516,2840132.893565594
https://investmoscow.ru/tenders/tender/19915165,completed,19915165.0,133.6,38937000.0,291444.6107784431,СВАО,1,15.0,Отдельный,1,30.0,8.370326227256605,8.052310217265797,55.8110096,37.7009254,40105110.0,3.0,5.0,2025.0,Завершено,4.902307417210627,12.58260868341328,floor_1,1,0,0,0,0,0,0,10+,expensive,4.309677419354839,2439486.469391396
https://investmoscow.ru/tenders/tender/19918340,completed,19918340.0,113.7,26378000.0,231996.4819700968,СВАО,1,15.0,Отдельный,1,24.0,13.412145063151302,4.704133957913077,55.8723413,37.6367934,55261910.0,109.5,40.0,2025.0,Завершено,4.742320024135325,12.354481797012378,floor_1,1,0,0,0,0,0,0,10+,expensive,4.548,3111570.470323704
https://investmoscow.ru/tenders/tender/19918327,completed,19918327.0,49.8,13255000.0,266164.6586345382,СВАО,1,15.0,Отдельный,1,24.0,13.412145063151302,4.704133957913077,55.8723413,37.6367934,16635025.0,25.5,15.0,2025.0,Завершено,3.927896354584436,12.4918741707404,floor_1,1,0,0,0,0,1,0,10+,medium,1.992,3569839.0122905727
https://investmoscow.ru/tenders/tender/19916636,completed,19916636.0,53.1,11267820.0,212200.0,Зеленоград,1,15.0,Отдельный,1,10.0,,,,,17577799.2,56.0,6.0,2025.0,Завершено,3.990834185852436,12.26528921768626,floor_1,1,0,0,0,0,0,0,5-10,cheap,4.827272727272727,2668328.601312632
https://investmoscow.ru/tenders/tender/19916318,completed,19916318.0,54.7,11558110.0,211300.0,Зеленоград,1,15.0,Отдельный,1,10.0,,,,,11847062.75,2.5,5.0,2025.0,Завершено,4.019980146933238,12.261038936200617,floor_1,1,0,0,0,0,0,0,5-10,cheap,4.972727272727273,2657011.4677538136
https://investmoscow.ru/tenders/tender/19916511,completed,19916511.0,200.5,34105050.0,170100.0,Зеленоград,1,15.0,Отдельный,1,10.0,,,,,44336565.0,30.0,5.0,2025.0,Завершено,5.305789381386738,12.04414765726144,floor_1,1,0,0,0,0,0,0,5-10,expensive,18.227272727272727,2138938.242616771
https://investmoscow.ru/tenders/tender/19916480,completed,19916480.0,130.4,23941440.0,183600.0,Зеленоград,1,15.0,Отдельный,1,10.0,,,,,32320944.0,35.0,6.0,2025.0,Завершено,4.878246106050511,12.120520203776788,floor_1,1,0,0,0,0,0,0,5-10,medium,11.854545454545455,2308695.245999054
https://investmoscow.ru/tenders/tender/19916410,completed,19916410.0,29.7,6905250.0,232500.0,Зеленоград,1,15.0,Отдельный,1,10.0,,,,,7802932.5,13.0,8.0,2025.0,Завершено,3.4242626545931514,12.356649805075568,floor_1,1,0,0,0,0,1,0,5-10,cheap,2.7,2923592.836028214
https://investmoscow.ru/tenders/tender/19916658,completed,19916658.0,27.2,6411040.0,235700.0,Зеленоград,1,15.0,Отдельный,1,10.0,,,,,6411040.0,0.0,1.0,2025.0,Завершено,3.339321977944068,12.370319331596598,floor_1,1,0,0,0,0,1,0,5-10,cheap,2.4727272727272727,2963831.533126237
https://investmoscow.ru/tenders/tender/19916610,completed,19916610.0,30.2,7000360.0,231800.0,Зеленоград,1,15.0,Отдельный,1,10.0,,,,,8050414.0,15.0,6.0,2025.0,Завершено,3.4404180948154366,12.35363452394233,floor_1,1,0,0,0,0,1,0,5-10,cheap,2.7454545454545456,2914790.621038021
https://investmoscow.ru/tenders/tender/19916584,completed,19916584.0,49.0,10530100.0,214900.0,Зеленоград,1,15.0,Отдельный,1,10.0,,,,,15584548.0,48.0,8.0,2025.0,Завершено,3.912023005428146,12.277932735946903,floor_1,1,0,0,0,0,1,0,5-10,cheap,4.454545454545454,2702280.001989089
https://investmoscow.ru/tenders/tender/19916345,completed,19916345.0,39.8,8835600.0,222000.00000000003,Зеленоград,1,15.0,Отдельный,1,10.0,,,,,10072584.0,14.0,5.0,2025.0,Завершено,3.708682081410116,12.310437165348777,floor_1,1,0,0,0,0,1,0,5-10,cheap,3.6181818181818177,2791559.611175328
https://investmoscow.ru/tenders/tender/19916679,completed,19916679.0,82.7,16399410.0,198300.0,Зеленоград,1,15.0,Отдельный,1,10.0,,,,,18613330.35,13.5,8.0,2025.0,Завершено,4.4272389774954295,12.19754135735952,floor_1,1,0,0,0,0,0,0,5-10,medium,7.518181818181818,2493541.7607930964
https://investmoscow.ru/tenders/tender/19916595,completed,19916595.0,45.1,9818270.0,217700.0,Зеленоград,1,15.0,Отдельный,1,10.0,,,,,10014635.4,2.0,5.0,2025.0,Завершено,3.830812950002602,12.290877840689353,floor_1,1,0,0,0,0,1,0,5-10,cheap,4.1000000000000005,2737488.861949859
https://investmoscow.ru/tenders/tender/19916571,completed,19916571.0,57.6,12072960.0,209600.0,Зеленоград,1,15.0,Отдельный,1,10.0,,,,,12072960.0,0.0,4.0,2025.0,Завершено,4.070734696582967,12.252961002410007,floor_1,1,0,0,0,0,0,0,5-10,cheap,5.236363636363636,2635634.659920489
https://investmoscow.ru/tenders/tender/19916543,completed,19916543.0,113.2,21360840.0,188700.0,Зеленоград,1,15.0,Отдельный,1,10.0,,,,,23924140.8,12.0,6.0,2025.0,Завершено,4.73795129722191,12.147919030759663,floor_1,1,0,0,0,0,0,0,5-10,medium,10.290909090909093,2372825.669499028
https://investmoscow.ru/tenders/tender/19916455,completed,19916455.0,127.8,23553540.0,184300.0,Зеленоград,1,15.0,Отдельный,1,10.0,,,,,23553540.0,0.0,4.0,2025.0,Завершено,4.858260813670253,12.124325569579169,floor_1,1,0,0,0,0,0,0,5-10,medium,11.618181818181816,2317497.4609892466
https://investmoscow.ru/tenders/tender/19916375,completed,19916375.0,52.2,11108160.0,212800.0,Зеленоград,1,15.0,Отдельный,1,10.0,,,,,17217648.0,55.0,12.0,2025.0,Завершено,3.974058396347599,12.268112735686705,floor_1,1,0,0,0,0,0,0,5-10,cheap,4.745454545454546,2675873.357018512
https://investmoscow.ru/tenders/tender/19974063,completed,19974063.0,225.4,48227000.0,213961.84560780835,СЗАО,1,15.0,Отдельный,1,36.0,15.685258353750614,15.294544000005484,55.881402,37.5166185,51120620.0,6.0,6.0,2026.0,Завершено,5.422303346329028,12.273557660275424,floor_1,1,0,0,0,0,0,0,10+,expensive,6.091891891891892,3356046.826203775
https://investmoscow.ru/tenders/tender/19917273,completed,19917273.0,127.6,30040000.0,235423.19749216305,СЗАО,1,15.0,Отдельный,1,36.0,15.685258353750614,15.294544000005484,55.881402,37.5166185,34996600.0,16.5,7.0,2025.0,Завершено,4.856706811803519,12.369144261610272,floor_1,1,0,0,0,0,0,0,10+,expensive,3.4486486486486485,3692673.675130631
https://investmoscow.ru/tenders/tender/19917269,completed,19917269.0,55.4,15044000.0,271552.34657039715,СЗАО,1,15.0,Отдельный,1,36.0,15.685258353750614,15.294544000005484,55.881402,37.5166185,15119220.0,0.5,11.0,2025.0,Завершено,4.032469158504013,12.511913887343589,floor_1,1,0,0,0,0,0,0,10+,medium,1.497297297297297,4259368.712523904
https://investmoscow.ru/tenders/tender/19917268,completed,19917268.0,108.9,26328000.0,241763.08539944905,СЗАО,1,15.0,Отдельный,1,36.0,15.685258353750614,15.294544000005484,55.881402,37.5166185,27512760.0,4.5,12.0,2025.0,Завершено,4.699570861409576,12.39571767593861,floor_1,1,0,0,0,0,0,0,10+,expensive,2.943243243243244,3792116.454890231
https://investmoscow.ru/tenders/tender/19917276,completed,19917276.0,76.7,19738000.0,257340.28683181223,СЗАО,1,15.0,Отдельный,1,36.0,15.685258353750614,15.294544000005484,55.881402,37.5166185,25363330.0,28.5,17.0,2025.0,Завершено,4.3528552573736015,12.45815844723869,floor_1,1,0,0,0,0,0,0,10+,medium,2.072972972972973,4036448.883785262
https://investmoscow.ru/tenders/tender/20008041,completed,20008041.0,98.0,24790000.0,252959.1836734693,ЮВАО,1,15.0,Отдельный,1,30.0,9.867939166116615,10.153611154917613,55.6947155,37.7383003,,0.0,0.0,2026.0,Завершено,4.59511985013459,12.440987378539926,floor_1,1,0,0,0,0,0,0,10+,medium,3.161290322580645,2496185.836000315
https://investmoscow.ru/tenders/tender/20008038,completed,20008038.0,39.8,12037000.0,302437.1859296483,ЮВАО,1,15.0,Отдельный,1,30.0,9.867939166116615,10.153611154917613,55.6947155,37.7383003,,0.0,0.0,2026.0,Завершено,3.708682081410116,12.619632191537724,floor_1,1,0,0,0,0,1,0,10+,cheap,1.283870967741935,2984431.7523252694
https://investmoscow.ru/tenders/tender/19968832,completed,19968832.0,51.1,14810000.0,289823.8747553816,ЮВАО,1,15.0,Отдельный,1,30.0,9.867939166116615,10.153611154917613,55.6947155,37.7383003,15550500.0,5.0,5.0,2026.0,Завершено,3.9531649487593215,12.57703213939974,floor_1,1,0,0,0,0,0,0,10+,medium,1.6483870967741936,2859964.364974307
https://investmoscow.ru/tenders/tender/19968790,completed,19968790.0,39.8,12037000.0,302437.1859296483,ЮВАО,1,15.0,Отдельный,1,30.0,9.867939166116615,10.153611154917613,55.6947155,37.7383003,,0.0,0.0,2026.0,Завершено,3.708682081410116,12.619632191537724,floor_1,1,0,0,0,0,1,0,10+,cheap,1.283870967741935,2984431.7523252694
https://investmoscow.ru/tenders/tender/19968787,completed,19968787.0,72.4,19584000.0,270497.2375690608,ЮВАО,1,15.0,Отдельный,1,30.0,9.867939166116615,10.153611154917613,55.6947155,37.7383003,19584000.0,0.0,1.0,2026.0,Завершено,4.29592393562047,12.50802086179111,floor_1,1,0,0,0,0,0,0,10+,medium,2.335483870967742,2669250.284934086
https://investmoscow.ru/tenders/tender/19968840,completed,19968840.0,98.0,24790000.0,252959.1836734693,ЮВАО,1,15.0,Отдельный,1,30.0,9.867939166116615,10.153611154917613,55.6947155,37.7383003,,0.0,0.0,2026.0,Завершено,4.59511985013459,12.440987378539926,floor_1,1,0,0,0,0,0,0,10+,medium,3.161290322580645,2496185.836000315
https://investmoscow.ru/tenders/tender/19917263,completed,19917263.0,51.1,14810000.0,289823.8747553816,ЮВАО,1,15.0,Отдельный,1,30.0,9.867939166116615,10.153611154917613,55.6947155,37.7383003,,0.0,0.0,2025.0,Завершено,3.9531649487593215,12.57703213939974,floor_1,1,0,0,0,0,0,0,10+,medium,1.6483870967741936,2859964.364974307
https://investmoscow.ru/tenders/tender/19917257,completed,19917257.0,39.8,12037000.0,302437.1859296483,ЮВАО,1,15.0,Отдельный,1,30.0,9.867939166116615,10.153611154917613,55.6947155,37.7383003,,0.0,0.0,2025.0,Завершено,3.708682081410116,12.619632191537724,floor_1,1,0,0,0,0,1,0,10+,cheap,1.283870967741935,2984431.7523252694
https://investmoscow.ru/tenders/tender/19917266,completed,19917266.0,98.0,24790000.0,252959.1836734693,ЮВАО,1,15.0,Отдельный,1,30.0,9.867939166116615,10.153611154917613,55.6947155,37.7383003,,0.0,0.0,2025.0,Завершено,4.59511985013459,12.440987378539926,floor_1,1,0,0,0,0,0,0,10+,medium,3.161290322580645,2496185.836000315
https://investmoscow.ru/tenders/tender/19917156,completed,19917156.0,72.4,19584000.0,270497.2375690608,ЮВАО,1,15.0,Отдельный,1,30.0,9.867939166116615,10.153611154917613,55.6947155,37.7383003,,0.0,0.0,2025.0,Завершено,4.29592393562047,12.50802086179111,floor_1,1,0,0,0,0,0,0,10+,medium,2.335483870967742,2669250.284934086
https://investmoscow.ru/tenders/tender/19917157,completed,19917157.0,105.2,25129000.0,238868.82129277565,ЮАО,1,15.0,Отдельный,1,16.0,13.989970854833176,14.409490941580838,55.6271762,37.6484832,36813985.0,46.5,15.0,2025.0,Завершено,4.665324108807838,12.383674001737818,floor_1,1,0,0,0,0,0,0,10+,expensive,6.188235294117647,3341767.848014286
https://investmoscow.ru/tenders/tender/19917265,completed,19917265.0,104.2,24890000.0,238867.5623800384,ЮАО,1,15.0,Отдельный,1,16.0,13.989970854833176,14.409490941580838,55.6271762,37.6484832,45175350.0,81.5,23.0,2025.0,Завершено,4.65586330030361,12.383668731435996,floor_1,1,0,0,0,0,0,0,10+,medium,6.129411764705883,3341750.235861783
https://investmoscow.ru/tenders/tender/19917132,completed,19917132.0,107.6,25660000.0,238475.8364312268,ЮАО,1,15.0,Отдельный,1,16.0,13.989970854833176,14.409490941580838,55.6271762,37.6484832,28995800.0,13.0,13.0,2025.0,Завершено,4.687671407499835,12.38202746271225,floor_1,1,0,0,0,0,0,0,10+,expensive,6.329411764705882,3336270.001254827
https://investmoscow.ru/tenders/tender/19917168,completed,19917168.0,114.2,26977000.0,236225.91943957968,ЮАО,1,15.0,Отдельный,1,16.0,13.989970854833176,14.409490941580838,55.6271762,37.6484832,54493540.0,102.0,18.0,2025.0,Завершено,4.746669748261791,12.372548145089633,floor_1,1,0,0,0,0,0,0,10+,expensive,6.7176470588235295,3304793.7281158897
https://investmoscow.ru/tenders/tender/19917278,completed,19917278.0,124.0,28954000.0,233500.0,ЮАО,1,15.0,Отдельный,1,17.0,13.989970854833176,14.409490941580838,55.6271762,37.6484832,34020950.0,17.5,12.0,2025.0,Завершено,4.8283137373023015,12.360941638737163,floor_1,1,0,0,0,0,0,0,10+,expensive,6.888888888888889,3266658.1946035465
https://investmoscow.ru/tenders/tender/19917282,completed,19917282.0,107.5,25636000.0,238474.4186046512,ЮАО,1,15.0,Отдельный,1,17.0,13.989970854833176,14.409490941580838,55.6271762,37.6484832,27045980.0,5.5,11.0,2025.0,Завершено,4.686750172980514,12.382021517351635,floor_1,1,0,0,0,0,0,0,10+,expensive,5.972222222222222,3336250.165902357
https://investmoscow.ru/tenders/tender/19917280,completed,19917280.0,89.9,22075000.0,245550.6117908788,ЮАО,1,15.0,Отдельный,1,17.0,13.989970854833176,14.409490941580838,55.6271762,37.6484832,25496625.0,15.5,11.0,2025.0,Завершено,4.509760001183433,12.411262435448611,floor_1,1,0,0,0,0,0,0,10+,medium,4.9944444444444445,3435245.9023408494
https://investmoscow.ru/tenders/tender/19917272,completed,19917272.0,86.4,21605000.0,250057.8703703704,СЗАО,1,15.0,Отдельный,1,20.0,17.16818684810011,16.876355572732205,55.8562857,37.4145373,32191450.0,49.0,14.0,2025.0,Завершено,4.470495282661489,12.429451650604452,floor_1,1,0,0,0,0,0,0,10+,medium,4.114285714285715,4293040.241356515
https://investmoscow.ru/tenders/tender/19917281,completed,19917281.0,64.6,17034000.0,263684.2105263158,СЗАО,1,15.0,Отдельный,1,20.0,17.16818684810011,16.876355572732205,55.8562857,37.4145373,17034000.0,0.0,1.0,2025.0,Завершено,4.183575695950044,12.482511286302586,floor_1,1,0,0,0,0,0,0,10+,medium,3.076190476190476,4526979.795209555
https://investmoscow.ru/tenders/tender/19917277,completed,19917277.0,77.1,19652000.0,254889.7535667964,СЗАО,1,15.0,Отдельный,1,20.0,17.16818684810011,16.876355572732205,55.8562857,37.4145373,19652000.0,0.0,1.0,2025.0,Завершено,4.35799005684564,12.448590314958505,floor_1,1,0,0,0,0,0,0,10+,medium,3.6714285714285713,4375994.914900952
https://investmoscow.ru/tenders/tender/19917270,completed,19917270.0,70.7,18278000.0,258528.9957567185,СЗАО,1,15.0,Отдельный,1,20.0,17.16818684810011,16.876355572732205,55.8562857,37.4145373,25589200.0,40.0,12.0,2025.0,Завершено,4.272490747605575,12.462767003942355,floor_1,1,0,0,0,0,0,0,10+,medium,3.3666666666666667,4438474.104803024
https://investmoscow.ru/tenders/tender/19917487,completed,19917487.0,100.7,24669000.0,244975.1737835153,СЗАО,1,15.0,Отдельный,1,20.0,17.16818684810011,16.876355572732205,55.8562857,37.4145373,35153325.0,42.5,18.0,2025.0,Завершено,4.622027303054514,12.408916234934589,floor_1,1,0,0,0,0,0,0,10+,medium,4.795238095238095,4205779.556661187
https://investmoscow.ru/tenders/tender/19917279,completed,19917279.0,66.1,17282000.0,261452.3449319213,СЗАО,1,15.0,Отдельный,1,20.0,17.16818684810011,16.876355572732205,55.8562857,37.4145373,17282000.0,0.0,4.0,2025.0,Завершено,4.206184043977636,12.474011133307323,floor_1,1,0,0,0,0,0,0,10+,medium,3.1476190476190475,4488662.709665145
https://investmoscow.ru/tenders/tender/19917275,completed,19917275.0,100.8,24596000.0,244007.9365079365,СЗАО,1,15.0,Отдельный,1,20.0,17.16818684810011,16.876355572732205,55.8562857,37.4145373,42551080.0,73.0,17.0,2025.0,Завершено,4.623010104116422,12.404960128637184,floor_1,1,0,0,0,0,0,0,10+,medium,4.8,4189173.8463876015
https://investmoscow.ru/tenders/tender/19917274,completed,19917274.0,153.6,34912000.0,227291.6666666667,СЗАО,1,15.0,Отдельный,1,20.0,17.16818684810011,16.876355572732205,55.8562857,37.4145373,49225920.0,41.0,17.0,2025.0,Завершено,5.040841136153322,12.333993746525048,floor_1,1,0,0,0,0,0,0,10+,expensive,7.314285714285714,3902185.802349421
https://investmoscow.ru/tenders/tender/19916219,completed,19916219.0,77.7,22294000.0,286924.0669240669,ВАО,1,15.0,Отдельный,1,13.0,10.998190517643517,10.825576597184954,55.7965514,37.7747594,31100130.0,39.5,8.0,2025.0,Завершено,4.365643155423357,12.566976369794697,floor_1,1,0,0,0,0,0,0,10+,medium,5.55,3155645.5521279867
https://investmoscow.ru/tenders/tender/19916201,completed,19916201.0,85.8,22341000.0,260384.6153846154,ВАО,1,15.0,Отдельный,1,13.0,10.998190517643517,10.825576597184954,55.7965514,37.7747594,22341000.0,0.0,1.0,2025.0,Завершено,4.463606621666305,12.469918947332276,floor_1,1,0,0,0,0,0,0,10+,medium,6.128571428571428,2863759.607863331
https://investmoscow.ru/tenders/tender/19970191,completed,19970191.0,235.7,50289000.0,213360.203648706,ЮВАО,1,15.0,Отдельный,1,13.0,13.294822534692427,13.499433889049897,55.6982295,37.8076733,50289000.0,0.0,1.0,2026.0,Завершено,5.466793516519938,12.27074180023812,floor_1,1,0,0,0,0,0,0,10+,expensive,16.835714285714285,2836586.043475382
https://investmoscow.ru/tenders/tender/19918365,completed,19918365.0,235.7,50289000.0,213360.203648706,ЮВАО,1,15.0,Отдельный,1,13.0,13.294822534692427,13.499433889049897,55.6982295,37.8076733,,0.0,0.0,2025.0,Завершено,5.466793516519938,12.27074180023812,floor_1,1,0,0,0,0,0,0,10+,expensive,16.835714285714285,2836586.043475382
https://investmoscow.ru/tenders/tender/19916473,completed,19916473.0,130.3,34185000.0,262356.1013046815,ЮЗАО,1,15.0,Отдельный,1,10.0,11.303022046849382,11.633799282510868,55.6709553,37.5079511,49226400.0,44.0,9.0,2025.0,Завершено,4.877484781308751,12.477461836805247,floor_1,1,0,0,0,0,0,0,5-10,expensive,11.845454545454546,2965416.7971722647
https://investmoscow.ru/tenders/tender/19916394,completed,19916394.0,114.8,30740000.0,267770.0348432056,ЮЗАО,1,15.0,Отдельный,1,10.0,11.303022046849382,11.633799282510868,55.6709553,37.5079511,30740000.0,0.0,7.0,2025.0,Завершено,4.751864565138895,12.497887546730103,floor_1,1,0,0,0,0,0,0,5-10,expensive,10.436363636363636,3026610.60731838
https://investmoscow.ru/tenders/tender/19916372,completed,19916372.0,83.7,23588000.0,281816.009557945,ЮЗАО,1,15.0,Отдельный,1,10.0,11.303022046849382,11.633799282510868,55.6709553,37.5079511,40217540.0,70.5,8.0,2025.0,Завершено,4.439115601658009,12.549013237015254,floor_1,1,0,0,0,0,0,0,5-10,medium,7.609090909090909,3185372.5691885687
https://investmoscow.ru/tenders/tender/19916289,completed,19916289.0,64.5,18866000.0,292496.12403100776,ЮЗАО,1,15.0,Отдельный,1,10.0,11.303022046849382,11.633799282510868,55.6709553,37.5079511,37826330.0,100.5,23.0,2025.0,Завершено,4.182050142641207,12.586210113233086,floor_1,1,0,0,0,0,0,0,5-10,medium,5.863636363636363,3306090.138540472
https://investmoscow.ru/tenders/tender/19916236,completed,19916236.0,103.3,28158000.0,272584.70474346564,ЮЗАО,1,15.0,Отдельный,1,10.0,11.303022046849382,11.633799282510868,55.6709553,37.5079511,34211970.0,21.5,7.0,2025.0,Завершено,4.647271362006727,12.515708356456704,floor_1,1,0,0,0,0,0,0,5-10,expensive,9.39090909090909,3081030.927349321
https://investmoscow.ru/tenders/tender/19916445,completed,19916445.0,94.1,25980000.0,276089.2667375133,ЮЗАО,1,15.0,Отдельный,1,10.0,11.303022046849382,11.633799282510868,55.6709553,37.5079511,26629500.0,2.5,9.0,2025.0,Завершено,4.554928969551344,12.52848314462577,floor_1,1,0,0,0,0,0,0,5-10,expensive,8.554545454545455,3120643.0688325926
https://investmoscow.ru/tenders/tender/19916342,completed,19916342.0,173.1,43477000.0,251166.95551704217,ЮЗАО,1,15.0,Отдельный,1,10.0,11.303022046849382,11.633799282510868,55.6709553,37.5079511,76736905.0,76.5,24.0,2025.0,Завершено,5.159629846774143,12.433877139822124,floor_1,1,0,0,0,0,0,0,5-10,expensive,15.736363636363636,2838945.6356491656
https://investmoscow.ru/tenders/tender/19916257,completed,19916257.0,120.1,31928000.0,265845.1290591174,ЮЗАО,1,15.0,Отдельный,1,10.0,11.303022046849382,11.633799282510868,55.6709553,37.5079511,52042640.0,63.0,20.0,2025.0,Завершено,4.796616650559047,12.490672958206268,floor_1,1,0,0,0,0,0,0,5-10,expensive,10.918181818181818,3004853.354802723
https://investmoscow.ru/tenders/tender/19916313,completed,19916313.0,120.1,31928000.0,265845.1290591174,ЮЗАО,1,15.0,Отдельный,1,10.0,11.303022046849382,11.633799282510868,55.6709553,37.5079511,45178120.0,41.5,16.0,2025.0,Завершено,4.796616650559047,12.490672958206268,floor_1,1,0,0,0,0,0,0,5-10,expensive,10.918181818181818,3004853.354802723
https://investmoscow.ru/tenders/tender/19916222,completed,19916222.0,117.7,31434000.0,267068.8190314358,ЮЗАО,1,15.0,Отдельный,1,10.0,11.303022046849382,11.633799282510868,55.6709553,37.5079511,31434000.0,0.0,6.0,2025.0,Завершено,4.776599301615622,12.495265397698418,floor_1,1,0,0,0,0,0,0,5-10,expensive,10.7,3018684.7495383467
https://investmoscow.ru/tenders/tender/19968742,completed,19968742.0,57.0,19419000.0,340684.2105263158,ЮАО,1,15.0,Отдельный,1,12.0,8.09740749753418,8.51894756408155,55.6792636,37.6274034,21846375.0,12.5,6.0,2026.0,Завершено,4.060443010546419,12.73871419362648,floor_1,1,0,0,0,0,0,0,10+,medium,4.384615384615385,2758658.8806073023
https://investmoscow.ru/tenders/tender/19917267,completed,19917267.0,57.0,19419000.0,340684.2105263158,ЮАО,1,15.0,Отдельный,1,12.0,8.09740749753418,8.51894756408155,55.6792636,37.6274034,,0.0,0.0,2025.0,Завершено,4.060443010546419,12.73871419362648,floor_1,1,0,0,0,0,0,0,10+,medium,4.384615384615385,2758658.8806073023
https://investmoscow.ru/tenders/tender/19974108,completed,19974108.0,60.8,13588000.0,223486.8421052632,СЗАО,1,15.0,Отдельный,1,24.0,13.901742261953784,13.595963500796774,55.8408825,37.460717,18275860.0,34.5,6.0,2026.0,Завершено,4.123903364463645,12.317112293816836,floor_1,1,0,0,0,0,0,0,10+,medium,2.432,3106856.4778853296
https://investmoscow.ru/tenders/tender/19974096,completed,19974096.0,98.0,20224000.0,206367.3469387755,СЗАО,1,15.0,Отдельный,1,24.0,13.901742261953784,13.595963500796774,55.8408825,37.460717,21032960.0,4.0,5.0,2026.0,Завершено,4.59511985013459,12.237417942974256,floor_1,1,0,0,0,0,0,0,10+,medium,3.92,2868865.668426054
https://investmoscow.ru/tenders/tender/19974126,completed,19974126.0,93.7,19459000.0,207673.42582710777,СЗАО,1,15.0,Отдельный,1,24.0,13.901742261953784,13.595963500796774,55.8408825,37.460717,19459000.0,0.0,4.0,2026.0,Завершено,4.550714000192032,12.243726871936904,floor_1,1,0,0,0,0,0,0,10+,medium,3.748,2887022.4405054287
https://investmoscow.ru/tenders/tender/19974121,completed,19974121.0,70.0,15229000.0,217557.14285714287,СЗАО,1,15.0,Отдельный,1,24.0,13.901742261953784,13.595963500796774,55.8408825,37.460717,15229000.0,0.0,4.0,2026.0,Завершено,4.262679877041316,12.290221417267436,floor_1,1,0,0,0,0,0,0,10+,medium,2.8,3024423.32724706
https://investmoscow.ru/tenders/tender/19916523,completed,19916523.0,62.2,13866000.0,222926.0450160772,СЗАО,1,15.0,Отдельный,1,24.0,13.901742261953784,13.595963500796774,55.8408825,37.460717,13866000.0,0.0,5.0,2025.0,Завершено,4.146304301152812,12.314599844521965,floor_1,1,0,0,0,0,0,0,10+,medium,2.488,3099060.421290212
https://investmoscow.ru/tenders/tender/19916343,completed,19916343.0,50.2,11581000.0,230697.2111553785,СЗАО,1,15.0,Отдельный,1,24.0,13.901742261953784,13.595963500796774,55.8408825,37.460717,13260245.0,14.5,5.0,2025.0,Завершено,3.9357395320454622,12.34886569014556,floor_1,1,0,0,0,0,0,0,10+,cheap,2.008,3207093.170033601
https://investmoscow.ru/tenders/tender/19916315,completed,19916315.0,91.5,19039000.0,208076.50273224045,СЗАО,1,15.0,Отдельный,1,24.0,13.901742261953784,13.595963500796774,55.8408825,37.460717,25607455.0,34.5,14.0,2025.0,Завершено,4.52720864451838,12.24566589857147,floor_1,1,0,0,0,0,0,0,10+,medium,3.66,2892625.911752329
https://investmoscow.ru/tenders/tender/19916252,completed,19916252.0,50.1,11558000.0,230698.6027944112,СЗАО,1,15.0,Отдельный,1,24.0,13.901742261953784,13.595963500796774,55.8408825,37.460717,12771590.0,10.5,6.0,2025.0,Завершено,3.933784497209659,12.348871722419622,floor_1,1,0,0,0,0,0,0,10+,cheap,2.004,3207112.516240756
https://investmoscow.ru/tenders/tender/19916220,completed,19916220.0,72.1,15637000.0,216879.33425797505,СЗАО,1,15.0,Отдельный,1,24.0,13.901742261953784,13.595963500796774,55.8408825,37.460717,16262480.0,4.0,7.0,2025.0,Завершено,4.291828366755733,12.287101025382974,floor_1,1,0,0,0,0,0,0,10+,medium,2.884,3015000.606798493
https://investmoscow.ru/tenders/tender/19916290,completed,19916290.0,52.3,11989000.0,229235.1816443595,СЗАО,1,15.0,Отдельный,1,24.0,13.901742261953784,13.595963500796774,55.8408825,37.460717,15166085.0,26.5,13.0,2025.0,Завершено,3.975936331171799,12.342508111941536,floor_1,1,0,0,0,0,0,0,10+,cheap,2.092,3186768.412592045
https://investmoscow.ru/tenders/tender/19916215,completed,19916215.0,44.4,10495000.0,236373.87387387388,СЗАО,1,15.0,Отдельный,1,24.0,13.901742261953784,13.595963500796774,55.8408825,37.460717,10652425.0,1.5,8.0,2025.0,Завершено,3.8155121050473024,12.373174272375737,floor_1,1,0,0,0,0,1,0,10+,cheap,1.776,3286008.672054166
https://investmoscow.ru/tenders/tender/19916199,completed,19916199.0,83.3,17656000.0,211956.78271308524,СЗАО,1,15.0,Отдельный,1,24.0,13.901742261953784,13.595963500796774,55.8408825,37.460717,17656000.0,0.0,4.0,2025.0,Завершено,4.4343818650078095,12.264142395677691,floor_1,1,0,0,0,0,0,0,10+,medium,3.332,2946568.5639502523
https://investmoscow.ru/tenders/tender/19916184,completed,19916184.0,34.6,8508000.0,245895.95375722545,СЗАО,1,15.0,Отдельный,1,24.0,13.901742261953784,13.595963500796774,55.8408825,37.460717,9103560.0,7.0,6.0,2025.0,Завершено,3.572345637857985,12.412667839991013,floor_1,1,0,0,0,0,1,0,10+,cheap,1.384,3418382.172390254
https://investmoscow.ru/tenders/tender/19916509,completed,19916509.0,110.7,22364000.0,202023.48690153568,СЗАО,1,15.0,Отдельный,1,24.0,13.901742261953784,13.595963500796774,55.8408825,37.460717,22364000.0,0.0,6.0,2025.0,Завершено,4.715816706075155,12.216144191321344,floor_1,1,0,0,0,0,0,0,10+,medium,4.428,2808478.445766345
https://investmoscow.ru/tenders/tender/19916463,completed,19916463.0,58.6,13175000.0,224829.3515358361,СЗАО,1,15.0,Отдельный,1,24.0,13.901742261953784,13.595963500796774,55.8408825,37.460717,13175000.0,0.0,5.0,2025.0,Завершено,4.087655574071304,12.32310140361668,floor_1,1,0,0,0,0,0,0,10+,medium,2.344,3125519.697973397
https://investmoscow.ru/tenders/tender/19916373,completed,19916373.0,44.9,10552000.0,235011.13585746105,СЗАО,1,15.0,Отдельный,1,24.0,13.901742261953784,13.595963500796774,55.8408825,37.460717,10552000.0,0.0,5.0,2025.0,Завершено,3.8264651170664994,12.36739243373954,floor_1,1,0,0,0,0,1,0,10+,cheap,1.796,3267064.2393794283
https://investmoscow.ru/tenders/tender/19916226,completed,19916226.0,58.6,13175000.0,224829.3515358361,СЗАО,1,15.0,Отдельный,1,24.0,13.901742261953784,13.595963500796774,55.8408825,37.460717,22595125.0,71.5,21.0,2025.0,Завершено,4.087655574071304,12.32310140361668,floor_1,1,0,0,0,0,0,0,10+,medium,2.344,3125519.697973397
https://investmoscow.ru/tenders/tender/19916179,completed,19916179.0,47.3,15911000.0,336384.778012685,НАО,1,15.0,Отдельный,1,13.0,34.57056447789034,34.86156537396209,55.5304202,37.2285998,28958020.0,82.0,24.0,2025.0,Завершено,3.877431560658527,12.72601392917381,floor_1,1,0,0,0,0,1,0,10+,medium,3.378571428571429,11629011.657668358
https://investmoscow.ru/tenders/tender/19924910,completed,19924910.0,55.5,8942000.0,161117.11711711713,ЮАО,1,15.0,Отдельный,1,11.0,16.087070740688283,6.294846817550509,55.6188421,37.7191611,11624600.0,30.0,7.0,2025.0,Завершено,4.034240638152395,11.98989302166959,floor_1,1,0,0,0,0,0,0,10+,cheap,4.625,2591902.460598822
https://investmoscow.ru/tenders/tender/19925041,completed,19925041.0,76.9,11761000.0,152938.88166449935,ЮАО,2,15.0,Вход через подъезд,1,10.0,10.656432830105071,2.66074319995625,55.6561432,37.6080602,11761000.0,0.0,2.0,2025.0,Завершено,4.355425952876702,11.937800192859845,floor_2,0,0,0,0,1,0,0,5-10,cheap,6.990909090909091,1629782.9195691254
https://investmoscow.ru/tenders/tender/19923263,completed,19923263.0,279.5,17726000.0,63420.393559928445,ВАО,basement,7.0,Отдельный,0,7.0,5.973451342529475,3.3646123456308223,55.7582383,37.7124793,22157500.0,25.0,7.0,2025.0,Завершено,5.636573724962751,11.05755652135973,basement,0,1,0,0,0,0,0,5-10,medium,34.9375,378838.6350543022
https://investmoscow.ru/tenders/tender/19923168,completed,19923168.0,153.8,37965000.0,246846.55396618985,ЗАО,1,23.0,Отдельный,1,7.0,12.539907055923692,5.354555599593291,55.7453286,37.4171095,37965000.0,0.0,1.0,2025.0,Завершено,5.042133961155627,12.41652623464942,floor_1,1,0,0,0,0,0,0,5-10,expensive,19.225,3095432.8438110724
https://investmoscow.ru/tenders/tender/19923008,completed,19923008.0,178.6,21018000.0,117681.97088465844,ЦАО,basement,9.0,Отдельный,1,16.0,4.504709367556864,4.703907625962627,55.7353735,37.6832824,36781500.0,75.0,10.0,2025.0,Завершено,5.190732155868099,11.675749600407528,basement,0,1,0,0,0,0,1,10+,medium,10.505882352941176,530123.076636675
https://investmoscow.ru/tenders/tender/19969969,completed,19969969.0,220.2,37551000.0,170531.33514986376,ВАО,1,15.0,Отдельный,1,6.0,16.13902837733974,12.065656528529509,55.6862997,37.8479754,37551000.0,0.0,1.0,2026.0,Завершено,5.39906726964818,12.046680206697424,floor_1,1,0,0,0,0,0,0,5-10,expensive,31.457142857142856,2752210.057209285
https://investmoscow.ru/tenders/tender/19924792,completed,19924792.0,220.2,37551000.0,170531.33514986376,ВАО,1,15.0,Отдельный,1,6.0,16.13902837733974,12.065656528529509,55.6862997,37.8479754,,0.0,0.0,2025.0,Завершено,5.39906726964818,12.046680206697424,floor_1,1,0,0,0,0,0,0,5-10,expensive,31.457142857142856,2752210.057209285
https://investmoscow.ru/tenders/tender/19922698,completed,19922698.0,52.3,9301000.0,177839.3881453155,ЗАО,1,15.0,Отдельный,1,20.0,18.945400129029824,15.45263959187583,55.8360871,37.3535785,10696150.0,15.0,2.0,2025.0,Завершено,3.975936331171799,12.088641731189202,floor_1,1,0,0,0,0,0,0,10+,cheap,2.4904761904761905,3369238.367114845
https://investmoscow.ru/tenders/tender/19849733,completed,19849733.0,12.7,6235000.0,490944.8818897638,ЦАО,1,15.0,Вход через места общего пользования,1,9.0,1.193764079363879,0.9558833447228936,55.7591223,37.6031813,,0.0,0.0,2025.0,Завершено,2.617395832834079,13.104089180518187,floor_1,1,0,0,0,0,1,1,5-10,cheap,1.27,586072.3649475422
https://investmoscow.ru/tenders/tender/19856468,completed,19856468.0,57.2,17217000.0,300996.50349650346,ЮЗАО,1,17.0,Отдельный,1,2.0,14.78373911188686,5.068806138941641,55.631736,37.5158072,,0.0,0.0,2026.0,Завершено,4.063885354737392,12.614857249665068,floor_1,1,0,0,0,0,0,0,0-5,medium,19.066666666666663,4449853.781282448
https://investmoscow.ru/tenders/tender/19993060,completed,19993060.0,56.9,10805000.0,189894.5518453427,ВАО,1,25.0,Отдельный,1,12.0,21.08075363392416,14.980211402293785,55.6985242,37.94131,,0.0,0.0,2026.0,Завершено,4.05871738457895,12.154229472857493,floor_1,1,0,0,0,0,0,0,10+,cheap,4.3769230769230765,4003120.263876108
https://investmoscow.ru/tenders/tender/19993076,completed,19993076.0,84.4,15176000.0,179810.42654028436,ВАО,1,25.0,Отдельный,1,12.0,21.08075363392416,14.980211402293785,55.6985242,37.94131,,0.0,0.0,2026.0,Завершено,4.447346100794524,12.099663950392369,floor_1,1,0,0,0,0,0,0,10+,medium,6.492307692307692,3790539.3027065527
https://investmoscow.ru/tenders/tender/19979742,completed,19979742.0,55.6,10620000.0,191007.19424460432,ВАО,1,25.0,Отдельный,1,12.0,21.08075363392416,14.980211402293785,55.6985242,37.94131,,0.0,0.0,2026.0,Завершено,4.036008985209137,12.16007160791272,floor_1,1,0,0,0,0,0,0,10+,cheap,4.276923076923077,4026575.6041776007
https://investmoscow.ru/tenders/tender/19979738,completed,19979738.0,87.3,15519000.0,177766.323024055,ВАО,1,25.0,Отдельный,1,12.0,21.08075363392416,14.980211402293785,55.6985242,37.94131,,0.0,0.0,2026.0,Завершено,4.480740107609915,12.08823080015484,floor_1,1,0,0,0,0,0,0,10+,medium,6.715384615384616,3747448.0600786833
https://investmoscow.ru/tenders/tender/19945517,completed,19945517.0,84.4,15176000.0,179810.42654028436,ВАО,1,25.0,Отдельный,1,12.0,21.08075363392416,14.980211402293785,55.6985242,37.94131,,0.0,0.0,2026.0,Завершено,4.447346100794524,12.099663950392369,floor_1,1,0,0,0,0,0,0,10+,medium,6.492307692307692,3790539.3027065527
https://investmoscow.ru/tenders/tender/19945215,completed,19945215.0,56.9,10805000.0,189894.5518453427,ВАО,1,25.0,Отдельный,1,12.0,21.08075363392416,14.980211402293785,55.6985242,37.94131,,0.0,0.0,2026.0,Завершено,4.05871738457895,12.154229472857493,floor_1,1,0,0,0,0,0,0,10+,cheap,4.3769230769230765,4003120.263876108
https://investmoscow.ru/tenders/tender/19945206,completed,19945206.0,48.5,9455000.0,194948.45360824745,ВАО,1,25.0,Отдельный,1,12.0,21.08075363392416,14.980211402293785,55.6985242,37.94131,9927750.0,5.0,2.0,2026.0,Завершено,3.901972669574645,12.18049559167918,floor_1,1,0,0,0,0,1,0,10+,cheap,3.730769230769231,4109660.3218299584
https://investmoscow.ru/tenders/tender/19933863,completed,19933863.0,55.6,10620000.0,191007.19424460432,ВАО,1,25.0,Отдельный,1,12.0,21.08075363392416,14.980211402293785,55.6985242,37.94131,,0.0,0.0,2026.0,Завершено,4.036008985209137,12.16007160791272,floor_1,1,0,0,0,0,0,0,10+,cheap,4.276923076923077,4026575.6041776007
https://investmoscow.ru/tenders/tender/19933839,completed,19933839.0,87.3,15519000.0,177766.323024055,ВАО,1,25.0,Отдельный,1,12.0,21.08075363392416,14.980211402293785,55.6985242,37.94131,,0.0,0.0,2026.0,Завершено,4.480740107609915,12.08823080015484,floor_1,1,0,0,0,0,0,0,10+,medium,6.715384615384616,3747448.0600786833
https://investmoscow.ru/tenders/tender/19992543,completed,19992543.0,94.3,16674000.0,176818.6638388123,ВАО,1,26.0,Отдельный,1,12.0,21.08075363392416,14.980211402293785,55.6985242,37.94131,,0.0,0.0,2026.0,Завершено,4.557029810660157,12.082885643808869,floor_1,1,0,0,0,0,0,0,10+,medium,7.253846153846154,3727470.690265657
https://investmoscow.ru/tenders/tender/19993052,completed,19993052.0,88.6,15750000.0,177765.23702031604,ВАО,1,26.0,Отдельный,1,12.0,21.08075363392416,14.980211402293785,55.6985242,37.94131,,0.0,0.0,2026.0,Завершено,4.4953553199808844,12.088224691005884,floor_1,1,0,0,0,0,0,0,10+,medium,6.815384615384615,3747425.166301417
https://investmoscow.ru/tenders/tender/19979734,completed,19979734.0,50.5,9797000.0,194000.0,ВАО,1,26.0,Отдельный,1,12.0,21.08075363392416,14.980211402293785,55.6985242,37.94131,9797000.0,0.0,1.0,2026.0,Завершено,3.9415818076696905,12.175618592671356,floor_1,1,0,0,0,0,0,0,10+,cheap,3.8846153846153846,4089666.204981287
https://investmoscow.ru/tenders/tender/19945195,completed,19945195.0,94.3,16674000.0,176818.6638388123,ВАО,1,26.0,Отдельный,1,12.0,21.08075363392416,14.980211402293785,55.6985242,37.94131,,0.0,0.0,2026.0,Завершено,4.557029810660157,12.082885643808869,floor_1,1,0,0,0,0,0,0,10+,medium,7.253846153846154,3727470.690265657
https://investmoscow.ru/tenders/tender/19945199,completed,19945199.0,88.6,15750000.0,177765.23702031604,ВАО,1,26.0,Отдельный,1,12.0,21.08075363392416,14.980211402293785,55.6985242,37.94131,,0.0,0.0,2026.0,Завершено,4.4953553199808844,12.088224691005884,floor_1,1,0,0,0,0,0,0,10+,medium,6.815384615384615,3747425.166301417
https://investmoscow.ru/tenders/tender/19933900,completed,19933900.0,80.2,14496000.0,180748.1296758105,ВАО,1,26.0,Отдельный,1,12.0,21.08075363392416,14.980211402293785,55.6985242,37.94131,14496000.0,0.0,1.0,2026.0,Завершено,4.396915247167632,12.104865324937832,floor_1,1,0,0,0,0,0,0,10+,medium,6.1692307692307695,3810306.791488337
https://investmoscow.ru/tenders/tender/19933818,completed,19933818.0,50.5,9797000.0,194000.0,ВАО,1,26.0,Отдельный,1,12.0,21.08075363392416,14.980211402293785,55.6985242,37.94131,,0.0,0.0,2026.0,Завершено,3.9415818076696905,12.175618592671356,floor_1,1,0,0,0,0,0,0,10+,cheap,3.8846153846153846,4089666.204981287
https://investmoscow.ru/tenders/tender/19927113,completed,19927113.0,33.1,8794000.0,265679.7583081571,ВАО,1,13.0,Отдельный,1,12.0,6.723685670309731,4.241717161723041,55.7971421,37.6892696,10992500.0,25.0,2.0,2026.0,Завершено,3.529297384289471,12.490050710262745,floor_1,1,0,0,0,0,1,0,10+,cheap,2.5461538461538464,1786347.1838279085
https://investmoscow.ru/tenders/tender/19937360,completed,19937360.0,66.5,9392000.0,141233.08270676693,СВАО,basement,15.0,Отдельный,1,9.0,7.216498568571657,1.5747430580583566,55.8158151,37.6395786,10800800.0,15.0,3.0,2026.0,Завершено,4.212127597878484,11.858173953857175,basement,0,1,0,0,0,0,0,5-10,cheap,6.65,1019208.339188346
https://investmoscow.ru/tenders/tender/19926486,completed,19926486.0,209.2,27730000.0,132552.58126195028,ВАО,basement,4.0,Отдельный,1,12.0,15.72702901018015,11.957137515197406,55.684596,37.8389464,33276000.0,20.0,3.0,2026.0,Завершено,5.348059458442851,11.79474222954872,basement,0,1,0,0,0,0,0,10+,expensive,16.092307692307692,2084658.290880954
https://investmoscow.ru/tenders/tender/19927890,completed,19927890.0,93.5,6932000.0,74139.03743315508,ЮАО,basement,15.0,Отдельный,1,9.0,10.210145040194282,1.9597189350655595,55.6600192,37.6187023,10398000.0,50.0,3.0,2026.0,Завершено,4.548599834499697,11.21371098160283,basement,0,1,0,0,0,0,0,5-10,cheap,9.35,756970.3253329067
https://investmoscow.ru/tenders/tender/19925712,completed,19925712.0,125.0,26894000.0,215152.0,САО,1,17.0,Отдельный,1,34.0,15.418899425879834,7.261658229058399,55.8721404,37.4935999,,0.0,0.0,2026.0,Завершено,4.836281906951478,12.2791046819297,floor_1,1,0,0,0,0,0,0,10+,expensive,3.571428571428572,3317407.049276898
https://investmoscow.ru/tenders/tender/19928342,completed,19928342.0,34.7,7146000.0,205936.5994236311,ЮАО,1,17.0,Отдельный,1,18.0,15.460127850324376,5.577507581829211,55.6227758,37.7098332,12505500.0,75.0,2.0,2026.0,Завершено,3.5751506887855933,12.23532848646431,floor_1,1,0,0,0,0,1,0,10+,cheap,1.8263157894736843,3183806.156150374
https://investmoscow.ru/tenders/tender/19926994,completed,19926994.0,34.7,164825.0,4750.0,ЮАО,1,17.0,Отдельный,1,18.0,15.460127850324376,5.577507581829211,55.6227758,37.7098332,,0.0,0.0,2026.0,Завершено,3.5751506887855933,8.46611040118692,floor_1,1,0,0,0,0,1,0,10+,cheap,1.8263157894736843,73435.60728904078
https://investmoscow.ru/tenders/tender/19993722,completed,19993722.0,201.3,35852000.0,178102.3348236463,СВАО,1,12.0,Отдельный,1,4.0,8.440367114182797,3.349149355026771,55.826043,37.5867428,41229800.0,15.0,2.0,2026.0,Завершено,5.3097517441737,12.090119193547409,floor_1,1,0,0,0,0,0,0,0-5,expensive,40.260000000000005,1503249.0898046778
https://investmoscow.ru/tenders/tender/19943557,completed,19943557.0,201.3,35852000.0,178102.3348236463,СВАО,1,12.0,Отдельный,1,4.0,8.440367114182797,3.349149355026771,55.826043,37.5867428,,0.0,0.0,2026.0,Завершено,5.3097517441737,12.090119193547409,floor_1,1,0,0,0,0,0,0,0-5,expensive,40.260000000000005,1503249.0898046778
https://investmoscow.ru/tenders/tender/19975628,completed,19975628.0,266.0,25689000.0,96575.1879699248,ЦАО,basement,22.0,Отдельный,1,8.0,3.0989619203280325,3.40481132077348,55.73207,37.5827597,48809100.0,90.0,13.0,2026.0,Завершено,5.58724865840025,11.478087488467624,basement,0,1,0,0,0,0,1,5-10,expensive,29.55555555555556,299282.82996731886
https://investmoscow.ru/tenders/tender/19945846,completed,19945846.0,320.1,26220000.0,81911.90253045922,ЦАО,basement,15.0,Отдельный,1,8.0,3.0989619203280325,3.40481132077348,55.73207,37.5827597,45885000.0,75.0,18.0,2026.0,Завершено,5.771752601095469,11.313411797487475,basement,0,1,0,0,0,0,1,5-10,expensive,35.56666666666667,253841.86676351447
https://investmoscow.ru/tenders/tender/19946069,completed,19946069.0,111.9,11098000.0,99177.83735478103,ЦАО,basement,15.0,Отдельный,1,8.0,3.0989619203280325,3.40481132077348,55.73207,37.5827597,19976400.0,80.0,13.0,2026.0,Завершено,4.726502471155617,11.504679937397093,basement,0,1,0,0,0,0,1,5-10,cheap,12.433333333333334,307348.3413029535
https://investmoscow.ru/tenders/tender/19945390,completed,19945390.0,297.0,41810000.0,140774.41077441076,САО,1,15.0,Отдельный,1,15.0,13.06584194825918,4.682973725556154,55.8470867,37.49421,50172000.0,20.0,4.0,2026.0,Завершено,5.697093486505405,11.854921068068558,floor_1,1,0,0,0,0,0,0,10+,expensive,18.5625,1839336.201537765
https://investmoscow.ru/tenders/tender/19945600,completed,19945600.0,11.5,1995000.0,173478.26086956522,ЗАО,1,15.0,Вход через подъезд,1,11.0,7.36970988713238,1.9103101435206868,55.7151774,37.5193313,5187000.0,160.0,22.0,2026.0,Завершено,2.525728644308256,12.06381333733131,floor_1,1,0,0,0,0,1,0,10+,cheap,0.9583333333333334,1278484.4543329652
https://investmoscow.ru/tenders/tender/19942980,completed,19942980.0,78.5,11121000.0,141668.7898089172,СВАО,1,14.0,Отдельный,1,34.0,12.321718983543285,4.090762457083627,55.8559876,37.6865258,28358550.0,155.0,32.0,2026.0,Завершено,4.375757021660286,11.861254204705444,floor_1,1,0,0,0,0,0,0,10+,cheap,2.242857142857143,1745603.0167641386
https://investmoscow.ru/tenders/tender/19998662,completed,19998662.0,72.1,13267000.0,184008.32177531207,ВАО,1,17.0,Отдельный,1,18.0,20.831229445331445,14.32569350401195,55.7096056,37.9423496,,0.0,0.0,2026.0,Завершено,4.291828366755733,12.122741697130204,floor_1,1,0,0,0,0,0,0,10+,medium,3.794736842105263,3833119.570751904
https://investmoscow.ru/tenders/tender/19998660,completed,19998660.0,107.5,18744000.0,174362.7906976744,ВАО,1,17.0,Отдельный,1,18.0,20.831229445331445,14.32569350401195,55.7096056,37.9423496,,0.0,0.0,2026.0,Завершено,4.686750172980514,12.068899146754193,floor_1,1,0,0,0,0,0,0,10+,medium,5.657894736842105,3632191.299751559
https://investmoscow.ru/tenders/tender/19993418,completed,19993418.0,94.2,16754000.0,177855.6263269639,ВАО,1,15.0,Отдельный,1,18.0,20.831229445331445,14.32569350401195,55.7096056,37.9423496,,0.0,0.0,2026.0,Завершено,4.55597994179732,12.08873303463567,floor_1,1,0,0,0,0,0,0,10+,medium,4.957894736842105,3704951.3601601166
https://investmoscow.ru/tenders/tender/19993413,completed,19993413.0,68.4,12706000.0,185760.23391812865,ВАО,1,15.0,Отдельный,1,18.0,20.831229445331445,14.32569350401195,55.7096056,37.9423496,,0.0,0.0,2026.0,Завершено,4.239886867512759,12.132217439449107,floor_1,1,0,0,0,0,0,0,10+,cheap,3.6,3869614.0545669785
https://investmoscow.ru/tenders/tender/19947941,completed,19947941.0,72.1,13267000.0,184008.32177531207,ВАО,1,17.0,Отдельный,1,18.0,20.831229445331445,14.32569350401195,55.7096056,37.9423496,,0.0,0.0,2026.0,Завершено,4.291828366755733,12.122741697130204,floor_1,1,0,0,0,0,0,0,10+,medium,3.794736842105263,3833119.570751904
https://investmoscow.ru/tenders/tender/19947904,completed,19947904.0,107.5,18744000.0,174362.7906976744,ВАО,1,17.0,Отдельный,1,18.0,20.831229445331445,14.32569350401195,55.7096056,37.9423496,,0.0,0.0,2026.0,Завершено,4.686750172980514,12.068899146754193,floor_1,1,0,0,0,0,0,0,10+,medium,5.657894736842105,3632191.299751559
https://investmoscow.ru/tenders/tender/19945603,completed,19945603.0,68.4,12706000.0,185760.23391812865,ВАО,1,15.0,Отдельный,1,18.0,20.831229445331445,14.32569350401195,55.7096056,37.9423496,,0.0,0.0,2026.0,Завершено,4.239886867512759,12.132217439449107,floor_1,1,0,0,0,0,0,0,10+,cheap,3.6,3869614.0545669785
https://investmoscow.ru/tenders/tender/19945607,completed,19945607.0,94.2,16754000.0,177855.6263269639,ВАО,1,15.0,Отдельный,1,18.0,20.831229445331445,14.32569350401195,55.7096056,37.9423496,,0.0,0.0,2026.0,Завершено,4.55597994179732,12.08873303463567,floor_1,1,0,0,0,0,0,0,10+,medium,4.957894736842105,3704951.3601601166
https://investmoscow.ru/tenders/tender/19946208,completed,19946208.0,128.6,28586000.0,222286.15863141525,САО,1,24.0,Отдельный,1,31.0,13.443696993338568,5.3460317659230725,55.8567683,37.5095276,28586000.0,0.0,1.0,2026.0,Завершено,4.864452783918174,12.31172533234322,floor_1,1,0,0,0,0,0,0,10+,expensive,4.01875,2988347.762453937
https://investmoscow.ru/tenders/tender/19945502,completed,19945502.0,83.9,15922000.0,189773.53992848628,Зеленоград,1,15.0,Отдельный,1,301.0,36.6619228994357,2.5074808578128245,55.991971,37.214241,15922000.0,0.0,1.0,2026.0,Завершено,4.441474093317302,12.153592014582127,floor_1,1,0,0,0,0,0,0,10+,medium,0.2778145695364238,6957462.889211146
https://investmoscow.ru/tenders/tender/19945546,completed,19945546.0,132.9,22199000.0,167035.36493604214,Зеленоград,1,15.0,Отдельный,1,301.0,36.6619228994357,2.5074808578128245,55.991971,37.214241,,0.0,0.0,2026.0,Завершено,4.897093252697127,12.025966821801944,floor_1,1,0,0,0,0,0,0,10+,medium,0.4400662251655629,6123837.670764282
https://investmoscow.ru/tenders/tender/19996492,completed,19996492.0,116.7,24869000.0,213101.970865467,ВАО,1,14.0,Отдельный,1,34.0,15.626460541059856,9.386335569026308,55.7239877,37.8626487,,0.0,0.0,2026.0,Завершено,4.768139014266231,12.269530759169571,floor_1,1,0,0,0,0,0,0,10+,medium,3.3342857142857145,3330029.5389513075
https://investmoscow.ru/tenders/tender/19992978,completed,19992978.0,88.8,19712000.0,221981.981981982,ВАО,1,14.0,Отдельный,1,34.0,15.626460541059856,9.386335569026308,55.7239877,37.8626487,,0.0,0.0,2026.0,Завершено,4.497584975308154,12.310356000177242,floor_1,1,0,0,0,0,0,0,10+,medium,2.537142857142857,3468792.6822677017
https://investmoscow.ru/tenders/tender/19947959,completed,19947959.0,116.7,24869000.0,213101.970865467,ВАО,1,14.0,Отдельный,1,34.0,15.626460541059856,9.386335569026308,55.7239877,37.8626487,,0.0,0.0,2026.0,Завершено,4.768139014266231,12.269530759169571,floor_1,1,0,0,0,0,0,0,10+,medium,3.3342857142857145,3330029.5389513075
https://investmoscow.ru/tenders/tender/19945714,completed,19945714.0,88.8,19712000.0,221981.981981982,ВАО,1,14.0,Отдельный,1,34.0,15.626460541059856,9.386335569026308,55.7239877,37.8626487,,0.0,0.0,2026.0,Завершено,4.497584975308154,12.310356000177242,floor_1,1,0,0,0,0,0,0,10+,medium,2.537142857142857,3468792.6822677017
https://investmoscow.ru/tenders/tender/19987446,completed,19987446.0,103.8,21772000.0,209749.5183044316,ВАО,1,25.0,Отдельный,1,34.0,15.626460541059856,9.386335569026308,55.7239877,37.8626487,,0.0,0.0,2026.0,Завершено,4.6520537718869415,12.253674095384476,floor_1,1,0,0,0,0,0,0,10+,medium,2.9657142857142857,3277642.5712905126
https://investmoscow.ru/tenders/tender/19987441,completed,19987441.0,125.4,25681000.0,204792.663476874,ВАО,1,25.0,Отдельный,1,34.0,15.626460541059856,9.386335569026308,55.7239877,37.8626487,,0.0,0.0,2026.0,Завершено,4.839451481712757,12.229758231614513,floor_1,1,0,0,0,0,0,0,10+,expensive,3.582857142857143,3200184.4749199217
https://investmoscow.ru/tenders/tender/19987438,completed,19987438.0,135.6,27435000.0,202323.00884955752,ВАО,1,25.0,Отдельный,1,34.0,15.626460541059856,9.386335569026308,55.7239877,37.8626487,,0.0,0.0,2026.0,Завершено,4.91705694713669,12.217625695548284,floor_1,1,0,0,0,0,0,0,10+,expensive,3.874285714285714,3161592.5143361147
https://investmoscow.ru/tenders/tender/19945687,completed,19945687.0,135.6,27435000.0,202323.00884955752,ВАО,1,25.0,Отдельный,1,34.0,15.626460541059856,9.386335569026308,55.7239877,37.8626487,,0.0,0.0,2026.0,Завершено,4.91705694713669,12.217625695548284,floor_1,1,0,0,0,0,0,0,10+,expensive,3.874285714285714,3161592.5143361147
https://investmoscow.ru/tenders/tender/19945696,completed,19945696.0,125.4,25681000.0,204792.663476874,ВАО,1,25.0,Отдельный,1,34.0,15.626460541059856,9.386335569026308,55.7239877,37.8626487,,0.0,0.0,2026.0,Завершено,4.839451481712757,12.229758231614513,floor_1,1,0,0,0,0,0,0,10+,expensive,3.582857142857143,3200184.4749199217
https://investmoscow.ru/tenders/tender/19945707,completed,19945707.0,103.8,21772000.0,209749.5183044316,ВАО,1,25.0,Отдельный,1,34.0,15.626460541059856,9.386335569026308,55.7239877,37.8626487,,0.0,0.0,2026.0,Завершено,4.6520537718869415,12.253674095384476,floor_1,1,0,0,0,0,0,0,10+,medium,2.9657142857142857,3277642.5712905126
https://investmoscow.ru/tenders/tender/19945763,completed,19945763.0,622.7,156211200.0,250861.08880680904,ЦАО,basement,8.0,Отдельный,1,5.0,,,,,237441024.0,52.0,3.0,2026.0,Завершено,6.435669483532077,12.432658620127787,basement,0,1,0,0,0,0,0,0-5,expensive,103.78333333333336,3154476.051930428
https://investmoscow.ru/tenders/tender/19955485,completed,19955485.0,214.3,29107000.0,135823.61175921606,ВАО,1,17.0,Отдельный,1,28.0,15.103080703873378,6.411090397784274,55.8147715,37.8320064,29107000.0,0.0,2.0,2026.0,Завершено,5.372032404370318,11.819119713025916,floor_1,1,0,0,0,0,0,0,10+,expensive,7.389655172413794,2051354.9698910047
https://investmoscow.ru/tenders/tender/19936200,completed,19936200.0,528.9,79502000.0,150315.7496691246,ЗАО,2,15.0,Вход через подъезд,1,38.0,8.360848089834027,5.1723384046453695,55.7665479,37.4861783,,0.0,0.0,2026.0,Завершено,6.272688309498716,11.92050001110959,floor_2,0,0,0,0,1,0,0,10+,expensive,13.56153846153846,1256767.1484930702
https://investmoscow.ru/tenders/tender/19945173,completed,19945173.0,163.3,53752000.0,329161.0532761788,ЦАО,2,9.0,Вход через подъезд,1,6.0,2.679547809101711,2.340264027705992,55.7716705,37.5926351,53752000.0,0.0,1.0,2026.0,Завершено,5.101694025043223,12.70430547162758,floor_2,0,0,0,0,1,0,1,5-10,expensive,23.32857142857143,882002.7791477963
https://investmoscow.ru/tenders/tender/19950537,completed,19950537.0,8.2,2927000.0,356951.21951219515,ЗАО,1,16.0,Отдельный,1,12.0,8.457479184194579,4.951315270367855,55.7644756,37.4839385,2927000.0,0.0,2.0,2026.0,Завершено,2.2192034840549946,12.785357212903136,floor_1,1,0,0,0,0,1,0,10+,cheap,0.6307692307692307,3018907.5087972605
https://investmoscow.ru/tenders/tender/19940547,completed,19940547.0,44.3,7026950.0,158621.89616252822,Зеленоград,1,9.0,Вход через места общего пользования,1,259.0,36.6619228994357,2.5074808578128245,55.991971,37.214241,,0.0,0.0,2026.0,Завершено,3.813307032488989,11.97428494196595,floor_1,1,0,0,0,0,1,0,10+,cheap,0.1703846153846153,5815383.727272905
https://investmoscow.ru/tenders/tender/20008004,completed,20008004.0,28.5,6897000.0,242000.0,ВАО,2,15.0,Отдельный,1,18.0,11.256895066358998,11.237220255137103,55.761357,37.7969335,,0.0,0.0,2026.0,Завершено,3.3843902633457743,12.396697137361691,floor_2,0,0,0,0,1,1,0,10+,cheap,1.5,2724168.6060588774
https://investmoscow.ru/tenders/tender/20008011,completed,20008011.0,37.7,8652150.0,229500.0,ВАО,2,15.0,Отдельный,1,18.0,11.256895066358998,11.237220255137103,55.761357,37.7969335,,0.0,0.0,2026.0,Завершено,3.655839600035736,12.34366266577172,floor_2,0,0,0,0,1,1,0,10+,cheap,1.9842105263157896,2583457.4177293903
https://investmoscow.ru/tenders/tender/20008010,completed,20008010.0,28.5,6897000.0,242000.0,ВАО,2,15.0,Отдельный,1,18.0,11.256895066358998,11.237220255137103,55.761357,37.7969335,,0.0,0.0,2026.0,Завершено,3.3843902633457743,12.396697137361691,floor_2,0,0,0,0,1,1,0,10+,cheap,1.5,2724168.6060588774
https://investmoscow.ru/tenders/tender/19962338,completed,19962338.0,72.4,14675480.0,202700.0,ВАО,2,15.0,Отдельный,1,18.0,11.256895066358998,3.586879358203822,55.761357,37.7969335,,0.0,0.0,2026.0,Завершено,4.29592393562047,12.219487265827034,floor_2,0,0,0,0,1,0,0,10+,medium,3.810526315789474,2281772.629950969
https://investmoscow.ru/tenders/tender/19960821,completed,19960821.0,186.6,31348800.0,168000.0,ВАО,2,15.0,Отдельный,1,18.0,11.256895066358998,3.586879358203822,55.761357,37.7969335,,0.0,0.0,2026.0,Завершено,5.234312036572124,12.031725210748633,floor_2,0,0,0,0,1,0,0,10+,expensive,9.821052631578947,1891158.371148312
https://investmoscow.ru/tenders/tender/19960820,completed,19960820.0,76.6,15358300.0,200500.00000000003,ВАО,2,15.0,Отдельный,1,18.0,11.256895066358998,3.586879358203822,55.761357,37.7969335,,0.0,0.0,2026.0,Завершено,4.351567427189173,12.208574513247497,floor_2,0,0,0,0,1,0,0,10+,medium,4.031578947368421,2257007.46080498
https://investmoscow.ru/tenders/tender/19960799,completed,19960799.0,58.2,12297660.0,211300.0,ВАО,2,15.0,Отдельный,1,18.0,11.256895066358998,3.586879358203822,55.761357,37.7969335,,0.0,0.0,2026.0,Завершено,4.0809215418899605,12.261038936200617,floor_2,0,0,0,0,1,0,0,10+,cheap,3.0631578947368423,2378581.9275216563
https://investmoscow.ru/tenders/tender/19960793,completed,19960793.0,84.2,16578980.0,196900.0,ВАО,2,15.0,Отдельный,1,18.0,11.256895066358998,3.586879358203822,55.761357,37.7969335,,0.0,0.0,2026.0,Завершено,4.44500143383527,12.190456343334482,floor_2,0,0,0,0,1,0,0,10+,medium,4.431578947368421,2216482.638566087
https://investmoscow.ru/tenders/tender/19960790,completed,19960790.0,158.3,27465050.0,173500.0,ВАО,2,15.0,Отдельный,1,18.0,11.256895066358998,3.586879358203822,55.761357,37.7969335,27465050.0,0.0,1.0,2026.0,Завершено,5.070789216916003,12.0639386420412,floor_2,0,0,0,0,1,0,0,10+,expensive,8.331578947368422,1953071.2940132865
https://investmoscow.ru/tenders/tender/19960789,completed,19960789.0,84.0,16548000.0,197000.0,ВАО,2,15.0,Отдельный,1,18.0,11.256895066358998,3.586879358203822,55.761357,37.7969335,,0.0,0.0,2026.0,Завершено,4.442651256490317,12.190964083849376,floor_2,0,0,0,0,1,0,0,10+,medium,4.421052631578948,2217608.3280727225
https://investmoscow.ru/tenders/tender/19962588,completed,19962588.0,137.6,18768640.0,136400.0,ВАО,0,15.0,Отдельный,1,18.0,11.256895066358998,3.586879358203822,55.761357,37.7969335,23648486.4,26.0,6.0,2026.0,Завершено,4.931592086755803,11.823354355742923,other,0,0,1,0,0,0,0,10+,medium,7.242105263157894,1535440.4870513673
https://investmoscow.ru/tenders/tender/19962361,completed,19962361.0,10.2,2988600.0,293000.0,ВАО,2,15.0,Отдельный,1,18.0,11.256895066358998,3.586879358203822,55.761357,37.7969335,,0.0,0.0,2026.0,Завершено,2.4159137783010487,12.587931300962664,floor_2,0,0,0,0,1,1,0,10+,cheap,0.5368421052631579,3298270.2544431863
https://investmoscow.ru/tenders/tender/19960809,completed,19960809.0,38.3,8763040.0,228800.00000000003,ВАО,2,15.0,Отдельный,1,18.0,11.256895066358998,3.586879358203822,55.761357,37.7969335,8763040.0,0.0,1.0,2026.0,Завершено,3.6712245188752153,12.3406079091076,floor_2,0,0,0,0,1,1,0,10+,cheap,2.0157894736842104,2575577.5911829392
https://investmoscow.ru/tenders/tender/19960808,completed,19960808.0,38.3,8763040.0,228800.00000000003,ВАО,2,15.0,Отдельный,1,18.0,11.256895066358998,3.586879358203822,55.761357,37.7969335,8763040.0,0.0,1.0,2026.0,Завершено,3.6712245188752153,12.3406079091076,floor_2,0,0,0,0,1,1,0,10+,cheap,2.0157894736842104,2575577.5911829392
https://investmoscow.ru/tenders/tender/19960811,completed,19960811.0,38.3,8763040.0,228800.00000000003,ВАО,2,15.0,Отдельный,1,18.0,11.256895066358998,3.586879358203822,55.761357,37.7969335,8763040.0,0.0,1.0,2026.0,Завершено,3.6712245188752153,12.3406079091076,floor_2,0,0,0,0,1,1,0,10+,cheap,2.0157894736842104,2575577.5911829392
https://investmoscow.ru/tenders/tender/19962474,completed,19962474.0,58.2,13775940.0,236700.0,ВАО,1,15.0,Отдельный,1,18.0,11.256895066358998,11.237220255137103,55.761357,37.7969335,17151045.3,24.5,11.0,2026.0,Завершено,4.0809215418899605,12.374553020250229,floor_1,1,0,0,0,0,0,0,10+,medium,3.0631578947368423,2664507.062207175
https://investmoscow.ru/tenders/tender/19962453,completed,19962453.0,69.6,14358480.0,206300.00000000003,ВАО,1,15.0,Отдельный,1,18.0,11.256895066358998,11.237220255137103,55.761357,37.7969335,23117152.8,61.0,17.0,2026.0,Завершено,4.257030144499196,12.237091546357338,floor_1,1,0,0,0,0,0,0,10+,medium,3.663157894736842,2322297.452189862
https://investmoscow.ru/tenders/tender/19962437,completed,19962437.0,85.9,23433520.0,272800.0,ВАО,1,15.0,Отдельный,1,18.0,11.256895066358998,11.237220255137103,55.761357,37.7969335,33978604.0,45.0,17.0,2026.0,Завершено,4.464758032271346,12.516497870633875,floor_1,1,0,0,0,0,0,0,10+,medium,4.521052631578947,3070880.9741027346
https://investmoscow.ru/tenders/tender/19960797,completed,19960797.0,58.9,12422010.0,210900.0,ВАО,2,15.0,Отдельный,1,18.0,11.256895066358998,11.237220255137103,55.761357,37.7969335,,0.0,0.0,2026.0,Завершено,4.092676505121403,12.259144108039314,floor_2,0,0,0,0,1,0,0,10+,cheap,3.1,2374079.1694951127
https://investmoscow.ru/tenders/tender/19962569,completed,19962569.0,105.9,22588470.0,213300.0,ВАО,1,15.0,Отдельный,1,18.0,11.256895066358998,11.237220255137103,55.761357,37.7969335,23153181.75,2.5,6.0,2026.0,Завершено,4.671893818030999,12.27045959268099,floor_1,1,0,0,0,0,0,0,10+,medium,5.5736842105263165,2401095.7176543744
https://investmoscow.ru/tenders/tender/19962547,completed,19962547.0,113.3,23883640.0,210800.0,ВАО,1,15.0,Отдельный,1,18.0,11.256895066358998,11.237220255137103,55.761357,37.7969335,24361312.8,2.0,7.0,2026.0,Завершено,4.738826570800765,12.258669839471109,floor_1,1,0,0,0,0,0,0,10+,medium,5.963157894736842,2372953.4799884767
https://investmoscow.ru/tenders/tender/19962441,completed,19962441.0,55.9,16188640.0,289600.0,ВАО,1,15.0,Отдельный,1,18.0,11.256895066358998,11.237220255137103,55.761357,37.7969335,24040130.4,48.5,17.0,2026.0,Завершено,4.041295341132285,12.57625939252641,floor_1,1,0,0,0,0,0,0,10+,medium,2.942105263157895,3259996.811217566
https://investmoscow.ru/tenders/tender/19960803,completed,19960803.0,37.7,8652150.0,229500.0,ВАО,2,15.0,Отдельный,1,18.0,11.256895066358998,11.237220255137103,55.761357,37.7969335,,0.0,0.0,2026.0,Завершено,3.655839600035736,12.34366266577172,floor_2,0,0,0,0,1,1,0,10+,cheap,1.9842105263157896,2583457.4177293903
https://investmoscow.ru/tenders/tender/19962574,completed,19962574.0,140.0,28406000.0,202900.0,ВАО,1,15.0,Отдельный,1,18.0,11.256895066358998,11.237220255137103,55.761357,37.7969335,28406000.0,0.0,1.0,2026.0,Завершено,4.948759890378168,12.220473454337986,floor_1,1,0,0,0,0,0,0,10+,expensive,7.368421052631579,2284024.008964241
https://investmoscow.ru/tenders/tender/19962536,completed,19962536.0,83.1,18506370.0,222700.00000000003,ВАО,1,15.0,Отдельный,1,18.0,11.256895066358998,11.237220255137103,55.761357,37.7969335,18506370.0,0.0,1.0,2026.0,Завершено,4.432006566978902,12.313585343581137,floor_1,1,0,0,0,0,0,0,10+,medium,4.373684210526315,2506910.531278149
https://investmoscow.ru/tenders/tender/19962555,completed,19962555.0,194.5,37305100.0,191800.0,ВАО,1,15.0,Отдельный,1,18.0,11.256895066358998,11.237220255137103,55.761357,37.7969335,37305100.0,0.0,1.0,2026.0,Завершено,5.27556037942542,12.164213655182222,floor_1,1,0,0,0,0,0,0,10+,expensive,10.236842105263158,2159072.473727656
https://investmoscow.ru/tenders/tender/19964228,completed,19964228.0,71.7,13895000.0,193793.5843793584,ВАО,1,17.0,Отдельный,1,16.0,20.59498368270653,14.036041922079562,55.7118144,37.9393621,,0.0,0.0,2026.0,Завершено,4.286341384539473,12.174554033669397,floor_1,1,0,0,0,0,0,0,10+,medium,4.2176470588235295,3991175.708106097
https://investmoscow.ru/tenders/tender/19952653,completed,19952653.0,105.6,19325000.0,183001.89393939395,ВАО,1,17.0,Отдельный,1,16.0,20.59498368270653,14.036041922079562,55.7118144,37.9393621,,0.0,0.0,2026.0,Завершено,4.669083511731744,12.11725724557499,floor_1,1,0,0,0,0,0,0,10+,medium,6.211764705882352,3768921.0195862097
https://investmoscow.ru/tenders/tender/19953167,completed,19953167.0,49.7,9767000.0,196519.1146881288,ВАО,1,17.0,Отдельный,1,16.0,20.59498368270653,14.036041922079562,55.7118144,37.9393621,11720400.0,20.0,2.0,2026.0,Завершено,3.9259259105971376,12.188520069877615,floor_1,1,0,0,0,0,1,0,10+,cheap,2.923529411764706,4047307.9603419458
https://investmoscow.ru/tenders/tender/19952655,completed,19952655.0,68.8,12882000.0,187238.37209302327,ВАО,1,17.0,Отдельный,1,16.0,20.59498368270653,14.036041922079562,55.7118144,37.9393621,,0.0,0.0,2026.0,Завершено,4.245634009768327,12.140143141921005,floor_1,1,0,0,0,0,0,0,10+,cheap,4.047058823529412,3856171.218032348
https://investmoscow.ru/tenders/tender/19964225,completed,19964225.0,49.8,9786000.0,196506.02409638555,ВАО,1,14.0,Отдельный,1,18.0,20.59498368270653,14.036041922079562,55.7118144,37.9393621,9786000.0,0.0,1.0,2026.0,Завершено,3.927896354584436,12.188453455690164,floor_1,1,0,0,0,0,1,0,10+,cheap,2.621052631578947,4047038.359818597
https://investmoscow.ru/tenders/tender/19964256,completed,19964256.0,50.4,9904000.0,196507.9365079365,ВАО,1,14.0,Отдельный,1,18.0,20.59498368270653,14.036041922079562,55.7118144,37.9393621,,0.0,0.0,2026.0,Завершено,3.93963817246112,12.188463187669232,floor_1,1,0,0,0,0,0,0,10+,cheap,2.652631578947368,4047077.7459032834
https://investmoscow.ru/tenders/tender/19964238,completed,19964238.0,89.1,16043000.0,180056.1167227834,ВАО,1,14.0,Отдельный,1,18.0,20.59498368270653,14.036041922079562,55.7118144,37.9393621,,0.0,0.0,2026.0,Завершено,4.500920164614292,12.101029394665124,floor_1,1,0,0,0,0,0,0,10+,medium,4.689473684210526,3708252.7858772255
https://investmoscow.ru/tenders/tender/19964232,completed,19964232.0,89.1,16690000.0,187317.620650954,ВАО,1,14.0,Отдельный,1,18.0,20.59498368270653,14.036041922079562,55.7118144,37.9393621,,0.0,0.0,2026.0,Завершено,4.500920164614292,12.140566299673068,floor_1,1,0,0,0,0,0,0,10+,medium,4.689473684210526,3857803.34078981
https://investmoscow.ru/tenders/tender/19963874,completed,19963874.0,68.4,12881000.0,188318.7134502924,ВАО,1,17.0,Отдельный,1,15.0,20.59498368270653,14.036041922079562,55.7118144,37.9393621,,0.0,0.0,2026.0,Завершено,4.239886867512759,12.145896400882348,floor_1,1,0,0,0,0,0,0,10+,cheap,4.275,3878420.8306570575
https://investmoscow.ru/tenders/tender/19964224,completed,19964224.0,50.1,9901000.0,197624.750499002,ВАО,1,17.0,Отдельный,1,15.0,20.59498368270653,14.036041922079562,55.7118144,37.9393621,9901000.0,0.0,1.0,2026.0,Завершено,3.933784497209659,12.19413037209597,floor_1,1,0,0,0,0,0,0,10+,cheap,3.13125,4070078.511825896
https://investmoscow.ru/tenders/tender/19962353,completed,19962353.0,51.9,5139950.0,99035.64547206166,САО,basement,4.0,Отдельный,1,11.0,8.572926902481033,2.6787174757608567,55.8234976,37.5655998,,0.0,0.0,2026.0,Завершено,3.968403338864253,11.503245216909242,basement,0,1,0,0,0,0,0,10+,cheap,4.325,849025.3493720113
https://investmoscow.ru/tenders/tender/19962525,completed,19962525.0,78.3,13292300.0,169761.17496807151,Зеленоград,1,14.0,Отдельный,1,247.0,36.6619228994357,2.5074808578128245,55.991971,37.214241,,0.0,0.0,2026.0,Завершено,4.373238128640803,12.042153765783125,floor_1,1,0,0,0,0,0,0,10+,medium,0.3157258064516129,6223771.107997051
https://investmoscow.ru/tenders/tender/19965914,completed,19965914.0,82.5,15374000.0,186351.5151515152,САО,1,17.0,Отдельный,1,62.0,15.3996086241906,7.857126043120734,55.8807424,37.5256346,26135800.0,70.0,4.0,2026.0,Завершено,4.42484663185681,12.135395401738862,floor_1,1,0,0,0,0,0,0,10+,medium,1.3095238095238095,2869740.399858258
https://investmoscow.ru/tenders/tender/19970101,completed,19970101.0,20.6,7635000.0,370631.067961165,ЦАО,1,7.0,Отдельный,1,7.0,2.171070076536779,1.999467549964543,55.7610229,37.5866642,15651750.0,105.0,10.0,2026.0,Завершено,3.0726933146901194,12.822965118936546,floor_1,1,0,0,0,0,1,1,5-10,cheap,2.575,804666.0210853546
https://investmoscow.ru/tenders/tender/19970150,completed,19970150.0,27.1,2472000.0,91217.71217712176,СВАО,basement,15.0,Отдельный,1,14.0,14.402023871889693,5.637789290282067,55.8805575,37.6486594,4449600.0,80.0,15.0,2026.0,Завершено,3.3357695763397,11.421015332397143,basement,0,1,0,0,0,1,0,10+,cheap,1.8066666666666669,1313719.668314071
https://investmoscow.ru/tenders/tender/19968989,completed,19968989.0,187.7,13266000.0,70676.61161427811,ВАО,basement,5.0,Отдельный,1,10.0,4.294562061148088,7.8048445511972595,55.7264081,37.6690594,19899000.0,50.0,8.0,2026.0,Завершено,5.240158452374504,11.165884134327287,basement,0,1,0,0,0,0,1,5-10,medium,17.063636363636363,303525.0948491771
https://investmoscow.ru/tenders/tender/19970338,completed,19970338.0,45.3,9433000.0,208233.99558498897,САО,1,15.0,Отдельный,1,5.0,10.746266076467732,2.5871508023978285,55.8174106,37.4906751,15092800.0,60.0,5.0,2026.0,Завершено,3.835141961092188,12.246422507421304,floor_1,1,0,0,0,0,1,0,0-5,cheap,7.55,2237737.922722298
https://investmoscow.ru/tenders/tender/19967798,completed,19967798.0,171.0,21300000.0,124561.40350877192,САО,basement,5.0,Отдельный,1,20.0,,,,,,0.0,0.0,2026.0,Завершено,5.147494476813453,11.732562102313782,basement,0,1,0,0,0,0,0,10+,medium,8.142857142857142,1566308.9330918936
https://investmoscow.ru/tenders/tender/19968568,completed,19968568.0,21.2,3819000.0,180141.50943396226,ЮАО,1,14.0,Вход через места общего пользования,1,13.0,51.30068570427928,48.62548880205746,55.5044008,36.9240645,5346600.0,40.0,17.0,2026.0,Завершено,3.100092288878234,12.10150353570569,floor_1,1,0,0,0,0,1,0,10+,cheap,1.5142857142857142,9241382.95776616
https://investmoscow.ru/tenders/tender/19975841,completed,19975841.0,152.7,24068000.0,157616.24099541586,ВАО,1,15.0,Отдельный,1,25.0,11.840351236663713,4.790265492028674,55.8228441,37.7592027,,0.0,0.0,2026.0,Завершено,5.03500265054455,11.967924847601516,floor_1,1,0,0,0,0,0,0,10+,medium,5.873076923076923,1866231.653988358
https://investmoscow.ru/tenders/tender/19976311,completed,19976311.0,211.0,31844000.0,150919.43127962085,ВАО,1,15.0,Отдельный,1,25.0,11.840351236663713,4.790265492028674,55.8228441,37.7592027,,0.0,0.0,2026.0,Завершено,5.356586274672012,11.92450803174459,floor_1,1,0,0,0,0,0,0,10+,expensive,8.115384615384615,1786939.074788243
https://investmoscow.ru/tenders/tender/19917563,completed,19917563.0,113.4,20120000.0,177425.04409171076,ЮАО,1,17.0,Отдельный,1,5.0,17.169900604729385,7.306781881115118,55.6097072,37.72529,,0.0,0.0,2026.0,Завершено,4.739701078945697,12.08630914806918,floor_1,1,0,0,0,0,0,0,0-5,medium,18.9,3046370.3718444025
https://investmoscow.ru/tenders/tender/19967387,completed,19967387.0,210.3,34760000.0,165287.6842605801,ЮЗАО,1,15.0,Отдельный,1,8.0,24.03101238436152,14.487297437154092,55.5399935,37.5395671,,0.0,0.0,2026.0,Завершено,5.353278924622011,12.015448825692047,floor_1,1,0,0,0,0,0,0,5-10,expensive,23.366666666666667,3972030.3874484375
https://investmoscow.ru/tenders/tender/19974736,completed,19974736.0,16.3,3266000.0,200368.0981595092,СВАО,1,16.0,Вход через места общего пользования,1,7.0,13.84888519455406,5.091904377864891,55.8743661,37.6607623,5062300.0,55.0,17.0,2026.0,Завершено,2.8507065015037334,12.20791643550183,floor_1,1,0,0,0,0,1,0,5-10,cheap,2.0375,2774874.7880621813
https://investmoscow.ru/tenders/tender/19992759,completed,19992759.0,15.1,2053400.0,135986.7549668874,ЮАО,basement,7.0,Вход через места общего пользования,1,2.0,5.659899825594425,5.207784927346774,55.706647,37.6589097,3388110.0,65.0,3.0,2026.0,Завершено,2.778819271990417,11.820320123656431,basement,0,1,0,0,0,1,0,0-5,cheap,5.033333333333333,769671.4107202379
https://investmoscow.ru/tenders/tender/19972846,completed,19972846.0,75.9,11448000.0,150830.03952569168,ЮАО,1,14.0,Вход через места общего пользования,1,24.0,15.210609784313409,5.587177730498438,55.6270427,37.7174434,12020400.0,5.0,4.0,2026.0,Завершено,4.342505876511599,11.923915545773896,floor_1,1,0,0,0,0,0,0,10+,cheap,3.036,2294216.874977864
https://investmoscow.ru/tenders/tender/19978155,completed,19978155.0,11.9,2804000.0,235630.2521008404,ЦАО,1,15.0,Отдельный,1,6.0,2.964085003165589,3.3528439046131564,55.7280204,37.638378,4907000.0,75.0,11.0,2026.0,Завершено,2.5572273113676265,12.37002337094736,floor_1,1,0,0,0,0,1,1,5-10,cheap,1.7,698428.0965442279
https://investmoscow.ru/tenders/tender/19978278,completed,19978278.0,12.3,3306000.0,268780.48780487804,ЦАО,1,15.0,Отдельный,1,6.0,2.964085003165589,3.3528439046131564,55.7280204,37.638378,4793700.0,45.0,6.0,2026.0,Завершено,2.5877640352277083,12.50165401548598,floor_1,1,0,0,0,0,1,1,5-10,cheap,1.7571428571428571,796688.2130459704
https://investmoscow.ru/tenders/tender/19974411,completed,19974411.0,69.0,4462000.0,64666.66666666666,СВАО,basement,9.0,Вход через подъезд,1,6.0,10.767806170204858,4.197637898535361,55.8466236,37.5795231,7139200.0,60.0,7.0,2026.0,Завершено,4.248495242049359,11.077016613175315,basement,0,1,0,0,0,0,0,5-10,cheap,9.857142857142858,696318.1323399141
https://investmoscow.ru/tenders/tender/19979692,completed,19979692.0,40.9,4061000.0,99290.95354523227,ЦАО,basement,15.0,Вход через места общего пользования,1,11.0,1.7387838231326749,2.0211444226278656,55.7429382,37.6402046,8122000.0,100.0,9.0,2026.0,Завершено,3.735285826928092,11.505819814979946,basement,0,1,0,0,0,1,1,10+,cheap,3.408333333333333,172645.5038078678
https://investmoscow.ru/tenders/tender/19959307,completed,19959307.0,63.9,8035000.0,125743.3489827856,ЦАО,basement,2.0,Вход через подъезд,1,10.0,1.868950019793588,2.033095447250886,55.7475356,37.6463476,8035000.0,0.0,1.0,2026.0,Завершено,4.1728476237100445,11.742006148445546,basement,0,1,0,0,0,0,1,5-10,cheap,5.809090909090909,235008.0345702892
https://investmoscow.ru/tenders/tender/19959506,completed,19959506.0,40.5,14529000.0,358740.7407407408,ЦАО,1,2.0,Отдельный,1,10.0,1.868950019793588,2.033095447250886,55.7475356,37.6463476,14529000.0,0.0,2.0,2026.0,Завершено,3.725693427236653,12.790358023465489,floor_1,1,0,0,0,0,1,1,5-10,medium,3.6818181818181817,670468.5145081739
https://investmoscow.ru/tenders/tender/19977097,completed,19977097.0,83.6,12711000.0,152045.45454545456,ВАО,1,15.0,nsi:1032:1032004,1,21.0,10.975241483211406,2.8127021796333334,55.8033049,37.7676909,12711000.0,0.0,1.0,2026.0,Завершено,4.437934266612178,11.93194137514509,floor_1,1,0,0,0,0,0,0,10+,cheap,3.8,1668735.580061007
https://investmoscow.ru/tenders/tender/19976972,completed,19976972.0,154.8,22403000.0,144722.22222222222,ВАО,1,15.0,nsi:1032:1032004,1,21.0,10.975241483211406,2.8127021796333334,55.8033049,37.7676909,,0.0,0.0,2026.0,Завершено,5.048573133436648,11.882578385038435,floor_1,1,0,0,0,0,0,0,10+,medium,7.036363636363637,1588361.336875873
https://investmoscow.ru/tenders/tender/20001805,completed,20001805.0,2.7,611000.0,226296.2962962963,САО,2,22.0,Вход через места общего пользования,1,5.0,14.892551011058297,6.482676330235809,55.8595175,37.4748951,,0.0,0.0,2026.0,Завершено,1.308332819650179,12.329604884118956,floor_2,0,0,0,0,1,1,0,0-5,cheap,0.45,3370129.136206155
https://investmoscow.ru/tenders/tender/20001634,completed,20001634.0,3.1,678000.0,218709.6774193548,САО,2,22.0,Вход через места общего пользования,1,5.0,14.892551011058297,6.482676330235809,55.8595175,37.4748951,,0.0,0.0,2026.0,Завершено,1.410986973710262,12.295505027692366,floor_2,0,0,0,0,1,1,0,0-5,cheap,0.5166666666666667,3257145.027579846
https://investmoscow.ru/tenders/tender/20003412,completed,20003412.0,3.1,678000.0,218709.6774193548,САО,2,26.0,Вход через места общего пользования,1,5.0,14.892551011058297,6.482676330235809,55.8595175,37.4748951,,0.0,0.0,2026.0,Завершено,1.410986973710262,12.295505027692366,floor_2,0,0,0,0,1,1,0,0-5,cheap,0.5166666666666667,3257145.027579846
https://investmoscow.ru/tenders/tender/20003389,completed,20003389.0,3.1,678000.0,218709.6774193548,САО,2,26.0,Вход через места общего пользования,1,5.0,14.892551011058297,6.482676330235809,55.8595175,37.4748951,,0.0,0.0,2026.0,Завершено,1.410986973710262,12.295505027692366,floor_2,0,0,0,0,1,1,0,0-5,cheap,0.5166666666666667,3257145.027579846
https://investmoscow.ru/tenders/tender/20002617,completed,20002617.0,3.2,694000.0,216875.0,САО,2,26.0,Вход через места общего пользования,1,5.0,14.892551011058297,6.482676330235809,55.8595175,37.4748951,,0.0,0.0,2026.0,Завершено,1.4350845252893227,12.287081040623638,floor_2,0,0,0,0,1,1,0,0-5,cheap,0.5333333333333333,3229822.000523268
https://investmoscow.ru/tenders/tender/20002537,completed,20002537.0,3.0,661000.0,220333.3333333333,САО,2,26.0,Вход через места общего пользования,1,5.0,14.892551011058297,6.482676330235809,55.8595175,37.4748951,,0.0,0.0,2026.0,Завершено,1.3862943611198906,12.302901368733329,floor_2,0,0,0,0,1,1,0,0-5,cheap,0.5,3281325.406103178
https://investmoscow.ru/tenders/tender/20002400,completed,20002400.0,3.0,661000.0,220333.3333333333,САО,2,26.0,Вход через места общего пользования,1,5.0,14.892551011058297,6.482676330235809,55.8595175,37.4748951,,0.0,0.0,2026.0,Завершено,1.3862943611198906,12.302901368733329,floor_2,0,0,0,0,1,1,0,0-5,cheap,0.5,3281325.406103178
https://investmoscow.ru/tenders/tender/20001689,completed,20001689.0,3.2,694000.0,216875.0,САО,2,22.0,Вход через места общего пользования,1,5.0,14.892551011058297,6.482676330235809,55.8595175,37.4748951,,0.0,0.0,2026.0,Завершено,1.4350845252893227,12.287081040623638,floor_2,0,0,0,0,1,1,0,0-5,cheap,0.5333333333333333,3229822.000523268
https://investmoscow.ru/tenders/tender/20001427,completed,20001427.0,3.1,678000.0,218709.6774193548,САО,2,22.0,Вход через места общего пользования,1,5.0,14.892551011058297,6.482676330235809,55.8595175,37.4748951,,0.0,0.0,2026.0,Завершено,1.410986973710262,12.295505027692366,floor_2,0,0,0,0,1,1,0,0-5,cheap,0.5166666666666667,3257145.027579846
https://investmoscow.ru/tenders/tender/20003456,completed,20003456.0,3.1,678000.0,218709.6774193548,САО,2,26.0,Вход через места общего пользования,1,5.0,14.892551011058297,6.482676330235809,55.8595175,37.4748951,,0.0,0.0,2026.0,Завершено,1.410986973710262,12.295505027692366,floor_2,0,0,0,0,1,1,0,0-5,cheap,0.5166666666666667,3257145.027579846
https://investmoscow.ru/tenders/tender/20001553,completed,20001553.0,3.0,661000.0,220333.3333333333,САО,2,22.0,Вход через места общего пользования,1,5.0,14.892551011058297,6.482676330235809,55.8595175,37.4748951,,0.0,0.0,2026.0,Завершено,1.3862943611198906,12.302901368733329,floor_2,0,0,0,0,1,1,0,0-5,cheap,0.5,3281325.406103178
https://investmoscow.ru/tenders/tender/20003379,completed,20003379.0,6.6,1194000.0,180909.0909090909,САО,2,26.0,Вход через места общего пользования,1,5.0,14.892551011058297,6.482676330235809,55.8595175,37.4748951,,0.0,0.0,2026.0,Завершено,2.028148247292285,12.105755451525216,floor_2,0,0,0,0,1,1,0,0-5,cheap,1.1,2694197.86472782
https://investmoscow.ru/tenders/tender/20002220,completed,20002220.0,3.0,661000.0,220333.3333333333,САО,2,26.0,Вход через места общего пользования,1,5.0,14.892551011058297,6.482676330235809,55.8595175,37.4748951,,0.0,0.0,2026.0,Завершено,1.3862943611198906,12.302901368733329,floor_2,0,0,0,0,1,1,0,0-5,cheap,0.5,3281325.406103178
https://investmoscow.ru/tenders/tender/20003149,completed,20003149.0,3.2,694000.0,216875.0,САО,2,26.0,Вход через места общего пользования,1,5.0,14.892551011058297,6.482676330235809,55.8595175,37.4748951,,0.0,0.0,2026.0,Завершено,1.4350845252893227,12.287081040623638,floor_2,0,0,0,0,1,1,0,0-5,cheap,0.5333333333333333,3229822.000523268
https://investmoscow.ru/tenders/tender/20002926,completed,20002926.0,2.8,628000.0,224285.7142857143,САО,2,26.0,Вход через места общего пользования,1,5.0,14.892551011058297,6.482676330235809,55.8595175,37.4748951,,0.0,0.0,2026.0,Завершено,1.33500106673234,12.320680486857963,floor_2,0,0,0,0,1,1,0,0-5,cheap,0.4666666666666666,3340186.4410516466
https://investmoscow.ru/tenders/tender/20001894,completed,20001894.0,2.7,611000.0,226296.2962962963,САО,2,26.0,Вход через места общего пользования,1,5.0,14.892551011058297,6.482676330235809,55.8595175,37.4748951,,0.0,0.0,2026.0,Завершено,1.308332819650179,12.329604884118956,floor_2,0,0,0,0,1,1,0,0-5,cheap,0.45,3370129.136206155
https://investmoscow.ru/tenders/tender/20001854,completed,20001854.0,2.7,611000.0,226296.2962962963,САО,2,26.0,Вход через места общего пользования,1,5.0,14.892551011058297,6.482676330235809,55.8595175,37.4748951,,0.0,0.0,2026.0,Завершено,1.308332819650179,12.329604884118956,floor_2,0,0,0,0,1,1,0,0-5,cheap,0.45,3370129.136206155
https://investmoscow.ru/tenders/tender/20001548,completed,20001548.0,3.1,678000.0,218709.6774193548,САО,2,22.0,Вход через места общего пользования,1,5.0,14.892551011058297,6.482676330235809,55.8595175,37.4748951,,0.0,0.0,2026.0,Завершено,1.410986973710262,12.295505027692366,floor_2,0,0,0,0,1,1,0,0-5,cheap,0.5166666666666667,3257145.027579846
https://investmoscow.ru/tenders/tender/20001757,completed,20001757.0,3.2,694000.0,216875.0,САО,2,22.0,Вход через места общего пользования,1,5.0,14.892551011058297,6.482676330235809,55.8595175,37.4748951,,0.0,0.0,2026.0,Завершено,1.4350845252893227,12.287081040623638,floor_2,0,0,0,0,1,1,0,0-5,cheap,0.5333333333333333,3229822.000523268
https://investmoscow.ru/tenders/tender/20001515,completed,20001515.0,3.1,678000.0,218709.6774193548,САО,2,22.0,Вход через места общего пользования,1,5.0,14.892551011058297,6.482676330235809,55.8595175,37.4748951,,0.0,0.0,2026.0,Завершено,1.410986973710262,12.295505027692366,floor_2,0,0,0,0,1,1,0,0-5,cheap,0.5166666666666667,3257145.027579846
https://investmoscow.ru/tenders/tender/19997858,completed,19997858.0,3.6,758000.0,210555.5555555556,САО,2,22.0,Вход через места общего пользования,1,5.0,14.892551011058297,6.482676330235809,55.8595175,37.4748951,,0.0,0.0,2026.0,Завершено,1.5260563034950492,12.257509568491535,floor_2,0,0,0,0,1,1,0,0-5,cheap,0.6,3135709.351772831
https://investmoscow.ru/tenders/tender/20003134,completed,20003134.0,3.0,661000.0,220333.3333333333,САО,2,26.0,Вход через места общего пользования,1,5.0,14.892551011058297,6.482676330235809,55.8595175,37.4748951,,0.0,0.0,2026.0,Завершено,1.3862943611198906,12.302901368733329,floor_2,0,0,0,0,1,1,0,0-5,cheap,0.5,3281325.406103178
https://investmoscow.ru/tenders/tender/20003030,completed,20003030.0,3.0,661000.0,220333.3333333333,САО,2,26.0,Вход через места общего пользования,1,5.0,14.892551011058297,6.482676330235809,55.8595175,37.4748951,,0.0,0.0,2026.0,Завершено,1.3862943611198906,12.302901368733329,floor_2,0,0,0,0,1,1,0,0-5,cheap,0.5,3281325.406103178
https://investmoscow.ru/tenders/tender/20001639,completed,20001639.0,3.1,678000.0,218709.6774193548,САО,2,22.0,Вход через места общего пользования,1,5.0,14.892551011058297,6.482676330235809,55.8595175,37.4748951,,0.0,0.0,2026.0,Завершено,1.410986973710262,12.295505027692366,floor_2,0,0,0,0,1,1,0,0-5,cheap,0.5166666666666667,3257145.027579846
https://investmoscow.ru/tenders/tender/19998282,completed,19998282.0,3.8,790000.0,207894.73684210528,САО,2,22.0,Вход через места общего пользования,1,5.0,14.892551011058297,6.482676330235809,55.8595175,37.4748951,,0.0,0.0,2026.0,Завершено,1.5686159179138452,12.244791967825876,floor_2,0,0,0,0,1,1,0,0-5,cheap,0.6333333333333333,3096082.9733515936
https://investmoscow.ru/tenders/tender/20002966,completed,20002966.0,3.0,661000.0,220333.3333333333,САО,2,26.0,Вход через места общего пользования,1,5.0,14.892551011058297,6.482676330235809,55.8595175,37.4748951,,0.0,0.0,2026.0,Завершено,1.3862943611198906,12.302901368733329,floor_2,0,0,0,0,1,1,0,0-5,cheap,0.5,3281325.406103178
https://investmoscow.ru/tenders/tender/20001973,completed,20001973.0,2.7,611000.0,226296.2962962963,САО,2,26.0,Вход через места общего пользования,1,5.0,14.892551011058297,6.482676330235809,55.8595175,37.4748951,,0.0,0.0,2026.0,Завершено,1.308332819650179,12.329604884118956,floor_2,0,0,0,0,1,1,0,0-5,cheap,0.45,3370129.136206155
https://investmoscow.ru/tenders/tender/20001915,completed,20001915.0,2.7,611000.0,226296.2962962963,САО,2,26.0,Вход через места общего пользования,1,5.0,14.892551011058297,6.482676330235809,55.8595175,37.4748951,,0.0,0.0,2026.0,Завершено,1.308332819650179,12.329604884118956,floor_2,0,0,0,0,1,1,0,0-5,cheap,0.45,3370129.136206155
https://investmoscow.ru/tenders/tender/20001415,completed,20001415.0,3.1,678000.0,218709.6774193548,САО,2,22.0,Вход через места общего пользования,1,5.0,14.892551011058297,6.482676330235809,55.8595175,37.4748951,,0.0,0.0,2026.0,Завершено,1.410986973710262,12.295505027692366,floor_2,0,0,0,0,1,1,0,0-5,cheap,0.5166666666666667,3257145.027579846
https://investmoscow.ru/tenders/tender/20000737,completed,20000737.0,3.0,661000.0,220333.3333333333,САО,2,22.0,Вход через места общего пользования,1,5.0,14.892551011058297,6.482676330235809,55.8595175,37.4748951,661000.0,0.0,1.0,2026.0,Завершено,1.3862943611198906,12.302901368733329,floor_2,0,0,0,0,1,1,0,0-5,cheap,0.5,3281325.406103178
https://investmoscow.ru/tenders/tender/19998206,completed,19998206.0,3.7,774000.0,209189.1891891892,САО,2,22.0,Вход через места общего пользования,1,5.0,14.892551011058297,6.482676330235809,55.8595175,37.4748951,,0.0,0.0,2026.0,Завершено,1.547562508716013,12.250999113272016,floor_2,0,0,0,0,1,1,0,0-5,cheap,0.6166666666666667,3115360.670961925
https://investmoscow.ru/tenders/tender/19997758,completed,19997758.0,3.7,774000.0,209189.1891891892,САО,2,22.0,Вход через места общего пользования,1,5.0,14.892551011058297,6.482676330235809,55.8595175,37.4748951,,0.0,0.0,2026.0,Завершено,1.547562508716013,12.250999113272016,floor_2,0,0,0,0,1,1,0,0-5,cheap,0.6166666666666667,3115360.670961925
https://investmoscow.ru/tenders/tender/20001532,completed,20001532.0,3.0,661000.0,220333.3333333333,САО,2,22.0,Вход через места общего пользования,1,5.0,14.892551011058297,6.482676330235809,55.8595175,37.4748951,661000.0,0.0,1.0,2026.0,Завершено,1.3862943611198906,12.302901368733329,floor_2,0,0,0,0,1,1,0,0-5,cheap,0.5,3281325.406103178
https://investmoscow.ru/tenders/tender/20000822,completed,20000822.0,2.8,628000.0,224285.7142857143,САО,2,22.0,Вход через места общего пользования,1,5.0,14.892551011058297,6.482676330235809,55.8595175,37.4748951,,0.0,0.0,2026.0,Завершено,1.33500106673234,12.320680486857963,floor_2,0,0,0,0,1,1,0,0-5,cheap,0.4666666666666666,3340186.4410516466
https://investmoscow.ru/tenders/tender/19999509,completed,19999509.0,3.7,774000.0,209189.1891891892,САО,2,22.0,Вход через места общего пользования,1,5.0,14.892551011058297,6.482676330235809,55.8595175,37.4748951,774000.0,0.0,1.0,2026.0,Завершено,1.547562508716013,12.250999113272016,floor_2,0,0,0,0,1,1,0,0-5,cheap,0.6166666666666667,3115360.670961925
https://investmoscow.ru/tenders/tender/19998260,completed,19998260.0,3.6,758000.0,210555.5555555556,САО,2,22.0,Вход через места общего пользования,1,5.0,14.892551011058297,6.482676330235809,55.8595175,37.4748951,,0.0,0.0,2026.0,Завершено,1.5260563034950492,12.257509568491535,floor_2,0,0,0,0,1,1,0,0-5,cheap,0.6,3135709.351772831
https://investmoscow.ru/tenders/tender/19997694,completed,19997694.0,3.9,805000.0,206410.2564102564,САО,2,22.0,Вход через места общего пользования,1,5.0,14.892551011058297,6.482676330235809,55.8595175,37.4748951,,0.0,0.0,2026.0,Завершено,1.589235205116581,12.23762584797386,floor_2,0,0,0,0,1,1,0,0-5,cheap,0.65,3073975.272795366
https://investmoscow.ru/tenders/tender/19997532,completed,19997532.0,3.2,694000.0,216875.0,САО,2,22.0,Вход через места общего пользования,1,5.0,14.892551011058297,6.482676330235809,55.8595175,37.4748951,694000.0,0.0,1.0,2026.0,Завершено,1.4350845252893227,12.287081040623638,floor_2,0,0,0,0,1,1,0,0-5,cheap,0.5333333333333333,3229822.000523268
https://investmoscow.ru/tenders/tender/20000139,completed,20000139.0,3.3,710000.0,215151.5151515152,САО,2,22.0,Вход через места общего пользования,1,5.0,14.892551011058297,6.482676330235809,55.8595175,37.4748951,710000.0,0.0,1.0,2026.0,Завершено,1.4586150226995167,12.279102428421586,floor_2,0,0,0,0,1,1,0,0-5,cheap,0.5499999999999999,3204154.914500422
https://investmoscow.ru/tenders/tender/19999344,completed,19999344.0,3.5,742000.0,212000.0,САО,2,22.0,Вход через места общего пользования,1,5.0,14.892551011058297,6.482676330235809,55.8595175,37.4748951,,0.0,0.0,2026.0,Завершено,1.5040773967762742,12.264346270624156,floor_2,0,0,0,0,1,1,0,0-5,cheap,0.5833333333333334,3157220.814344359
https://investmoscow.ru/tenders/tender/19997444,completed,19997444.0,3.2,694000.0,216875.0,САО,2,22.0,Вход через места общего пользования,1,5.0,14.892551011058297,6.482676330235809,55.8595175,37.4748951,694000.0,0.0,1.0,2026.0,Завершено,1.4350845252893227,12.287081040623638,floor_2,0,0,0,0,1,1,0,0-5,cheap,0.5333333333333333,3229822.000523268
https://investmoscow.ru/tenders/tender/20001591,completed,20001591.0,3.0,661000.0,220333.3333333333,САО,2,22.0,Вход через места общего пользования,1,5.0,14.892551011058297,6.482676330235809,55.8595175,37.4748951,661000.0,0.0,1.0,2026.0,Завершено,1.3862943611198906,12.302901368733329,floor_2,0,0,0,0,1,1,0,0-5,cheap,0.5,3281325.406103178
https://investmoscow.ru/tenders/tender/19997826,completed,19997826.0,3.9,805000.0,206410.2564102564,САО,2,22.0,Вход через места общего пользования,1,5.0,14.892551011058297,6.482676330235809,55.8595175,37.4748951,,0.0,0.0,2026.0,Завершено,1.589235205116581,12.23762584797386,floor_2,0,0,0,0,1,1,0,0-5,cheap,0.65,3073975.272795366
https://investmoscow.ru/tenders/tender/19997796,completed,19997796.0,4.1,811000.0,197804.8780487805,САО,2,22.0,Вход через места общего пользования,1,5.0,14.892551011058297,6.482676330235809,55.8595175,37.4748951,,0.0,0.0,2026.0,Завершено,1.62924053973028,12.195041414861562,floor_2,0,0,0,0,1,1,0,0-5,cheap,0.6833333333333332,2945819.236577629
https://investmoscow.ru/tenders/tender/19997691,completed,19997691.0,3.2,694000.0,216875.0,САО,2,22.0,Вход через места общего пользования,1,5.0,14.892551011058297,6.482676330235809,55.8595175,37.4748951,,0.0,0.0,2026.0,Завершено,1.4350845252893227,12.287081040623638,floor_2,0,0,0,0,1,1,0,0-5,cheap,0.5333333333333333,3229822.000523268
https://investmoscow.ru/tenders/tender/19997552,completed,19997552.0,3.2,694000.0,216875.0,САО,2,22.0,Вход через места общего пользования,1,5.0,14.892551011058297,6.482676330235809,55.8595175,37.4748951,,0.0,0.0,2026.0,Завершено,1.4350845252893227,12.287081040623638,floor_2,0,0,0,0,1,1,0,0-5,cheap,0.5333333333333333,3229822.000523268
https://investmoscow.ru/tenders/tender/20001077,completed,20001077.0,3.1,678000.0,218709.6774193548,САО,2,22.0,Вход через места общего пользования,1,5.0,14.892551011058297,6.482676330235809,55.8595175,37.4748951,,0.0,0.0,2026.0,Завершено,1.410986973710262,12.295505027692366,floor_2,0,0,0,0,1,1,0,0-5,cheap,0.5166666666666667,3257145.027579846
https://investmoscow.ru/tenders/tender/20001516,completed,20001516.0,3.2,694000.0,216875.0,САО,2,22.0,Вход через места общего пользования,1,5.0,14.892551011058297,6.482676330235809,55.8595175,37.4748951,,0.0,0.0,2026.0,Завершено,1.4350845252893227,12.287081040623638,floor_2,0,0,0,0,1,1,0,0-5,cheap,0.5333333333333333,3229822.000523268
https://investmoscow.ru/tenders/tender/19984786,completed,19984786.0,4.6,957000.0,208043.4782608696,САО,1,22.0,Вход через места общего пользования,1,5.0,14.892551011058297,6.482676330235809,55.8595175,37.4748951,1148400.0,20.0,5.0,2026.0,Завершено,1.7227665977411035,12.245507173616057,floor_1,1,0,0,0,0,1,0,0-5,cheap,0.7666666666666666,3098298.112517998
https://investmoscow.ru/tenders/tender/19995490,completed,19995490.0,2.8,659000.0,235357.14285714287,САО,1,22.0,Вход через места общего пользования,1,5.0,14.892551011058297,6.482676330235809,55.8595175,37.4748951,659000.0,0.0,2.0,2026.0,Завершено,1.33500106673234,12.368863645156372,floor_1,1,0,0,0,0,1,0,0-5,cheap,0.4666666666666666,3505068.255816935
https://investmoscow.ru/tenders/tender/19995781,completed,19995781.0,3.4,763000.0,224411.76470588235,САО,1,22.0,Вход через места общего пользования,1,5.0,14.892551011058297,6.482676330235809,55.8595175,37.4748951,801150.0,5.0,5.0,2026.0,Завершено,1.4816045409242156,12.321242334728916,floor_1,1,0,0,0,0,1,0,0-5,cheap,0.5666666666666667,3342063.6533639645
https://investmoscow.ru/tenders/tender/19995767,completed,19995767.0,4.3,910000.0,211627.90697674413,САО,1,22.0,Вход через места общего пользования,1,5.0,14.892551011058297,6.482676330235809,55.8595175,37.4748951,910000.0,0.0,4.0,2026.0,Завершено,1.667706820558076,12.262589581057076,floor_1,1,0,0,0,0,1,0,0-5,cheap,0.7166666666666667,3151679.400014662
https://investmoscow.ru/tenders/tender/19979359,completed,19979359.0,3.2,729000.0,227812.5,САО,1,22.0,Вход через места общего пользования,1,5.0,14.892551011058297,6.482676330235809,55.8595175,37.4748951,838350.0,15.0,8.0,2026.0,Завершено,1.4350845252893227,12.33628259075024,floor_1,1,0,0,0,0,1,0,0-5,cheap,0.5333333333333333,3392709.277206718
https://investmoscow.ru/tenders/tender/19995678,completed,19995678.0,2.0,512000.0,256000.0,САО,1,22.0,Вход через места общего пользования,1,5.0,14.892551011058297,6.482676330235809,55.8595175,37.4748951,512000.0,0.0,1.0,2026.0,Завершено,1.0986122886681098,12.45293662970407,floor_1,1,0,0,0,0,1,0,0-5,cheap,0.3333333333333333,3812493.058830924
https://investmoscow.ru/tenders/tender/19984541,completed,19984541.0,4.6,957000.0,208043.4782608696,САО,1,22.0,Вход через места общего пользования,1,5.0,14.892551011058297,6.482676330235809,55.8595175,37.4748951,1100550.0,15.0,5.0,2026.0,Завершено,1.7227665977411035,12.245507173616057,floor_1,1,0,0,0,0,1,0,0-5,cheap,0.7666666666666666,3098298.112517998
https://investmoscow.ru/tenders/tender/19979308,completed,19979308.0,3.9,846000.0,216923.0769230769,САО,1,22.0,Вход через места общего пользования,1,5.0,14.892551011058297,6.482676330235809,55.8595175,37.4748951,845000.0,-0.1,2.0,2026.0,Завершено,1.589235205116581,12.287302695371212,floor_1,1,0,0,0,0,1,0,0-5,cheap,0.65,3230537.988552646
https://investmoscow.ru/tenders/tender/19979242,completed,19979242.0,3.3,746000.0,226060.60606060608,САО,1,22.0,Вход через места общего пользования,1,5.0,14.892551011058297,6.482676330235809,55.8595175,37.4748951,746000.0,0.0,2.0,2026.0,Завершено,1.4586150226995167,12.328562834296172,floor_1,1,0,0,0,0,1,0,0-5,cheap,0.5499999999999999,3366619.1073483303
https://investmoscow.ru/tenders/tender/19979213,completed,19979213.0,4.0,862000.0,215500.0,САО,1,22.0,Вход через места общего пользования,1,5.0,14.892551011058297,6.482676330235809,55.8595175,37.4748951,1594700.0,85.0,10.0,2026.0,Завершено,1.6094379124341005,12.280720828886404,floor_1,1,0,0,0,0,1,0,0-5,cheap,0.6666666666666666,3209344.742883063
https://investmoscow.ru/tenders/tender/19995732,completed,19995732.0,4.8,988000.0,205833.3333333333,САО,1,22.0,Вход через места общего пользования,1,5.0,14.892551011058297,6.482676330235809,55.8595175,37.4748951,,0.0,0.0,2026.0,Завершено,1.7578579175523736,12.234826917103954,floor_1,1,0,0,0,0,1,0,0-5,cheap,0.7999999999999999,3065383.4164428324
https://investmoscow.ru/tenders/tender/19985504,completed,19985504.0,2.8,659000.0,235357.14285714287,САО,1,22.0,Вход через места общего пользования,1,5.0,14.892551011058297,6.482676330235809,55.8595175,37.4748951,659000.0,0.0,3.0,2026.0,Завершено,1.33500106673234,12.368863645156372,floor_1,1,0,0,0,0,1,0,0-5,cheap,0.4666666666666666,3505068.255816935
https://investmoscow.ru/tenders/tender/19979412,completed,19979412.0,3.0,694000.0,231333.3333333333,САО,1,22.0,Вход через места общего пользования,1,5.0,14.892551011058297,6.482676330235809,55.8595175,37.4748951,694000.0,0.0,2.0,2026.0,Завершено,1.3862943611198906,12.35161927357806,floor_1,1,0,0,0,0,1,0,0-5,cheap,0.5,3445143.467224819
https://investmoscow.ru/tenders/tender/19978827,completed,19978827.0,2.0,512000.0,256000.0,САО,1,22.0,Вход через места общего пользования,1,5.0,14.892551011058297,6.482676330235809,55.8595175,37.4748951,512000.0,0.0,2.0,2026.0,Завершено,1.0986122886681098,12.45293662970407,floor_1,1,0,0,0,0,1,0,0-5,cheap,0.3333333333333333,3812493.058830924
https://investmoscow.ru/tenders/tender/19984241,completed,19984241.0,3.4,763000.0,224411.76470588235,САО,1,22.0,Вход через места общего пользования,1,5.0,14.892551011058297,6.482676330235809,55.8595175,37.4748951,763000.0,0.0,3.0,2026.0,Завершено,1.4816045409242156,12.321242334728916,floor_1,1,0,0,0,0,1,0,0-5,cheap,0.5666666666666667,3342063.6533639645
https://investmoscow.ru/tenders/tender/19979423,completed,19979423.0,3.0,694000.0,231333.3333333333,САО,1,22.0,Вход через места общего пользования,1,5.0,14.892551011058297,6.482676330235809,55.8595175,37.4748951,694000.0,0.0,3.0,2026.0,Завершено,1.3862943611198906,12.35161927357806,floor_1,1,0,0,0,0,1,0,0-5,cheap,0.5,3445143.467224819
https://investmoscow.ru/tenders/tender/19979406,completed,19979406.0,3.2,729000.0,227812.5,САО,1,22.0,Вход через места общего пользования,1,5.0,14.892551011058297,6.482676330235809,55.8595175,37.4748951,801900.0,10.0,5.0,2026.0,Завершено,1.4350845252893227,12.33628259075024,floor_1,1,0,0,0,0,1,0,0-5,cheap,0.5333333333333333,3392709.277206718
https://investmoscow.ru/tenders/tender/19979176,completed,19979176.0,3.5,780000.0,222857.14285714287,САО,1,22.0,Вход через места общего пользования,1,5.0,14.892551011058297,6.482676330235809,55.8595175,37.4748951,780000.0,0.0,2.0,2026.0,Завершено,1.5040773967762742,12.314290717339826,floor_1,1,0,0,0,0,1,0,0-5,cheap,0.5833333333333334,3318911.368178706
https://investmoscow.ru/tenders/tender/19979007,completed,19979007.0,3.9,846000.0,216923.0769230769,САО,1,22.0,Вход через места общего пользования,1,5.0,14.892551011058297,6.482676330235809,55.8595175,37.4748951,1142100.0,35.0,8.0,2026.0,Завершено,1.589235205116581,12.287302695371212,floor_1,1,0,0,0,0,1,0,0-5,cheap,0.65,3230537.988552646
https://investmoscow.ru/tenders/tender/19985329,completed,19985329.0,4.1,878000.0,214146.34146341463,САО,1,22.0,Вход через места общего пользования,1,5.0,14.892551011058297,6.482676330235809,55.8595175,37.4748951,878000.0,0.0,3.0,2026.0,Завершено,1.62924053973028,12.274419568599962,floor_1,1,0,0,0,0,1,0,0-5,cheap,0.6833333333333332,3189185.314075411
https://investmoscow.ru/tenders/tender/19995002,completed,19995002.0,3.3,746000.0,226060.60606060608,САО,1,22.0,Вход через места общего пользования,1,5.0,14.892551011058297,6.482676330235809,55.8595175,37.4748951,746000.0,0.0,5.0,2026.0,Завершено,1.4586150226995167,12.328562834296172,floor_1,1,0,0,0,0,1,0,0-5,cheap,0.5499999999999999,3366619.1073483303
https://investmoscow.ru/tenders/tender/19993501,completed,19993501.0,3.1,712000.0,229677.4193548387,САО,1,22.0,Вход через места общего пользования,1,5.0,14.892551011058297,6.482676330235809,55.8595175,37.4748951,783200.0,10.0,3.0,2026.0,Завершено,1.410986973710262,12.34443543282612,floor_1,1,0,0,0,0,1,0,0-5,cheap,0.5166666666666667,3420482.6838301634
https://investmoscow.ru/tenders/tender/19993437,completed,19993437.0,3.2,729000.0,227812.5,САО,1,22.0,Вход через места общего пользования,1,5.0,14.892551011058297,6.482676330235809,55.8595175,37.4748951,801900.0,10.0,3.0,2026.0,Завершено,1.4350845252893227,12.33628259075024,floor_1,1,0,0,0,0,1,0,0-5,cheap,0.5333333333333333,3392709.277206718
https://investmoscow.ru/tenders/tender/19993714,completed,19993714.0,4.2,893000.0,212619.0476190476,САО,1,22.0,Вход через места общего пользования,1,5.0,14.892551011058297,6.482676330235809,55.8595175,37.4748951,893000.0,0.0,3.0,2026.0,Завершено,1.6486586255873816,12.267262037805734,floor_1,1,0,0,0,0,1,0,0-5,cheap,0.7000000000000001,3166440.0125893
https://investmoscow.ru/tenders/tender/19996722,completed,19996722.0,4.3,910000.0,211627.90697674413,САО,1,22.0,Вход через места общего пользования,1,5.0,14.892551011058297,6.482676330235809,55.8595175,37.4748951,910000.0,0.0,3.0,2026.0,Завершено,1.667706820558076,12.262589581057076,floor_1,1,0,0,0,0,1,0,0-5,cheap,0.7166666666666667,3151679.400014662
https://investmoscow.ru/tenders/tender/19995957,completed,19995957.0,3.1,712000.0,229677.4193548387,САО,1,22.0,Вход через места общего пользования,1,5.0,14.892551011058297,6.482676330235809,55.8595175,37.4748951,712000.0,0.0,3.0,2026.0,Завершено,1.410986973710262,12.34443543282612,floor_1,1,0,0,0,0,1,0,0-5,cheap,0.5166666666666667,3420482.6838301634
https://investmoscow.ru/tenders/tender/19995230,completed,19995230.0,3.5,780000.0,222857.14285714287,САО,1,22.0,Вход через места общего пользования,1,5.0,14.892551011058297,6.482676330235809,55.8595175,37.4748951,780000.0,0.0,2.0,2026.0,Завершено,1.5040773967762742,12.314290717339826,floor_1,1,0,0,0,0,1,0,0-5,cheap,0.5833333333333334,3318911.368178706
https://investmoscow.ru/tenders/tender/19993537,completed,19993537.0,3.3,746000.0,226060.60606060608,САО,1,22.0,Вход через места общего пользования,1,5.0,14.892551011058297,6.482676330235809,55.8595175,37.4748951,746000.0,0.0,2.0,2026.0,Завершено,1.4586150226995167,12.328562834296172,floor_1,1,0,0,0,0,1,0,0-5,cheap,0.5499999999999999,3366619.1073483303
https://investmoscow.ru/tenders/tender/19996680,completed,19996680.0,3.7,812000.0,219459.45945945944,САО,basement,22.0,Вход через места общего пользования,1,5.0,14.892551011058297,6.482676330235809,55.8595175,37.4748951,812000.0,0.0,4.0,2026.0,Завершено,1.547562508716013,12.2989273561335,basement,0,1,0,0,0,1,0,0-5,cheap,0.6166666666666667,3268311.19485928
https://investmoscow.ru/tenders/tender/19995108,completed,19995108.0,3.2,729000.0,227812.5,САО,1,22.0,Вход через места общего пользования,1,5.0,14.892551011058297,6.482676330235809,55.8595175,37.4748951,729000.0,0.0,3.0,2026.0,Завершено,1.4350845252893227,12.33628259075024,floor_1,1,0,0,0,0,1,0,0-5,cheap,0.5333333333333333,3392709.277206718
https://investmoscow.ru/tenders/tender/19993618,completed,19993618.0,4.4,925000.0,210227.2727272727,САО,1,22.0,Вход через места общего пользования,1,5.0,14.892551011058297,6.482676330235809,55.8595175,37.4748951,925000.0,0.0,2.0,2026.0,Завершено,1.6863989535702288,12.25594923231579,floor_1,1,0,0,0,0,1,0,0-5,cheap,0.7333333333333334,3130820.383006573
https://investmoscow.ru/tenders/tender/19997349,completed,19997349.0,3.4,763000.0,224411.76470588235,САО,1,22.0,Вход через места общего пользования,1,5.0,14.892551011058297,6.482676330235809,55.8595175,37.4748951,763000.0,0.0,3.0,2026.0,Завершено,1.4816045409242156,12.321242334728916,floor_1,1,0,0,0,0,1,0,0-5,cheap,0.5666666666666667,3342063.6533639645
https://investmoscow.ru/tenders/tender/19995644,completed,19995644.0,4.3,910000.0,211627.90697674413,САО,1,22.0,Вход через места общего пользования,1,5.0,14.892551011058297,6.482676330235809,55.8595175,37.4748951,910000.0,0.0,3.0,2026.0,Завершено,1.667706820558076,12.262589581057076,floor_1,1,0,0,0,0,1,0,0-5,cheap,0.7166666666666667,3151679.400014662
https://investmoscow.ru/tenders/tender/19993827,completed,19993827.0,3.5,780000.0,222857.14285714287,САО,1,22.0,Вход через места общего пользования,1,5.0,14.892551011058297,6.482676330235809,55.8595175,37.4748951,1014000.0,30.0,7.0,2026.0,Завершено,1.5040773967762742,12.314290717339826,floor_1,1,0,0,0,0,1,0,0-5,cheap,0.5833333333333334,3318911.368178706
https://investmoscow.ru/tenders/tender/19992401,completed,19992401.0,3.9,846000.0,216923.0769230769,САО,1,22.0,Вход через места общего пользования,1,5.0,14.892551011058297,6.482676330235809,55.8595175,37.4748951,1015200.0,20.0,5.0,2026.0,Завершено,1.589235205116581,12.287302695371212,floor_1,1,0,0,0,0,1,0,0-5,cheap,0.65,3230537.988552646
https://investmoscow.ru/tenders/tender/19995607,completed,19995607.0,4.3,910000.0,211627.90697674413,САО,1,22.0,Вход через места общего пользования,1,5.0,14.892551011058297,6.482676330235809,55.8595175,37.4748951,910000.0,0.0,2.0,2026.0,Завершено,1.667706820558076,12.262589581057076,floor_1,1,0,0,0,0,1,0,0-5,cheap,0.7166666666666667,3151679.400014662
https://investmoscow.ru/tenders/tender/19995437,completed,19995437.0,7.4,1367000.0,184729.72972972973,САО,1,22.0,Вход через места общего пользования,1,5.0,14.892551011058297,6.482676330235809,55.8595175,37.4748951,1503700.0,10.0,2.0,2026.0,Завершено,2.128231705849268,12.126654528795136,floor_1,1,0,0,0,0,1,0,0-5,cheap,1.2333333333333334,2751096.9232590124
https://investmoscow.ru/tenders/tender/19993628,completed,19993628.0,3.6,796000.0,221111.1111111111,САО,1,22.0,Вход через места общего пользования,1,5.0,14.892551011058297,6.482676330235809,55.8595175,37.4748951,995000.0,25.0,4.0,2026.0,Завершено,1.5260563034950492,12.306425141967294,floor_1,1,0,0,0,0,1,0,0-5,cheap,0.6,3292908.501334001
https://investmoscow.ru/tenders/tender/19992524,completed,19992524.0,4.1,878000.0,214146.34146341463,САО,1,22.0,Вход через места общего пользования,1,5.0,14.892551011058297,6.482676330235809,55.8595175,37.4748951,1009700.0,15.0,2.0,2026.0,Завершено,1.62924053973028,12.274419568599962,floor_1,1,0,0,0,0,1,0,0-5,cheap,0.6833333333333332,3189185.314075411
https://investmoscow.ru/tenders/tender/19992379,completed,19992379.0,4.6,957000.0,208043.4782608696,САО,1,22.0,Вход через места общего пользования,1,5.0,14.892551011058297,6.482676330235809,55.8595175,37.4748951,1339800.0,40.0,5.0,2026.0,Завершено,1.7227665977411035,12.245507173616057,floor_1,1,0,0,0,0,1,0,0-5,cheap,0.7666666666666666,3098298.112517998
https://investmoscow.ru/tenders/tender/19993516,completed,19993516.0,3.9,846000.0,216923.0769230769,САО,1,22.0,Вход через места общего пользования,1,5.0,14.892551011058297,6.482676330235809,55.8595175,37.4748951,1015200.0,20.0,6.0,2026.0,Завершено,1.589235205116581,12.287302695371212,floor_1,1,0,0,0,0,1,0,0-5,cheap,0.65,3230537.988552646
https://investmoscow.ru/tenders/tender/19990340,completed,19990340.0,82.4,23233000.0,281953.8834951456,САО,1,22.0,Отдельный,1,5.0,14.892551011058297,6.482676330235809,55.8595175,37.4748951,44142700.0,90.0,26.0,2026.0,Завершено,4.423648309364701,12.549502349515002,floor_1,1,0,0,0,0,0,0,0-5,medium,13.733333333333334,4199012.592717444
https://investmoscow.ru/tenders/tender/19988679,completed,19988679.0,87.9,24783000.0,281945.3924914676,САО,1,22.0,Отдельный,1,5.0,14.892551011058297,6.482676330235809,55.8595175,37.4748951,45848550.0,85.0,24.0,2026.0,Завершено,4.487512142519859,12.549472234301437,floor_1,1,0,0,0,0,0,0,0-5,medium,14.65,4198886.140012034
https://investmoscow.ru/tenders/tender/19988653,completed,19988653.0,106.0,26534000.0,250320.7547169812,САО,1,22.0,Отдельный,1,5.0,14.892551011058297,6.482676330235809,55.8595175,37.4748951,53068000.0,100.0,22.0,2026.0,Завершено,4.672828834461906,12.430502388213451,floor_1,1,0,0,0,0,0,0,0-5,expensive,17.666666666666668,3727914.6087492537
https://investmoscow.ru/tenders/tender/19988358,completed,19988358.0,71.3,20103000.0,281949.5091164095,САО,1,22.0,Отдельный,1,5.0,14.892551011058297,6.482676330235809,55.8595175,37.4748951,32164800.0,60.0,7.0,2026.0,Завершено,4.280824129164719,12.549486834931196,floor_1,1,0,0,0,0,0,0,0-5,medium,11.883333333333333,4198947.447058975
https://investmoscow.ru/tenders/tender/19988316,completed,19988316.0,117.7,29463000.0,250322.85471537808,САО,1,22.0,Отдельный,1,5.0,14.892551011058297,6.482676330235809,55.8595175,37.4748951,61872300.0,110.0,30.0,2026.0,Завершено,4.776599301615622,12.430510777374796,floor_1,1,0,0,0,0,0,0,0-5,expensive,19.616666666666667,3727945.883082503
https://investmoscow.ru/tenders/tender/19988696,completed,19988696.0,80.9,22810000.0,281953.02843016066,САО,1,22.0,Отдельный,1,5.0,14.892551011058297,6.482676330235809,55.8595175,37.4748951,41058000.0,80.0,17.0,2026.0,Завершено,4.405498990859024,12.549499316879883,floor_1,1,0,0,0,0,0,0,0-5,medium,13.483333333333334,4198999.858618538
https://investmoscow.ru/tenders/tender/19999559,completed,19999559.0,83.0,10742000.0,129421.68674698797,ЦАО,basement,4.0,Вход через места общего пользования,1,11.0,3.044687820020428,2.8343687135750306,55.766401,37.5760179,,0.0,0.0,2026.0,Завершено,4.430816798843313,11.770838968301414,basement,0,1,0,0,0,0,1,10+,cheap,6.916666666666667,394048.6332850536
https://investmoscow.ru/tenders/tender/20000125,completed,20000125.0,327.5,67073500.0,204804.58015267176,ЗАО,basement,19.0,Отдельный,1,4.0,10.878373188816518,11.15891369823572,55.6856107,37.489401,,0.0,0.0,2026.0,Завершено,5.794536837924666,12.22981641861552,basement,0,1,0,0,0,0,0,0-5,expensive,65.5,2227940.653679648
https://investmoscow.ru/tenders/tender/19996541,completed,19996541.0,125.4,35054000.0,279537.48006379587,ВАО,1,13.0,Отдельный,1,33.0,8.613886339464958,5.207382679171145,55.8157813,37.6960486,,0.0,0.0,2026.0,Завершено,4.839451481712757,12.54089523674786,floor_1,1,0,0,0,0,0,0,10+,expensive,3.6882352941176473,2407904.080889989
https://investmoscow.ru/tenders/tender/19996725,completed,19996725.0,153.6,23647000.0,153951.8229166667,ВАО,1,14.0,Отдельный,1,15.0,13.924757675919674,5.197853756341424,55.8074729,37.8174317,,0.0,0.0,2026.0,Завершено,5.040841136153322,11.944401489765674,floor_1,1,0,0,0,0,0,0,10+,medium,9.6,2143741.827880681
https://investmoscow.ru/tenders/tender/19999081,completed,19999081.0,61.0,8525000.0,139754.09836065574,ЗАО,1,2.0,Вход через подъезд,1,13.0,12.450227904932028,4.04056761848701,55.7219786,37.4254665,14066250.0,65.0,6.0,2026.0,Завершено,4.127134385045092,11.847646872360164,floor_1,1,0,0,0,0,0,0,10+,cheap,4.357142857142857,1739970.3752384514
https://investmoscow.ru/tenders/tender/19999460,completed,19999460.0,546.7,23724000.0,43394.91494421072,ЗАО,basement,12.0,Вход через подъезд,1,19.0,17.131317021143804,9.264037046284418,55.6481346,37.4146552,23724000.0,0.0,3.0,2026.0,Завершено,6.305727691789675,10.678120589948964,basement,0,1,0,0,0,0,0,10+,medium,27.335,743412.0450148447
https://investmoscow.ru/tenders/tender/19996778,completed,19996778.0,180.8,17763000.0,98246.6814159292,ЗАО,basement,4.0,Отдельный,1,2.0,15.328216710736008,14.50746850519475,55.8477028,37.4406074,17763000.0,0.0,1.0,2026.0,Завершено,5.202907181743378,11.495246930632993,basement,0,1,0,0,0,0,0,0-5,medium,60.26666666666667,1505946.4238540027
https://investmoscow.ru/tenders/tender/20000407,completed,20000407.0,46.3,7913000.0,170907.12742980564,ЮАО,1,14.0,Отдельный,1,11.0,15.185451331697893,6.829140813699187,55.6379834,37.7518423,,0.0,0.0,2026.0,Завершено,3.856510295497887,12.048881424613077,floor_1,1,0,0,0,0,1,0,10+,cheap,3.858333333333333,2595301.865825604
https://investmoscow.ru/tenders/tender/19997948,completed,19997948.0,50.0,9641000.0,192820.0,ВАО,1,17.0,Отдельный,1,18.0,20.839069860088085,14.17373652177458,55.713737,37.9440932,,0.0,0.0,2026.0,Завершено,3.9318256327243257,12.169517576388929,floor_1,1,0,0,0,0,0,0,10+,cheap,2.631578947368421,4018189.450422185
https://investmoscow.ru/tenders/tender/19997930,completed,19997930.0,173.4,46287000.0,266937.71626297577,САО,1,25.0,Отдельный,1,8.0,13.89046952152574,6.580677674045878,55.8690716,37.5389515,,0.0,0.0,2026.0,Завершено,5.161351511474879,12.49477438393205,floor_1,1,0,0,0,0,0,0,5-10,expensive,19.266666666666666,3707890.2118965504
https://investmoscow.ru/tenders/tender/19998777,completed,19998777.0,95.3,23871000.0,250482.68625393487,ВАО,1,17.0,Отдельный,1,18.0,20.831229445331445,14.32569350401195,55.7096056,37.9423496,,0.0,0.0,2026.0,Завершено,4.56746831880408,12.43114907265156,floor_1,1,0,0,0,0,0,0,10+,medium,5.015789473684211,5217862.309438687
https://investmoscow.ru/tenders/tender/19997503,completed,19997503.0,229.7,38684700.0,168414.0182847192,ЗАО,1,15.0,Отдельный,1,9.0,11.435582052345216,2.8358628947552416,55.7178206,37.4448056,,0.0,0.0,2026.0,Завершено,5.441118165179708,12.034186559027162,floor_1,1,0,0,0,0,0,0,5-10,expensive,22.97,1925912.324860074
https://investmoscow.ru/tenders/tender/19998349,completed,19998349.0,10.4,3671000.0,352980.7692307692,ЦАО,1,8.0,Вход через места общего пользования,1,6.0,2.729328443229012,2.54678229906721,55.763532,37.5789117,,0.0,0.0,2026.0,Завершено,2.4336133554004498,12.774171689343158,floor_1,1,0,0,0,0,1,1,5-10,cheap,1.4857142857142858,963400.4533743944
https://investmoscow.ru/tenders/tender/19996137,completed,19996137.0,79.3,9064000.0,114300.1261034048,САО,basement,9.0,Вход через места общего пользования,1,13.0,8.240208656907992,1.8274519543744256,55.7968466,37.5123801,,0.0,0.0,2026.0,Завершено,4.385769620952716,11.64659170190764,basement,0,1,0,0,0,0,0,10+,cheap,5.664285714285714,941856.8886029512
https://investmoscow.ru/tenders/tender/19969077,active,,232.9,16391000.0,70377.84456848433,САО,basement,5.0,Вход через места общего пользования,1,11.0,7.010736954048501,1.4340053108015698,55.8000154,37.5445888,,,,,,5.454893673590133,11.161647993697398,basement,0,1,0,0,0,0,0,10+,medium,19.40833333333333,493400.5556625547
https://investmoscow.ru/tenders/tender/19984373,active,,78.4,19070000.0,243239.7959183673,ЮАО,1,6.0,Вход через подъезд,1,0.0,4.354394379612225,6.378952192589618,55.7129701,37.6104899,,,,,,4.37449836825309,12.401807161381164,floor_1,1,0,0,0,0,0,1,0-5,medium,78.4,1059162.0002449632
https://investmoscow.ru/tenders/tender/19969065,active,,343.1,47622000.0,138799.18391139607,ЮАО,1,17.0,Отдельный,1,16.0,15.518256749669073,7.961704383483433,55.6432644,37.773643,,,,,,5.840932312803435,11.84079065206402,floor_1,1,0,0,0,0,0,0,10+,expensive,20.18235294117647,2153921.372581581
https://investmoscow.ru/tenders/tender/19997242,active,,18.3,3653000.0,199617.4863387978,ЗАО,1,5.0,Вход через иную собственность,1,9.0,16.605759146497068,8.59090284633736,55.655234,37.4147697,,,,,,2.96010509591084,12.204163255498662,floor_1,1,0,0,0,0,1,0,5-10,cheap,1.83,3314799.899571245
https://investmoscow.ru/tenders/tender/19968991,active,,400.8,36547000.0,91185.12974051895,ЗАО,2,5.0,Вход через места общего пользования,1,9.0,16.605759146497068,8.59090284633736,55.655234,37.4147697,,,,,,5.995954452380834,11.420658078317627,floor_2,0,0,0,0,1,0,0,5-10,expensive,40.08,1514198.3022131445
https://investmoscow.ru/tenders/tender/19993722,active,,201.3,35852000.0,178102.3348236463,СВАО,1,12.0,Отдельный,1,4.0,8.440367114182797,3.349149355026771,55.826043,37.5867428,,,,,,5.3097517441737,12.090119193547409,floor_1,1,0,0,0,0,0,0,0-5,expensive,40.260000000000005,1503249.0898046778
https://investmoscow.ru/tenders/tender/19993754,active,,110.5,8058000.0,72923.07692307692,САО,basement,5.0,Вход через места общего пользования,1,13.0,,,,,,,,,,4.7140245909001735,11.197174136761769,basement,0,1,0,0,0,0,0,10+,cheap,7.892857142857143,916978.001176095
https://investmoscow.ru/tenders/tender/19993774,active,,61.0,16523500.0,270877.04918032786,ЦАО,1,15.0,Вход через места общего пользования,1,0.0,3.708490055151642,3.325110792401887,55.7830593,37.6393737,,,,,,4.127134385045092,12.509423995555473,floor_1,1,0,0,0,0,0,1,0-5,medium,61.0,1004544.8430540682
https://investmoscow.ru/tenders/tender/19975841,active,,152.7,24068000.0,157616.24099541586,ВАО,1,15.0,Отдельный,1,25.0,11.840351236663713,4.790265492028674,55.8228441,37.7592027,,,,,,5.03500265054455,11.967924847601516,floor_1,1,0,0,0,0,0,0,10+,medium,5.873076923076923,1866231.653988358
https://investmoscow.ru/tenders/tender/19976311,active,,211.0,31844000.0,150919.43127962085,ВАО,1,15.0,Отдельный,1,25.0,11.840351236663713,4.790265492028674,55.8228441,37.7592027,,,,,,5.356586274672012,11.92450803174459,floor_1,1,0,0,0,0,0,0,10+,expensive,8.115384615384615,1786939.074788243
https://investmoscow.ru/tenders/tender/19993855,active,,7.8,1945800.0,249461.53846153847,ЦАО,basement,5.0,Вход через места общего пользования,1,0.0,2.800133808464988,2.579104582484619,55.7671851,37.6532942,,,,,,2.174751721484161,12.427064036453864,basement,0,1,0,0,0,1,1,0-5,cheap,7.8,698525.6877578428
https://investmoscow.ru/tenders/tender/19973939,active,,630.2,47977000.0,76129.8000634719,ЮАО,basement,15.0,Отдельный,1,8.0,4.424330236133295,6.124611947526753,55.7121422,37.6180094,,,,,,6.447622769531664,11.240208193419765,basement,0,1,0,0,0,0,1,5-10,expensive,70.02222222222223,336823.3762916012
https://investmoscow.ru/tenders/tender/19974591,active,,340.6,35020000.0,102818.5554903112,ЦАО,basement,5.0,Отдельный,1,6.0,2.200952196450128,1.7907206125847652,55.7714958,37.6239262,,,,,,5.833640461914415,11.540730842417029,basement,0,1,0,0,0,0,1,5-10,expensive,48.65714285714286,226298.72554222983
https://investmoscow.ru/tenders/tender/19973951,active,,360.0,49473000.0,137425.0,НАО,1,14.0,Отдельный,1,112.0,,,,,,,,,,5.8888779583328805,11.830840869398768,floor_1,1,0,0,0,0,0,0,10+,expensive,3.185840707964602,1728063.4214674293
https://investmoscow.ru/tenders/tender/19974100,active,,193.1,32329000.0,167421.02537545314,ЗАО,1,26.0,Отдельный,1,19.0,13.454819643445893,10.40078934191431,55.8062195,37.4248616,,,,,,5.268373490174964,12.028273001712568,floor_1,1,0,0,0,0,0,0,10+,expensive,9.655,2252619.7009475003
https://investmoscow.ru/tenders/tender/19974211,active,,145.2,48401000.0,333340.22038567497,ЗАО,1,22.0,Отдельный,1,7.0,12.496434136632631,4.809439078704313,55.7369974,37.4192393,,,,,,4.984975547315679,12.71692193017327,floor_1,1,0,0,0,0,0,0,5-10,expensive,18.15,4165564.109140193
https://investmoscow.ru/tenders/tender/20006229,active,,182.2,37557000.0,206130.6256860593,ЗАО,1,15.0,Отдельный,1,18.0,18.441119234105315,10.578292328862378,55.6388036,37.4014191,,,,,,5.21057845224003,12.236270203364985,floor_1,1,0,0,0,0,0,0,10+,expensive,9.589473684210526,3801279.446077352
https://investmoscow.ru/tenders/tender/19988754,active,,86.2,18438180.0,213900.0,ЗАО,1,15.0,Отдельный,1,18.0,18.441119234105315,10.578292328862378,55.6388036,37.4014191,,,,,,4.468204330914934,12.273268570141385,floor_1,1,0,0,0,0,0,0,10+,medium,4.536842105263158,3944555.404175127
https://investmoscow.ru/tenders/tender/19988740,active,,86.5,18485050.0,213700.0,ЗАО,1,15.0,Отдельный,1,18.0,18.441119234105315,10.578292328862378,55.6388036,37.4014191,,,,,,4.471638793363569,12.272333120753473,floor_1,1,0,0,0,0,0,0,10+,medium,4.552631578947368,3940867.180328306
https://investmoscow.ru/tenders/tender/19988731,active,,114.7,43748000.0,381412.3801220575,СВАО,1,15.0,Отдельный,1,2.0,8.191890427696338,3.5526632075581497,55.8233882,37.5842436,,,,,,4.751000634199631,12.851639053132631,floor_1,1,0,0,0,0,0,0,0-5,expensive,38.23333333333333,3124488.42572676
https://investmoscow.ru/tenders/tender/19988732,active,,133.1,49490000.0,371825.6949661909,СВАО,1,15.0,Отдельный,1,2.0,8.191890427696338,3.5526632075581497,55.8233882,37.5842436,,,,,,4.898585790287632,12.826183150955597,floor_1,1,0,0,0,0,0,0,0-5,expensive,44.36666666666667,3045955.351365078
https://investmoscow.ru/tenders/tender/19988769,active,,87.1,17308000.0,198714.1216991964,СВАО,1,15.0,Отдельный,1,20.0,13.414541432943045,5.805320216235018,55.8712618,37.5827815,,,,,,4.478472532942134,12.199627528810774,floor_1,1,0,0,0,0,0,0,10+,medium,4.147619047619047,2665658.818844756
https://investmoscow.ru/tenders/tender/20008013,active,,173.9,43229000.0,248585.39390454284,ЮЗАО,1,15.0,Отдельный,1,12.0,24.458746832475303,14.914648316749236,55.5361814,37.5385117,,,,,,5.164214382024556,12.423545725686232,floor_1,1,0,0,0,0,0,0,10+,expensive,13.376923076923076,6080087.215762363
https://investmoscow.ru/tenders/tender/19988729,active,,217.4,55602000.0,255758.96964121435,ЮЗАО,1,15.0,Отдельный,1,12.0,24.458746832475303,14.914648316749236,55.5361814,37.5385117,,,,,,5.38632824387075,12.451994665033428,floor_1,1,0,0,0,0,0,0,10+,expensive,16.723076923076924,6255543.888589199
https://investmoscow.ru/tenders/tender/19988720,active,,207.0,50083000.0,241946.85990338164,ЮЗАО,1,15.0,Отдельный,1,12.0,24.458746832475303,14.914648316749236,55.5361814,37.5385117,,,,,,5.337538079701318,12.396477526980368,floor_1,1,0,0,0,0,0,0,10+,expensive,15.923076923076923,5917716.993289182
https://investmoscow.ru/tenders/tender/19993060,active,,56.9,10805000.0,189894.5518453427,ВАО,1,25.0,Отдельный,1,12.0,21.08075363392416,14.980211402293785,55.6985242,37.94131,,,,,,4.05871738457895,12.154229472857493,floor_1,1,0,0,0,0,0,0,10+,cheap,4.3769230769230765,4003120.263876108
https://investmoscow.ru/tenders/tender/19993076,active,,84.4,15176000.0,179810.42654028436,ВАО,1,25.0,Отдельный,1,12.0,21.08075363392416,14.980211402293785,55.6985242,37.94131,,,,,,4.447346100794524,12.099663950392369,floor_1,1,0,0,0,0,0,0,10+,medium,6.492307692307692,3790539.3027065527
https://investmoscow.ru/tenders/tender/19979742,active,,55.6,10620000.0,191007.19424460432,ВАО,1,25.0,Отдельный,1,12.0,21.08075363392416,14.980211402293785,55.6985242,37.94131,,,,,,4.036008985209137,12.16007160791272,floor_1,1,0,0,0,0,0,0,10+,cheap,4.276923076923077,4026575.6041776007
https://investmoscow.ru/tenders/tender/19979738,active,,87.3,15519000.0,177766.323024055,ВАО,1,25.0,Отдельный,1,12.0,21.08075363392416,14.980211402293785,55.6985242,37.94131,,,,,,4.480740107609915,12.08823080015484,floor_1,1,0,0,0,0,0,0,10+,medium,6.715384615384616,3747448.0600786833
https://investmoscow.ru/tenders/tender/19992543,active,,94.3,16674000.0,176818.6638388123,ВАО,1,26.0,Отдельный,1,12.0,21.08075363392416,14.980211402293785,55.6985242,37.94131,,,,,,4.557029810660157,12.082885643808869,floor_1,1,0,0,0,0,0,0,10+,medium,7.253846153846154,3727470.690265657
https://investmoscow.ru/tenders/tender/19993052,active,,88.6,15750000.0,177765.23702031604,ВАО,1,26.0,Отдельный,1,12.0,21.08075363392416,14.980211402293785,55.6985242,37.94131,,,,,,4.4953553199808844,12.088224691005884,floor_1,1,0,0,0,0,0,0,10+,medium,6.815384615384615,3747425.166301417
https://investmoscow.ru/tenders/tender/19979734,active,,50.5,9797000.0,194000.0,ВАО,1,26.0,Отдельный,1,12.0,21.08075363392416,14.980211402293785,55.6985242,37.94131,,,,,,3.9415818076696905,12.175618592671356,floor_1,1,0,0,0,0,0,0,10+,cheap,3.8846153846153846,4089666.204981287
https://investmoscow.ru/tenders/tender/19988275,active,,132.9,22199000.0,167035.36493604214,Зеленоград,1,15.0,Отдельный,1,301.0,36.6619228994357,2.5074808578128245,55.991971,37.214241,,,,,,4.897093252697127,12.025966821801944,floor_1,1,0,0,0,0,0,0,10+,medium,0.4400662251655629,6123837.670764282
https://investmoscow.ru/tenders/tender/19992996,active,,127.1,32954000.0,259276.1605035405,ЗАО,1,17.0,Отдельный,1,7.0,9.143396593841446,2.009144038577225,55.7357051,37.4740235,,,,,,4.852811208902689,12.465652886288092,floor_1,1,0,0,0,0,0,0,5-10,expensive,15.8875,2370664.76281236
https://investmoscow.ru/tenders/tender/19993025,active,,84.8,22924000.0,270330.1886792453,ЗАО,1,17.0,Отдельный,1,7.0,9.143396593841446,2.009144038577225,55.7357051,37.4740235,,,,,,4.4520190064939165,12.507403111028964,floor_1,1,0,0,0,0,0,0,5-10,medium,10.6,2471736.126382327
https://investmoscow.ru/tenders/tender/19979746,active,,130.2,36001000.0,276505.376344086,ЗАО,1,17.0,Отдельный,1,7.0,9.143396593841446,2.009144038577225,55.7357051,37.4740235,,,,,,4.876722876509988,12.529989160597564,floor_1,1,0,0,0,0,0,0,5-10,expensive,16.275,2528198.3162433635
https://investmoscow.ru/tenders/tender/19979757,active,,106.3,28243000.0,265691.4393226717,ЗАО,1,17.0,Отдельный,1,7.0,9.143396593841446,2.009144038577225,55.7357051,37.4740235,,,,,,4.675628649636653,12.49009467565117,floor_1,1,0,0,0,0,0,0,5-10,expensive,13.2875,2429322.201315748
https://investmoscow.ru/tenders/tender/19992535,active,,52.5,14171000.0,269923.8095238095,ЗАО,1,26.0,Отдельный,1,5.0,11.748392020582472,3.5297665659865727,55.692335,37.4621606,,,,,,3.979681653901961,12.505898715951702,floor_1,1,0,0,0,0,0,0,0-5,medium,8.75,3171170.7299747467
https://investmoscow.ru/tenders/tender/19992526,active,,36.9,10511000.0,284850.9485094851,ЗАО,1,26.0,Отдельный,1,5.0,11.748392020582472,3.5297665659865727,55.692335,37.4621606,,,,,,3.634951112088381,12.55972484536078,floor_1,1,0,0,0,0,1,0,0-5,cheap,6.15,3346540.610524184
https://investmoscow.ru/tenders/tender/19992565,active,,39.4,13670000.0,346954.3147208122,ВАО,1,15.0,Отдельный,1,9.0,9.963377689274855,4.945248195285974,55.7377179,37.7749634,,,,,,3.698829784967105,12.756951274615938,floor_1,1,0,0,0,0,1,0,5-10,medium,3.94,3456836.8784869867
https://investmoscow.ru/tenders/tender/19992556,active,,90.8,27426000.0,302048.45814977976,ВАО,1,15.0,Отдельный,1,9.0,9.963377689274855,4.945248195285974,55.7377179,37.7749634,,,,,,4.519612297626445,12.618346051656255,floor_1,1,0,0,0,0,0,0,5-10,expensive,9.08,3009422.8690093854
https://investmoscow.ru/tenders/tender/19992572,active,,75.5,22786000.0,301801.32450331125,СВАО,1,15.0,Отдельный,1,14.0,6.359207300066606,2.4729669047202774,55.8090706,37.6264038,,,,,,4.33729074083249,12.617527527417806,floor_1,1,0,0,0,0,0,0,10+,medium,5.033333333333333,1919217.185951228
https://investmoscow.ru/tenders/tender/19992542,active,,131.3,35455000.0,270030.46458492003,САО,1,15.0,Отдельный,1,11.0,11.168346960556768,2.8785745520198502,55.8346067,37.5154298,,,,,,4.88507207112091,12.50629376669048,floor_1,1,0,0,0,0,0,0,10+,expensive,10.941666666666668,3015793.9184047235
https://investmoscow.ru/tenders/tender/19967387,active,,210.3,34760000.0,165287.6842605801,ЮЗАО,1,15.0,Отдельный,1,8.0,24.03101238436152,14.487297437154092,55.5399935,37.5395671,,,,,,5.353278924622011,12.015448825692047,floor_1,1,0,0,0,0,0,0,5-10,expensive,23.366666666666667,3972030.3874484375
https://investmoscow.ru/tenders/tender/19985826,active,,651.7,111327000.0,170825.53322080712,САО,2,17.0,Отдельный,1,20.0,13.697110139997497,6.7076107467036925,55.8693857,37.5498955,,,,,,6.481117605641172,12.048403894997591,floor_2,0,0,0,0,1,0,0,10+,expensive,31.03333333333333,2339816.1432491965
https://investmoscow.ru/tenders/tender/19985818,active,,707.6,120465000.0,170244.48841153193,САО,1,17.0,Отдельный,1,20.0,13.697110139997497,6.7076107467036925,55.8693857,37.5498955,,,,,,6.563291192431372,12.044996723875212,floor_1,1,0,0,0,0,0,0,10+,expensive,33.695238095238096,2331857.5085002803
https://investmoscow.ru/tenders/tender/19985829,active,,595.8,101778000.0,170825.7804632427,САО,1,17.0,Отдельный,1,20.0,13.697110139997497,6.7076107467036925,55.8693857,37.5498955,,,,,,6.391582048889551,12.048405342326948,floor_1,1,0,0,0,0,0,0,10+,expensive,28.37142857142857,2339819.529756068
https://investmoscow.ru/tenders/tender/19974340,active,,105.3,9618000.0,91339.03133903134,ВАО,basement,5.0,Отдельный,1,16.0,9.892545797785068,6.068403631436481,55.7264055,37.7691905,,,,,,4.666265285347902,11.422344429841967,basement,0,1,0,0,0,0,0,10+,cheap,6.194117647058824,903575.5506466932
https://investmoscow.ru/tenders/tender/19974736,active,,16.3,3266000.0,200368.0981595092,СВАО,1,16.0,Вход через места общего пользования,1,7.0,13.84888519455406,5.091904377864891,55.8743661,37.6607623,,,,,,2.8507065015037334,12.20791643550183,floor_1,1,0,0,0,0,1,0,5-10,cheap,2.0375,2774874.7880621813
https://investmoscow.ru/tenders/tender/19992759,active,,15.1,2053400.0,135986.7549668874,ЮАО,basement,7.0,Вход через места общего пользования,1,2.0,5.659899825594425,5.207784927346774,55.706647,37.6589097,,,,,,2.778819271990417,11.820320123656431,basement,0,1,0,0,0,1,0,0-5,cheap,5.033333333333333,769671.4107202379
https://investmoscow.ru/tenders/tender/19976789,active,,53.7,8904000.0,165810.05586592178,ВАО,4,6.0,Вход через места общего пользования,1,13.0,6.989432805534087,3.576682251878264,55.7949796,37.6992706,,,,,,4.001863709427935,12.018604201401818,floor_3_plus,0,0,0,1,0,0,0,10+,cheap,3.835714285714286,1158918.2439567137
https://investmoscow.ru/tenders/tender/19975890,active,,58.3,9666000.0,165797.59862778732,ВАО,4,6.0,Вход через места общего пользования,1,13.0,6.989432805534087,3.576682251878264,55.7949796,37.6992706,,,,,,4.08260930600368,12.018529069462977,floor_3_plus,0,0,0,1,0,0,0,10+,cheap,4.164285714285714,1158831.17492783
https://investmoscow.ru/tenders/tender/19974586,active,,102.2,14649000.0,143336.59491193737,ВАО,4,6.0,Вход через подъезд,1,13.0,6.989432805534087,3.576682251878264,55.7949796,37.6992706,,,,,,4.636668853047462,11.872957930503398,floor_3_plus,0,0,0,1,0,0,0,10+,medium,7.3,1001841.4987110454
https://investmoscow.ru/tenders/tender/19974634,active,,28.8,5084000.0,176527.77777777778,ВАО,4,6.0,Вход через подъезд,1,13.0,6.989432805534087,3.576682251878264,55.7949796,37.6992706,,,,,,3.3945083935113587,12.081239188964378,floor_3_plus,0,0,0,1,0,1,0,10+,cheap,2.0571428571428574,1233829.0410880314
https://investmoscow.ru/tenders/tender/19972846,active,,75.9,11448000.0,150830.03952569168,ЮАО,1,14.0,Вход через места общего пользования,1,24.0,15.210609784313409,5.587177730498438,55.6270427,37.7174434,,,,,,4.342505876511599,11.923915545773896,floor_1,1,0,0,0,0,0,0,10+,cheap,3.036,2294216.874977864
https://investmoscow.ru/tenders/tender/19974550,active,,14.7,4441000.0,302108.84353741497,ЦАО,1,5.0,Отдельный,1,9.0,3.963945244461143,3.5589816973078148,55.7861212,37.5987762,,,,,,2.7536607123542622,12.618545950549372,floor_1,1,0,0,0,0,1,1,5-10,cheap,1.47,1197542.9136497916
https://investmoscow.ru/tenders/tender/19973506,active,,198.7,10618000.0,53437.34272773025,ЮЗАО,basement,8.0,Вход через места общего пользования,1,16.0,9.849415279473758,2.5969697553792503,55.6808621,37.5232565,,,,,,5.296816240421769,10.886283795898256,basement,0,1,0,0,0,0,0,10+,cheap,11.688235294117646,526326.5799569822
https://investmoscow.ru/tenders/tender/19973273,active,,219.8,12641000.0,57511.373976342125,ЮЗАО,basement,8.0,Вход через места общего пользования,1,15.0,9.848089307939532,2.710470979655566,55.6814958,37.5217997,,,,,,5.39725731440294,10.959755403221893,basement,0,1,0,0,0,0,0,10+,cheap,13.7375,566377.1471413267
https://investmoscow.ru/tenders/tender/19973072,active,,18.3,3703000.0,202349.72677595628,СВАО,1,22.0,Вход через места общего пользования,1,9.0,16.9899333061868,8.815664284242196,55.9042737,37.5899243,,,,,,2.96010509591084,12.21775774197513,floor_1,1,0,0,0,0,1,0,5-10,cheap,1.83,3437908.3624486183
https://investmoscow.ru/tenders/tender/19978155,active,,11.9,2804000.0,235630.2521008404,ЦАО,1,15.0,Отдельный,1,6.0,2.964085003165589,3.3528439046131564,55.7280204,37.638378,,,,,,2.5572273113676265,12.37002337094736,floor_1,1,0,0,0,0,1,1,5-10,cheap,1.7,698428.0965442279
https://investmoscow.ru/tenders/tender/19978278,active,,12.3,3306000.0,268780.48780487804,ЦАО,1,15.0,Отдельный,1,6.0,2.964085003165589,3.3528439046131564,55.7280204,37.638378,,,,,,2.5877640352277083,12.50165401548598,floor_1,1,0,0,0,0,1,1,5-10,cheap,1.7571428571428571,796688.2130459704
https://investmoscow.ru/tenders/tender/19974411,active,,69.0,4462000.0,64666.66666666666,СВАО,basement,9.0,"Отдельный, Вход через иную собственность",1,6.0,10.767806170204858,4.197637898535361,55.8466236,37.5795231,,,,,,4.248495242049359,11.077016613175315,basement,0,1,0,0,0,0,0,5-10,cheap,9.857142857142858,696318.1323399141
https://investmoscow.ru/tenders/tender/19981337,active,,73.1,7058000.0,96552.66757865938,ЗАО,basement,14.0,Отдельный,1,12.0,13.047619340744914,4.592756670124203,55.7199635,37.4165387,,,,,,4.3054155323020415,11.47785427344964,basement,0,1,0,0,0,0,0,10+,cheap,5.623076923076923,1259782.4528998306
https://investmoscow.ru/tenders/tender/19975628,active,,266.0,25689000.0,96575.1879699248,ЦАО,basement,22.0,Отдельный,1,8.0,3.0989619203280325,3.40481132077348,55.73207,37.5827597,,,,,,5.58724865840025,11.478087488467624,basement,0,1,0,0,0,0,1,5-10,expensive,29.55555555555556,299282.82996731886
https://investmoscow.ru/tenders/tender/19979692,active,,40.9,4061000.0,99290.95354523227,ЦАО,basement,15.0,Вход через места общего пользования,1,11.0,1.7387838231326749,2.0211444226278656,55.7429382,37.6402046,,,,,,3.735285826928092,11.505819814979946,basement,0,1,0,0,0,1,1,10+,cheap,3.408333333333333,172645.5038078678
https://investmoscow.ru/tenders/tender/19959307,active,,63.9,8035000.0,125743.3489827856,ЦАО,basement,2.0,Вход через иную собственность,1,10.0,1.868950019793588,2.033095447250886,55.7475356,37.6463476,,,,,,4.1728476237100445,11.742006148445546,basement,0,1,0,0,0,0,1,5-10,cheap,5.809090909090909,235008.0345702892
https://investmoscow.ru/tenders/tender/19959506,active,,40.5,14529000.0,358740.7407407408,ЦАО,1,2.0,Отдельный,1,10.0,1.868950019793588,2.033095447250886,55.7475356,37.6463476,,,,,,3.725693427236653,12.790358023465489,floor_1,1,0,0,0,0,1,1,5-10,medium,3.6818181818181817,670468.5145081739
https://investmoscow.ru/tenders/tender/19977097,active,,83.6,12711000.0,152045.45454545456,ВАО,1,15.0,Вход через подъезд,1,21.0,10.975241483211406,2.8127021796333334,55.8033049,37.7676909,,,,,,4.437934266612178,11.93194137514509,floor_1,1,0,0,0,0,0,0,10+,cheap,3.8,1668735.580061007
https://investmoscow.ru/tenders/tender/19976972,active,,154.8,22403000.0,144722.22222222222,ВАО,1,15.0,Вход через подъезд,1,21.0,10.975241483211406,2.8127021796333334,55.8033049,37.7676909,,,,,,5.048573133436648,11.882578385038435,floor_1,1,0,0,0,0,0,0,10+,medium,7.036363636363637,1588361.336875873
https://investmoscow.ru/tenders/tender/19971573,active,,326.7,49431000.0,151303.94857667584,ЮАО,basement,6.0,Отдельный,1,5.0,4.638818761396473,5.923016213535669,55.7102097,37.6179764,,,,,,5.792098555704769,11.927052606291657,basement,0,1,0,0,0,0,1,0-5,expensive,54.45,701871.595330851
https://investmoscow.ru/tenders/tender/20020694,active,,234.7,32500000.0,138474.64848743076,ЮЗАО,1,10.0,Отдельный,1,33.0,27.47326166956333,18.45954833444969,55.5048343,37.5944164,,,,,,5.462559809942086,11.838449765955374,floor_1,1,0,0,0,0,0,0,10+,expensive,6.902941176470588,3804350.252495988
https://investmoscow.ru/tenders/tender/19969975,active,,178.1,27717000.0,155626.05277933745,НАО,1,10.0,Отдельный,1,33.0,,,,,,,,,,5.187944309066666,11.955217736664077,floor_1,1,0,0,0,0,0,0,10+,expensive,5.238235294117647,1956934.249483956
https://investmoscow.ru/tenders/tender/19969955,active,,39.5,1907000.0,48278.48101265823,Зеленоград,basement,12.0,Вход через места общего пользования,1,316.0,36.6619228994357,2.5074808578128245,55.991971,37.214241,,,,,,3.701301974112493,10.784761925623,basement,0,1,0,0,0,1,0,10+,cheap,0.1246056782334384,1769981.9485879466
https://investmoscow.ru/tenders/tender/19993010,active,,111.0,30102000.0,271189.1891891892,СВАО,1,19.0,Отдельный,1,13.0,14.164122728387664,5.509268908340998,55.8752201,37.6764271,,,,,,4.718498871295094,12.51057565883794,floor_1,1,0,0,0,0,0,0,10+,expensive,7.928571428571429,3841156.958287616
https://investmoscow.ru/tenders/tender/19992983,active,,177.0,60050000.0,339265.53672316385,ЮЗАО,1,19.0,Отдельный,1,19.0,8.000039895366454,2.4952221049072643,55.6810809,37.594681,,,,,,5.181783550292085,12.734541321455808,floor_1,1,0,0,0,0,0,0,10+,expensive,8.85,2714137.828908224
https://investmoscow.ru/tenders/tender/19993089,active,,248.1,31827000.0,128282.95042321645,САО,1,16.0,Отдельный,1,39.0,,,,,,,,,,5.517854422268135,11.76200144864955,floor_1,1,0,0,0,0,0,0,10+,expensive,6.2025,1613105.870287648
https://investmoscow.ru/tenders/tender/19993423,active,,94.0,16718000.0,177851.06382978722,ВАО,1,17.0,Отдельный,1,22.0,21.05018982121053,14.444267700801868,55.7114478,37.9466804,,,,,,4.553876891600541,12.088707381637567,floor_1,1,0,0,0,0,0,0,10+,medium,4.086956521739131,3743798.6535212514
https://investmoscow.ru/tenders/tender/19993099,active,,151.0,23879000.0,158139.0728476821,САО,1,14.0,Отдельный,1,35.0,,,,,,,,,,5.0238805208462765,11.971236456277918,floor_1,1,0,0,0,0,0,0,10+,medium,4.194444444444445,1988534.4536500096
https://investmoscow.ru/tenders/tender/19993102,active,,162.3,22061000.0,135927.29513247072,САО,1,14.0,Отдельный,1,35.0,,,,,,,,,,5.095588999976419,11.819882784004417,floor_1,1,0,0,0,0,0,0,10+,medium,4.508333333333334,1709230.3925590715
https://investmoscow.ru/tenders/tender/19993312,active,,97.7,22049000.0,225680.6550665302,САО,1,32.0,Отдельный,1,24.0,14.782182679349898,6.71332440041424,55.8685475,37.5030077,,,,,,4.592084946439436,12.3268806793362,floor_1,1,0,0,0,0,0,0,10+,medium,3.908,3336052.670388801
https://investmoscow.ru/tenders/tender/19993321,active,,84.0,19509000.0,232250.0,САО,1,32.0,Отдельный,1,24.0,14.782182679349898,6.71332440041424,55.8685475,37.5030077,,,,,,4.442651256490317,12.355573962371874,floor_1,1,0,0,0,0,0,0,10+,medium,3.36,3433161.9272790137
https://investmoscow.ru/tenders/tender/19998662,active,,72.1,13267000.0,184008.32177531207,ВАО,1,17.0,Отдельный,1,18.0,20.831229445331445,14.32569350401195,55.7096056,37.9423496,,,,,,4.291828366755733,12.122741697130204,floor_1,1,0,0,0,0,0,0,10+,medium,3.794736842105263,3833119.570751904
https://investmoscow.ru/tenders/tender/19998660,active,,107.5,18744000.0,174362.7906976744,ВАО,1,17.0,Отдельный,1,18.0,20.831229445331445,14.32569350401195,55.7096056,37.9423496,,,,,,4.686750172980514,12.068899146754193,floor_1,1,0,0,0,0,0,0,10+,medium,5.657894736842105,3632191.299751559
https://investmoscow.ru/tenders/tender/19993418,active,,94.2,16754000.0,177855.6263269639,ВАО,1,15.0,Отдельный,1,18.0,20.831229445331445,14.32569350401195,55.7096056,37.9423496,,,,,,4.55597994179732,12.08873303463567,floor_1,1,0,0,0,0,0,0,10+,medium,4.957894736842105,3704951.3601601166
https://investmoscow.ru/tenders/tender/19993413,active,,68.4,12706000.0,185760.23391812865,ВАО,1,15.0,Отдельный,1,18.0,20.831229445331445,14.32569350401195,55.7096056,37.9423496,,,,,,4.239886867512759,12.132217439449107,floor_1,1,0,0,0,0,0,0,10+,cheap,3.6,3869614.0545669785
https://investmoscow.ru/tenders/tender/19998655,active,,68.8,12780000.0,185755.8139534884,ВАО,1,17.0,Отдельный,1,17.0,20.831229445331445,14.32569350401195,55.7096056,37.9423496,,,,,,4.245634009768327,12.132193645371457,floor_1,1,0,0,0,0,0,0,10+,cheap,3.822222222222222,3869521.981269417
https://investmoscow.ru/tenders/tender/19998651,active,,87.6,15733000.0,179600.4566210046,ВАО,1,17.0,Отдельный,1,17.0,20.831229445331445,14.32569350401195,55.7096056,37.9423496,,,,,,4.484131857611035,12.098495545179288,floor_1,1,0,0,0,0,0,0,10+,medium,4.866666666666666,3741298.320358444
https://investmoscow.ru/tenders/tender/19993021,active,,50.4,9801000.0,194464.2857142857,ВАО,1,17.0,Отдельный,1,17.0,20.831229445331445,14.32569350401195,55.7096056,37.9423496,,,,,,3.93963817246112,12.178008946493188,floor_1,1,0,0,0,0,0,0,10+,cheap,2.8,4050930.154636776
https://investmoscow.ru/tenders/tender/19993410,active,,107.2,18692000.0,174365.67164179104,ВАО,1,17.0,Отдельный,1,17.0,20.831229445331445,14.32569350401195,55.7096056,37.9423496,,,,,,4.6839813664123815,12.068915669223134,floor_1,1,0,0,0,0,0,0,10+,medium,5.955555555555556,3632251.313359472
https://investmoscow.ru/tenders/tender/19993337,active,,105.1,18326000.0,174367.26926736443,ВАО,1,17.0,Отдельный,1,17.0,20.831229445331445,14.32569350401195,55.7096056,37.9423496,,,,,,4.664382045619937,12.068924831629229,floor_1,1,0,0,0,0,0,0,10+,medium,5.838888888888889,3632284.593864359
https://investmoscow.ru/tenders/tender/19993013,active,,49.8,9685000.0,194477.91164658635,ВАО,1,17.0,Отдельный,1,17.0,20.831229445331445,14.32569350401195,55.7096056,37.9423496,,,,,,3.927896354584436,12.178079012751528,floor_1,1,0,0,0,0,1,0,10+,cheap,2.7666666666666666,4051213.999558937
https://investmoscow.ru/tenders/tender/19981511,active,,11.1,4054000.0,365225.22522522527,ЦАО,1,10.0,Отдельный,1,5.0,2.4104348494306,2.674484218351312,55.7400923,37.6497681,,,,,,2.4932054526026954,12.808272235708554,floor_1,1,0,0,0,0,1,1,0-5,cheap,1.85,880351.6107740229
https://investmoscow.ru/tenders/tender/19996492,active,,116.7,24869000.0,213101.970865467,ВАО,1,14.0,Отдельный,1,34.0,15.626460541059856,9.386335569026308,55.7239877,37.8626487,,,,,,4.768139014266231,12.269530759169571,floor_1,1,0,0,0,0,0,0,10+,medium,3.3342857142857145,3330029.5389513075
https://investmoscow.ru/tenders/tender/19992978,active,,88.8,19712000.0,221981.981981982,ВАО,1,14.0,Отдельный,1,34.0,15.626460541059856,9.386335569026308,55.7239877,37.8626487,,,,,,4.497584975308154,12.310356000177242,floor_1,1,0,0,0,0,0,0,10+,medium,2.537142857142857,3468792.6822677017
https://investmoscow.ru/tenders/tender/20002303,active,,135.9,36948000.0,271876.3796909492,САО,1,15.0,Отдельный,1,14.0,11.244320413180851,3.682374250248309,55.842872,37.5379548,,,,,,4.919250732294404,12.513106433673029,floor_1,1,0,0,0,0,0,0,10+,expensive,9.06,3057065.126020648
https://investmoscow.ru/tenders/tender/20002293,active,,49.2,15151000.0,307947.1544715447,ВАО,1,15.0,Отдельный,1,7.0,10.817225986087578,3.7155129419375807,55.7554978,37.7905523,,,,,,3.9160150266976834,12.637686718148846,floor_1,1,0,0,0,0,1,0,5-10,medium,6.15,3331133.961691319
https://investmoscow.ru/tenders/tender/20002323,active,,119.9,30194000.0,251826.52210175144,ВАО,1,15.0,Отдельный,1,11.0,7.629222108425153,1.769313364119971,55.7657939,37.737145,,,,,,4.794963757620747,12.436499696056078,floor_1,1,0,0,0,0,0,0,10+,expensive,9.991666666666667,1921240.4699064973
https://investmoscow.ru/tenders/tender/19969969,active,,220.2,37551000.0,170531.33514986376,ВАО,1,15.0,Отдельный,1,6.0,16.13902837733974,12.065656528529509,55.6862997,37.8479754,,,,,,5.39906726964818,12.046680206697424,floor_1,1,0,0,0,0,0,0,5-10,expensive,31.457142857142856,2752210.057209285
https://investmoscow.ru/tenders/tender/19975737,active,,56.3,11284000.0,200426.28774422736,ЦАО,other,3.0,Вход через места общего пользования,1,7.0,2.089408128948928,2.5095731371972763,55.7333387,37.6218814,,,,,,4.048300623720694,12.208206805311406,other,0,0,1,0,0,0,1,5-10,cheap,7.0375,418772.3148678456
https://investmoscow.ru/tenders/tender/19997756,active,,3.0,661000.0,220333.3333333333,САО,2,22.0,Вход через места общего пользования,1,5.0,14.892551011058297,6.482676330235809,55.8595175,37.4748951,,,,,,1.3862943611198906,12.302901368733329,floor_2,0,0,0,0,1,1,0,0-5,cheap,0.5,3281325.406103178
https://investmoscow.ru/tenders/tender/19997323,active,,3.0,661000.0,220333.3333333333,САО,2,22.0,Вход через места общего пользования,1,5.0,14.892551011058297,6.482676330235809,55.8595175,37.4748951,,,,,,1.3862943611198906,12.302901368733329,floor_2,0,0,0,0,1,1,0,0-5,cheap,0.5,3281325.406103178
https://investmoscow.ru/tenders/tender/19997222,active,,3.0,661000.0,220333.3333333333,САО,2,22.0,Вход через места общего пользования,1,5.0,14.892551011058297,6.482676330235809,55.8595175,37.4748951,,,,,,1.3862943611198906,12.302901368733329,floor_2,0,0,0,0,1,1,0,0-5,cheap,0.5,3281325.406103178
https://investmoscow.ru/tenders/tender/19997182,active,,3.2,694000.0,216875.0,САО,2,15.0,Вход через места общего пользования,1,5.0,14.892551011058297,6.482676330235809,55.8595175,37.4748951,,,,,,1.4350845252893227,12.287081040623638,floor_2,0,0,0,0,1,1,0,0-5,cheap,0.5333333333333333,3229822.000523268
https://investmoscow.ru/tenders/tender/19997822,active,,3.7,774000.0,209189.1891891892,САО,2,22.0,Вход через места общего пользования,1,5.0,14.892551011058297,6.482676330235809,55.8595175,37.4748951,,,,,,1.547562508716013,12.250999113272016,floor_2,0,0,0,0,1,1,0,0-5,cheap,0.6166666666666667,3115360.670961925
https://investmoscow.ru/tenders/tender/19997769,active,,3.5,742000.0,212000.0,САО,2,22.0,Вход через места общего пользования,1,5.0,14.892551011058297,6.482676330235809,55.8595175,37.4748951,,,,,,1.5040773967762742,12.264346270624156,floor_2,0,0,0,0,1,1,0,0-5,cheap,0.5833333333333334,3157220.814344359
https://investmoscow.ru/tenders/tender/19997743,active,,3.0,661000.0,220333.3333333333,САО,2,22.0,Вход через места общего пользования,1,5.0,14.892551011058297,6.482676330235809,55.8595175,37.4748951,,,,,,1.3862943611198906,12.302901368733329,floor_2,0,0,0,0,1,1,0,0-5,cheap,0.5,3281325.406103178
https://investmoscow.ru/tenders/tender/19997724,active,,3.0,661000.0,220333.3333333333,САО,2,22.0,Вход через места общего пользования,1,5.0,14.892551011058297,6.482676330235809,55.8595175,37.4748951,,,,,,1.3862943611198906,12.302901368733329,floor_2,0,0,0,0,1,1,0,0-5,cheap,0.5,3281325.406103178
https://investmoscow.ru/tenders/tender/19997138,active,,3.9,805000.0,206410.2564102564,САО,2,22.0,Вход через места общего пользования,1,5.0,14.892551011058297,6.482676330235809,55.8595175,37.4748951,,,,,,1.589235205116581,12.23762584797386,floor_2,0,0,0,0,1,1,0,0-5,cheap,0.65,3073975.272795366
https://investmoscow.ru/tenders/tender/19997315,active,,3.0,661000.0,220333.3333333333,САО,2,22.0,Вход через места общего пользования,1,5.0,14.892551011058297,6.482676330235809,55.8595175,37.4748951,,,,,,1.3862943611198906,12.302901368733329,floor_2,0,0,0,0,1,1,0,0-5,cheap,0.5,3281325.406103178
https://investmoscow.ru/tenders/tender/19992522,active,,4.0,862000.0,215500.0,САО,1,22.0,Вход через места общего пользования,1,5.0,14.892551011058297,6.482676330235809,55.8595175,37.4748951,,,,,,1.6094379124341005,12.280720828886404,floor_1,1,0,0,0,0,1,0,0-5,cheap,0.6666666666666666,3209344.742883063
https://investmoscow.ru/tenders/tender/19992369,active,,3.1,712000.0,229677.4193548387,САО,1,22.0,Вход через места общего пользования,1,5.0,14.892551011058297,6.482676330235809,55.8595175,37.4748951,,,,,,1.410986973710262,12.34443543282612,floor_1,1,0,0,0,0,1,0,0-5,cheap,0.5166666666666667,3420482.6838301634
https://investmoscow.ru/tenders/tender/19992304,active,,3.1,712000.0,229677.4193548387,САО,1,22.0,Вход через места общего пользования,1,5.0,14.892551011058297,6.482676330235809,55.8595175,37.4748951,,,,,,1.410986973710262,12.34443543282612,floor_1,1,0,0,0,0,1,0,0-5,cheap,0.5166666666666667,3420482.6838301634
https://investmoscow.ru/tenders/tender/19992139,active,,3.0,694000.0,231333.3333333333,САО,1,22.0,Вход через места общего пользования,1,5.0,14.892551011058297,6.482676330235809,55.8595175,37.4748951,,,,,,1.3862943611198906,12.35161927357806,floor_1,1,0,0,0,0,1,0,0-5,cheap,0.5,3445143.467224819
https://investmoscow.ru/tenders/tender/19992137,active,,9.2,1609000.0,174891.3043478261,САО,1,22.0,Вход через места общего пользования,1,5.0,14.892551011058297,6.482676330235809,55.8595175,37.4748951,,,,,,2.322387720290225,12.071925659740344,floor_1,1,0,0,0,0,1,0,0-5,cheap,1.5333333333333332,2604577.671390522
https://investmoscow.ru/tenders/tender/19992560,active,,2.9,677000.0,233448.275862069,САО,1,22.0,Вход через места общего пользования,1,5.0,14.892551011058297,6.482676330235809,55.8595175,37.4748951,,,,,,1.3609765531356006,12.360720098496945,floor_1,1,0,0,0,0,1,0,0-5,cheap,0.4833333333333333,3476640.3567194715
https://investmoscow.ru/tenders/tender/19992450,active,,3.0,694000.0,231333.3333333333,САО,basement,22.0,Вход через места общего пользования,1,5.0,14.892551011058297,6.482676330235809,55.8595175,37.4748951,,,,,,1.3862943611198906,12.35161927357806,basement,0,1,0,0,0,1,0,0-5,cheap,0.5,3445143.467224819
https://investmoscow.ru/tenders/tender/19992373,active,,3.2,729000.0,227812.5,САО,1,22.0,Вход через места общего пользования,1,5.0,14.892551011058297,6.482676330235809,55.8595175,37.4748951,,,,,,1.4350845252893227,12.33628259075024,floor_1,1,0,0,0,0,1,0,0-5,cheap,0.5333333333333333,3392709.277206718
https://investmoscow.ru/tenders/tender/19992275,active,,3.2,729000.0,227812.5,САО,1,22.0,Вход через места общего пользования,1,5.0,14.892551011058297,6.482676330235809,55.8595175,37.4748951,,,,,,1.4350845252893227,12.33628259075024,floor_1,1,0,0,0,0,1,0,0-5,cheap,0.5333333333333333,3392709.277206718
https://investmoscow.ru/tenders/tender/19992005,active,,3.6,796000.0,221111.1111111111,САО,1,22.0,Вход через места общего пользования,1,5.0,14.892551011058297,6.482676330235809,55.8595175,37.4748951,,,,,,1.5260563034950492,12.306425141967294,floor_1,1,0,0,0,0,1,0,0-5,cheap,0.6,3292908.501334001
https://investmoscow.ru/tenders/tender/20001805,active,,2.7,611000.0,226296.2962962963,САО,2,22.0,Вход через места общего пользования,1,5.0,14.892551011058297,6.482676330235809,55.8595175,37.4748951,,,,,,1.308332819650179,12.329604884118956,floor_2,0,0,0,0,1,1,0,0-5,cheap,0.45,3370129.136206155
https://investmoscow.ru/tenders/tender/20001634,active,,3.1,678000.0,218709.6774193548,САО,2,22.0,Вход через места общего пользования,1,5.0,14.892551011058297,6.482676330235809,55.8595175,37.4748951,,,,,,1.410986973710262,12.295505027692366,floor_2,0,0,0,0,1,1,0,0-5,cheap,0.5166666666666667,3257145.027579846
https://investmoscow.ru/tenders/tender/20002617,active,,3.2,694000.0,216875.0,САО,2,26.0,Вход через места общего пользования,1,5.0,14.892551011058297,6.482676330235809,55.8595175,37.4748951,,,,,,1.4350845252893227,12.287081040623638,floor_2,0,0,0,0,1,1,0,0-5,cheap,0.5333333333333333,3229822.000523268
https://investmoscow.ru/tenders/tender/20002537,active,,3.0,661000.0,220333.3333333333,САО,2,26.0,Вход через места общего пользования,1,5.0,14.892551011058297,6.482676330235809,55.8595175,37.4748951,,,,,,1.3862943611198906,12.302901368733329,floor_2,0,0,0,0,1,1,0,0-5,cheap,0.5,3281325.406103178
https://investmoscow.ru/tenders/tender/20002400,active,,3.0,661000.0,220333.3333333333,САО,2,26.0,Вход через места общего пользования,1,5.0,14.892551011058297,6.482676330235809,55.8595175,37.4748951,,,,,,1.3862943611198906,12.302901368733329,floor_2,0,0,0,0,1,1,0,0-5,cheap,0.5,3281325.406103178
https://investmoscow.ru/tenders/tender/20001689,active,,3.2,694000.0,216875.0,САО,2,22.0,Вход через места общего пользования,1,5.0,14.892551011058297,6.482676330235809,55.8595175,37.4748951,,,,,,1.4350845252893227,12.287081040623638,floor_2,0,0,0,0,1,1,0,0-5,cheap,0.5333333333333333,3229822.000523268
https://investmoscow.ru/tenders/tender/20001427,active,,3.1,678000.0,218709.6774193548,САО,2,22.0,Вход через места общего пользования,1,5.0,14.892551011058297,6.482676330235809,55.8595175,37.4748951,,,,,,1.410986973710262,12.295505027692366,floor_2,0,0,0,0,1,1,0,0-5,cheap,0.5166666666666667,3257145.027579846
https://investmoscow.ru/tenders/tender/20003412,active,,3.1,678000.0,218709.6774193548,САО,2,26.0,Вход через места общего пользования,1,5.0,14.892551011058297,6.482676330235809,55.8595175,37.4748951,,,,,,1.410986973710262,12.295505027692366,floor_2,0,0,0,0,1,1,0,0-5,cheap,0.5166666666666667,3257145.027579846
https://investmoscow.ru/tenders/tender/20003389,active,,3.1,678000.0,218709.6774193548,САО,2,26.0,Вход через места общего пользования,1,5.0,14.892551011058297,6.482676330235809,55.8595175,37.4748951,,,,,,1.410986973710262,12.295505027692366,floor_2,0,0,0,0,1,1,0,0-5,cheap,0.5166666666666667,3257145.027579846
https://investmoscow.ru/tenders/tender/20001553,active,,3.0,661000.0,220333.3333333333,САО,2,22.0,Вход через места общего пользования,1,5.0,14.892551011058297,6.482676330235809,55.8595175,37.4748951,,,,,,1.3862943611198906,12.302901368733329,floor_2,0,0,0,0,1,1,0,0-5,cheap,0.5,3281325.406103178
https://investmoscow.ru/tenders/tender/20003456,active,,3.1,678000.0,218709.6774193548,САО,2,26.0,Вход через места общего пользования,1,5.0,14.892551011058297,6.482676330235809,55.8595175,37.4748951,,,,,,1.410986973710262,12.295505027692366,floor_2,0,0,0,0,1,1,0,0-5,cheap,0.5166666666666667,3257145.027579846
https://investmoscow.ru/tenders/tender/20002220,active,,3.0,661000.0,220333.3333333333,САО,2,26.0,Вход через места общего пользования,1,5.0,14.892551011058297,6.482676330235809,55.8595175,37.4748951,,,,,,1.3862943611198906,12.302901368733329,floor_2,0,0,0,0,1,1,0,0-5,cheap,0.5,3281325.406103178
https://investmoscow.ru/tenders/tender/20003379,active,,6.6,1194000.0,180909.0909090909,САО,2,26.0,Вход через места общего пользования,1,5.0,14.892551011058297,6.482676330235809,55.8595175,37.4748951,,,,,,2.028148247292285,12.105755451525216,floor_2,0,0,0,0,1,1,0,0-5,cheap,1.1,2694197.86472782
https://investmoscow.ru/tenders/tender/20003149,active,,3.2,694000.0,216875.0,САО,2,26.0,Вход через места общего пользования,1,5.0,14.892551011058297,6.482676330235809,55.8595175,37.4748951,,,,,,1.4350845252893227,12.287081040623638,floor_2,0,0,0,0,1,1,0,0-5,cheap,0.5333333333333333,3229822.000523268
https://investmoscow.ru/tenders/tender/20002926,active,,2.8,628000.0,224285.7142857143,САО,2,26.0,Вход через места общего пользования,1,5.0,14.892551011058297,6.482676330235809,55.8595175,37.4748951,,,,,,1.33500106673234,12.320680486857963,floor_2,0,0,0,0,1,1,0,0-5,cheap,0.4666666666666666,3340186.4410516466
https://investmoscow.ru/tenders/tender/20001894,active,,2.7,611000.0,226296.2962962963,САО,2,26.0,Вход через места общего пользования,1,5.0,14.892551011058297,6.482676330235809,55.8595175,37.4748951,,,,,,1.308332819650179,12.329604884118956,floor_2,0,0,0,0,1,1,0,0-5,cheap,0.45,3370129.136206155
https://investmoscow.ru/tenders/tender/20001854,active,,2.7,611000.0,226296.2962962963,САО,2,26.0,Вход через места общего пользования,1,5.0,14.892551011058297,6.482676330235809,55.8595175,37.4748951,,,,,,1.308332819650179,12.329604884118956,floor_2,0,0,0,0,1,1,0,0-5,cheap,0.45,3370129.136206155
https://investmoscow.ru/tenders/tender/20001548,active,,3.1,678000.0,218709.6774193548,САО,2,22.0,Вход через места общего пользования,1,5.0,14.892551011058297,6.482676330235809,55.8595175,37.4748951,,,,,,1.410986973710262,12.295505027692366,floor_2,0,0,0,0,1,1,0,0-5,cheap,0.5166666666666667,3257145.027579846
https://investmoscow.ru/tenders/tender/20001757,active,,3.2,694000.0,216875.0,САО,2,22.0,Вход через места общего пользования,1,5.0,14.892551011058297,6.482676330235809,55.8595175,37.4748951,,,,,,1.4350845252893227,12.287081040623638,floor_2,0,0,0,0,1,1,0,0-5,cheap,0.5333333333333333,3229822.000523268
https://investmoscow.ru/tenders/tender/20001515,active,,3.1,678000.0,218709.6774193548,САО,2,22.0,Вход через места общего пользования,1,5.0,14.892551011058297,6.482676330235809,55.8595175,37.4748951,,,,,,1.410986973710262,12.295505027692366,floor_2,0,0,0,0,1,1,0,0-5,cheap,0.5166666666666667,3257145.027579846
https://investmoscow.ru/tenders/tender/19997858,active,,3.6,758000.0,210555.5555555556,САО,2,22.0,Вход через места общего пользования,1,5.0,14.892551011058297,6.482676330235809,55.8595175,37.4748951,,,,,,1.5260563034950492,12.257509568491535,floor_2,0,0,0,0,1,1,0,0-5,cheap,0.6,3135709.351772831
https://investmoscow.ru/tenders/tender/20003030,active,,3.0,661000.0,220333.3333333333,САО,2,26.0,Вход через места общего пользования,1,5.0,14.892551011058297,6.482676330235809,55.8595175,37.4748951,,,,,,1.3862943611198906,12.302901368733329,floor_2,0,0,0,0,1,1,0,0-5,cheap,0.5,3281325.406103178
https://investmoscow.ru/tenders/tender/20001639,active,,3.1,678000.0,218709.6774193548,САО,2,22.0,Вход через места общего пользования,1,5.0,14.892551011058297,6.482676330235809,55.8595175,37.4748951,,,,,,1.410986973710262,12.295505027692366,floor_2,0,0,0,0,1,1,0,0-5,cheap,0.5166666666666667,3257145.027579846
https://investmoscow.ru/tenders/tender/20003134,active,,3.0,661000.0,220333.3333333333,САО,2,26.0,Вход через места общего пользования,1,5.0,14.892551011058297,6.482676330235809,55.8595175,37.4748951,,,,,,1.3862943611198906,12.302901368733329,floor_2,0,0,0,0,1,1,0,0-5,cheap,0.5,3281325.406103178
https://investmoscow.ru/tenders/tender/19998282,active,,3.8,790000.0,207894.73684210528,САО,2,22.0,Вход через места общего пользования,1,5.0,14.892551011058297,6.482676330235809,55.8595175,37.4748951,,,,,,1.5686159179138452,12.244791967825876,floor_2,0,0,0,0,1,1,0,0-5,cheap,0.6333333333333333,3096082.9733515936
https://investmoscow.ru/tenders/tender/20002966,active,,3.0,661000.0,220333.3333333333,САО,2,26.0,Вход через места общего пользования,1,5.0,14.892551011058297,6.482676330235809,55.8595175,37.4748951,,,,,,1.3862943611198906,12.302901368733329,floor_2,0,0,0,0,1,1,0,0-5,cheap,0.5,3281325.406103178
https://investmoscow.ru/tenders/tender/20001973,active,,2.7,611000.0,226296.2962962963,САО,2,26.0,Вход через места общего пользования,1,5.0,14.892551011058297,6.482676330235809,55.8595175,37.4748951,,,,,,1.308332819650179,12.329604884118956,floor_2,0,0,0,0,1,1,0,0-5,cheap,0.45,3370129.136206155
https://investmoscow.ru/tenders/tender/20001915,active,,2.7,611000.0,226296.2962962963,САО,2,26.0,Вход через места общего пользования,1,5.0,14.892551011058297,6.482676330235809,55.8595175,37.4748951,,,,,,1.308332819650179,12.329604884118956,floor_2,0,0,0,0,1,1,0,0-5,cheap,0.45,3370129.136206155
https://investmoscow.ru/tenders/tender/19998206,active,,3.7,774000.0,209189.1891891892,САО,2,22.0,Вход через места общего пользования,1,5.0,14.892551011058297,6.482676330235809,55.8595175,37.4748951,,,,,,1.547562508716013,12.250999113272016,floor_2,0,0,0,0,1,1,0,0-5,cheap,0.6166666666666667,3115360.670961925
https://investmoscow.ru/tenders/tender/19997758,active,,3.7,774000.0,209189.1891891892,САО,2,22.0,Вход через места общего пользования,1,5.0,14.892551011058297,6.482676330235809,55.8595175,37.4748951,,,,,,1.547562508716013,12.250999113272016,floor_2,0,0,0,0,1,1,0,0-5,cheap,0.6166666666666667,3115360.670961925
https://investmoscow.ru/tenders/tender/20001415,active,,3.1,678000.0,218709.6774193548,САО,2,22.0,Вход через места общего пользования,1,5.0,14.892551011058297,6.482676330235809,55.8595175,37.4748951,,,,,,1.410986973710262,12.295505027692366,floor_2,0,0,0,0,1,1,0,0-5,cheap,0.5166666666666667,3257145.027579846
https://investmoscow.ru/tenders/tender/20000737,active,,3.0,661000.0,220333.3333333333,САО,2,22.0,Вход через места общего пользования,1,5.0,14.892551011058297,6.482676330235809,55.8595175,37.4748951,,,,,,1.3862943611198906,12.302901368733329,floor_2,0,0,0,0,1,1,0,0-5,cheap,0.5,3281325.406103178
https://investmoscow.ru/tenders/tender/19999509,active,,3.7,774000.0,209189.1891891892,САО,2,22.0,Вход через места общего пользования,1,5.0,14.892551011058297,6.482676330235809,55.8595175,37.4748951,,,,,,1.547562508716013,12.250999113272016,floor_2,0,0,0,0,1,1,0,0-5,cheap,0.6166666666666667,3115360.670961925
https://investmoscow.ru/tenders/tender/20001532,active,,3.0,661000.0,220333.3333333333,САО,2,22.0,Вход через места общего пользования,1,5.0,14.892551011058297,6.482676330235809,55.8595175,37.4748951,,,,,,1.3862943611198906,12.302901368733329,floor_2,0,0,0,0,1,1,0,0-5,cheap,0.5,3281325.406103178
https://investmoscow.ru/tenders/tender/20000822,active,,2.8,628000.0,224285.7142857143,САО,2,22.0,Вход через места общего пользования,1,5.0,14.892551011058297,6.482676330235809,55.8595175,37.4748951,,,,,,1.33500106673234,12.320680486857963,floor_2,0,0,0,0,1,1,0,0-5,cheap,0.4666666666666666,3340186.4410516466
https://investmoscow.ru/tenders/tender/19998260,active,,3.6,758000.0,210555.5555555556,САО,2,22.0,Вход через места общего пользования,1,5.0,14.892551011058297,6.482676330235809,55.8595175,37.4748951,,,,,,1.5260563034950492,12.257509568491535,floor_2,0,0,0,0,1,1,0,0-5,cheap,0.6,3135709.351772831
https://investmoscow.ru/tenders/tender/19997694,active,,3.9,805000.0,206410.2564102564,САО,2,22.0,Вход через места общего пользования,1,5.0,14.892551011058297,6.482676330235809,55.8595175,37.4748951,,,,,,1.589235205116581,12.23762584797386,floor_2,0,0,0,0,1,1,0,0-5,cheap,0.65,3073975.272795366
https://investmoscow.ru/tenders/tender/19997532,active,,3.2,694000.0,216875.0,САО,2,22.0,Вход через места общего пользования,1,5.0,14.892551011058297,6.482676330235809,55.8595175,37.4748951,,,,,,1.4350845252893227,12.287081040623638,floor_2,0,0,0,0,1,1,0,0-5,cheap,0.5333333333333333,3229822.000523268
https://investmoscow.ru/tenders/tender/19997444,active,,3.2,694000.0,216875.0,САО,2,22.0,Вход через места общего пользования,1,5.0,14.892551011058297,6.482676330235809,55.8595175,37.4748951,,,,,,1.4350845252893227,12.287081040623638,floor_2,0,0,0,0,1,1,0,0-5,cheap,0.5333333333333333,3229822.000523268
https://investmoscow.ru/tenders/tender/20001591,active,,3.0,661000.0,220333.3333333333,САО,2,22.0,Вход через места общего пользования,1,5.0,14.892551011058297,6.482676330235809,55.8595175,37.4748951,,,,,,1.3862943611198906,12.302901368733329,floor_2,0,0,0,0,1,1,0,0-5,cheap,0.5,3281325.406103178
https://investmoscow.ru/tenders/tender/20000139,active,,3.3,710000.0,215151.5151515152,САО,2,22.0,Вход через места общего пользования,1,5.0,14.892551011058297,6.482676330235809,55.8595175,37.4748951,,,,,,1.4586150226995167,12.279102428421586,floor_2,0,0,0,0,1,1,0,0-5,cheap,0.5499999999999999,3204154.914500422
https://investmoscow.ru/tenders/tender/19999344,active,,3.5,742000.0,212000.0,САО,2,22.0,Вход через места общего пользования,1,5.0,14.892551011058297,6.482676330235809,55.8595175,37.4748951,,,,,,1.5040773967762742,12.264346270624156,floor_2,0,0,0,0,1,1,0,0-5,cheap,0.5833333333333334,3157220.814344359
https://investmoscow.ru/tenders/tender/19997826,active,,3.9,805000.0,206410.2564102564,САО,2,22.0,Вход через места общего пользования,1,5.0,14.892551011058297,6.482676330235809,55.8595175,37.4748951,,,,,,1.589235205116581,12.23762584797386,floor_2,0,0,0,0,1,1,0,0-5,cheap,0.65,3073975.272795366
https://investmoscow.ru/tenders/tender/19997796,active,,4.1,811000.0,197804.8780487805,САО,2,22.0,Вход через места общего пользования,1,5.0,14.892551011058297,6.482676330235809,55.8595175,37.4748951,,,,,,1.62924053973028,12.195041414861562,floor_2,0,0,0,0,1,1,0,0-5,cheap,0.6833333333333332,2945819.236577629
https://investmoscow.ru/tenders/tender/19997691,active,,3.2,694000.0,216875.0,САО,2,22.0,Вход через места общего пользования,1,5.0,14.892551011058297,6.482676330235809,55.8595175,37.4748951,,,,,,1.4350845252893227,12.287081040623638,floor_2,0,0,0,0,1,1,0,0-5,cheap,0.5333333333333333,3229822.000523268
https://investmoscow.ru/tenders/tender/19997552,active,,3.2,694000.0,216875.0,САО,2,22.0,Вход через места общего пользования,1,5.0,14.892551011058297,6.482676330235809,55.8595175,37.4748951,,,,,,1.4350845252893227,12.287081040623638,floor_2,0,0,0,0,1,1,0,0-5,cheap,0.5333333333333333,3229822.000523268
https://investmoscow.ru/tenders/tender/20001516,active,,3.2,694000.0,216875.0,САО,2,22.0,Вход через места общего пользования,1,5.0,14.892551011058297,6.482676330235809,55.8595175,37.4748951,,,,,,1.4350845252893227,12.287081040623638,floor_2,0,0,0,0,1,1,0,0-5,cheap,0.5333333333333333,3229822.000523268
https://investmoscow.ru/tenders/tender/20001077,active,,3.1,678000.0,218709.6774193548,САО,2,22.0,Вход через места общего пользования,1,5.0,14.892551011058297,6.482676330235809,55.8595175,37.4748951,,,,,,1.410986973710262,12.295505027692366,floor_2,0,0,0,0,1,1,0,0-5,cheap,0.5166666666666667,3257145.027579846
https://investmoscow.ru/tenders/tender/19995781,active,,3.4,763000.0,224411.76470588235,САО,1,22.0,Вход через места общего пользования,1,5.0,14.892551011058297,6.482676330235809,55.8595175,37.4748951,,,,,,1.4816045409242156,12.321242334728916,floor_1,1,0,0,0,0,1,0,0-5,cheap,0.5666666666666667,3342063.6533639645
https://investmoscow.ru/tenders/tender/19995767,active,,4.3,910000.0,211627.90697674413,САО,1,22.0,Вход через места общего пользования,1,5.0,14.892551011058297,6.482676330235809,55.8595175,37.4748951,,,,,,1.667706820558076,12.262589581057076,floor_1,1,0,0,0,0,1,0,0-5,cheap,0.7166666666666667,3151679.400014662
https://investmoscow.ru/tenders/tender/19995490,active,,2.8,659000.0,235357.14285714287,САО,1,22.0,Вход через места общего пользования,1,5.0,14.892551011058297,6.482676330235809,55.8595175,37.4748951,,,,,,1.33500106673234,12.368863645156372,floor_1,1,0,0,0,0,1,0,0-5,cheap,0.4666666666666666,3505068.255816935
https://investmoscow.ru/tenders/tender/19984786,active,,4.6,957000.0,208043.4782608696,САО,1,22.0,Вход через места общего пользования,1,5.0,14.892551011058297,6.482676330235809,55.8595175,37.4748951,,,,,,1.7227665977411035,12.245507173616057,floor_1,1,0,0,0,0,1,0,0-5,cheap,0.7666666666666666,3098298.112517998
https://investmoscow.ru/tenders/tender/19979359,active,,3.2,729000.0,227812.5,САО,1,22.0,Вход через места общего пользования,1,5.0,14.892551011058297,6.482676330235809,55.8595175,37.4748951,,,,,,1.4350845252893227,12.33628259075024,floor_1,1,0,0,0,0,1,0,0-5,cheap,0.5333333333333333,3392709.277206718
https://investmoscow.ru/tenders/tender/19984541,active,,4.6,957000.0,208043.4782608696,САО,1,22.0,Вход через места общего пользования,1,5.0,14.892551011058297,6.482676330235809,55.8595175,37.4748951,,,,,,1.7227665977411035,12.245507173616057,floor_1,1,0,0,0,0,1,0,0-5,cheap,0.7666666666666666,3098298.112517998
https://investmoscow.ru/tenders/tender/19995732,active,,4.8,988000.0,205833.3333333333,САО,1,22.0,Вход через места общего пользования,1,5.0,14.892551011058297,6.482676330235809,55.8595175,37.4748951,,,,,,1.7578579175523736,12.234826917103954,floor_1,1,0,0,0,0,1,0,0-5,cheap,0.7999999999999999,3065383.4164428324
https://investmoscow.ru/tenders/tender/19995678,active,,2.0,512000.0,256000.0,САО,1,22.0,Вход через места общего пользования,1,5.0,14.892551011058297,6.482676330235809,55.8595175,37.4748951,,,,,,1.0986122886681098,12.45293662970407,floor_1,1,0,0,0,0,1,0,0-5,cheap,0.3333333333333333,3812493.058830924
https://investmoscow.ru/tenders/tender/19979308,active,,3.9,846000.0,216923.0769230769,САО,1,22.0,Вход через места общего пользования,1,5.0,14.892551011058297,6.482676330235809,55.8595175,37.4748951,,,,,,1.589235205116581,12.287302695371212,floor_1,1,0,0,0,0,1,0,0-5,cheap,0.65,3230537.988552646
https://investmoscow.ru/tenders/tender/19979242,active,,3.3,746000.0,226060.60606060608,САО,1,22.0,Вход через места общего пользования,1,5.0,14.892551011058297,6.482676330235809,55.8595175,37.4748951,,,,,,1.4586150226995167,12.328562834296172,floor_1,1,0,0,0,0,1,0,0-5,cheap,0.5499999999999999,3366619.1073483303
https://investmoscow.ru/tenders/tender/19979213,active,,4.0,862000.0,215500.0,САО,1,22.0,Вход через места общего пользования,1,5.0,14.892551011058297,6.482676330235809,55.8595175,37.4748951,,,,,,1.6094379124341005,12.280720828886404,floor_1,1,0,0,0,0,1,0,0-5,cheap,0.6666666666666666,3209344.742883063
https://investmoscow.ru/tenders/tender/19985504,active,,2.8,659000.0,235357.14285714287,САО,1,22.0,Вход через места общего пользования,1,5.0,14.892551011058297,6.482676330235809,55.8595175,37.4748951,,,,,,1.33500106673234,12.368863645156372,floor_1,1,0,0,0,0,1,0,0-5,cheap,0.4666666666666666,3505068.255816935
https://investmoscow.ru/tenders/tender/19979412,active,,3.0,694000.0,231333.3333333333,САО,1,22.0,Вход через места общего пользования,1,5.0,14.892551011058297,6.482676330235809,55.8595175,37.4748951,,,,,,1.3862943611198906,12.35161927357806,floor_1,1,0,0,0,0,1,0,0-5,cheap,0.5,3445143.467224819
https://investmoscow.ru/tenders/tender/19978827,active,,2.0,512000.0,256000.0,САО,1,22.0,Вход через места общего пользования,1,5.0,14.892551011058297,6.482676330235809,55.8595175,37.4748951,,,,,,1.0986122886681098,12.45293662970407,floor_1,1,0,0,0,0,1,0,0-5,cheap,0.3333333333333333,3812493.058830924
https://investmoscow.ru/tenders/tender/19979423,active,,3.0,694000.0,231333.3333333333,САО,1,22.0,Вход через места общего пользования,1,5.0,14.892551011058297,6.482676330235809,55.8595175,37.4748951,,,,,,1.3862943611198906,12.35161927357806,floor_1,1,0,0,0,0,1,0,0-5,cheap,0.5,3445143.467224819
https://investmoscow.ru/tenders/tender/19979406,active,,3.2,729000.0,227812.5,САО,1,22.0,Вход через места общего пользования,1,5.0,14.892551011058297,6.482676330235809,55.8595175,37.4748951,,,,,,1.4350845252893227,12.33628259075024,floor_1,1,0,0,0,0,1,0,0-5,cheap,0.5333333333333333,3392709.277206718
https://investmoscow.ru/tenders/tender/19979176,active,,3.5,780000.0,222857.14285714287,САО,1,22.0,Вход через места общего пользования,1,5.0,14.892551011058297,6.482676330235809,55.8595175,37.4748951,,,,,,1.5040773967762742,12.314290717339826,floor_1,1,0,0,0,0,1,0,0-5,cheap,0.5833333333333334,3318911.368178706
https://investmoscow.ru/tenders/tender/19979007,active,,3.9,846000.0,216923.0769230769,САО,1,22.0,Вход через места общего пользования,1,5.0,14.892551011058297,6.482676330235809,55.8595175,37.4748951,,,,,,1.589235205116581,12.287302695371212,floor_1,1,0,0,0,0,1,0,0-5,cheap,0.65,3230537.988552646
https://investmoscow.ru/tenders/tender/19985329,active,,4.1,878000.0,214146.34146341463,САО,1,22.0,Вход через места общего пользования,1,5.0,14.892551011058297,6.482676330235809,55.8595175,37.4748951,,,,,,1.62924053973028,12.274419568599962,floor_1,1,0,0,0,0,1,0,0-5,cheap,0.6833333333333332,3189185.314075411
https://investmoscow.ru/tenders/tender/19984241,active,,3.4,763000.0,224411.76470588235,САО,1,22.0,Вход через места общего пользования,1,5.0,14.892551011058297,6.482676330235809,55.8595175,37.4748951,,,,,,1.4816045409242156,12.321242334728916,floor_1,1,0,0,0,0,1,0,0-5,cheap,0.5666666666666667,3342063.6533639645
https://investmoscow.ru/tenders/tender/19995002,active,,3.3,746000.0,226060.60606060608,САО,1,22.0,Вход через места общего пользования,1,5.0,14.892551011058297,6.482676330235809,55.8595175,37.4748951,,,,,,1.4586150226995167,12.328562834296172,floor_1,1,0,0,0,0,1,0,0-5,cheap,0.5499999999999999,3366619.1073483303
https://investmoscow.ru/tenders/tender/19993501,active,,3.1,712000.0,229677.4193548387,САО,1,22.0,Вход через места общего пользования,1,5.0,14.892551011058297,6.482676330235809,55.8595175,37.4748951,,,,,,1.410986973710262,12.34443543282612,floor_1,1,0,0,0,0,1,0,0-5,cheap,0.5166666666666667,3420482.6838301634
https://investmoscow.ru/tenders/tender/19993437,active,,3.2,729000.0,227812.5,САО,1,22.0,Вход через места общего пользования,1,5.0,14.892551011058297,6.482676330235809,55.8595175,37.4748951,,,,,,1.4350845252893227,12.33628259075024,floor_1,1,0,0,0,0,1,0,0-5,cheap,0.5333333333333333,3392709.277206718
https://investmoscow.ru/tenders/tender/19995957,active,,3.1,712000.0,229677.4193548387,САО,1,22.0,Вход через места общего пользования,1,5.0,14.892551011058297,6.482676330235809,55.8595175,37.4748951,,,,,,1.410986973710262,12.34443543282612,floor_1,1,0,0,0,0,1,0,0-5,cheap,0.5166666666666667,3420482.6838301634
https://investmoscow.ru/tenders/tender/19993714,active,,4.2,893000.0,212619.0476190476,САО,1,22.0,Вход через места общего пользования,1,5.0,14.892551011058297,6.482676330235809,55.8595175,37.4748951,,,,,,1.6486586255873816,12.267262037805734,floor_1,1,0,0,0,0,1,0,0-5,cheap,0.7000000000000001,3166440.0125893
https://investmoscow.ru/tenders/tender/19996746,active,,4.3,910000.0,211627.90697674413,САО,1,22.0,Вход через места общего пользования,1,5.0,14.892551011058297,6.482676330235809,55.8595175,37.4748951,,,,,,1.667706820558076,12.262589581057076,floor_1,1,0,0,0,0,1,0,0-5,cheap,0.7166666666666667,3151679.400014662
https://investmoscow.ru/tenders/tender/19996722,active,,4.3,910000.0,211627.90697674413,САО,1,22.0,Вход через места общего пользования,1,5.0,14.892551011058297,6.482676330235809,55.8595175,37.4748951,,,,,,1.667706820558076,12.262589581057076,floor_1,1,0,0,0,0,1,0,0-5,cheap,0.7166666666666667,3151679.400014662
https://investmoscow.ru/tenders/tender/19995230,active,,3.5,780000.0,222857.14285714287,САО,1,22.0,Вход через места общего пользования,1,5.0,14.892551011058297,6.482676330235809,55.8595175,37.4748951,,,,,,1.5040773967762742,12.314290717339826,floor_1,1,0,0,0,0,1,0,0-5,cheap,0.5833333333333334,3318911.368178706
https://investmoscow.ru/tenders/tender/19993537,active,,3.3,746000.0,226060.60606060608,САО,1,22.0,Вход через места общего пользования,1,5.0,14.892551011058297,6.482676330235809,55.8595175,37.4748951,,,,,,1.4586150226995167,12.328562834296172,floor_1,1,0,0,0,0,1,0,0-5,cheap,0.5499999999999999,3366619.1073483303
https://investmoscow.ru/tenders/tender/19996680,active,,3.7,812000.0,219459.45945945944,САО,basement,22.0,Вход через места общего пользования,1,5.0,14.892551011058297,6.482676330235809,55.8595175,37.4748951,,,,,,1.547562508716013,12.2989273561335,basement,0,1,0,0,0,1,0,0-5,cheap,0.6166666666666667,3268311.19485928
https://investmoscow.ru/tenders/tender/19995108,active,,3.2,729000.0,227812.5,САО,1,22.0,Вход через места общего пользования,1,5.0,14.892551011058297,6.482676330235809,55.8595175,37.4748951,,,,,,1.4350845252893227,12.33628259075024,floor_1,1,0,0,0,0,1,0,0-5,cheap,0.5333333333333333,3392709.277206718
https://investmoscow.ru/tenders/tender/19993618,active,,4.4,925000.0,210227.2727272727,САО,1,22.0,Вход через места общего пользования,1,5.0,14.892551011058297,6.482676330235809,55.8595175,37.4748951,,,,,,1.6863989535702288,12.25594923231579,floor_1,1,0,0,0,0,1,0,0-5,cheap,0.7333333333333334,3130820.383006573
https://investmoscow.ru/tenders/tender/19997381,active,,3.0,694000.0,231333.3333333333,САО,1,22.0,Вход через места общего пользования,1,5.0,14.892551011058297,6.482676330235809,55.8595175,37.4748951,,,,,,1.3862943611198906,12.35161927357806,floor_1,1,0,0,0,0,1,0,0-5,cheap,0.5,3445143.467224819
https://investmoscow.ru/tenders/tender/19997349,active,,3.4,763000.0,224411.76470588235,САО,1,22.0,Вход через места общего пользования,1,5.0,14.892551011058297,6.482676330235809,55.8595175,37.4748951,,,,,,1.4816045409242156,12.321242334728916,floor_1,1,0,0,0,0,1,0,0-5,cheap,0.5666666666666667,3342063.6533639645
https://investmoscow.ru/tenders/tender/19996972,active,,3.0,694000.0,231333.3333333333,САО,1,22.0,Вход через места общего пользования,1,5.0,14.892551011058297,6.482676330235809,55.8595175,37.4748951,,,,,,1.3862943611198906,12.35161927357806,floor_1,1,0,0,0,0,1,0,0-5,cheap,0.5,3445143.467224819
https://investmoscow.ru/tenders/tender/19995644,active,,4.3,910000.0,211627.90697674413,САО,1,22.0,Вход через места общего пользования,1,5.0,14.892551011058297,6.482676330235809,55.8595175,37.4748951,,,,,,1.667706820558076,12.262589581057076,floor_1,1,0,0,0,0,1,0,0-5,cheap,0.7166666666666667,3151679.400014662
https://investmoscow.ru/tenders/tender/19993827,active,,3.5,780000.0,222857.14285714287,САО,1,22.0,Вход через места общего пользования,1,5.0,14.892551011058297,6.482676330235809,55.8595175,37.4748951,,,,,,1.5040773967762742,12.314290717339826,floor_1,1,0,0,0,0,1,0,0-5,cheap,0.5833333333333334,3318911.368178706
https://investmoscow.ru/tenders/tender/19992401,active,,3.9,846000.0,216923.0769230769,САО,1,22.0,Вход через места общего пользования,1,5.0,14.892551011058297,6.482676330235809,55.8595175,37.4748951,,,,,,1.589235205116581,12.287302695371212,floor_1,1,0,0,0,0,1,0,0-5,cheap,0.65,3230537.988552646
https://investmoscow.ru/tenders/tender/19995607,active,,4.3,910000.0,211627.90697674413,САО,1,22.0,Вход через места общего пользования,1,5.0,14.892551011058297,6.482676330235809,55.8595175,37.4748951,,,,,,1.667706820558076,12.262589581057076,floor_1,1,0,0,0,0,1,0,0-5,cheap,0.7166666666666667,3151679.400014662
https://investmoscow.ru/tenders/tender/19992524,active,,4.1,878000.0,214146.34146341463,САО,1,22.0,Вход через места общего пользования,1,5.0,14.892551011058297,6.482676330235809,55.8595175,37.4748951,,,,,,1.62924053973028,12.274419568599962,floor_1,1,0,0,0,0,1,0,0-5,cheap,0.6833333333333332,3189185.314075411
https://investmoscow.ru/tenders/tender/19992379,active,,4.6,957000.0,208043.4782608696,САО,1,22.0,Вход через места общего пользования,1,5.0,14.892551011058297,6.482676330235809,55.8595175,37.4748951,,,,,,1.7227665977411035,12.245507173616057,floor_1,1,0,0,0,0,1,0,0-5,cheap,0.7666666666666666,3098298.112517998
https://investmoscow.ru/tenders/tender/19995437,active,,7.4,1367000.0,184729.72972972973,САО,1,22.0,Вход через места общего пользования,1,5.0,14.892551011058297,6.482676330235809,55.8595175,37.4748951,,,,,,2.128231705849268,12.126654528795136,floor_1,1,0,0,0,0,1,0,0-5,cheap,1.2333333333333334,2751096.9232590124
https://investmoscow.ru/tenders/tender/19993628,active,,3.6,796000.0,221111.1111111111,САО,1,22.0,Вход через места общего пользования,1,5.0,14.892551011058297,6.482676330235809,55.8595175,37.4748951,,,,,,1.5260563034950492,12.306425141967294,floor_1,1,0,0,0,0,1,0,0-5,cheap,0.6,3292908.501334001
https://investmoscow.ru/tenders/tender/19993516,active,,3.9,846000.0,216923.0769230769,САО,1,22.0,Вход через места общего пользования,1,5.0,14.892551011058297,6.482676330235809,55.8595175,37.4748951,,,,,,1.589235205116581,12.287302695371212,floor_1,1,0,0,0,0,1,0,0-5,cheap,0.65,3230537.988552646
https://investmoscow.ru/tenders/tender/19988358,active,,71.3,20103000.0,281949.5091164095,САО,1,22.0,Отдельный,1,5.0,14.892551011058297,6.482676330235809,55.8595175,37.4748951,,,,,,4.280824129164719,12.549486834931196,floor_1,1,0,0,0,0,0,0,0-5,medium,11.883333333333333,4198947.447058975
https://investmoscow.ru/tenders/tender/19988316,active,,117.7,29463000.0,250322.85471537808,САО,1,22.0,Отдельный,1,5.0,14.892551011058297,6.482676330235809,55.8595175,37.4748951,,,,,,4.776599301615622,12.430510777374796,floor_1,1,0,0,0,0,0,0,0-5,expensive,19.616666666666667,3727945.883082503
https://investmoscow.ru/tenders/tender/19988679,active,,87.9,24783000.0,281945.3924914676,САО,1,22.0,Отдельный,1,5.0,14.892551011058297,6.482676330235809,55.8595175,37.4748951,,,,,,4.487512142519859,12.549472234301437,floor_1,1,0,0,0,0,0,0,0-5,medium,14.65,4198886.140012034
https://investmoscow.ru/tenders/tender/19988653,active,,106.0,26534000.0,250320.7547169812,САО,1,22.0,Отдельный,1,5.0,14.892551011058297,6.482676330235809,55.8595175,37.4748951,,,,,,4.672828834461906,12.430502388213451,floor_1,1,0,0,0,0,0,0,0-5,expensive,17.666666666666668,3727914.6087492537
https://investmoscow.ru/tenders/tender/19990340,active,,82.4,23233000.0,281953.8834951456,САО,1,22.0,Отдельный,1,5.0,14.892551011058297,6.482676330235809,55.8595175,37.4748951,,,,,,4.423648309364701,12.549502349515002,floor_1,1,0,0,0,0,0,0,0-5,medium,13.733333333333334,4199012.592717444
https://investmoscow.ru/tenders/tender/19988696,active,,80.9,22810000.0,281953.02843016066,САО,1,22.0,Отдельный,1,5.0,14.892551011058297,6.482676330235809,55.8595175,37.4748951,,,,,,4.405498990859024,12.549499316879883,floor_1,1,0,0,0,0,0,0,0-5,medium,13.483333333333334,4198999.858618538
https://investmoscow.ru/tenders/tender/19988535,active,,144.5,36171000.0,250318.33910034603,САО,1,22.0,Отдельный,1,5.0,14.892551011058297,6.482676330235809,55.8595175,37.4748951,,,,,,4.980176086611547,12.430492738120144,floor_1,1,0,0,0,0,0,0,0-5,expensive,24.08333333333333,3727878.634055292
https://investmoscow.ru/tenders/tender/19999323,active,,152.5,28040000.0,183868.8524590164,ЮЗАО,basement,8.0,Вход через места общего пользования,1,17.0,10.065226694221847,2.62235647615304,55.6792072,37.5214212,,,,,,5.033700567027251,12.121983462727464,basement,0,1,0,0,0,0,0,10+,expensive,8.472222222222221,1850681.68200643
https://investmoscow.ru/tenders/tender/20000600,active,,107.3,7663000.0,71416.5890027959,ВАО,basement,5.0,Отдельный,1,12.0,6.386137084726522,2.5011331094701124,55.7687133,37.7153216,,,,,,4.684905154006945,11.176299462566806,basement,0,1,0,0,0,0,0,10+,cheap,8.253846153846153,456076.1274954272
https://investmoscow.ru/tenders/tender/19999559,active,,83.0,10742000.0,129421.68674698797,ЦАО,basement,4.0,Вход через места общего пользования,1,11.0,3.044687820020428,2.8343687135750306,55.766401,37.5760179,,,,,,4.430816798843313,11.770838968301414,basement,0,1,0,0,0,0,1,10+,cheap,6.916666666666667,394048.6332850536
https://investmoscow.ru/tenders/tender/20000125,active,,327.5,67073500.0,204804.58015267176,ЗАО,basement,19.0,Отдельный,1,4.0,10.878373188816518,11.15891369823572,55.6856107,37.489401,,,,,,5.794536837924666,12.22981641861552,basement,0,1,0,0,0,0,0,0-5,expensive,65.5,2227940.653679648
https://investmoscow.ru/tenders/tender/19996483,active,,274.6,75665000.0,275546.2490895848,ЦАО,1,14.0,Отдельный,1,7.0,4.303499078621619,4.572284080851684,55.7293305,37.6733872,,,,,,5.618950539139504,12.526514395917635,floor_1,1,0,0,0,0,0,1,5-10,expensive,34.325,1185813.0290746712
https://investmoscow.ru/tenders/tender/19996479,active,,470.0,124252000.0,264365.9574468085,ЦАО,1,14.0,Отдельный,1,7.0,4.303499078621619,4.572284080851684,55.7293305,37.6733872,,,,,,6.154858094016418,12.485093407314972,floor_1,1,0,0,0,0,0,1,5-10,expensive,58.75,1137698.6542912626
https://investmoscow.ru/tenders/tender/19996485,active,,650.1,157636000.0,242479.61852022764,ЦАО,1,14.0,Отдельный,1,7.0,4.303499078621619,4.572284080851684,55.7293305,37.6733872,,,,,,6.478663240242817,12.398677062537685,floor_1,1,0,0,0,0,0,1,5-10,expensive,81.2625,1043510.8148863212
https://investmoscow.ru/tenders/tender/19996488,active,,64.7,20950000.0,323802.1638330757,ЗАО,1,16.0,Отдельный,1,5.0,,,,,,,,,,4.185098925490565,12.687891091126286,floor_1,1,0,0,0,0,0,0,0-5,medium,10.783333333333331,4071680.371926082
https://investmoscow.ru/tenders/tender/19996101,active,,124.2,30491000.0,245499.19484702093,САО,1,8.0,Отдельный,1,9.0,7.195315996892043,2.4507279111429723,55.8108638,37.56926,,,,,,4.829912458665998,12.411053019890616,floor_1,1,0,0,0,0,0,0,5-10,expensive,12.42,1766444.283906886
https://investmoscow.ru/tenders/tender/19996136,active,,155.8,56295000.0,361328.62644415913,ЗАО,1,23.0,Отдельный,1,2.0,9.654234905066645,2.4407097760073992,55.7370119,37.4652655,,,,,,5.054971107916307,12.797545913342615,floor_1,1,0,0,0,0,0,0,0-5,expensive,51.93333333333334,3488351.437616988
https://investmoscow.ru/tenders/tender/19996541,active,,125.4,35054000.0,279537.48006379587,ВАО,1,13.0,Отдельный,1,33.0,8.613886339464958,5.207382679171145,55.8157813,37.6960486,,,,,,4.839451481712757,12.54089523674786,floor_1,1,0,0,0,0,0,0,10+,expensive,3.6882352941176473,2407904.080889989
https://investmoscow.ru/tenders/tender/19996725,active,,153.6,23647000.0,153951.8229166667,ВАО,1,14.0,Отдельный,1,15.0,13.924757675919674,5.197853756341424,55.8074729,37.8174317,,,,,,5.040841136153322,11.944401489765674,floor_1,1,0,0,0,0,0,0,10+,medium,9.6,2143741.827880681
https://investmoscow.ru/tenders/tender/19999081,active,,61.0,8525000.0,139754.09836065574,ЗАО,1,2.0,"Отдельный, Вход через иную собственность",1,13.0,12.450227904932028,4.04056761848701,55.7219786,37.4254665,,,,,,4.127134385045092,11.847646872360164,floor_1,1,0,0,0,0,0,0,10+,cheap,4.357142857142857,1739970.3752384514
https://investmoscow.ru/tenders/tender/19999460,active,,546.7,23724000.0,43394.91494421072,ЗАО,basement,12.0,Вход через иную собственность,1,19.0,17.131317021143804,9.264037046284418,55.6481346,37.4146552,,,,,,6.305727691789675,10.678120589948964,basement,0,1,0,0,0,0,0,10+,medium,27.335,743412.0450148447
https://investmoscow.ru/tenders/tender/19996778,active,,180.8,17763000.0,98246.6814159292,ЗАО,basement,4.0,Отдельный,1,2.0,15.328216710736008,14.50746850519475,55.8477028,37.4406074,,,,,,5.202907181743378,11.495246930632993,basement,0,1,0,0,0,0,0,0-5,medium,60.26666666666667,1505946.4238540027
https://investmoscow.ru/tenders/tender/19998285,active,,86.6,12143000.0,140219.39953810626,ЦАО,basement,7.0,Вход через иную собственность,1,2.0,3.273223191680564,2.9532959653863435,55.7746051,37.5838521,,,,,,4.472780997942346,11.85097074612294,basement,0,1,0,0,0,0,1,0-5,cheap,28.866666666666664,458969.3904916524
https://investmoscow.ru/tenders/tender/19979429,active,,267.3,18171000.0,67979.79797979798,ЗАО,basement,7.0,Отдельный,1,19.0,13.2866931142418,12.46257289009097,55.8307571,37.457328,,,,,,5.592105757431579,11.126980561630726,basement,0,1,0,0,0,0,0,10+,medium,13.365,903226.7137257304
https://investmoscow.ru/tenders/tender/19980610,active,,197.9,35855000.0,181177.36230419404,ВАО,1,5.0,Вход через места общего пользования,1,12.0,6.947750015852539,2.7466909518171025,55.7880655,37.7084019,,,,,,5.292802185859927,12.107237252128414,floor_1,1,0,0,0,0,0,0,10+,expensive,15.223076923076924,1258775.0218210854
https://investmoscow.ru/tenders/tender/19979409,active,,88.3,15291000.0,173171.00792751982,ВАО,3,3.0,Вход через места общего пользования,1,7.0,11.56162591164059,2.7236800242617893,55.7901999,37.7896841,,,,,,4.492001487882454,12.062040645002376,floor_3_plus,0,0,0,1,0,0,0,5-10,medium,11.0375,2002138.412399731
https://investmoscow.ru/tenders/tender/19979422,active,,124.5,9111000.0,73180.72289156627,САО,basement,5.0,Вход через места общего пользования,1,4.0,10.712669647403,2.4614150693021584,55.8188559,37.4938221,,,,,,4.832305758571839,11.20070098149866,basement,0,1,0,0,0,0,0,0-5,cheap,24.9,783960.908895492
https://investmoscow.ru/tenders/tender/19980537,active,,188.3,31660000.0,168135.95326606478,СВАО,1,15.0,Отдельный,1,19.0,16.197737528912164,8.507276422415572,55.8953042,37.5685729,,,,,,5.243333058215277,12.032534124304256,floor_1,1,0,0,0,0,0,0,10+,expensive,9.415,2723422.040177159
https://investmoscow.ru/tenders/tender/19911224,active,,1221.3,196159000.0,160614.91852943585,ЦАО,5,5.0,Вход через иную собственность,1,1.0,3.0660443588603465,2.7399183080496954,55.7736053,37.5869193,,,,,,7.108489608783217,11.986771194695129,floor_3_plus,0,0,0,1,0,0,1,0-5,expensive,610.65,492452.4649059909
https://investmoscow.ru/tenders/tender/20000315,active,,64.3,6482000.0,100808.70917573872,ЦАО,basement,12.0,Отдельный,1,6.0,2.5681861457622297,2.6395959991532143,55.7492364,37.5766824,,,,,,4.178992036282385,11.5209899511687,basement,0,1,0,0,0,0,1,5-10,cheap,9.185714285714283,258895.53027730595
https://investmoscow.ru/tenders/tender/20006228,active,,82.2,17074000.0,207712.8953771289,ЮАО,1,15.0,Отдельный,1,31.0,16.62827494627118,6.254769209176507,55.6037401,37.6556238,,,,,,4.421247347827163,12.243916908816256,floor_1,1,0,0,0,0,0,0,10+,medium,2.56875,3453907.13421696
https://investmoscow.ru/tenders/tender/20006216,active,,61.8,12955000.0,209627.8317152104,ЮАО,1,20.0,Отдельный,1,39.0,16.585739859449784,6.241336884797997,55.6037747,37.6510228,,,,,,4.139955073474153,12.25309377786226,floor_1,1,0,0,0,0,0,0,10+,medium,1.545,3476832.684128997
https://investmoscow.ru/tenders/tender/20006207,active,,122.4,23116000.0,188856.2091503268,ЮАО,1,20.0,Отдельный,1,39.0,16.585739859449784,6.241336884797997,55.6037747,37.6510228,,,,,,4.815431111471288,12.148746501361304,floor_1,1,0,0,0,0,0,0,10+,medium,3.06,3132319.95580916
https://investmoscow.ru/tenders/tender/20006226,active,,82.8,16607000.0,200567.6328502416,ЮАО,1,20.0,Отдельный,1,39.0,16.585739859449784,6.241336884797997,55.6037747,37.6510228,,,,,,4.428433007488037,12.208911775634588,floor_1,1,0,0,0,0,0,0,10+,medium,2.07,3326562.5826797425
https://investmoscow.ru/tenders/tender/20006213,active,,129.4,24243000.0,187349.30448222565,ЮАО,1,15.0,Отдельный,1,35.0,16.585739859449784,6.241336884797997,55.6037747,37.6510228,,,,,,4.870606649492553,12.14073542942588,floor_1,1,0,0,0,0,0,0,10+,medium,3.594444444444445,3107326.826991044
https://investmoscow.ru/tenders/tender/20006212,active,,73.0,14917000.0,204342.46575342465,ЮАО,1,20.0,Отдельный,1,39.0,16.585739859449784,6.241336884797997,55.6037747,37.6510228,,,,,,4.30406509320417,12.227557512721091,floor_1,1,0,0,0,0,0,0,10+,medium,1.825,3389170.979224828
https://investmoscow.ru/tenders/tender/20006209,active,,100.5,24241000.0,241203.98009950249,ЮАО,1,15.0,Отдельный,1,18.0,14.183008506172545,3.8499920962671146,55.6253444,37.6474856,,,,,,4.620058798481842,12.393402390800718,floor_1,1,0,0,0,0,0,0,10+,medium,5.289473684210527,3420998.101473917
https://investmoscow.ru/tenders/tender/20008044,active,,127.5,40132000.0,314760.7843137255,ВАО,1,15.0,Отдельный,1,43.0,12.74687924126991,5.483805410945319,55.8280548,37.7703877,,,,,,4.855928904335275,12.65957139143996,floor_1,1,0,0,0,0,0,0,10+,expensive,2.897727272727273,4012217.707534463
https://investmoscow.ru/tenders/tender/20008047,active,,100.9,32846000.0,325530.2279484638,ВАО,1,15.0,Отдельный,1,43.0,12.74687924126991,5.483805410945319,55.8280548,37.7703877,,,,,,4.623991940228679,12.693213674426705,floor_1,1,0,0,0,0,0,0,10+,expensive,2.2931818181818184,4149494.5050421352
https://investmoscow.ru/tenders/tender/20000407,active,,46.3,7913000.0,170907.12742980564,ЮАО,1,14.0,Отдельный,1,11.0,15.185451331697893,6.829140813699187,55.6379834,37.7518423,,,,,,3.856510295497887,12.048881424613077,floor_1,1,0,0,0,0,1,0,10+,cheap,3.858333333333333,2595301.865825604
https://investmoscow.ru/tenders/tender/20000556,active,,13.9,910000.0,65467.625899280574,ЗАО,1,11.0,Вход через места общего пользования,1,90.0,22.41551962252155,21.619826947142403,55.9054334,37.3841996,,,,,,2.7013612129514133,11.089326312965005,floor_1,1,0,0,0,0,1,0,10+,cheap,0.1527472527472527,1467490.8529852238
https://investmoscow.ru/tenders/tender/20000309,active,,152.1,12111000.0,79625.24654832347,ЮЗАО,basement,15.0,Вход через иную собственность,1,6.0,8.838995004422351,2.749325174427271,55.6888033,37.5314125,,,,,,5.031091302663638,11.285099047989894,basement,0,1,0,0,0,0,0,5-10,cheap,21.728571428571428,703807.1564665292
https://investmoscow.ru/tenders/tender/20002690,active,,112.0,19126000.0,170767.85714285713,ВАО,1,17.0,Отдельный,1,18.0,20.839069860088085,14.17373652177458,55.713737,37.9440932,,,,,,4.727387818712341,12.048066208482345,floor_1,1,0,0,0,0,0,0,10+,medium,5.894736842105263,3558643.304857542
https://investmoscow.ru/tenders/tender/20002680,active,,73.6,13346000.0,181331.5217391305,ВАО,1,17.0,Отдельный,1,18.0,20.839069860088085,14.17373652177458,55.713737,37.9440932,,,,,,4.312140507209715,12.108087761456629,floor_1,1,0,0,0,0,0,0,10+,medium,3.8736842105263154,3778780.249357821
https://investmoscow.ru/tenders/tender/19997948,active,,50.0,9641000.0,192820.0,ВАО,1,17.0,Отдельный,1,18.0,20.839069860088085,14.17373652177458,55.713737,37.9440932,,,,,,3.9318256327243257,12.169517576388929,floor_1,1,0,0,0,0,0,0,10+,cheap,2.631578947368421,4018189.450422185
https://investmoscow.ru/tenders/tender/20002717,active,,87.2,14730000.0,168922.01834862385,ВАО,1,14.0,Отдельный,1,20.0,20.839069860088085,14.17373652177458,55.713737,37.9440932,,,,,,4.4796069630127455,12.037198377397734,floor_1,1,0,0,0,0,0,0,10+,medium,4.152380952380953,3520177.7412740537
https://investmoscow.ru/tenders/tender/20002559,active,,106.2,17406000.0,163898.30508474575,ВАО,1,14.0,Отдельный,1,20.0,20.839069860088085,14.17373652177458,55.713737,37.9440932,,,,,,4.674696248636701,12.007007524849508,floor_1,1,0,0,0,0,0,0,10+,medium,5.057142857142857,3415488.2296110466
https://investmoscow.ru/tenders/tender/19998645,active,,50.3,9214000.0,183180.9145129225,ВАО,1,14.0,Отдельный,1,20.0,20.839069860088085,14.17373652177458,55.713737,37.9440932,,,,,,3.937690752176724,12.118235006441408,floor_1,1,0,0,0,0,0,0,10+,cheap,2.395238095238095,3817319.874569615
https://investmoscow.ru/tenders/tender/20002704,active,,49.7,9583000.0,192816.9014084507,ВАО,1,17.0,Отдельный,1,20.0,20.839069860088085,14.17373652177458,55.713737,37.9440932,,,,,,3.9259259105971376,12.169501506477216,floor_1,1,0,0,0,0,1,0,10+,cheap,2.3666666666666667,4018124.878656421
https://investmoscow.ru/tenders/tender/19998640,active,,102.0,17598000.0,172529.41176470587,ВАО,1,17.0,Отдельный,1,20.0,20.839069860088085,14.17373652177458,55.713737,37.9440932,,,,,,4.634728988229636,12.058328799999767,floor_1,1,0,0,0,0,0,0,10+,medium,4.857142857142857,3595352.464684609
https://investmoscow.ru/tenders/tender/19997987,active,,50.1,9177000.0,183173.6526946108,ВАО,1,17.0,Отдельный,1,20.0,20.839069860088085,14.17373652177458,55.713737,37.9440932,,,,,,3.933784497209659,12.118195362995854,floor_1,1,0,0,0,0,0,0,10+,cheap,2.3857142857142857,3817168.5450305054
https://investmoscow.ru/tenders/tender/20002700,active,,91.3,16073000.0,176046.0021905805,ВАО,1,17.0,Отдельный,1,19.0,20.839069860088085,14.17373652177458,55.713737,37.9440932,,,,,,4.525044141508807,12.0785062962677,floor_1,1,0,0,0,0,0,0,10+,medium,4.565,3668634.938238727
https://investmoscow.ru/tenders/tender/19997957,active,,87.3,15523000.0,177812.14203894616,ВАО,1,17.0,Отдельный,1,19.0,20.839069860088085,14.17373652177458,55.713737,37.9440932,,,,,,4.480740107609915,12.088488514060112,floor_1,1,0,0,0,0,0,0,10+,medium,4.365,3705439.649921504
https://investmoscow.ru/tenders/tender/19997930,active,,173.4,46287000.0,266937.71626297577,САО,1,25.0,Отдельный,1,8.0,13.89046952152574,6.580677674045878,55.8690716,37.5389515,,,,,,5.161351511474879,12.49477438393205,floor_1,1,0,0,0,0,0,0,5-10,expensive,19.266666666666666,3707890.2118965504
https://investmoscow.ru/tenders/tender/19998781,active,,177.3,41245000.0,232628.31359278056,СВАО,1,22.0,Отдельный,1,5.0,8.007390632011646,3.693631536271645,55.821437,37.5827485,,,,,,5.183467524869095,12.35720153689044,floor_1,1,0,0,0,0,0,0,0-5,expensive,29.55,1862745.7790034984
https://investmoscow.ru/tenders/tender/20002847,active,,94.4,22463000.0,237955.50847457623,ВАО,2,17.0,Вход через подъезд,1,18.0,20.831229445331445,14.32569350401195,55.7096056,37.9423496,,,,,,4.558078578454241,12.3798431984533,floor_2,0,0,0,0,1,0,0,10+,medium,4.968421052631579,4956905.794814409
https://investmoscow.ru/tenders/tender/20002660,active,,116.7,24693000.0,211593.83033419025,ВАО,2,17.0,Вход через подъезд,1,18.0,20.831229445331445,14.32569350401195,55.7096056,37.9423496,,,,,,4.768139014266231,12.262428547354933,floor_2,0,0,0,0,1,0,0,10+,medium,6.142105263157895,4407759.62890805
https://investmoscow.ru/tenders/tender/20002648,active,,148.2,31359000.0,211599.1902834008,ВАО,2,17.0,Вход через подъезд,1,18.0,20.831229445331445,14.32569350401195,55.7096056,37.9423496,,,,,,5.005287687769661,12.262453878225806,floor_2,0,0,0,0,1,0,0,10+,expensive,7.8,4407871.28323987
https://investmoscow.ru/tenders/tender/20002636,active,,233.9,52097000.0,222731.9367250962,ВАО,1,17.0,Отдельный,1,18.0,20.831229445331445,14.32569350401195,55.7096056,37.9423496,,,,,,5.459159891664867,12.313728739593508,floor_1,1,0,0,0,0,0,0,10+,expensive,12.310526315789474,4639780.078723524
https://investmoscow.ru/tenders/tender/20002629,active,,159.3,35481000.0,222730.6967984934,ВАО,1,17.0,Отдельный,1,18.0,20.831229445331445,14.32569350401195,55.7096056,37.9423496,,,,,,5.077047059615508,12.313723172702176,floor_1,1,0,0,0,0,0,0,10+,expensive,8.38421052631579,4639754.249527966
https://investmoscow.ru/tenders/tender/20002616,active,,71.9,18010000.0,250486.7872044506,ВАО,1,17.0,Отдельный,1,18.0,20.831229445331445,14.32569350401195,55.7096056,37.9423496,,,,,,4.289088639014612,12.43116544464371,floor_1,1,0,0,0,0,0,0,10+,medium,3.78421052631579,5217947.737279823
https://investmoscow.ru/tenders/tender/20002859,active,,102.9,21773000.0,211593.78036929056,ВАО,2,17.0,Вход через подъезд,1,18.0,20.831229445331445,14.32569350401195,55.7096056,37.9423496,,,,,,4.643428898105181,12.26242831122012,floor_2,0,0,0,0,1,0,0,10+,medium,5.415789473684211,4407758.58807776
https://investmoscow.ru/tenders/tender/20002603,active,,68.6,17183000.0,250481.04956268225,ВАО,1,17.0,Отдельный,1,18.0,20.831229445331445,14.32569350401195,55.7096056,37.9423496,,,,,,4.242764567340374,12.431142538507062,floor_1,1,0,0,0,0,0,0,10+,medium,3.610526315789474,5217828.215147671
https://investmoscow.ru/tenders/tender/19998777,active,,95.3,23871000.0,250482.68625393487,ВАО,1,17.0,Отдельный,1,18.0,20.831229445331445,14.32569350401195,55.7096056,37.9423496,,,,,,4.56746831880408,12.43114907265156,floor_1,1,0,0,0,0,0,0,10+,medium,5.015789473684211,5217862.309438687
https://investmoscow.ru/tenders/tender/20008048,active,,61.7,17351000.0,281215.5591572123,САО,1,15.0,Отдельный,1,25.0,13.109751952086295,4.845411219291963,55.8508671,37.5026963,,,,,,4.138361447638875,12.546880324657153,floor_1,1,0,0,0,0,0,0,10+,medium,2.373076923076923,3686666.2256183033
https://investmoscow.ru/tenders/tender/20008004,active,,28.5,6897000.0,242000.0,ВАО,2,15.0,Отдельный,1,18.0,11.256895066358998,3.586879358203822,55.761357,37.7969335,,,,,,3.3843902633457743,12.396697137361691,floor_2,0,0,0,0,1,1,0,10+,cheap,1.5,2724168.6060588774
https://investmoscow.ru/tenders/tender/20008011,active,,37.7,8652150.0,229500.0,ВАО,2,15.0,Отдельный,1,18.0,11.256895066358998,3.586879358203822,55.761357,37.7969335,,,,,,3.655839600035736,12.34366266577172,floor_2,0,0,0,0,1,1,0,10+,cheap,1.9842105263157896,2583457.4177293903
https://investmoscow.ru/tenders/tender/20008010,active,,28.5,6897000.0,242000.0,ВАО,2,15.0,Отдельный,1,18.0,11.256895066358998,3.586879358203822,55.761357,37.7969335,,,,,,3.3843902633457743,12.396697137361691,floor_2,0,0,0,0,1,1,0,10+,cheap,1.5,2724168.6060588774
https://investmoscow.ru/tenders/tender/20008041,active,,98.0,24790000.0,252959.1836734693,ВАО,1,15.0,Отдельный,1,30.0,9.867939166116615,9.494709841121033,55.6947155,37.7383003,,,,,,4.59511985013459,12.440987378539926,floor_1,1,0,0,0,0,0,0,10+,medium,3.161290322580645,2496185.836000315
https://investmoscow.ru/tenders/tender/20008038,active,,39.8,12037000.0,302437.1859296483,ВАО,1,15.0,Отдельный,1,30.0,9.867939166116615,9.494709841121033,55.6947155,37.7383003,,,,,,3.708682081410116,12.619632191537724,floor_1,1,0,0,0,0,1,0,10+,cheap,1.283870967741935,2984431.7523252694
https://investmoscow.ru/tenders/tender/20008020,active,,50.1,12065000.0,240818.36327345308,ВАО,1,15.0,Отдельный,1,19.0,15.610391870261548,9.905923337248336,55.7148973,37.8585401,,,,,,3.933784497209659,12.39180240144908,floor_1,1,0,0,0,0,0,0,10+,cheap,2.505,3759269.020253604
https://investmoscow.ru/tenders/tender/20008022,active,,70.4,19463000.0,276463.0681818182,ВАО,1,15.0,Отдельный,1,12.0,11.162678853668648,11.290802085577877,55.6784566,37.7393784,,,,,,4.268297869345539,12.529836139173836,floor_1,1,0,0,0,0,0,0,10+,medium,5.415384615384616,3086068.445013536
https://investmoscow.ru/tenders/tender/20008037,active,,139.4,34217000.0,245459.11047345767,ВАО,1,15.0,Отдельный,1,12.0,11.162678853668648,11.290802085577877,55.6784566,37.7393784,,,,,,4.944495491591711,12.410889730218448,floor_1,1,0,0,0,0,0,0,10+,expensive,10.723076923076924,2739981.2219223827
https://investmoscow.ru/tenders/tender/20008031,active,,92.3,24292000.0,263185.2654387866,ВАО,1,15.0,Отдельный,1,12.0,11.162678853668648,11.290802085577877,55.6784566,37.7393784,,,,,,4.535820107853298,12.480617294088386,floor_1,1,0,0,0,0,0,0,10+,medium,7.1,2937852.5971107134
https://investmoscow.ru/tenders/tender/20008026,active,,174.3,41275000.0,236804.3602983362,ВАО,1,15.0,Отдельный,1,12.0,11.162678853668648,11.290802085577877,55.6784566,37.7393784,,,,,,5.1664987919271885,12.37499381813079,floor_1,1,0,0,0,0,0,0,10+,expensive,13.407692307692308,2643371.025158769
https://investmoscow.ru/tenders/tender/20008028,active,,127.1,31660000.0,249095.20062942567,ВАО,1,15.0,Отдельный,1,12.0,11.162678853668648,11.290802085577877,55.6784566,37.7393784,,,,,,4.852811208902689,12.425594448743048,floor_1,1,0,0,0,0,0,0,10+,expensive,9.776923076923076,2780569.72861644
https://investmoscow.ru/tenders/tender/20008003,active,,68.8,19004000.0,276220.93023255817,ВАО,1,15.0,Отдельный,1,14.0,11.025579153662218,9.383106784254506,55.6957849,37.7630135,,,,,,4.245634009768327,12.528959916633562,floor_1,1,0,0,0,0,0,0,10+,medium,4.586666666666667,3045495.730177279
https://investmoscow.ru/tenders/tender/20000450,active,,194.8,15197000.0,78013.34702258726,САО,basement,12.0,Отдельный,1,1.0,14.471357953627315,6.089419941796414,55.8578614,37.4822872,,,,,,5.27709373009641,11.264648024944558,basement,0,1,0,0,0,0,0,0-5,medium,97.4,1128959.069924406
https://investmoscow.ru/tenders/tender/19999655,active,,38.9,8235000.0,211696.6580976864,ЮАО,1,24.0,"Отдельный, Вход через иную собственность",0,7.0,19.55417777802938,9.158075141752889,55.5805542,37.6894594,,,,,,3.686376323895818,12.262914394698454,floor_1,1,0,0,0,0,1,0,5-10,cheap,4.8625,4139554.087456863
https://investmoscow.ru/tenders/tender/19999695,active,,29.6,13523000.0,456858.1081081081,ЦАО,2,2.0,Вход через иную собственность,1,0.0,2.7511509595531938,3.148358327727624,55.7291593,37.6345995,,,,,,3.4210000089583352,13.032130324986504,floor_2,0,0,0,0,1,1,1,0-5,medium,29.6,1256885.6225012783
https://investmoscow.ru/tenders/tender/19997503,active,,229.7,38684700.0,168414.0182847192,ЗАО,1,15.0,Отдельный,1,9.0,11.435582052345216,2.8358628947552416,55.7178206,37.4448056,,,,,,5.441118165179708,12.034186559027162,floor_1,1,0,0,0,0,0,0,5-10,expensive,22.97,1925912.324860074
https://investmoscow.ru/tenders/tender/19998349,active,,10.4,3671000.0,352980.7692307692,ЦАО,1,8.0,Вход через места общего пользования,1,6.0,2.729328443229012,2.54678229906721,55.763532,37.5789117,,,,,,2.4336133554004498,12.774171689343158,floor_1,1,0,0,0,0,1,1,5-10,cheap,1.4857142857142858,963400.4533743944
https://investmoscow.ru/tenders/tender/19995938,active,,293.7,22570050.0,76847.29315628193,САО,basement,8.0,Отдельный,1,12.0,5.958492981246158,2.74863933195342,55.7981061,37.5686502,,,,,,5.685957889743649,11.249588538652196,basement,0,1,0,0,0,0,0,10+,medium,22.59230769230769,457894.0568994718
https://investmoscow.ru/tenders/tender/19996137,active,,79.3,9064000.0,114300.1261034048,САО,basement,9.0,Вход через места общего пользования,1,13.0,8.240208656907992,1.8274519543744256,55.7968466,37.5123801,,,,,,4.385769620952716,11.64659170190764,basement,0,1,0,0,0,0,0,10+,cheap,5.664285714285714,941856.8886029512
https://investmoscow.ru/tenders/tender/20002676,active,,183.8,47857000.0,260375.40805223063,ЗАО,1,24.0,Отдельный,1,10.0,,,,,,,,,,5.219274159207584,12.469883586334465,floor_1,1,0,0,0,0,0,0,5-10,expensive,16.70909090909091,3274114.7426211806
https://investmoscow.ru/tenders/tender/20002899,active,,137.0,24921000.0,181905.1094890511,СВАО,1,19.0,Отдельный,1,24.0,13.343377302177048,4.63096596311938,55.8716929,37.6373027,,,,,,4.927253685157205,12.111245951017777,floor_1,1,0,0,0,0,0,0,10+,medium,5.48,2427228.509106235
https://investmoscow.ru/tenders/tender/20002970,active,,68.8,12882000.0,187238.37209302327,ВАО,1,17.0,Отдельный,1,16.0,20.59498368270653,14.036041922079562,55.7118144,37.9393621,,,,,,4.245634009768327,12.140143141921005,floor_1,1,0,0,0,0,0,0,10+,cheap,4.047058823529412,3856171.218032348
https://investmoscow.ru/tenders/tender/20002975,active,,105.6,19325000.0,183001.89393939395,ВАО,1,17.0,Отдельный,1,16.0,20.59498368270653,14.036041922079562,55.7118144,37.9393621,,,,,,4.669083511731744,12.11725724557499,floor_1,1,0,0,0,0,0,0,10+,medium,6.211764705882352,3768921.0195862097
https://investmoscow.ru/tenders/tender/20002964,active,,78.6,32669000.0,415636.13231552165,СВАО,1,16.0,Отдельный,1,2.0,4.74772844238417,4.224849715999012,55.7947387,37.6144868,,,,,,4.377014092850337,12.937567880499806,floor_1,1,0,0,0,0,0,1,0-5,expensive,26.2,1973327.4870769524
https://investmoscow.ru/tenders/tender/19974086,active,,133.4,38347000.0,287458.77061469265,ЦАО,1,15.0,Отдельный,1,2.0,2.4810421099796574,2.8736997486528635,55.731724,37.6342146,,,,,,4.900820428089049,12.568838201131944,floor_1,1,0,0,0,0,0,1,0-5,expensive,44.46666666666667,713197.3147780354
https://investmoscow.ru/tenders/tender/20004954,active,,231.8,14098000.0,60819.67213114754,ВАО,basement,9.0,Отдельный,1,9.0,18.02991986599269,11.727624686211962,55.7154414,37.8987204,,,,,,5.450179715857283,11.015685012323654,basement,0,1,0,0,0,0,0,5-10,medium,23.18,1096573.814800539
https://investmoscow.ru/tenders/tender/20005197,active,,9.8,1763000.0,179897.95918367346,ВАО,1,21.0,Вход через места общего пользования,1,7.0,13.93672557363648,14.31248854070205,55.6510587,37.7501765,,,,,,2.379546134130174,12.10015063439478,floor_1,1,0,0,0,0,1,0,5-10,cheap,1.225,2507188.4884001133
https://investmoscow.ru/tenders/tender/20003036,active,,151.3,11109500.0,73426.96629213482,ЗАО,basement,5.0,Вход через места общего пользования,1,16.0,13.7348257124733,12.71195403799943,55.8323105,37.4502337,,,,,,5.025852259901116,11.204060154190334,basement,0,1,0,0,0,0,0,10+,cheap,8.9,1008506.5846181236
https://investmoscow.ru/tenders/tender/20017137,active,,111.0,33252000.0,299567.5675675676,ЦАО,1,8.0,Отдельный,1,0.0,2.373990359528725,2.7462130749118647,55.7338818,37.6376933,,,,,,4.718498871295094,12.610098610460284,floor_1,1,0,0,0,0,0,1,0-5,expensive,111.0,711170.5174328753
https://investmoscow.ru/tenders/tender/20015601,active,,232.6,50844000.0,218589.85382631127,ЗАО,1,12.0,Отдельный,1,19.0,16.87628314379957,15.692403714057953,55.8557733,37.4200568,,,,,,5.453610250954072,12.29495701407942,floor_1,1,0,0,0,0,0,0,10+,expensive,11.63,3688984.2655345886
https://investmoscow.ru/tenders/tender/20017339,active,,74.2,45028000.0,606846.3611859838,ЦАО,1,5.0,Вход через места общего пользования,1,11.0,1.594022958557502,1.3953376358609308,55.7598854,37.5961737,,,,,,4.320151230955794,13.31603257414569,floor_1,1,0,0,0,0,0,1,10+,expensive,6.183333333333334,967327.0320475365
https://investmoscow.ru/tenders/tender/20017221,active,,81.4,49337000.0,606105.651105651,ЦАО,1,5.0,Вход через места общего пользования,1,11.0,1.594022958557502,1.3953376358609308,55.7598854,37.5961737,,,,,,4.411585436915426,13.314811241490206,floor_1,1,0,0,0,0,0,1,10+,expensive,6.783333333333334,966146.323173851
https://investmoscow.ru/tenders/tender/20016670,active,,154.9,86687000.0,559632.0206584893,ЦАО,1,5.0,Вход через места общего пользования,1,11.0,1.594022958557502,1.3953376358609308,55.7598854,37.5961737,,,,,,5.049214776063731,13.235036527642464,floor_1,1,0,0,0,0,0,1,10+,expensive,12.908333333333331,892066.2892735583
https://investmoscow.ru/tenders/tender/20018304,active,,81.6,11084000.0,135833.33333333334,ЮЗАО,1,14.0,Отдельный,1,13.0,25.194192054116108,15.46548872023152,55.5347112,37.5009386,,,,,,4.414009680526933,11.819191284931035,floor_1,1,0,0,0,0,0,0,10+,cheap,5.828571428571428,3422211.087350772
https://investmoscow.ru/tenders/tender/20003055,active,,683.6,89104000.0,130345.2311293154,ЗАО,basement,22.0,Отдельный,1,6.0,,,,,,,,,,6.528834726096085,11.77794950547464,basement,0,1,0,0,0,0,0,5-10,expensive,97.65714285714286,1639038.2104950894
https://investmoscow.ru/tenders/tender/20003040,active,,528.9,79502000.0,150315.7496691246,ЗАО,2,15.0,Вход через иную собственность,1,38.0,8.360848089834027,5.1723384046453695,55.7665479,37.4861783,,,,,,6.272688309498716,11.92050001110959,floor_2,0,0,0,0,1,0,0,10+,expensive,13.56153846153846,1256767.1484930702
https://investmoscow.ru/tenders/tender/20020488,active,,150.7,24213000.0,160670.20570670208,ЮЗАО,1,8.0,Отдельный,1,7.0,7.572902827900677,2.747098054418878,55.6943903,37.5525594,,,,,,5.021904886354487,11.987115355252095,floor_1,1,0,0,0,0,0,0,5-10,medium,18.8375,1216739.8551556678
https://investmoscow.ru/tenders/tender/20018569,active,,57.7,5482000.0,95008.66551126516,ЗАО,basement,15.0,"Вход через подъезд, Вход через иную собственность",1,44.0,3.884871805023472,5.1475716145327,55.7479261,37.5557331,,,,,,4.072439726834051,11.461733907631134,basement,0,1,0,0,0,0,1,10+,cheap,1.2822222222222224,369096.48587762
https://investmoscow.ru/tenders/tender/20018436,active,,153.1,22642000.0,147890.2677988243,СВАО,1,15.0,Отдельный,1,32.0,13.717951551411833,5.441763724166495,55.867263,37.6967215,,,,,,5.03760174232607,11.904232605703855,floor_1,1,0,0,0,0,0,0,10+,medium,4.63939393939394,2028751.5285895928
https://investmoscow.ru/tenders/tender/20018665,active,,155.8,39051000.0,250648.26700898583,ЗАО,1,22.0,Отдельный,1,8.0,12.04017042296637,4.6824930382699606,55.7415842,37.4256497,,,,,,5.054971107916307,12.431809898326655,floor_1,1,0,0,0,0,0,0,5-10,expensive,17.311111111111114,3017847.8510093684
https://investmoscow.ru/tenders/tender/20018444,active,,122.6,26562000.0,216655.7911908646,СВАО,1,12.0,"Отдельный, Вход через иную собственность",1,6.0,15.804502987053702,7.797060461844079,55.8932451,37.5855792,,,,,,4.817050545023591,12.286069773045863,floor_1,1,0,0,0,0,0,0,5-10,expensive,17.514285714285712,3424137.0990385027
https://investmoscow.ru/tenders/tender/20018796,active,,108.6,15544000.0,143130.75506445672,ЮЗАО,1,14.0,Отдельный,1,30.0,23.835709613388843,14.684573442152503,55.538243,37.5811039,,,,,,4.696837374513915,11.871520849133804,floor_1,1,0,0,0,0,0,0,10+,medium,3.5032258064516126,3411623.114461475
https://investmoscow.ru/tenders/tender/20020218,active,,697.0,105482000.0,151337.1592539455,САО,1,15.0,Отдельный,1,8.0,10.08053445831964,1.680440600419955,55.818652,37.5078923,,,,,,6.548219102762372,11.927272077190173,floor_1,1,0,0,0,0,0,0,5-10,expensive,77.44444444444444,1525559.4486836044
https://investmoscow.ru/tenders/tender/20020308,active,,576.7,139889000.0,242568.0596497312,ЦАО,1,15.0,"Отдельный, Вход через места общего пользования",1,6.0,3.3119151987360835,3.729848309443432,55.7226274,37.6268184,,,,,,6.35905470278722,12.399041730877707,floor_1,1,0,0,0,0,0,1,5-10,expensive,82.38571428571429,803364.8434818657
https://investmoscow.ru/tenders/tender/19968784,active,,93.1,21590000.0,231901.1815252417,ЦАО,basement,8.0,Отдельный,1,1.0,4.741941768844656,5.044727500666317,55.7213522,37.5646172,,,,,,4.544358046591334,12.354070930380235,basement,0,1,0,0,0,0,1,0-5,medium,46.55,1099661.8989189705
https://investmoscow.ru/tenders/tender/19977582,active,,205.7,85404000.0,415187.1657754011,ЦАО,5,5.0,Вход через места общего пользования,1,1.0,1.6202623845958743,1.226654804961442,55.7657203,37.6086467,,,,,,5.331268466687723,12.93648710795989,floor_3_plus,0,0,0,1,0,0,1,0-5,expensive,102.85,672712.147272854
